"date","student_name","notes","forced","slot_start","student_id","slot_end","student_type","status","id","created_date","updated_date","created_by_id","created_by","is_sample"
"2026-07-17","Jhulli Êmily Martins Nunes","","false","13:00","69cab48cce1c3df3215b2752","14:00","Civil","agendado","6a5a3a0ce3ad2613de7148df","2026-07-17T14:19:56.099000","2026-07-17T14:19:56.099000","69e8b3e6578c929cf94963e6","jhulliemily2014@gmail.com","false"
"2026-07-17","Marco Antônio Piza Ferrari e Silva","","false","12:00","6a4e469c113711586cabcd19","13:00","Civil","agendado","6a5a39cb43c52b38947533c6","2026-07-17T14:18:51.200000","2026-07-17T14:18:51.200000","6a4bee200560d1a008a64ae3","marcoantonioferrari06@gmail.com","false"
"2026-07-17","Beatriz de Jesus Rodrigues","","false","12:00","6a440ca61aebb43952856fec","13:00","Civil","agendado","6a5a39b4ca99c648fd317041","2026-07-17T14:18:28.195000","2026-07-17T14:18:28.195000","6a43b3e103763c8e4e2e9e23","beatriz.jrodrigues@goias.gov.br","false"
"2026-07-17","Yasmin Medeiros de Oliveira","","false","17:00","69cab4ef4a0411830b859b44","18:00","Civil","agendado","6a5a38fe9cbf91778814377c","2026-07-17T14:15:26.925000","2026-07-17T14:15:26.925000","6a103a63f80a4bf1ed8e6c76","yasmin.meira.265@gmail.com","false"
"2026-07-17","Talíta Maria Carvalho de Lima ","","false","12:00","6a1093b55c869df7da1218e1","13:00","Civil","agendado","6a5a364e16a43c2429ce5c80","2026-07-17T14:03:58.205000","2026-07-17T14:03:58.205000","6a10924dc377ea5adc55fbdc","ttalitalima@gmail.com","false"
"2026-07-17","Vanessa Ferreira de Oliveira","","false","12:00","69cab4e3eddee6987dc1c711","13:00","Civil","agendado","6a5a34be00b8efdb579b7609","2026-07-17T13:57:18.234000","2026-07-17T13:57:18.234000","6a1d949ce6e13dcecedb709f","vanessaferdoli@gmail.com","false"
"2026-07-17","Jesley da Silva Sousa","","false","11:00","6a2ab18061f7a78ad0700e2f","12:00","Civil","agendado","6a5a34ae9ada4f2f0c715c6a","2026-07-17T13:57:02.848000","2026-07-17T13:57:02.848000","6a2aaf009ad04cdd81d57839","jesleysobral8@gmail.com","false"
"2026-07-17","Paulo Henrique Nunes da Silva Araújo","","false","11:00","69cab4a2f74af4c7f98e624b","12:00","Civil","agendado","6a5a32881bb8e62a8285d2b9","2026-07-17T13:47:52.642000","2026-07-17T13:47:52.642000","69e8b3a96c5e364f790390bf","paulonv70@gmail.com","false"
"2026-07-17","Maria Águeda Silva","","false","12:00","6a4ff4dfb1afddced1805e5b","13:00","Civil","agendado","6a5a3106b2d2309383899654","2026-07-17T13:41:26.141000","2026-07-17T13:41:26.141000","6a4fd9bb2e69e3c33e3cdb97","guiguinha.silva@gmail.com","false"
"2026-07-17","Inglyd da Paz Ribeiro","","false","13:00","69cab4833d652cdad2226c29","14:00","Civil","agendado","6a5a2f65092850329b785385","2026-07-17T13:34:29.208000","2026-07-17T13:34:29.208000","6a3979a6e675b117e5394175","inglyd26@gmail.com","false"
"2026-07-17","Rayanny Christinny da Silva Carmo","","false","11:00","69cab483e6e1052ce52e6988","12:00","Civil","agendado","6a5a2e02dabdcb025e326737","2026-07-17T13:28:34.229000","2026-07-17T13:28:34.230000","6a319335edfe428978aac2ad","rayannychristinny700@gmail.com","false"
"2026-07-17","jhonatas dos santos lima","","false","12:00","69f35624d42a7a848cf80522","13:00","Civil","agendado","6a5a2d13a6725e9b26cd1aff","2026-07-17T13:24:35.220000","2026-07-17T13:24:35.220000","69eb712a2f920804f5d6e002","jhonatasvideira@gmail.com","false"
"2026-07-17","Thaís Teixeira Santos","","false","12:00","69cab5274f3dd1b5956201e6","13:00","Civil","agendado","6a5a28357494a5a3dcd6541a","2026-07-17T13:03:49.865000","2026-07-17T13:03:49.865000","6a0caf640170db9a69a7bebd","thais.sejuv@gmail.com","false"
"2026-07-17","Hiana Caroline dos Santos Freitas ","","false","17:00","6a199925ea037f3517301539","18:00","Civil","agendado","6a5a27b587bb3bcfbbccaca8","2026-07-17T13:01:41.348000","2026-07-17T13:01:41.348000","6a199892b8eaf54685d729c5","hianacarolinecivil@gmail.com","false"
"2026-07-17","Paulo Sérgio da Silva Lobo","","false","12:00","69cab4e3c3a97d05a892dabe","13:00","Civil","agendado","6a5a24933e4f2afa5251af09","2026-07-17T12:48:19.104000","2026-07-17T12:48:19.104000","6a1f14ca9d86f5520fc72468","pauloloboquimico@gmail.com","false"
"2026-07-17","Marcos Rodrigo da Silva","","false","13:00","69cab4a3c1c42a0056c3ec30","14:00","Civil","agendado","6a5a20690c19ab6b9e713488","2026-07-17T12:30:33.202000","2026-07-17T12:30:33.202000","6a0caf5d34356254fca6261c","rodrigo.marcos81@gmail.com","false"
"2026-07-17","Laiz de Moraes Silva","","false","13:00","69cab4a6cb0eeca73fb0ea1f","14:00","Civil","agendado","6a5a20583f4173127579235e","2026-07-17T12:30:16.407000","2026-07-17T12:30:16.407000","6a1985ff6640af2a5735033f","laiz.geaco@gmail.com","false"
"2026-07-17","Iracy Maria Marinho","","false","10:00","69cab4b09d4550a5367fa605","11:00","Civil","agendado","6a5a1ed97bfb31c1a6270631","2026-07-17T12:23:53.879000","2026-07-17T12:23:53.879000","6a020e37b60fef97178bbd4d","iracym605@gmail.com","false"
"2026-07-17","Thiago Marques Leão","","false","12:00","69cab49382a748187c66ec50","13:00","Civil","agendado","6a5a1eceb09e8c7b788a7ef2","2026-07-17T12:23:42.691000","2026-07-17T12:23:42.691000","69e8b3a39df58dcdca94d144","thiagomarquesleao@gmail.com","false"
"2026-07-17","Felipe Junqueira Mariano","","false","12:00","69cab4fa2f92da87a7de44b0","13:00","Civil","agendado","6a5a1e9e7cc6bb831cc81d66","2026-07-17T12:22:54.380000","2026-07-17T12:22:54.380000","6a045784a0d5f992481b9d74","felipejmarianor@gmail.com","false"
"2026-07-17","Lucas Façanha de Oliveira Carvalho","","false","12:00","69cab53f95aecd6313a1094a","13:00","Civil","agendado","6a5a1ce532b0f1f3de709bf6","2026-07-17T12:15:33.977000","2026-07-17T12:15:33.977000","69e8b3d9db2701e07f3d9515","lucasoliveira.ifam@gmail.com","false"
"2026-07-17","Karla Correia Mendes","","false","10:00","69cab4850c384307831324d8","11:00","Civil","agendado","6a5a19789cbf917788141433","2026-07-17T12:00:56.557000","2026-07-17T12:00:56.557000","69f0ab75971b3976ef33a57d","karlamendes1406@gmail.com","false"
"2026-07-17","Raimunda Soronha de Oliveira dos Reis","","false","11:00","69cab4acf9e6540401a079f2","12:00","Civil","agendado","6a5a194b0b9979da0ba67fdb","2026-07-17T12:00:11.797000","2026-07-17T12:00:11.797000","69f0ed6a8aee7b0f624a8555","soronha.reis@gmail.com","false"
"2026-07-17","Guilherme Paulino Abrão","","false","18:00","69cab4b98987e567777aa8f6","19:00","Civil","agendado","6a5a1597f3ecf8be77e3f94e","2026-07-17T11:44:23.347000","2026-07-17T11:44:23.347000","69e8b3af276e0faaaaece9f3","guilherme.abr40@gmail.com","false"
"2026-07-17","Thaynná Melo do Nascimento","","false","18:00","6a2aeab3a61a095b45073c9a","19:00","Civil","agendado","6a5a0e6d6e2d1f86b05c8fbe","2026-07-17T11:13:49.009000","2026-07-17T11:13:49.009000","6a2ab68ac2b7298f7ea65e47","thaynna.nascimento@goias.gov.br","false"
"2026-07-17","Fabricio Del Duqui","","false","15:00","69cab4fd87a6fe5aff945a4f","16:00","Civil","agendado","6a5a0cde18e1bb471eac577c","2026-07-17T11:07:10.678000","2026-07-17T11:07:10.678000","6a314072b94a0e98ae121e1a","fduqui@gmail.com","false"
"2026-07-17","Kenyele Naves Guimarães Borges","","false","11:00","6a31410f2dc4b83f242b38eb","12:00","Civil","agendado","6a5a0cd8f86282117a768982","2026-07-17T11:07:04.776000","2026-07-17T11:07:04.776000","6a2aea1fbc9af45a7d5e3645","kenyele.naves15@gmail.com","false"
"2026-07-17","Ambrosiane de Sousa Leite","","false","12:00","6a04588acee8394872f618be","13:00","Civil","agendado","6a5a0897a096a35070d2055b","2026-07-17T10:48:55.929000","2026-07-17T10:48:55.929000","69fe287cc22d6cfcf39669d0","ambrosiane.adv@gmail.com","false"
"2026-07-17","Diêssa Pontes Cruz","","false","08:00","69cab547bd2926025f139df4","09:00","Civil","agendado","6a5a07947bfb31c1a626d7f7","2026-07-17T10:44:36.361000","2026-07-17T10:44:36.361000","69e8b41d874d2bd5ad2a947f","diessacruz@gmail.com","false"
"2026-07-17","Jessica Alves Lopes","","false","12:00","6a43edc278a81c6a3edae735","13:00","Civil","agendado","6a59ef734ee23927664c9624","2026-07-17T09:01:39.243000","2026-07-17T09:01:39.243000","6a43edb6db745ca51f6bcd3f","jessicaalveslopes27@gmail.com","false"
"2026-07-17","Mariana Albino da Silva","","false","07:00","69cab485b105230925053def","08:00","Civil","agendado","6a597be53f1c27dadcc2ffe9","2026-07-17T00:48:37.617000","2026-07-17T00:48:37.617000","69f1eb6197b49acac81ad46a","mariana.albinosilva85@gmail.com","false"
"2026-07-17","Diego Fernandes Dias","","false","07:00","6a440b7234bf0c812b4545a5","08:00","Civil","agendado","6a596ba89dc0340a779d0695","2026-07-16T23:39:20.970000","2026-07-16T23:39:20.970000","6a43b3e40d04dbbe8234b278","diegodias.jur@gmail.com","false"
"2026-07-16","Alessandro Melo da Silva","","false","19:00","6a47acd99bb7322eb40995ab","20:00","Civil","agendado","6a5953b3e80494373a13da82","2026-07-16T21:57:07.535000","2026-07-16T21:57:07.535000","69e8b3a65ff5808ccc1df34e","alessandromsilva@gmail.com","false"
"2026-07-16","Adriano Faleiro Gregório","","false","19:00","69cab526ebee4a1af29385ac","20:00","Civil","agendado","6a59481273c0d88714210bce","2026-07-16T21:07:30.966000","2026-07-16T21:07:30.966000","6a0712111e20cc70b7726fa4","adrianofgtrabalho@gmail.com","false"
"2026-07-16","Ana Carolina Costa Lopes","","false","19:00","6a05cad8fdd8033d12dca29c","20:00","Civil","agendado","6a5946e27da496c9783c334a","2026-07-16T21:02:26.865000","2026-07-16T21:02:26.865000","69f0e73466476bce7c30c689","acclopes.direito@gmail.com","false"
"2026-07-16","Renato Cortes Araujo","","false","18:00","6a3e7ceed7b5cc8026d9de19","19:00","Civil","agendado","6a593f3f3de7808397a5b01c","2026-07-16T20:29:51.530000","2026-07-16T20:29:51.530000","6a33ffec680751eb87071f8a","renato.caraujo@goias.gov.br","false"
"2026-07-17","Antonino Batista Júnior","","false","17:00","69cab53d8efef97e8a0f03b3","18:00","Civil","agendado","6a593e8479f3b5307d305d77","2026-07-16T20:26:44.560000","2026-07-16T20:26:44.560000","69e8b3ceaa15a6de33954e67","antoninobj@gmail.com","false"
"2026-07-16","Márcia Santos Almeida Mota","","false","18:00","69fa286cbd89876a6edd5002","19:00","Civil","agendado","6a593bdf25ae46870415fe33","2026-07-16T20:15:27.960000","2026-07-16T20:15:27.960000","69e8b3ea3024a618d9bbfb4b","marsaalmo@gmail.com","false"
"2026-07-17","João Victor Lopes do Prado","","false","13:00","6a58e6a74a488beecef59b46","14:00","Civil","agendado","6a593a1e9569b842ad60730f","2026-07-16T20:07:58.522000","2026-07-16T20:07:58.522000","6a57c9f4c5d94973f0101dfb","joaovictor.lopesprado@gmail.com","false"
"2026-07-17","Helder Lieberenz Camilo","","false","11:00","6a28490940b20bf445d77ea6","12:00","Civil","agendado","6a5934f91847900f77f8414c","2026-07-16T19:46:01.516000","2026-07-16T19:46:01.516000","6a28488fb42e0b4d317ef9f5","heldersecami@gmail.com","false"
"2026-07-16","VITORIA RODRIGUES SGAMATI","","false","17:00","6a281d4ebb0e3860ea5368c1","18:00","Civil","agendado","6a5932e1e4519b9fd81ac806","2026-07-16T19:37:05.549000","2026-07-16T19:37:05.549000","6a142a748d65e2c102ce1901","sgamativitoria@gmail.com","false"
"2026-07-16","Adriel Simões de Mendonça","","false","17:00","69cab499a4016fdcc7a67982","18:00","Civil","agendado","6a59310291056328668e0f82","2026-07-16T19:29:06.776000","2026-07-16T19:29:06.776000","69e8b412c600b78d79b1891c","adriel.mendonzza@gmail.com","false"
"2026-07-16","Sophia Lannah Beatriz Ferreira de Sousa","","false","18:00","69cab498f494b0e0a3a2252c","19:00","Civil","agendado","6a59306be731d799fbd1f8e2","2026-07-16T19:26:35.799000","2026-07-16T19:26:35.799000","69e8b3e3ed8dfc592768740f","sophialannah123@gmail.com","false"
"2026-07-16","Leandra da Cruz Matos","","false","17:00","6a46b4a1a4c8e2b27622066c","18:00","Civil","agendado","6a592f76e6260310251aaadf","2026-07-16T19:22:30.994000","2026-07-16T19:22:30.994000","6a4527e09d14fcde539e804e","leandramatos5@gmail.com","false"
"2026-07-16","Douglas Fleury Parreira Barros","","false","17:00","69cab49ee29fe8dc7e61491a","18:00","Civil","agendado","6a592cb80237552dfad63b2b","2026-07-16T19:10:48.817000","2026-07-16T19:10:48.817000","69e8b40f9b7ab425aa2ca185","douglas.fleury@gmail.com","false"
"2026-07-16","Denize Pommer","","false","17:00","6a1997fbb2260a52c4a8158e","18:00","Civil","agendado","6a592933aa7e91cc5ad41f46","2026-07-16T18:55:47.454000","2026-07-16T18:55:47.454000","6a16e5320af1d751de266aea","pommerde@gmail.com","false"
"2026-07-16","Edjane Martins Silva","","false","17:00","69cab5525a1b6e998a75de7e","18:00","Civil","agendado","6a592819621ca716b474777d","2026-07-16T18:51:05.706000","2026-07-16T18:51:05.706000","6a0c51d521231d4a1ef3e01f","edjanemartins14@gmail.com","false"
"2026-07-17","Caio César Silva Oliveira","","false","17:00","69cab5528917bc7d06ec9f36","18:00","Civil","agendado","6a5925e65cc05b57bb1573d8","2026-07-16T18:41:42.158000","2026-07-16T18:41:42.158000","69e8b3c510a6ab1ad3da4cd2","caiooliveira92@gmail.com","false"
"2026-07-17","Adriel Simões de Mendonça","","false","11:00","69cab499a4016fdcc7a67982","12:00","Civil","agendado","6a59257fb1eb91ac7a836f3f","2026-07-16T18:39:59.682000","2026-07-16T18:39:59.682000","69e8b412c600b78d79b1891c","adriel.mendonzza@gmail.com","false"
"2026-07-16","Matheus Oliveira Timoteo ","","false","16:00","6a15d6bf895510a04628e9e5","17:00","Civil","agendado","6a591fc42553a0dfd4cba46e","2026-07-16T18:15:32.842000","2026-07-16T18:15:32.842000","69eb9fecf7d07564929ed82e","mathubaixista@gmail.com","false"
"2026-07-16","Michelle Vitoria de Carvalho","","false","17:00","6a1d952333bdc732b32dcd93","18:00","Civil","agendado","6a591efd4bbde3cc6fb3aadc","2026-07-16T18:12:13.474000","2026-07-16T18:12:13.474000","6a1985fdbfa475c3359e50e9","michellelouza51@gmail.com","false"
"2026-07-16","Brenuo Victor Rodrigues Barbosa","","false","16:00","69cab5409b141921d6a9baca","17:00","Civil","agendado","6a591c7a8d738c53697e7c58","2026-07-16T18:01:30.752000","2026-07-16T18:01:30.752000","6a022e0e6d475b0b2334af8e","brenuovrb@gmail.com","false"
"2026-07-17","Lia Rodrigues de Oliveira","","false","13:00","69cab4a03ab6550526927a0e","14:00","Civil","agendado","6a5919e8a87677c9bb0d9606","2026-07-16T17:50:32.888000","2026-07-16T17:50:32.888000","69eb7138fbc3eca467b8986b","liarodriguesoliveira30@gmail.com","false"
"2026-07-16","Antônio Gabriel Marcimiano de Moraes","","false","17:00","69cab5533f4cbe4cc715f000","18:00","Civil","agendado","6a591675ff24ac0d7b6d593f","2026-07-16T17:35:49.106000","2026-07-16T17:35:49.106000","69e8bd46281c43278d0d48e9","gabrielgynh@gmail.com","false"
"2026-07-17","Kenia Gomes Rodrigues Rios","","false","10:00","69cab4a3ce9564de9486ce32","11:00","Civil","agendado","6a591596b56951ffedcbd4e5","2026-07-16T17:32:06.058000","2026-07-16T17:32:06.058000","69fc80be57f680cb816ca13e","keniagrrios@gmail.com","false"
"2026-07-17","Larissa Alves do Carmo","","false","07:00","69cab50f273cbbe977c9d9f7","08:00","Civil","agendado","6a5914265e3c0f54a761fc1e","2026-07-16T17:25:58.084000","2026-07-16T17:25:58.084000","6a4e879e001d198edd7a1042","larialvesac@gmail.com","false"
"2026-07-17","Andressa Kristtyna Rodrigues Oliveira","","false","13:00","69cab533705403585c687b9e","14:00","Civil","agendado","6a590dc285da3cf918e09d65","2026-07-16T16:58:42.962000","2026-07-16T16:58:42.962000","6a1edae225e1f39bf869001a","andressakoliveira.tur@gmail.com","false"
"2026-07-17","Hérika Pabline Lima Veras","","false","12:00","6a15d611390b03b5280412b4","13:00","Civil","agendado","6a590cb533adfbb2e7b284b3","2026-07-16T16:54:13.659000","2026-07-16T16:54:13.659000","6a15cb855ddae0a12bbc417c","herikapabline@gmail.com","false"
"2026-07-17","Armando alves feitosa","","false","07:00","6a3981de33ef8f3bb08c5477","08:00","Civil","agendado","6a590122f14ec9555c01915b","2026-07-16T16:04:50.829000","2026-07-16T16:04:50.829000","6a3979acb5b039096e4deaec","armando.feitosa@gmail.com","false"
"2026-07-16","Guilherme Augusto Fortuna Ferreira","","false","18:00","6a47ab32b17447cad40df4b6","19:00","Civil","agendado","6a58fb9ec86f3dc0f0c374e3","2026-07-16T15:41:18.898000","2026-07-16T15:41:18.898000","6a4527dd86ec9402dace7a07","guilhermefortunax@gmail.com","false"
"2026-07-16","Anna Gabriella Pacheco Arantes ","","false","13:00","6a3982de24678b7c56c6eb95","14:00","Civil","agendado","6a58f96299e3326fec7015c2","2026-07-16T15:31:46.316000","2026-07-16T15:31:46.316000","6a15a10e7ccbb48781b7c1a9","anagabipacheco145@gmail.com","false"
"2026-07-17","Marcia da Silva Coutinho","","false","13:00","69cab53186a8212571cbebfa","14:00","Civil","agendado","6a58f8b5b7fc6f112fba7ec2","2026-07-16T15:28:53.272000","2026-07-16T15:28:53.272000","69f1eb6d936f80ebdd9a578e","marcinhacoutinho.foto@gmail.com","false"
"2026-07-16","Marcia da Silva Coutinho","","false","13:00","69cab53186a8212571cbebfa","14:00","Civil","agendado","6a58f8ae9e6308054ec5e4b9","2026-07-16T15:28:46.393000","2026-07-16T15:28:46.393000","69f1eb6d936f80ebdd9a578e","marcinhacoutinho.foto@gmail.com","false"
"2026-07-17","Geovana Monteiro da Silva","","false","19:00","69cab483f6786b7148f4c689","20:00","Civil","agendado","6a58f75d90251616d9e10e55","2026-07-16T15:23:09.743000","2026-07-16T15:23:09.743000","69ec0f73c400e529d8b7c8bb","geovanamts02@gmail.com","false"
"2026-07-16","Nádya de Sá Almeida Costa Silva","","false","13:00","69cab48b36611447155e197c","14:00","Civil","agendado","6a58f71cb2ae139c230d2228","2026-07-16T15:22:04.108000","2026-07-16T15:22:04.108000","69f09cc40b09eba29a789e8a","eng.nadyasa@gmail.com","false"
"2026-07-16","Helena de Castro Côrtes","","false","13:00","6a16e9a8f78a8dd4bceafe2a","14:00","Civil","agendado","6a58f66acca5cbc4822583d1","2026-07-16T15:19:06.056000","2026-07-16T15:19:06.056000","6a16e52b80d218340615bc21","helena.gegeo@gmail.com","false"
"2026-07-17","Cristina Maria Costa Prado","","false","11:00","69cab4a1625c88b62a9b4704","12:00","Civil","agendado","6a58f605fce2f78cf84d5516","2026-07-16T15:17:25.578000","2026-07-16T15:17:25.578000","69fb76a3ee52fc9de3d098e8","cristinamcosta.arq@gmail.com","false"
"2026-07-16","Lucas Façanha de Oliveira Carvalho","","false","17:00","69cab53f95aecd6313a1094a","18:00","Civil","agendado","6a58f5c500bcc0f8bdf0bdb9","2026-07-16T15:16:21.659000","2026-07-16T15:16:21.659000","69e8b3d9db2701e07f3d9515","lucasoliveira.ifam@gmail.com","false"
"2026-07-16","Jaqueline Basílio de Oliveira","","false","13:00","69f251eb95fc95ce8a1deca1","14:00","Civil","agendado","6a58f467b31523ad503fa5cf","2026-07-16T15:10:31.653000","2026-07-16T15:10:31.653000","69f2515f3caf2db8610694b6","jaquelliny20@hotmail.com","false"
"2026-07-16","Carolina Assis Silva","","false","13:00","69cab528f140868323584a5f","14:00","Civil","agendado","6a58f3b698de9b578843b075","2026-07-16T15:07:34.681000","2026-07-16T15:07:34.681000","6a047b2155dbffe1bf6746cf","carolasullivan5@gmail.com","false"
"2026-07-16","Alana Fernandes Moraes","","false","13:00","6a15ccd8859bf2eacc6d0c3e","14:00","Civil","agendado","6a58f37118466ee29ac928e7","2026-07-16T15:06:25.829000","2026-07-16T15:06:25.829000","6a15a1177c946f89a4e3deb6","alanafernandesmoraes@gmail.com","false"
"2026-07-16","Ana Clara Barbacena Camelo","","false","19:00","69cab496d430c0cf1dbd7e72","20:00","Civil","agendado","6a58f367d115cd2173414cb4","2026-07-16T15:06:15.657000","2026-07-16T15:06:15.657000","69f0e732a32f7ffb33e50f1b","anaclarabarbacena@gmail.com","false"
"2026-07-17","José Porto França Neto","","false","12:00","69cab51cf59bbda43a5c5d57","13:00","Civil","agendado","6a58f004219db5d75562da17","2026-07-16T14:51:48.819000","2026-07-16T14:51:48.819000","69eb712c92a6132bbc608daf","portobritto@gmail.com","false"
"2026-07-16","Dayane Fernandes de Lima fonseca","","false","13:00","6a4e87e72646c2e936b17c0a","14:00","Civil","agendado","6a58ef4be187bdb8422a38c8","2026-07-16T14:48:43.946000","2026-07-16T14:48:43.946000","6a4cfd15b0c786476645e1c9","dayane.fonseca@goias.gov.br","false"
"2026-07-16","Nilton Barbosa Coelho","","false","13:00","69cab49682d361e5e28db07c","14:00","Civil","agendado","6a58eee7518b4719bdb13c43","2026-07-16T14:47:03.927000","2026-07-16T14:47:03.927000","69e8b3b4c17154e6b5f73e0c","nilton.sead@gmail.com","false"
"2026-07-16","Raniery Morais Miranda","","false","13:00","69cab5298bf415ccbaf69560","14:00","Civil","agendado","6a58edd2630b9d7fdd961d89","2026-07-16T14:42:26.549000","2026-07-16T14:42:26.549000","69eb7130c8c6a653226322d0","mirandaraniery@gmail.com","false"
"2026-07-17","Rafael Santana Marinho","","false","12:00","69cab53eac828741aaea5afd","13:00","Civil","agendado","6a58e85d5f07556eaac79112","2026-07-16T14:19:09.814000","2026-07-16T14:19:09.814000","69fb769eb6cc56e25e03373f","rflmarinho8@gmail.com","false"
"2026-07-16","Vanessa Pereira de Carvalho","","false","12:00","69cab510bf777218eaaa8d8f","13:00","Civil","agendado","6a58e79e580758f9b9a79df2","2026-07-16T14:15:58.393000","2026-07-16T14:15:58.393000","69f3a2c36e4365ec9df1c914","vanessapereiraluz@gmail.com","false"
"2026-07-17","Lucas Honorato Lopes","","false","11:00","6a2067c65a836c8a40fe0b2c","12:00","Civil","agendado","6a58e79738fccfaa9f122b0a","2026-07-16T14:15:51.098000","2026-07-16T14:15:51.098000","6a16f46d9cbce304c42cc536","lucashlopes@gmail.com","false"
"2026-07-16","Lucas Honorato Lopes","","false","12:00","6a2067c65a836c8a40fe0b2c","13:00","Civil","agendado","6a58e7843872da35885b1b89","2026-07-16T14:15:32.173000","2026-07-16T14:15:32.173000","6a16f46d9cbce304c42cc536","lucashlopes@gmail.com","false"
"2026-07-17","Vanessa Pereira de Carvalho","","false","13:00","69cab510bf777218eaaa8d8f","14:00","Civil","agendado","6a58e76e401e5f350eba16f9","2026-07-16T14:15:10.733000","2026-07-16T14:15:10.733000","69f3a2c36e4365ec9df1c914","vanessapereiraluz@gmail.com","false"
"2026-07-16","Raphael de Lima Carvalho Moraes","","false","12:00","69cab4ee1d5dca09ed497c22","13:00","Civil","agendado","6a58e6be738af84b2ccf2db8","2026-07-16T14:12:14.354000","2026-07-16T14:12:14.354000","69f243fdfed1f188950d4989","raphaelmoraes019@gmail.com","false"
"2026-07-17","Sandra Barreto Teles ","","false","13:00","6a4cfffc1d48bd477de41287","14:00","Civil","agendado","6a58e62b490f496e5aa8bd36","2026-07-16T14:09:47.853000","2026-07-16T14:09:47.853000","6a4bee24b98a69b27ac727b4","barretoteles95@gmail.com","false"
"2026-07-16","Felipe Junqueira Mariano","","false","12:00","69cab4fa2f92da87a7de44b0","13:00","Civil","agendado","6a58e60ec7e66a7dfb81db3b","2026-07-16T14:09:18.690000","2026-07-16T14:09:18.690000","6a045784a0d5f992481b9d74","felipejmarianor@gmail.com","false"
"2026-07-16","Rafaela Franzoni Marques","","false","13:00","69f9cddf1e81ff14d278df5e","14:00","Civil","agendado","6a58e5ca60cbc8c687103d7f","2026-07-16T14:08:10.436000","2026-07-16T14:08:10.436000","69f8e2f80271cf78f7858d16","rafaelafranzoni@gmail.com","false"
"2026-07-16","Amanda Caroline Silva Duarte","","false","12:00","69cab557f127d1812d9c9591","13:00","Civil","agendado","6a58e59bd2473225b64065e6","2026-07-16T14:07:23.160000","2026-07-16T14:07:23.160000","6a3e79667e601cda66d8e3ff","amandacarolduarte9@gmail.com","false"
"2026-07-16","Débora Maia Escher dos Santos","","false","18:00","69fc8102efce393880145d94","19:00","Civil","agendado","6a58e42cad0de64281c3f15b","2026-07-16T14:01:16.294000","2026-07-16T14:01:16.294000","69fb76a1a9859e54ff79cc1b","deboraescher19@gmail.com","false"
"2026-07-16","Ismael José dos Santos Filho","","false","12:00","69cab50d46c2a710ba93c1d4","13:00","Civil","agendado","6a58e3f467c88b62e7abed88","2026-07-16T14:00:20.772000","2026-07-16T14:00:20.772000","69eb714b124295d4decc3504","ismaelfilho.adv@gmail.com","false"
"2026-07-16","Daniele Serafim de Souza Kliemann","","false","12:00","6a1843cfd579775e62d16cd4","13:00","Civil","agendado","6a58e1df81b87e8985eeb49d","2026-07-16T13:51:27.915000","2026-07-16T13:51:27.915000","6a172ad4172b5169721ad5d7","danieleserafim.adv@gmail.com","false"
"2026-07-16","Talíta Maria Carvalho de Lima ","","false","12:00","6a1093b55c869df7da1218e1","13:00","Civil","agendado","6a58e1d39ad44f7841215508","2026-07-16T13:51:15.990000","2026-07-16T13:51:15.990000","6a10924dc377ea5adc55fbdc","ttalitalima@gmail.com","false"
"2026-07-16","Vanessa Ferreira de Oliveira","","false","12:00","69cab4e3eddee6987dc1c711","13:00","Civil","agendado","6a58e00ac245715581f58f9f","2026-07-16T13:43:38.717000","2026-07-16T13:43:38.717000","6a1d949ce6e13dcecedb709f","vanessaferdoli@gmail.com","false"
"2026-07-16","Elisa Parreira de Castro Alves","","false","12:00","69cab4958987e567777aa8e9","13:00","Civil","agendado","6a58dfeb4e7243293c682429","2026-07-16T13:43:07.398000","2026-07-16T13:43:07.398000","69f3539372bfccf5cae537b8","elisa.pdca@gmail.com","false"
"2026-07-16","Thaís Teixeira Santos","","false","12:00","69cab5274f3dd1b5956201e6","13:00","Civil","agendado","6a58db9d28305cea812e171d","2026-07-16T13:24:45.799000","2026-07-16T13:24:45.799000","6a0caf640170db9a69a7bebd","thais.sejuv@gmail.com","false"
"2026-07-16","Rogério Jesus Oliveira ","","false","17:00","6a3e79df78e3548ff0fb7c19","18:00","Civil","agendado","6a58db7ba1a86af0639eab67","2026-07-16T13:24:11.438000","2026-07-16T13:24:11.438000","6a4cfdde0ec1b91c3e9eedf1","rogeriojesol@gmail.com","false"
"2026-07-16","Marcos Rodrigo da Silva","","false","13:00","69cab4a3c1c42a0056c3ec30","14:00","Civil","agendado","6a58db563f4de1e4b1602916","2026-07-16T13:23:34.703000","2026-07-16T13:23:34.703000","6a0caf5d34356254fca6261c","rodrigo.marcos81@gmail.com","false"
"2026-07-16","Andressa Kristtyna Rodrigues Oliveira","","false","13:00","69cab533705403585c687b9e","14:00","Civil","agendado","6a58d900d527b3fb1e2d2995","2026-07-16T13:13:36.965000","2026-07-16T13:13:36.965000","6a1edae225e1f39bf869001a","andressakoliveira.tur@gmail.com","false"
"2026-07-16","José Nildo da cunha gomes ","","false","11:00","6a32acbd097d7e942fa5efd2","12:00","Civil","agendado","6a58d893c1c06d97e135b0b8","2026-07-16T13:11:47.538000","2026-07-16T13:11:47.538000","6a329d02a320c06349b77bfa","j.nillgyn@gmail.com","false"
"2026-07-16","Keiliane dos Santos Silva","","false","11:00","69cab4841ce56b674d36384d","12:00","Civil","agendado","6a58d70763fd876cac736603","2026-07-16T13:05:11.775000","2026-07-16T13:05:11.775000","69e8b410c23f02f059fbe081","keilineker@gmail.com","false"
"2026-07-16","Rayanny Christinny da Silva Carmo","","false","11:00","69cab483e6e1052ce52e6988","12:00","Civil","agendado","6a58d6cf47665ce426d5c1df","2026-07-16T13:04:15.008000","2026-07-16T13:04:15.008000","6a319335edfe428978aac2ad","rayannychristinny700@gmail.com","false"
"2026-07-16","Helder Lieberenz Camilo","","false","11:00","6a28490940b20bf445d77ea6","12:00","Civil","agendado","6a58d22660241a548ba74d37","2026-07-16T12:44:22.636000","2026-07-16T12:44:22.636000","6a28488fb42e0b4d317ef9f5","heldersecami@gmail.com","false"
"2026-07-16","Guilherme Alves de Souza Araújo","","false","12:00","69cab4aecb5fa9ca033f05e8","13:00","Civil","agendado","6a58d12f126a6365813b2ac8","2026-07-16T12:40:15.083000","2026-07-16T12:40:15.083000","69efb2548749b9622136a800","gui.araujo2207@gmail.com","false"
"2026-07-17","Andrea Gonçalves Fonseca","","false","07:00","69cab51d1406725f35a35aea","08:00","Civil","agendado","6a58cfe120a97022426d30bb","2026-07-16T12:34:41.094000","2026-07-16T12:34:41.094000","6a0caf6101940cd03cbfc270","andreagyn2020@gmail.com","false"
"2026-07-16","Ana Paula Moreira Rodrigues","","false","11:00","6a04bf891172d29085e72723","12:00","Civil","agendado","6a58cd529465abeea51e8142","2026-07-16T12:23:46.603000","2026-07-16T12:23:46.603000","6a04bf283d7914722c5697df","anaromoreira@gmail.com","false"
"2026-07-16","Iracy Maria Marinho","","false","10:00","69cab4b09d4550a5367fa605","11:00","Civil","agendado","6a58cc8d16572fc9b0be46d2","2026-07-16T12:20:29.331000","2026-07-16T12:20:29.331000","6a020e37b60fef97178bbd4d","iracym605@gmail.com","false"
"2026-07-16","Heitor de Lima Matos","","false","17:00","69cab4c8c8cd01b45dcf7866","18:00","Civil","agendado","6a58cb040f90b75c4159e7c2","2026-07-16T12:13:56.747000","2026-07-16T12:13:56.747000","6a4402dc0923f2d4c55df9f4","heitorlima@gmail.com","false"
"2026-07-16","Karla Correia Mendes","","false","10:00","69cab4850c384307831324d8","11:00","Civil","agendado","6a58c9690e3733d8fc9067db","2026-07-16T12:07:05.134000","2026-07-16T12:07:05.134000","69f0ab75971b3976ef33a57d","karlamendes1406@gmail.com","false"
"2026-07-16","Ivana Cabral Oliveira Barros","","false","12:00","6a2974022b3dd13c18f053ec","13:00","Civil","agendado","6a58c8eb74cfab4e1d6208e3","2026-07-16T12:04:59.730000","2026-07-16T12:04:59.730000","6a28493d95b7e99c5f2c08f2","nutr.ivana@gmail.com","false"
"2026-07-16","Edirene Silva Mendes","","false","10:00","69cab53444dabb56e3aef606","11:00","Civil","agendado","6a58c8c3963d8d3a1a6cd1ad","2026-07-16T12:04:19.070000","2026-07-16T12:04:19.070000","6a28493ca016db521dd332b1","edirenemendes909@gmail.com","false"
"2026-07-16","Maria dos Reis Pereira Santos","","false","17:00","69cab48b68d464d95240f964","18:00","Civil","agendado","6a58c6fcec1d8da7c0199db8","2026-07-16T11:56:44.633000","2026-07-16T11:56:44.633000","69f0abbe8fef09ddc7cda46c","mariadosssantosrp@gmail.com","false"
"2026-07-16","Thaynná Melo do Nascimento","","false","18:00","6a2aeab3a61a095b45073c9a","19:00","Civil","agendado","6a58c54c41e5ef68cfb990b2","2026-07-16T11:49:32.049000","2026-07-16T11:49:32.049000","6a2ab68ac2b7298f7ea65e47","thaynna.nascimento@goias.gov.br","false"
"2026-07-16","Jesley da Silva Sousa","","false","11:00","6a2ab18061f7a78ad0700e2f","12:00","Civil","agendado","6a58c47e0ec953f5e5cdeb75","2026-07-16T11:46:06.542000","2026-07-16T11:46:06.542000","6a2aaf009ad04cdd81d57839","jesleysobral8@gmail.com","false"
"2026-07-16","Fabricio Del Duqui","","false","15:00","69cab4fd87a6fe5aff945a4f","16:00","Civil","agendado","6a58c14404b8d32cb5e0c881","2026-07-16T11:32:20.112000","2026-07-16T20:41:30.709000","6a314072b94a0e98ae121e1a","fduqui@gmail.com","false"
"2026-07-17","Raingredi Sousa Mendes","","false","13:00","6a303ce8913598946bc38fe9","14:00","Civil","agendado","6a58c12096d6a39ced2c37b2","2026-07-16T11:31:44.318000","2026-07-16T11:31:44.318000","6a3009d02bf70f90e9561b00","raingredi@gmail.com","false"
"2026-07-17","Marcos Lopes de Souza","","false","12:00","69cab4a6d886e77a5a0bd8f9","13:00","Civil","agendado","6a58bea5145a06f2838f6f6a","2026-07-16T11:21:09.615000","2026-07-16T11:21:09.615000","69efccfae228f77c31effa3e","marcos.lsouza@goias.gov.br","false"
"2026-07-17","Daniel Carlos dos Reis","","false","08:00","69efb877f2a849baa2f1590f","09:00","Civil","agendado","6a58bde637f8dd15bbdb812a","2026-07-16T11:17:58.492000","2026-07-16T11:17:58.492000","69e8b3dcffadf846c595fa0c","danielreis0211@gmail.com","false"
"2026-07-16","Eliane da Silva Conceição Marques","","false","16:00","69cab4b766090b91bf8f7c92","17:00","Civil","agendado","6a58bcde24160dc56d801f88","2026-07-16T11:13:34.644000","2026-07-16T11:13:34.644000","6a3e795da19a91be96c573f1","eliianemarquees@gmail.com","false"
"2026-07-16","Jhulli Êmily Martins Nunes","","false","11:00","69cab48cce1c3df3215b2752","12:00","Civil","agendado","6a58ba5d3fa5efa585792d84","2026-07-16T11:02:53.639000","2026-07-16T11:02:53.639000","69e8b3e6578c929cf94963e6","jhulliemily2014@gmail.com","false"
"2026-07-16","Ronaldo Costa Fernandes Silveira","","false","11:00","69cab50ec82236d9d8a777b4","12:00","Civil","agendado","6a58b8762e9db6d82b2c7c32","2026-07-16T10:54:46.918000","2026-07-16T10:54:46.918000","6a0caf604d1a53c971b1f7d8","ronaldocosta.fernandes@gmail.com","false"
"2026-07-17","Renata Batista Lozano","","false","07:00","6a440c3c1a215e360855c18a","08:00","Civil","agendado","6a58b20ce55a7ee512a2e19c","2026-07-16T10:27:24.068000","2026-07-16T10:27:24.068000","6a43b3e2a2881f5f82218f67","renata.b.lozano@gmail.com","false"
"2026-07-16","Uerica Agapito Pereira","","false","07:00","69cab53f1d112c5a2797d789","08:00","Civil","agendado","6a58a49eb6dcff24d30eb3e1","2026-07-16T09:30:06.241000","2026-07-16T09:30:06.241000","69f09fd3ef3fe8e89a0d5919","uericaagapito.adv@gmail.com","false"
"2026-07-16","Patrícia Gomes Fleuri Cunha","","false","07:00","6a103b0bb218f6109a5263e2","08:00","Civil","agendado","6a58a42468467077ffb1d32a","2026-07-16T09:28:04.044000","2026-07-16T09:28:04.044000","6a0caf6598b093e0931ff6a8","patricia.cunha@goias.gov.br","false"
"2026-07-17","Andrielly Nunes de Oliveira","","false","07:00","6a329e38da29442026634d02","08:00","Civil","agendado","6a58a13fb30974f84151a1d4","2026-07-16T09:15:43.493000","2026-07-16T09:15:43.493000","69f3a2c1d00b3750983befe1","andriellyno1998@gmail.com","false"
"2026-07-16","Andrielly Nunes de Oliveira","","false","07:00","6a329e38da29442026634d02","08:00","Civil","agendado","6a58a10a319ce12703c39b26","2026-07-16T09:14:50.559000","2026-07-16T09:14:50.559000","69f3a2c1d00b3750983befe1","andriellyno1998@gmail.com","false"
"2026-07-16","LAINE SOUZA LANDIN CARDOSO","","false","08:00","6a16ecc046adce93104edc2a","09:00","Civil","agendado","6a588c447afe137ca108e72b","2026-07-16T07:46:12.573000","2026-07-16T07:46:12.573000","6a10a6ce0062e7cb36b6737e","lainelandin@gmail.com","false"
"2026-07-15","Guilherme Augusto Fortuna Ferreira","","false","19:00","6a47ab32b17447cad40df4b6","20:00","Civil","agendado","6a57f5dfe392a1b07aa6d53d","2026-07-15T21:04:31.490000","2026-07-15T21:04:31.490000","6a4527dd86ec9402dace7a07","guilhermefortunax@gmail.com","false"
"2026-07-16","Inglyd da Paz Ribeiro","","false","13:00","69cab4833d652cdad2226c29","14:00","Civil","agendado","6a57ee0be4ef099a50c3dc9b","2026-07-15T20:31:07.512000","2026-07-15T20:31:07.512000","6a3979a6e675b117e5394175","inglyd26@gmail.com","false"
"2026-07-15","Felipe Junqueira Mariano","","false","18:00","69cab4fa2f92da87a7de44b0","19:00","Civil","agendado","6a57eda84bbec0d3c14e4a89","2026-07-15T20:29:28.316000","2026-07-15T20:29:28.316000","6a045784a0d5f992481b9d74","felipejmarianor@gmail.com","false"
"2026-07-15","Felipe Junqueira Mariano","","false","18:00","69cab4fa2f92da87a7de44b0","19:00","Civil","agendado","6a57eda827e481c1dd4bfa31","2026-07-15T20:29:28.013000","2026-07-15T20:29:28.013000","6a045784a0d5f992481b9d74","felipejmarianor@gmail.com","false"
"2026-07-15","Renato Cortes Araujo","","false","18:00","6a3e7ceed7b5cc8026d9de19","19:00","Civil","agendado","6a57ed8381c3e7ca100743f6","2026-07-15T20:28:51.595000","2026-07-15T22:25:35.829000","6a33ffec680751eb87071f8a","renato.caraujo@goias.gov.br","false"
"2026-07-15","Adriano Faleiro Gregório","","false","18:00","69cab526ebee4a1af29385ac","19:00","Civil","agendado","6a57ed7786d1daa58afdf60d","2026-07-15T20:28:39.200000","2026-07-15T22:26:22.077000","6a0712111e20cc70b7726fa4","adrianofgtrabalho@gmail.com","false"
"2026-07-16","Antonino Batista Júnior","","false","18:00","69cab53d8efef97e8a0f03b3","19:00","Civil","agendado","6a57ecef30e87e1608203adb","2026-07-15T20:26:23.057000","2026-07-15T20:26:23.057000","69e8b3ceaa15a6de33954e67","antoninobj@gmail.com","false"
"2026-07-15","Antonino Batista Júnior","","false","18:00","69cab53d8efef97e8a0f03b3","19:00","Civil","agendado","6a57ece29733f1f469edbca0","2026-07-15T20:26:10.167000","2026-07-15T20:26:10.167000","69e8b3ceaa15a6de33954e67","antoninobj@gmail.com","false"
"2026-07-15","Sophia Lannah Beatriz Ferreira de Sousa","","false","18:00","69cab498f494b0e0a3a2252c","19:00","Civil","agendado","6a57ec458eb0904d550e252d","2026-07-15T20:23:33.483000","2026-07-15T22:26:38.081000","69e8b3e3ed8dfc592768740f","sophialannah123@gmail.com","false"
"2026-07-15","Marcio Junio Rodrigues de Freitas","","false","18:00","69cab4fdb65777e18fa16281","19:00","Civil","agendado","6a57eae3ac3d5c0e233cd0a5","2026-07-15T20:17:39.785000","2026-07-15T20:17:39.785000","69e8b3cb227404cd41911786","marciosoriso@gmail.com","false"
"2026-07-15","Ambrosiane de Sousa Leite","","false","17:00","6a04588acee8394872f618be","18:00","Civil","agendado","6a57e674fbb798befc6bafb8","2026-07-15T19:58:44.179000","2026-07-15T19:58:44.179000","69fe287cc22d6cfcf39669d0","ambrosiane.adv@gmail.com","false"
"2026-07-16","Caio César Silva Oliveira","","false","17:00","69cab5528917bc7d06ec9f36","18:00","Civil","agendado","6a57e5c368aca98aa9253bc0","2026-07-15T19:55:47.530000","2026-07-15T19:55:47.530000","69e8b3c510a6ab1ad3da4cd2","caiooliveira92@gmail.com","false"
"2026-07-15","Caio César Silva Oliveira","","false","17:00","69cab5528917bc7d06ec9f36","18:00","Civil","agendado","6a57e5bb2bc81ba80a2507f5","2026-07-15T19:55:39.058000","2026-07-15T19:55:39.058000","69e8b3c510a6ab1ad3da4cd2","caiooliveira92@gmail.com","false"
"2026-07-15","Denize Pommer","","false","17:00","6a1997fbb2260a52c4a8158e","18:00","Civil","agendado","6a57e3888ba61971139e78b8","2026-07-15T19:46:16.060000","2026-07-15T19:46:16.060000","6a16e5320af1d751de266aea","pommerde@gmail.com","false"
"2026-07-16","Larissa Alves do Carmo","","false","07:00","69cab50f273cbbe977c9d9f7","08:00","Civil","agendado","6a57e2e0d0e32672b55b208f","2026-07-15T19:43:28.034000","2026-07-15T19:43:28.034000","6a4e879e001d198edd7a1042","larialvesac@gmail.com","false"
"2026-07-15","Leandra da Cruz Matos","","false","18:00","6a46b4a1a4c8e2b27622066c","19:00","Civil","agendado","6a57e256a4804e8a2390184d","2026-07-15T19:41:10.002000","2026-07-15T19:41:10.002000","6a4527e09d14fcde539e804e","leandramatos5@gmail.com","false"
"2026-07-15","Lucas Honorato Lopes","","false","17:00","6a2067c65a836c8a40fe0b2c","18:00","Civil","agendado","6a57e1e377568f78bb9a2c85","2026-07-15T19:39:15.839000","2026-07-15T19:39:15.839000","6a16f46d9cbce304c42cc536","lucashlopes@gmail.com","false"
"2026-07-15","Antônio Gabriel Marcimiano de Moraes","","false","17:00","69cab5533f4cbe4cc715f000","18:00","Civil","agendado","6a57dd9218b0f0573915e2ef","2026-07-15T19:20:50.153000","2026-07-15T19:20:50.153000","69e8bd46281c43278d0d48e9","gabrielgynh@gmail.com","false"
"2026-07-15","Ana Clara Barbacena Camelo","","false","19:00","69cab496d430c0cf1dbd7e72","20:00","Civil","agendado","6a57dbc49959d6d916db3293","2026-07-15T19:13:08.236000","2026-07-15T19:13:08.236000","69f0e732a32f7ffb33e50f1b","anaclarabarbacena@gmail.com","false"
"2026-07-15","Marília da Silva Oliveira ","","false","18:00","6a15d57c344b691a4877ca97","19:00","Civil","faltou","6a57d8a82b2c5d7199b316f1","2026-07-15T18:59:52.870000","2026-07-15T22:03:49.488000","6a103a6242a03e3f6e05eccd","marilia7@gmail.com","false"
"2026-07-15","Paulo Henrique Nunes da Silva Araújo","","false","16:00","69cab4a2f74af4c7f98e624b","17:00","Civil","faltou","6a57d22de1c9bf336167a900","2026-07-15T18:32:13.157000","2026-07-15T20:03:48.568000","69e8b3a96c5e364f790390bf","paulonv70@gmail.com","false"
"2026-07-15","Michelle Vitoria de Carvalho","","false","17:00","6a1d952333bdc732b32dcd93","18:00","Civil","agendado","6a57d10453f84b21e9f9fdbe","2026-07-15T18:27:16.237000","2026-07-15T18:27:16.237000","6a1985fdbfa475c3359e50e9","michellelouza51@gmail.com","false"
"2026-07-16","Joelma Maria Lopes","","false","10:00","69cab4862de13ff6fe9e683c","11:00","Civil","agendado","6a57cf0e9ac3a0d4bce0dbf0","2026-07-15T18:18:54.483000","2026-07-15T18:18:54.483000","69fc8834a5e1e393ab79c311","joelma.arthur@gmail.com","false"
"2026-07-16","Indiara Porfírio Ribeiro","","false","10:00","69cab48c17c5690cf3d30c6d","11:00","Civil","agendado","6a57cc8e948371c4b1e2656f","2026-07-15T18:08:14.326000","2026-07-15T18:08:14.326000","69e8b3bf55bcfeb78675459e","indiarajujuba@gmail.com","false"
"2026-07-16","Laura Fernandes Mendes","","false","11:00","69cab5540b51026b52fe7cb7","12:00","Civil","agendado","6a57cbbc3a1c486080c4f365","2026-07-15T18:04:44.718000","2026-07-15T18:04:44.718000","69f8d50105e660849e08c5f6","mendes.ferlaura@gmail.com","false"
"2026-07-15","Gabriele Batista","","false","17:00","69cab4e300553dca6de39a7f","18:00","Civil","faltou","6a57c67d1270ad7f38a65d41","2026-07-15T17:42:21.273000","2026-07-15T21:03:49.005000","69f8d5031b4731838f3aa4db","gabrielecastro01@gmail.com","false"
"2026-07-15","Yasmin Medeiros de Oliveira","","false","17:00","69cab4ef4a0411830b859b44","18:00","Civil","agendado","6a57c55cc55a5e5275b45b94","2026-07-15T17:37:32.204000","2026-07-15T17:37:32.204000","6a103a63f80a4bf1ed8e6c76","yasmin.meira.265@gmail.com","false"
"2026-07-16","Gisele Christe Passos","","false","07:00","69cab5264b8ed336c11dff6c","08:00","Civil","agendado","6a57c15f70d0d1795afbc43a","2026-07-15T17:20:31.593000","2026-07-15T17:20:31.593000","6a4bee23f9bc33e0abaf318f","gisachriste@gmail.com","false"
"2026-07-16","Daniel Carlos dos Reis","","false","08:00","69efb877f2a849baa2f1590f","09:00","Civil","agendado","6a57bfd92068a7f4c47ce8a9","2026-07-15T17:14:01.413000","2026-07-15T17:14:01.413000","69e8b3dcffadf846c595fa0c","danielreis0211@gmail.com","false"
"2026-07-15","Edjane Martins Silva","","false","17:00","69cab5525a1b6e998a75de7e","18:00","Civil","agendado","6a57be3a885a5c21347fedc6","2026-07-15T17:07:06.088000","2026-07-15T17:07:06.088000","6a0c51d521231d4a1ef3e01f","edjanemartins14@gmail.com","false"
"2026-07-16","Hérika Pabline Lima Veras","","false","12:00","6a15d611390b03b5280412b4","13:00","Civil","agendado","6a57bd39fcd87eadec2d9ea9","2026-07-15T17:02:49.537000","2026-07-15T17:02:49.538000","6a15cb855ddae0a12bbc417c","herikapabline@gmail.com","false"
"2026-07-15","Camila Costa Marinho","","false","18:00","6a304dbb6505c47b19606f12","19:00","Civil","agendado","6a57b8e68843b30b35dc83ea","2026-07-15T16:44:22.741000","2026-07-15T16:44:22.741000","6a2aea1cd0de8de3acfb63a3","camilacostamm11@gmail.com","false"
"2026-07-15","Carlos Antônio Madalena","","false","14:00","69f1fbd2b1d8f827f1014b85","15:00","Civil","agendado","6a57b631fd6caa8e7bd0fc20","2026-07-15T16:32:49.797000","2026-07-15T16:32:49.797000","69f1eb66214b21fd581ce36b","advgcarlosmadalena@gmail.com","false"
"2026-07-15","Heitor de Lima Matos","","false","17:00","69cab4c8c8cd01b45dcf7866","18:00","Civil","agendado","6a57ac5ab73ca2c256ae8d2a","2026-07-15T15:50:50.182000","2026-07-15T15:50:50.182000","6a4402dc0923f2d4c55df9f4","heitorlima@gmail.com","false"
"2026-07-15","Adriel Simões de Mendonça","","false","17:00","69cab499a4016fdcc7a67982","18:00","Civil","agendado","6a57ab7bcaa58978d53bbc23","2026-07-15T15:47:07.616000","2026-07-15T21:23:27.946000","69e8b412c600b78d79b1891c","adriel.mendonzza@gmail.com","false"
"2026-07-15","Amanda Barbosa Andrade","","false","18:00","6a47ac66a48bf6645814cb71","19:00","Civil","agendado","6a57a5c1d23b50b557d02e12","2026-07-15T15:22:41.234000","2026-07-15T15:22:41.234000","6a47aa1a643b6c44c21f4fb5","amandandrade.barbosa@gmail.com","false"
"2026-07-15","Anna Gabriella Pacheco Arantes ","","false","13:00","6a3982de24678b7c56c6eb95","14:00","Civil","agendado","6a57a4f90e4a2af8d5427928","2026-07-15T15:19:21.843000","2026-07-15T15:19:21.843000","6a15a10e7ccbb48781b7c1a9","anagabipacheco145@gmail.com","false"
"2026-07-15","Jonathas Prado","","false","13:00","69cab510f59bbda43a5c5d53","14:00","Civil","agendado","6a57a436ce449dbf12251d66","2026-07-15T15:16:06.942000","2026-07-15T15:16:06.942000","69f9cbc0982435c5f5ca5e3b","jotapbio@gmail.com","false"
"2026-07-15","João Felipe Ferrado Melo Fernandes ","","false","18:00","6a47ac173e6f14b4f12639fe","19:00","Civil","agendado","6a57a3dbb6fa850fad7cb1ac","2026-07-15T15:14:35.171000","2026-07-15T15:14:35.171000","6a46b458dd4a9dcf00d0ff76","jfferrado@gmail.com","false"
"2026-07-15","Nilton Barbosa Coelho","","false","13:00","69cab49682d361e5e28db07c","14:00","Civil","agendado","6a57a350f7ae8b06eb1b2070","2026-07-15T15:12:16.178000","2026-07-15T15:12:16.178000","69e8b3b4c17154e6b5f73e0c","nilton.sead@gmail.com","false"
"2026-07-15","Raniery Morais Miranda","","false","13:00","69cab5298bf415ccbaf69560","14:00","Civil","agendado","6a57a240cfce7f4d96530f7d","2026-07-15T15:07:44.289000","2026-07-15T15:07:44.289000","69eb7130c8c6a653226322d0","mirandaraniery@gmail.com","false"
"2026-07-16","Marcos Lopes de Souza","","false","12:00","69cab4a6d886e77a5a0bd8f9","13:00","Civil","faltou","6a57a1074f252b2998467b76","2026-07-15T15:02:31.377000","2026-07-16T16:03:48.899000","69efccfae228f77c31effa3e","marcos.lsouza@goias.gov.br","false"
"2026-07-15","Marcos Lopes de Souza","","false","13:00","69cab4a6d886e77a5a0bd8f9","14:00","Civil","agendado","6a57a0e595a52298d4a609ca","2026-07-15T15:01:57.265000","2026-07-15T15:01:57.265000","69efccfae228f77c31effa3e","marcos.lsouza@goias.gov.br","false"
"2026-07-15","Lívia Borges de Sousa","","false","13:00","69cab53df488136327286414","14:00","Civil","agendado","6a579eab9df9cd566a65caf3","2026-07-15T14:52:27.539000","2026-07-15T14:52:27.539000","6a035c5eff55688ed4fcb8b0","livia.borges.333@gmail.com","false"
"2026-07-15","Ismael José dos Santos Filho","","false","12:00","69cab50d46c2a710ba93c1d4","13:00","Civil","agendado","6a579d4b72bb39fed04d32d5","2026-07-15T14:46:35.066000","2026-07-15T14:46:35.066000","69eb714b124295d4decc3504","ismaelfilho.adv@gmail.com","false"
"2026-07-15","Jussara Veloso Soares","","false","12:00","6a1068229af4569714fb8756","13:00","Civil","agendado","6a579d09899b39617c4395f3","2026-07-15T14:45:29.194000","2026-07-15T14:45:29.194000","6a103a6a1a3bfb3d4318b2ea","jussara.vs@gmail.com","false"
"2026-07-15","Fábio Assunção Guimarães","","false","12:00","6a4528801d33942bc14d90e7","13:00","Civil","agendado","6a579bb9e8c8240e1a3c5569","2026-07-15T14:39:53.546000","2026-07-15T14:39:53.546000","6a26c3bbefcba7841f4596c5","fabimeu@gmail.com","false"
"2026-07-16","Johnathan Pereira de Sousa","","false","13:00","69f88df9ff9cd30a3a32d365","14:00","Civil","agendado","6a579ae8d8d1eb3bfc2d0173","2026-07-15T14:36:24.076000","2026-07-15T14:36:24.076000","69f1eb63dbe15fae1934137c","johnathan515@gmail.com","false"
"2026-07-15","Johnathan Pereira de Sousa","","false","13:00","69f88df9ff9cd30a3a32d365","14:00","Civil","agendado","6a579adc9bbd6d88086ea6dc","2026-07-15T14:36:12.616000","2026-07-15T14:36:12.616000","69f1eb63dbe15fae1934137c","johnathan515@gmail.com","false"
"2026-07-16","Jessica Alves Lopes","","false","12:00","6a43edc278a81c6a3edae735","13:00","Civil","agendado","6a579a8331158b59e91bf84d","2026-07-15T14:34:43.956000","2026-07-15T14:34:43.956000","6a43edb6db745ca51f6bcd3f","jessicaalveslopes27@gmail.com","false"
"2026-07-15","Raphael de Lima Carvalho Moraes","","false","13:00","69cab4ee1d5dca09ed497c22","14:00","Civil","agendado","6a5799f0a1e52db429111c7f","2026-07-15T14:32:16.968000","2026-07-15T14:32:16.968000","69f243fdfed1f188950d4989","raphaelmoraes019@gmail.com","false"
"2026-07-16","Larissa Lorrayne Alves da Silva","","false","12:00","69cab5270fc456ed86b144bb","13:00","Civil","agendado","6a579954741fa40ff4dec5d2","2026-07-15T14:29:40.434000","2026-07-15T14:29:40.434000","6a0afc5e31801c9d02d0413d","larissa.lorraynee@gmail.com","false"
"2026-07-15","Carolina Assis Silva","","false","12:00","69cab528f140868323584a5f","13:00","Civil","agendado","6a57982aafa92f70bf3538d7","2026-07-15T14:24:42.468000","2026-07-15T14:24:42.468000","6a047b2155dbffe1bf6746cf","carolasullivan5@gmail.com","false"
"2026-07-15","Rafaela Franzoni Marques","","false","12:00","69f9cddf1e81ff14d278df5e","13:00","Civil","agendado","6a57981ed27d91e4b7af5f05","2026-07-15T14:24:30.997000","2026-07-15T16:09:15.052000","69f8e2f80271cf78f7858d16","rafaelafranzoni@gmail.com","false"
"2026-07-15","Paulo Sérgio da Silva Lobo","","false","12:00","69cab4e3c3a97d05a892dabe","13:00","Civil","agendado","6a5797c05ee535c8b8b6b239","2026-07-15T14:22:56.249000","2026-07-15T14:22:56.249000","6a1f14ca9d86f5520fc72468","pauloloboquimico@gmail.com","false"
"2026-07-16","Diego Fernandes Dias","","false","07:00","6a440b7234bf0c812b4545a5","08:00","Civil","agendado","6a5797817a6444d9e19a2b43","2026-07-15T14:21:53.779000","2026-07-15T14:21:53.779000","6a43b3e40d04dbbe8234b278","diegodias.jur@gmail.com","false"
"2026-07-15","Daniele Serafim de Souza Kliemann","","false","12:00","6a1843cfd579775e62d16cd4","13:00","Civil","agendado","6a5796ebc82803e11b656687","2026-07-15T14:19:23.773000","2026-07-15T14:19:23.773000","6a172ad4172b5169721ad5d7","danieleserafim.adv@gmail.com","false"
"2026-07-15","Vanessa Ferreira de Oliveira","","false","12:00","69cab4e3eddee6987dc1c711","13:00","Civil","agendado","6a5796cecb6f6c8be0845307","2026-07-15T14:18:54.427000","2026-07-15T14:18:54.427000","6a1d949ce6e13dcecedb709f","vanessaferdoli@gmail.com","false"
"2026-07-15","Helder Lieberenz Camilo","","false","12:00","6a28490940b20bf445d77ea6","13:00","Civil","agendado","6a5795acb297e92bcc87cd35","2026-07-15T14:14:04.943000","2026-07-15T14:14:04.943000","6a28488fb42e0b4d317ef9f5","heldersecami@gmail.com","false"
"2026-07-15","Andressa Kristtyna Rodrigues Oliveira","","false","18:00","69cab533705403585c687b9e","19:00","Civil","agendado","6a57951010ddacaa87d13f88","2026-07-15T14:11:28.132000","2026-07-15T14:11:28.132000","6a1edae225e1f39bf869001a","andressakoliveira.tur@gmail.com","false"
"2026-07-15","Brenuo Victor Rodrigues Barbosa","","false","13:00","69cab5409b141921d6a9baca","14:00","Civil","agendado","6a57923f872f9db0ca585b54","2026-07-15T13:59:27.621000","2026-07-15T13:59:27.621000","6a022e0e6d475b0b2334af8e","brenuovrb@gmail.com","false"
"2026-07-15","Maria Águeda Silva","","false","12:00","6a4ff4dfb1afddced1805e5b","13:00","Civil","agendado","6a57917ac5c97590cf9e8979","2026-07-15T13:56:10.915000","2026-07-15T13:56:10.915000","6a4fd9bb2e69e3c33e3cdb97","guiguinha.silva@gmail.com","false"
"2026-07-16","Rafael Santana Marinho","","false","12:00","69cab53eac828741aaea5afd","13:00","Civil","agendado","6a5791507b3f53eda7687fd0","2026-07-15T13:55:28.753000","2026-07-15T13:55:28.753000","69fb769eb6cc56e25e03373f","rflmarinho8@gmail.com","false"
"2026-07-15","Lucas Façanha de Oliveira Carvalho","","false","11:00","69cab53f95aecd6313a1094a","12:00","Civil","agendado","6a5790bf298f4c149e40d002","2026-07-15T13:53:03.130000","2026-07-15T13:53:03.130000","69e8b3d9db2701e07f3d9515","lucasoliveira.ifam@gmail.com","false"
"2026-07-15","Laura Fernandes Mendes","","false","12:00","69cab5540b51026b52fe7cb7","13:00","Civil","agendado","6a5790ae85db64d8fe7b6e46","2026-07-15T13:52:46.432000","2026-07-15T13:52:46.432000","69f8d50105e660849e08c5f6","mendes.ferlaura@gmail.com","false"
"2026-07-15","Helena de Castro Côrtes","","false","12:00","6a16e9a8f78a8dd4bceafe2a","13:00","Civil","agendado","6a578f4aabd836e650f0e579","2026-07-15T13:46:50.296000","2026-07-15T13:46:50.296000","6a16e52b80d218340615bc21","helena.gegeo@gmail.com","false"
"2026-07-15","Hugo Leonardo de Araújo Godinho","","false","12:00","6a2c155eb386f640b1e5948b","13:00","Civil","agendado","6a578f0d1092e108900408e1","2026-07-15T13:45:49.046000","2026-07-15T13:45:49.046000","6a2aaefdbbb8d301bdfff035","hugo.godinho@goias.gov.br","false"
"2026-07-15","Clarinha Pereira da Silva Sousa","","false","11:00","69cab4bb2b75e5b3207c8b48","12:00","Civil","agendado","6a578ef925d2eff74c0615db","2026-07-15T13:45:29.687000","2026-07-15T13:45:29.687000","69f0e71cb680d3ecfbb47205","clarinhapereira831@gmail.com","false"
"2026-07-16","José Porto França Neto","","false","12:00","69cab51cf59bbda43a5c5d57","13:00","Civil","agendado","6a578eaeb6774c60440a591f","2026-07-15T13:44:14.014000","2026-07-15T13:44:14.014000","69eb712c92a6132bbc608daf","portobritto@gmail.com","false"
"2026-07-15","Matheus Oliveira Timoteo ","","false","11:00","6a15d6bf895510a04628e9e5","12:00","Civil","agendado","6a578d596aa9a8d2aa958fbc","2026-07-15T13:38:33.827000","2026-07-15T13:38:33.827000","69eb9fecf7d07564929ed82e","mathubaixista@gmail.com","false"
"2026-07-15","Sandra Francisca Bandeira ","","false","12:00","6a16ff021e7aed126219459f","13:00","Civil","agendado","6a578d21110a422d3b76c62a","2026-07-15T13:37:37.728000","2026-07-15T13:37:37.728000","6a0caf5d2f6ef5a33a3d14c9","sandrabandeira.adv@gmail.com","false"
"2026-07-15","Marcia da Silva Coutinho","","false","13:00","69cab53186a8212571cbebfa","14:00","Civil","agendado","6a578bfc06a3ba1d2e283012","2026-07-15T13:32:44.499000","2026-07-15T13:32:44.499000","69f1eb6d936f80ebdd9a578e","marcinhacoutinho.foto@gmail.com","false"
"2026-07-15","Rayanny Christinny da Silva Carmo","","false","11:00","69cab483e6e1052ce52e6988","12:00","Civil","agendado","6a578bc835ffea43c0126cd6","2026-07-15T13:31:52.608000","2026-07-15T13:31:52.608000","6a319335edfe428978aac2ad","rayannychristinny700@gmail.com","false"
"2026-07-15","Nádya de Sá Almeida Costa Silva","","false","12:00","69cab48b36611447155e197c","13:00","Civil","agendado","6a578b1fe8faf29a36b66495","2026-07-15T13:29:03.333000","2026-07-15T13:29:03.333000","69f09cc40b09eba29a789e8a","eng.nadyasa@gmail.com","false"
"2026-07-15","jhonatas dos santos lima","","false","13:00","69f35624d42a7a848cf80522","14:00","Civil","agendado","6a57879e6321bc25b03ee36a","2026-07-15T13:14:06.258000","2026-07-15T13:14:06.258000","69eb712a2f920804f5d6e002","jhonatasvideira@gmail.com","false"
"2026-07-15","Marcos Rodrigo da Silva","","false","13:00","69cab4a3c1c42a0056c3ec30","14:00","Civil","agendado","6a5786c068b3bc43b562f8f6","2026-07-15T13:10:24.086000","2026-07-15T13:10:24.086000","6a0caf5d34356254fca6261c","rodrigo.marcos81@gmail.com","false"
"2026-07-16","Delma Maria Guimaraes","","false","11:00","69cab4bb4badc9d3592723d2","12:00","Civil","agendado","6a5783c8e0501ebbc49c5ba2","2026-07-15T12:57:44.825000","2026-07-15T12:57:44.825000","69f0e717c3c33b89a2f9e02a","delmagui333@gmail.com","false"
"2026-07-15","Débora Maia Escher dos Santos","","false","17:00","69fc8102efce393880145d94","18:00","Civil","agendado","6a57829a17ff53199308bb99","2026-07-15T12:52:42.201000","2026-07-15T12:52:42.201000","69fb76a1a9859e54ff79cc1b","deboraescher19@gmail.com","false"
"2026-07-16","RAQUEL RODRIGUES DE SOUZA","","false","16:00","6a47ab95a6568cd214130beb","17:00","Civil","agendado","6a578179785900882df19092","2026-07-15T12:47:53.269000","2026-07-15T12:47:53.269000","6a455e46430068bca0693558","raquelrodrigues.souza@gmail.com","false"
"2026-07-15","RAQUEL RODRIGUES DE SOUZA","","false","16:00","6a47ab95a6568cd214130beb","17:00","Civil","agendado","6a57810179f37d621d06c976","2026-07-15T12:45:53.896000","2026-07-15T12:45:53.896000","6a455e46430068bca0693558","raquelrodrigues.souza@gmail.com","false"
"2026-07-15","Guilherme Alves de Souza Araújo","","false","12:00","69cab4aecb5fa9ca033f05e8","13:00","Civil","agendado","6a5780e64e42b90f8a93ed56","2026-07-15T12:45:26.154000","2026-07-15T12:45:26.154000","69efb2548749b9622136a800","gui.araujo2207@gmail.com","false"
"2026-07-15","Dayane Fernandes de Lima fonseca","","false","13:00","6a4e87e72646c2e936b17c0a","14:00","Civil","agendado","6a577f01f35ebca2fd8c3e46","2026-07-15T12:37:21.756000","2026-07-15T12:37:21.756000","6a4cfd15b0c786476645e1c9","dayane.fonseca@goias.gov.br","false"
"2026-07-16","Guilherme Silva Carvalho","","false","07:00","6a54e30a3cd6effbf0c37d42","08:00","Civil","agendado","6a577cde25d314fee4300be6","2026-07-15T12:28:14.674000","2026-07-15T12:28:14.674000","6a4fd9c4c87d2cea9665c3b3","guilhermescarvalho.adv@gmail.com","false"
"2026-07-16","Ana Gabriela Azevedo de Carvalho","","false","13:00","69cab48362078b73df941f5f","14:00","Civil","agendado","6a577b5f99e0769cf4f93c49","2026-07-15T12:21:51.501000","2026-07-15T12:21:51.501000","6a32dd64fa8afd91fe1039d0","ag3746498@gmail.com","false"
"2026-07-15","Ana Gabriela Azevedo de Carvalho","","false","13:00","69cab48362078b73df941f5f","14:00","Civil","agendado","6a577b52a2e7ddce8ed14b22","2026-07-15T12:21:38.305000","2026-07-15T17:04:34.807000","6a32dd64fa8afd91fe1039d0","ag3746498@gmail.com","false"
"2026-07-15","Karla Correia Mendes","","false","10:00","69cab4850c384307831324d8","11:00","Civil","agendado","6a577b20dd7a1294c48380db","2026-07-15T12:20:48.724000","2026-07-15T12:20:48.724000","69f0ab75971b3976ef33a57d","karlamendes1406@gmail.com","false"
"2026-07-15","Sandra Barreto Teles ","","false","13:00","6a4cfffc1d48bd477de41287","14:00","Civil","agendado","6a577a06f4d1de8da513b489","2026-07-15T12:16:06.420000","2026-07-15T12:16:06.420000","6a4bee24b98a69b27ac727b4","barretoteles95@gmail.com","false"
"2026-07-15","Raimunda Soronha de Oliveira dos Reis","","false","11:00","69cab4acf9e6540401a079f2","12:00","Civil","agendado","6a577923abceebb93ae12be7","2026-07-15T12:12:19.547000","2026-07-15T12:12:19.547000","69f0ed6a8aee7b0f624a8555","soronha.reis@gmail.com","false"
"2026-07-17","Luciana Nunes do Amaral","","false","08:00","69f245f987f588dbdbc22567","09:00","Civil","agendado","6a5779216811d1fc7773aa61","2026-07-15T12:12:17.395000","2026-07-15T12:12:17.395000","69f200bb913a105fdf750586","lna.advogada@gmail.com","false"
"2026-07-15","Luciana Nunes do Amaral","","false","10:00","69f245f987f588dbdbc22567","11:00","Civil","agendado","6a57790317a51dc85279322f","2026-07-15T12:11:47.089000","2026-07-15T12:11:47.089000","69f200bb913a105fdf750586","lna.advogada@gmail.com","false"
"2026-07-16","Kenia Gomes Rodrigues Rios","","false","10:00","69cab4a3ce9564de9486ce32","11:00","Civil","agendado","6a5778a7d40242fb4fa09491","2026-07-15T12:10:15","2026-07-15T12:10:15","69fc80be57f680cb816ca13e","keniagrrios@gmail.com","false"
"2026-07-15","Kenia Gomes Rodrigues Rios","","false","10:00","69cab4a3ce9564de9486ce32","11:00","Civil","agendado","6a577895b9120d8c69d14546","2026-07-15T12:09:57.198000","2026-07-15T12:09:57.198000","69fc80be57f680cb816ca13e","keniagrrios@gmail.com","false"
"2026-07-15","Marcos Aurélio Araújo da Silva Barros ","","false","11:00","6a05ca7c3ec8d849572a717b","12:00","Civil","agendado","6a57788cb8e732117afa618e","2026-07-15T12:09:48.027000","2026-07-15T12:09:48.027000","6a05ae830f9c23bcdaf6e974","marcos.barros@goias.gov.br","false"
"2026-07-15","Laura Lula Ramos","","false","11:00","69cab4845646d7497cb9aa56","12:00","Civil","agendado","6a5777b8be975d8cbd637baa","2026-07-15T12:06:16.592000","2026-07-15T12:06:16.592000","69e8b3b1c23f02f059fbe05f","lauralular@gmail.com","false"
"2026-07-15","Carlos Henrique Ferreira Santos","","false","12:00","69cab4ac0916e78eed2006b2","13:00","Civil","agendado","6a57770bcf33e3460091eef3","2026-07-15T12:03:23.600000","2026-07-15T12:03:23.600000","69eb815a6faab5200f1325b9","carlohenrysanto@gmail.com","false"
"2026-07-16","Raingredi Sousa Mendes","","false","13:00","6a303ce8913598946bc38fe9","14:00","Civil","agendado","6a577698e2e8d3c1dfcc8ff4","2026-07-15T12:01:28.512000","2026-07-15T12:01:28.512000","6a3009d02bf70f90e9561b00","raingredi@gmail.com","false"
"2026-07-15","Ivana Cabral Oliveira Barros","","false","12:00","6a2974022b3dd13c18f053ec","13:00","Civil","agendado","6a577471534184353f577c01","2026-07-15T11:52:17.068000","2026-07-15T11:52:17.068000","6a28493d95b7e99c5f2c08f2","nutr.ivana@gmail.com","false"
"2026-07-15","Iracy Maria Marinho","","false","10:00","69cab4b09d4550a5367fa605","11:00","Civil","agendado","6a5773b6c85d0a1f135592ea","2026-07-15T11:49:10.707000","2026-07-15T11:49:10.707000","6a020e37b60fef97178bbd4d","iracym605@gmail.com","false"
"2026-07-17","Simone. Luzine Peixoto ","","false","07:00","6a1f207ab7d0ebfbfed88d62","08:00","Civil","agendado","6a5772636fc733078427f8ef","2026-07-15T11:43:31.646000","2026-07-15T11:43:31.646000","6a1f14cf38f8bc785a9ad042","simoneluzine@gmail.com","false"
"2026-07-16","Simone. Luzine Peixoto ","","false","07:00","6a1f207ab7d0ebfbfed88d62","08:00","Civil","agendado","6a5772285eebe5583231596d","2026-07-15T11:42:32.362000","2026-07-15T11:42:32.362000","6a1f14cf38f8bc785a9ad042","simoneluzine@gmail.com","false"
"2026-07-16","Andrea Gonçalves Fonseca","","false","07:00","69cab51d1406725f35a35aea","08:00","Civil","agendado","6a576fc0a981c9acaa6652d9","2026-07-15T11:32:16.370000","2026-07-15T11:32:16.370000","6a0caf6101940cd03cbfc270","andreagyn2020@gmail.com","false"
"2026-07-16","Agda Magalhães Cruz","","false","17:00","6a43ed61d21599d201f6d4e3","18:00","Civil","agendado","6a576e061794b322664adfd4","2026-07-15T11:24:54.252000","2026-07-15T11:24:54.252000","6a3e79645dd2faa01e3bb7ab","real.agda@gmail.com","false"
"2026-07-15","Agda Magalhães Cruz","","false","17:00","6a43ed61d21599d201f6d4e3","18:00","Civil","agendado","6a576dfa78e39af4209fbb6a","2026-07-15T11:24:42.457000","2026-07-15T11:24:42.457000","6a3e79645dd2faa01e3bb7ab","real.agda@gmail.com","false"
"2026-07-15","Thaynná Melo do Nascimento","","false","17:00","6a2aeab3a61a095b45073c9a","18:00","Civil","agendado","6a576b9cb2c295d51bf35ce0","2026-07-15T11:14:36.431000","2026-07-15T11:14:36.431000","6a2ab68ac2b7298f7ea65e47","thaynna.nascimento@goias.gov.br","false"
"2026-07-15","Beatriz de Jesus Rodrigues","","false","12:00","6a440ca61aebb43952856fec","13:00","Civil","agendado","6a57682c1823690c4c4d6caf","2026-07-15T10:59:56.586000","2026-07-15T10:59:56.586000","6a43b3e103763c8e4e2e9e23","beatriz.jrodrigues@goias.gov.br","false"
"2026-07-16","Marco Antônio Piza Ferrari e Silva","","false","12:00","6a4e469c113711586cabcd19","13:00","Civil","agendado","6a576822f9e38f4edb9685a0","2026-07-15T10:59:46.789000","2026-07-15T10:59:46.789000","6a4bee200560d1a008a64ae3","marcoantonioferrari06@gmail.com","false"
"2026-07-15","Edirene Silva Mendes","","false","10:00","69cab53444dabb56e3aef606","11:00","Civil","agendado","6a5766ffd0525f29e59d6d2d","2026-07-15T10:54:55.515000","2026-07-15T10:54:55.515000","6a28493ca016db521dd332b1","edirenemendes909@gmail.com","false"
"2026-07-15","Diêssa Pontes Cruz","","false","08:00","69cab547bd2926025f139df4","09:00","Civil","agendado","6a576658f2292cb15e8ed670","2026-07-15T10:52:08.435000","2026-07-15T10:52:08.435000","69e8b41d874d2bd5ad2a947f","diessacruz@gmail.com","false"
"2026-07-16","Léa Rosane Barcelos","","false","11:00","69cab555f127d1812d9c958f","12:00","Civil","agendado","6a57641135756aaad32fab5f","2026-07-15T10:42:25.682000","2026-07-15T10:42:25.682000","69eb7145a368132a1e810354","learosane@gmail.com","false"
"2026-07-17","Márcia de Araújo Gontijo","","false","07:00","69cab4fa6634febf001eb740","08:00","Civil","agendado","6a575d158a64be3861fdde83","2026-07-15T10:12:37.937000","2026-07-15T10:12:37.937000","69fe28955bf56f9dc34635d2","marciagontijoadv@gmail.com","false"
"2026-07-15","Clarissa dos Santos Melo Duarte","","false","16:00","69cab4b05e5de2d972aae6a0","17:00","Civil","agendado","6a575d00368e1499b5d24858","2026-07-15T10:12:16.828000","2026-07-15T10:12:16.828000","6a2aaf023a2bb1378a22db13","clarissasmelo@gmail.com","false"
"2026-07-16","Armando alves feitosa","","false","07:00","6a3981de33ef8f3bb08c5477","08:00","Civil","agendado","6a575cddfe77755d99e64af7","2026-07-15T10:11:41.502000","2026-07-15T10:11:41.502000","6a3979acb5b039096e4deaec","armando.feitosa@gmail.com","false"
"2026-07-15","Renata Batista Lozano","","false","07:00","6a440c3c1a215e360855c18a","08:00","Civil","agendado","6a5756012424f6bb32a7dee0","2026-07-15T09:42:25.321000","2026-07-15T09:42:25.321000","6a43b3e2a2881f5f82218f67","renata.b.lozano@gmail.com","false"
"2026-07-16","Geovana Monteiro da Silva","","false","13:00","69cab483f6786b7148f4c689","14:00","Civil","agendado","6a56f9b6d1d6e354bea992cd","2026-07-15T03:08:38.824000","2026-07-15T03:08:38.824000","69ec0f73c400e529d8b7c8bb","geovanamts02@gmail.com","false"
"2026-07-15","Geovana Monteiro da Silva","","false","13:00","69cab483f6786b7148f4c689","14:00","Civil","faltou","6a56f9ac061fddeb89b3d0f4","2026-07-15T03:08:28.962000","2026-07-15T17:18:48.385000","69ec0f73c400e529d8b7c8bb","geovanamts02@gmail.com","false"
"2026-07-15","Francislene Monteiro Lima","","false","18:00","69cab5336d09f1ead4a603b5","19:00","Civil","agendado","6a56e2d703270c8575faf5f4","2026-07-15T01:31:03.136000","2026-07-15T22:26:07.593000","69eb71414c5a3877ecd8a887","efmonteiro04@gmail.com","false"
"2026-07-16","Ana Carolina Leles Lacerda Malta ","","false","12:00","6a4fdc70cb2936368e05f081","13:00","Civil","faltou","6a56cb2fb351701d4dd21c44","2026-07-14T23:50:07.181000","2026-07-16T16:03:48.971000","6a4e464bafb2def152106b04","carolllacerda@gmail.com","false"
"2026-07-15","Ana Carolina Leles Lacerda Malta ","","false","12:00","6a4fdc70cb2936368e05f081","13:00","Civil","agendado","6a56cb141b9d8d9ca0620667","2026-07-14T23:49:40.965000","2026-07-14T23:49:40.965000","6a4e464bafb2def152106b04","carolllacerda@gmail.com","false"
"2026-07-14","João Felipe Ferrado Melo Fernandes ","","false","18:00","6a47ac173e6f14b4f12639fe","19:00","Civil","agendado","6a56a035610c3699491e2cb8","2026-07-14T20:46:45.761000","2026-07-14T20:46:45.761000","6a46b458dd4a9dcf00d0ff76","jfferrado@gmail.com","false"
"2026-07-14","Marília da Silva Oliveira ","","false","18:00","6a15d57c344b691a4877ca97","19:00","Civil","agendado","6a569cf5b5cd0d295bbb2e97","2026-07-14T20:32:53.580000","2026-07-14T20:32:53.580000","6a103a6242a03e3f6e05eccd","marilia7@gmail.com","false"
"2026-07-14","Adriano Faleiro Gregório","","false","18:00","69cab526ebee4a1af29385ac","19:00","Civil","agendado","6a569c931a88ee086761eb5c","2026-07-14T20:31:15.533000","2026-07-14T20:31:15.533000","6a0712111e20cc70b7726fa4","adrianofgtrabalho@gmail.com","false"
"2026-07-14","Guilherme Augusto Fortuna Ferreira","","false","18:00","6a47ab32b17447cad40df4b6","19:00","Civil","agendado","6a5698b5ce7d1ec805d4ece3","2026-07-14T20:14:45.717000","2026-07-14T20:14:45.717000","6a4527dd86ec9402dace7a07","guilhermefortunax@gmail.com","false"
"2026-07-14","Nilton Barbosa Coelho","","false","18:00","69cab49682d361e5e28db07c","19:00","Civil","agendado","6a56985bb04b4f8eafc3ac31","2026-07-14T20:13:15.104000","2026-07-14T20:13:15.104000","69e8b3b4c17154e6b5f73e0c","nilton.sead@gmail.com","false"
"2026-07-14","Renato Cortes Araujo","","false","18:00","6a3e7ceed7b5cc8026d9de19","19:00","Civil","agendado","6a5697d631a505c312157357","2026-07-14T20:11:02.853000","2026-07-14T20:11:02.853000","6a33ffec680751eb87071f8a","renato.caraujo@goias.gov.br","false"
"2026-07-14","Lilian Sousa Ribeiro ","","false","18:00","6a2ab495dd0a4b30a31fc926","19:00","Civil","agendado","6a5696a001ef1d7252cefbfb","2026-07-14T20:05:52.468000","2026-07-14T20:05:52.468000","6a16e530d523f85a83c52aa9","lilicabiologa17@gmail.com","false"
"2026-07-14","Marcio Junio Rodrigues de Freitas","","false","18:00","69cab4fdb65777e18fa16281","19:00","Civil","agendado","6a5695ece0c90bccfbdb3c19","2026-07-14T20:02:52.105000","2026-07-14T20:02:52.105000","69e8b3cb227404cd41911786","marciosoriso@gmail.com","false"
"2026-07-16","Sandra Barreto Teles ","","false","13:00","6a4cfffc1d48bd477de41287","14:00","Civil","agendado","6a5695d0e8c62775ba4b9c1b","2026-07-14T20:02:24.817000","2026-07-14T20:02:24.817000","6a4bee24b98a69b27ac727b4","barretoteles95@gmail.com","false"
"2026-07-14","Ana Carolina Costa Lopes","","false","18:00","6a05cad8fdd8033d12dca29c","19:00","Civil","agendado","6a569444ef634947c721e980","2026-07-14T19:55:48.749000","2026-07-14T19:55:48.749000","69f0e73466476bce7c30c689","acclopes.direito@gmail.com","false"
"2026-07-14","Guilherme Lima de Sena","","false","19:00","69cab51d8bf415ccbaf6955b","20:00","Civil","agendado","6a5693bb3fbdd82f3f70dd96","2026-07-14T19:53:31.077000","2026-07-14T19:53:31.077000","69f8d5070e6979860429cfd6","guisenna73@gmail.com","false"
"2026-07-14","Isabella Maria Londe Sampaio","","false","17:00","6a032b0fa526d01f6d3ef8fb","18:00","Civil","agendado","6a568d4aafe2d63518abdbef","2026-07-14T19:26:02.095000","2026-07-14T19:26:02.095000","6a035c60907e0c31ea51ed55","londefotografia@gmail.com","false"
"2026-07-16","Mariana Albino da Silva","","false","07:00","69cab485b105230925053def","08:00","Civil","agendado","6a568b5d65295bfdb0c452fe","2026-07-14T19:17:49.149000","2026-07-14T19:17:49.149000","69f1eb6197b49acac81ad46a","mariana.albinosilva85@gmail.com","false"
"2026-07-15","Monalisa Lopes da Silva ","","false","07:00","6a398374607472e9a3819930","08:00","Civil","agendado","6a5689f33210e02583bbe12c","2026-07-14T19:11:47.692000","2026-07-14T19:11:47.692000","6a3981f6dd2033d4e2eef307","monalisalopessilva@gmail.com","false"
"2026-07-14","Giselle Pereira Pinheiro","","false","17:00","69cab54a703ff883d0956cd6","18:00","Civil","agendado","6a5689ce2f43a91a0d6ef4cc","2026-07-14T19:11:10.238000","2026-07-14T19:11:10.238000","6a3979a5d52592bdf8005925","giselleqi@gmail.com","false"
"2026-07-14","Yasmin Medeiros de Oliveira","","false","17:00","69cab4ef4a0411830b859b44","18:00","Civil","agendado","6a5686334b53e95c6213f495","2026-07-14T18:55:47.258000","2026-07-14T18:55:47.258000","6a103a63f80a4bf1ed8e6c76","yasmin.meira.265@gmail.com","false"
"2026-07-14","Denize Pommer","","false","17:00","6a1997fbb2260a52c4a8158e","18:00","Civil","agendado","6a56853b420245a3912cca4f","2026-07-14T18:51:39.662000","2026-07-14T18:51:39.662000","6a16e5320af1d751de266aea","pommerde@gmail.com","false"
"2026-07-14","Gabriele Batista","","false","17:00","69cab4e300553dca6de39a7f","18:00","Civil","agendado","6a56802dd64833e33d5bbfc9","2026-07-14T18:30:05.203000","2026-07-14T18:30:05.203000","69f8d5031b4731838f3aa4db","gabrielecastro01@gmail.com","false"
"2026-07-14","Paulo Henrique Nunes da Silva Araújo","","false","16:00","69cab4a2f74af4c7f98e624b","17:00","Civil","agendado","6a567f473b1dfbb5739f2be4","2026-07-14T18:26:15.803000","2026-07-14T18:26:15.803000","69e8b3a96c5e364f790390bf","paulonv70@gmail.com","false"
"2026-07-15","Laiz de Moraes Silva","","false","14:00","69cab4a6cb0eeca73fb0ea1f","15:00","Civil","faltou","6a567e164aa835cb35647565","2026-07-14T18:21:10.303000","2026-07-15T18:03:48.471000","6a1985ff6640af2a5735033f","laiz.geaco@gmail.com","false"
"2026-07-14","Sophia Lannah Beatriz Ferreira de Sousa","","false","18:00","69cab498f494b0e0a3a2252c","19:00","Civil","agendado","6a567cb9d141d11e25b10035","2026-07-14T18:15:21.344000","2026-07-14T18:15:21.344000","69e8b3e3ed8dfc592768740f","sophialannah123@gmail.com","false"
"2026-07-15","Johanna Tássia Xavier da Silva","","false","07:00","69cab4a0bc08a81b1194b154","08:00","Civil","agendado","6a567bcd5d16a7f8a9831d03","2026-07-14T18:11:25.300000","2026-07-14T18:11:25.300000","6a329d064df3b6d4d629d489","arquiteta.johannat@gmail.com","false"
"2026-07-15","Jonathas Prado","","false","12:00","69cab510f59bbda43a5c5d53","13:00","Civil","faltou","6a567af0a853f14d9602d727","2026-07-14T18:07:44.824000","2026-07-15T16:03:48.708000","69f9cbc0982435c5f5ca5e3b","jotapbio@gmail.com","false"
"2026-07-14","Michelle Vitoria de Carvalho","","false","17:00","6a1d952333bdc732b32dcd93","18:00","Civil","agendado","6a56797add187e412041fc23","2026-07-14T18:01:30.653000","2026-07-14T18:01:30.653000","6a1985fdbfa475c3359e50e9","michellelouza51@gmail.com","false"
"2026-07-14","Thaynná Melo do Nascimento","","false","17:00","6a2aeab3a61a095b45073c9a","18:00","Civil","agendado","6a5677461b15f3d12711efd4","2026-07-14T17:52:06.061000","2026-07-14T17:52:06.061000","6a2ab68ac2b7298f7ea65e47","thaynna.nascimento@goias.gov.br","false"
"2026-07-14","Karla Correia Mendes","","false","16:00","69cab4850c384307831324d8","17:00","Civil","agendado","6a567084e11d0fae2fe07edb","2026-07-14T17:23:16.854000","2026-07-14T17:23:16.854000","69f0ab75971b3976ef33a57d","karlamendes1406@gmail.com","false"
"2026-07-14","Camila Costa Marinho","","false","19:00","6a304dbb6505c47b19606f12","20:00","Civil","agendado","6a566ed9ddde202935f6fc19","2026-07-14T17:16:09.173000","2026-07-14T17:16:09.173000","6a2aea1cd0de8de3acfb63a3","camilacostamm11@gmail.com","false"
"2026-07-14","Amanda Barbosa Andrade","","false","19:00","6a47ac66a48bf6645814cb71","20:00","Civil","agendado","6a5666e9b014907c80ba6025","2026-07-14T16:42:17.791000","2026-07-14T16:42:17.791000","6a47aa1a643b6c44c21f4fb5","amandandrade.barbosa@gmail.com","false"
"2026-07-15","Joelma Maria Lopes","","false","10:00","69cab4862de13ff6fe9e683c","11:00","Civil","agendado","6a5663eff66c376c707405b2","2026-07-14T16:29:35.439000","2026-07-14T16:29:35.439000","69fc8834a5e1e393ab79c311","joelma.arthur@gmail.com","false"
"2026-07-14","jhonatas dos santos lima","","false","13:00","69f35624d42a7a848cf80522","14:00","Civil","agendado","6a565b31014ff2ca67d05669","2026-07-14T15:52:17.206000","2026-07-14T15:52:17.206000","69eb712a2f920804f5d6e002","jhonatasvideira@gmail.com","false"
"2026-07-14","Jaqueline Basílio de Oliveira","","false","13:00","69f251eb95fc95ce8a1deca1","14:00","Civil","agendado","6a5658f2e8c197dd746606ad","2026-07-14T15:42:42.153000","2026-07-14T15:42:42.153000","69f2515f3caf2db8610694b6","jaquelliny20@hotmail.com","false"
"2026-07-14","Márcia Santos Almeida Mota","","false","18:00","69fa286cbd89876a6edd5002","19:00","Civil","agendado","6a5656bc40ecb89f723c6a5b","2026-07-14T15:33:16.906000","2026-07-14T15:33:16.906000","69e8b3ea3024a618d9bbfb4b","marsaalmo@gmail.com","false"
"2026-07-15","Jessica Alves Lopes","","false","12:00","6a43edc278a81c6a3edae735","13:00","Civil","agendado","6a5656b4a7a3dce056511a50","2026-07-14T15:33:08.607000","2026-07-14T15:33:08.607000","6a43edb6db745ca51f6bcd3f","jessicaalveslopes27@gmail.com","false"
"2026-07-14","Jessica Alves Lopes","","false","13:00","6a43edc278a81c6a3edae735","14:00","Civil","agendado","6a5656995098aa6d446801f0","2026-07-14T15:32:41.759000","2026-07-14T15:32:41.759000","6a43edb6db745ca51f6bcd3f","jessicaalveslopes27@gmail.com","false"
"2026-07-14","Alana Fernandes Moraes","","false","13:00","6a15ccd8859bf2eacc6d0c3e","14:00","Civil","agendado","6a5651b5f2271abfbb8e38f2","2026-07-14T15:11:49.396000","2026-07-14T15:11:49.396000","6a15a1177c946f89a4e3deb6","alanafernandesmoraes@gmail.com","false"
"2026-07-14","Helena de Castro Côrtes","","false","13:00","6a16e9a8f78a8dd4bceafe2a","14:00","Civil","agendado","6a564f68b1800e1f98bf8da7","2026-07-14T15:02:00.915000","2026-07-14T15:02:00.915000","6a16e52b80d218340615bc21","helena.gegeo@gmail.com","false"
"2026-07-14","Adriel Simões de Mendonça","","false","17:00","69cab499a4016fdcc7a67982","18:00","Civil","agendado","6a564e9a2d933f3867179551","2026-07-14T14:58:34.281000","2026-07-14T14:58:34.281000","69e8b412c600b78d79b1891c","adriel.mendonzza@gmail.com","false"
"2026-07-14","Fábio Assunção Guimarães","","false","12:00","6a4528801d33942bc14d90e7","13:00","Civil","agendado","6a564cac28b4a20fd50d5082","2026-07-14T14:50:20.755000","2026-07-14T14:50:20.755000","6a26c3bbefcba7841f4596c5","fabimeu@gmail.com","false"
"2026-07-14","Carlos alexandre da costa ","","false","12:00","6a0cb0c2e3d9f640adbed26b","13:00","Civil","agendado","6a5647cc5d8e64751d7a45bf","2026-07-14T14:29:32.249000","2026-07-14T14:29:32.249000","6a0caf62f88ae28daf8dd133","xandy.x12@gmail.com","false"
"2026-07-14","Sandra Francisca Bandeira ","","false","12:00","6a16ff021e7aed126219459f","13:00","Civil","agendado","6a5646bcba840ae7f3789a36","2026-07-14T14:25:00.532000","2026-07-14T14:25:00.532000","6a0caf5d2f6ef5a33a3d14c9","sandrabandeira.adv@gmail.com","false"
"2026-07-14","Thiago Marques Leão","","false","12:00","69cab49382a748187c66ec50","13:00","Civil","agendado","6a56468c5acee0a851618d3e","2026-07-14T14:24:12.865000","2026-07-14T14:24:12.865000","69e8b3a39df58dcdca94d144","thiagomarquesleao@gmail.com","false"
"2026-07-14","Rafaela Franzoni Marques","","false","13:00","69f9cddf1e81ff14d278df5e","14:00","Civil","agendado","6a56453913eafafdbc3f13df","2026-07-14T14:18:33.203000","2026-07-14T14:18:33.203000","69f8e2f80271cf78f7858d16","rafaelafranzoni@gmail.com","false"
"2026-07-15","Indiara Porfírio Ribeiro","","false","10:00","69cab48c17c5690cf3d30c6d","11:00","Civil","agendado","6a5643645be2d88b81d6575e","2026-07-14T14:10:44.838000","2026-07-14T14:10:44.838000","69e8b3bf55bcfeb78675459e","indiarajujuba@gmail.com","false"
"2026-07-14","Amanda Caroline Silva Duarte","","false","13:00","69cab557f127d1812d9c9591","14:00","Civil","agendado","6a5642f265f6cdc078d443b3","2026-07-14T14:08:50.112000","2026-07-14T14:08:50.112000","6a3e79667e601cda66d8e3ff","amandacarolduarte9@gmail.com","false"
"2026-07-15","Alda Pereira Ramos","","false","16:00","69cab4b14ac04518e466ae05","17:00","Civil","agendado","6a56420999b7cbdc2a849645","2026-07-14T14:04:57.053000","2026-07-14T14:04:57.053000","6a199899d94349fd53fef6e6","haldapr@gmail.com","false"
"2026-07-14","Paulo Sérgio da Silva Lobo","","false","12:00","69cab4e3c3a97d05a892dabe","13:00","Civil","agendado","6a5641856b72819aac641e71","2026-07-14T14:02:45.088000","2026-07-14T14:02:45.088000","6a1f14ca9d86f5520fc72468","pauloloboquimico@gmail.com","false"
"2026-07-14","Elisa Parreira de Castro Alves","","false","12:00","69cab4958987e567777aa8e9","13:00","Civil","agendado","6a56410852e6aedfd3b35bc2","2026-07-14T14:00:40.846000","2026-07-14T14:00:40.846000","69f3539372bfccf5cae537b8","elisa.pdca@gmail.com","false"
"2026-07-15","Larissa Lorrayne Alves da Silva","","false","12:00","69cab5270fc456ed86b144bb","13:00","Civil","agendado","6a563e1e23fd1f2a5f27fb85","2026-07-14T13:48:14.934000","2026-07-14T13:48:14.934000","6a0afc5e31801c9d02d0413d","larissa.lorraynee@gmail.com","false"
"2026-07-14","Ismael José dos Santos Filho","","false","12:00","69cab50d46c2a710ba93c1d4","13:00","Civil","agendado","6a563dae50c8dd2cb16f0620","2026-07-14T13:46:22.036000","2026-07-14T13:46:22.036000","69eb714b124295d4decc3504","ismaelfilho.adv@gmail.com","false"
"2026-07-14","Rayanny Christinny da Silva Carmo","","false","11:00","69cab483e6e1052ce52e6988","12:00","Civil","agendado","6a563d417373101af77c2580","2026-07-14T13:44:33.464000","2026-07-14T13:44:33.464000","6a319335edfe428978aac2ad","rayannychristinny700@gmail.com","false"
"2026-07-14","Débora Maia Escher dos Santos","","false","18:00","69fc8102efce393880145d94","19:00","Civil","agendado","6a563c12cac4954951398561","2026-07-14T13:39:30.324000","2026-07-14T13:39:30.324000","69fb76a1a9859e54ff79cc1b","deboraescher19@gmail.com","false"
"2026-07-15","Raingredi Sousa Mendes","","false","13:00","6a303ce8913598946bc38fe9","14:00","Civil","agendado","6a563b57af1e31002a238993","2026-07-14T13:36:23.861000","2026-07-14T13:36:23.861000","6a3009d02bf70f90e9561b00","raingredi@gmail.com","false"
"2026-07-15","Talíta Maria Carvalho de Lima ","","false","12:00","6a1093b55c869df7da1218e1","13:00","Civil","agendado","6a5638db4eabf45c7560a2da","2026-07-14T13:25:47.117000","2026-07-14T13:25:47.117000","6a10924dc377ea5adc55fbdc","ttalitalima@gmail.com","false"
"2026-07-14","Talíta Maria Carvalho de Lima ","","false","12:00","6a1093b55c869df7da1218e1","13:00","Civil","agendado","6a5638cc8097c2e0ff0d5096","2026-07-14T13:25:32.234000","2026-07-14T13:25:32.234000","6a10924dc377ea5adc55fbdc","ttalitalima@gmail.com","false"
"2026-07-14","Elisnara Gerstrudes da Costa e Silva ","","false","12:00","6a281e2dfb548e50d1e17ecd","13:00","Civil","agendado","6a5638583daac2dc2cdee909","2026-07-14T13:23:36.878000","2026-07-14T13:23:36.878000","6a281b55d71320017656d360","elisnaracostta@gmail.com","false"
"2026-07-14","Felipe Junqueira Mariano","","false","12:00","69cab4fa2f92da87a7de44b0","13:00","Civil","agendado","6a563665a675a56c457194d5","2026-07-14T13:15:17.364000","2026-07-14T13:15:17.364000","6a045784a0d5f992481b9d74","felipejmarianor@gmail.com","false"
"2026-07-14","Thaís Teixeira Santos","","false","12:00","69cab5274f3dd1b5956201e6","13:00","Civil","agendado","6a5635c40bbd872aeab21b6a","2026-07-14T13:12:36.521000","2026-07-14T13:12:36.521000","6a0caf640170db9a69a7bebd","thais.sejuv@gmail.com","false"
"2026-07-14","Laura Fernandes Mendes","","false","11:00","69cab5540b51026b52fe7cb7","12:00","Civil","agendado","6a56354e8e7e098520891287","2026-07-14T13:10:38.984000","2026-07-14T13:10:38.984000","69f8d50105e660849e08c5f6","mendes.ferlaura@gmail.com","false"
"2026-07-15","Hérika Pabline Lima Veras","","false","12:00","6a15d611390b03b5280412b4","13:00","Civil","agendado","6a563504b35c541d5604f4fd","2026-07-14T13:09:24.593000","2026-07-14T13:09:24.593000","6a15cb855ddae0a12bbc417c","herikapabline@gmail.com","false"
"2026-07-14","Raquel Caroline Ribeiro D e Lima","","false","11:00","69cab51b4b8ed336c11dff65","12:00","Civil","agendado","6a56348032eebad2190cc18d","2026-07-14T13:07:12.731000","2026-07-14T13:07:12.731000","69fe289475c7fd5b9a27c574","raquelcribeiro.adv@gmail.com","false"
"2026-07-14","Jessyca Batista Resende Duarte","","false","11:00","69cab5568644ff0eec993229","12:00","Civil","agendado","6a563466957899b31d8ba567","2026-07-14T13:06:46.442000","2026-07-14T13:06:46.442000","6a2aea18fd1686c8476a4f29","jes_syca13@hotmail.com","false"
"2026-07-14","Lucas Façanha de Oliveira Carvalho","","false","12:00","69cab53f95aecd6313a1094a","13:00","Civil","agendado","6a5633f760fccf4af6917e97","2026-07-14T13:04:55.853000","2026-07-14T13:04:55.853000","69e8b3d9db2701e07f3d9515","lucasoliveira.ifam@gmail.com","false"
"2026-07-14","Keiliane dos Santos Silva","","false","11:00","69cab4841ce56b674d36384d","12:00","Civil","agendado","6a5633f56c660f79ca829da2","2026-07-14T13:04:53.746000","2026-07-14T13:04:53.746000","69e8b410c23f02f059fbe081","keilineker@gmail.com","false"
"2026-07-14","Ivana Cabral Oliveira Barros","","false","12:00","6a2974022b3dd13c18f053ec","13:00","Civil","agendado","6a5632a7b87e4bbf608e07ce","2026-07-14T12:59:19.220000","2026-07-14T12:59:19.220000","6a28493d95b7e99c5f2c08f2","nutr.ivana@gmail.com","false"
"2026-07-14","Vanessa Ferreira de Oliveira","","false","12:00","69cab4e3eddee6987dc1c711","13:00","Civil","agendado","6a5630c4db2c07efc4f51f2f","2026-07-14T12:51:16.485000","2026-07-14T12:51:16.485000","6a1d949ce6e13dcecedb709f","vanessaferdoli@gmail.com","false"
"2026-07-14","Fernanda Palma Neiva","","false","12:00","69cab5475fe6394ffd97f509","13:00","Civil","agendado","6a562f29d7a7ac266548ed1a","2026-07-14T12:44:25.553000","2026-07-14T12:44:25.553000","69eb71326eb19b31dbf13e4e","fpalmaneiva@gmail.com","false"
"2026-07-14","Hérika Pabline Lima Veras","","false","12:00","6a15d611390b03b5280412b4","13:00","Civil","agendado","6a562e5567d0bbf2e0af93cb","2026-07-14T12:40:53.904000","2026-07-14T12:40:53.904000","6a15cb855ddae0a12bbc417c","herikapabline@gmail.com","false"
"2026-07-14","Helder Lieberenz Camilo","","false","11:00","6a28490940b20bf445d77ea6","12:00","Civil","agendado","6a562da4b64b3a5dbc2b12d7","2026-07-14T12:37:56.919000","2026-07-14T12:37:56.919000","6a28488fb42e0b4d317ef9f5","heldersecami@gmail.com","false"
"2026-07-14","Carolina Assis Silva","","false","13:00","69cab528f140868323584a5f","14:00","Civil","agendado","6a562d57cd68b61c7877f289","2026-07-14T12:36:39.222000","2026-07-14T12:36:39.222000","6a047b2155dbffe1bf6746cf","carolasullivan5@gmail.com","false"
"2026-07-15","Jhulli Êmily Martins Nunes","","false","11:00","69cab48cce1c3df3215b2752","12:00","Civil","agendado","6a562c79d82b65892592afee","2026-07-14T12:32:57.719000","2026-07-14T12:32:57.719000","69e8b3e6578c929cf94963e6","jhulliemily2014@gmail.com","false"
"2026-07-14","Jhulli Êmily Martins Nunes","","false","11:00","69cab48cce1c3df3215b2752","12:00","Civil","agendado","6a562c4cb4811e028b6cc064","2026-07-14T12:32:12.996000","2026-07-14T12:32:12.996000","69e8b3e6578c929cf94963e6","jhulliemily2014@gmail.com","false"
"2026-07-14","Mel Cardoso Souza","","false","11:00","69cab4844ae3b7f6a68fd705","12:00","Civil","agendado","6a562b53c8e2f960539f4d07","2026-07-14T12:28:03.822000","2026-07-14T12:28:03.822000","69e8b3e718a06dc553782bd2","mel2005cardoso@gmail.com","false"
"2026-07-14","Jesley da Silva Sousa","","false","11:00","6a2ab18061f7a78ad0700e2f","12:00","Civil","agendado","6a562a09dbf0cdf833b187b4","2026-07-14T12:22:33.552000","2026-07-14T12:22:33.552000","6a2aaf009ad04cdd81d57839","jesleysobral8@gmail.com","false"
"2026-07-14","Marcos Rodrigo da Silva","","false","14:00","69cab4a3c1c42a0056c3ec30","15:00","Civil","agendado","6a56284ba16f8440f3aedfa1","2026-07-14T12:15:07.480000","2026-07-14T12:15:07.480000","6a0caf5d34356254fca6261c","rodrigo.marcos81@gmail.com","false"
"2026-07-14","Laiz de Moraes Silva","","false","14:00","69cab4a6cb0eeca73fb0ea1f","15:00","Civil","agendado","6a562848c78e83acdca5219b","2026-07-14T12:15:04.795000","2026-07-14T12:15:04.795000","6a1985ff6640af2a5735033f","laiz.geaco@gmail.com","false"
"2026-07-14","Anna Gabriella Pacheco Arantes ","","false","13:00","6a3982de24678b7c56c6eb95","14:00","Civil","agendado","6a56280bd0de76cc3386b5c1","2026-07-14T12:14:03.510000","2026-07-14T12:14:03.510000","6a15a10e7ccbb48781b7c1a9","anagabipacheco145@gmail.com","false"
"2026-07-14","Leandra da Cruz Matos","","false","11:00","6a46b4a1a4c8e2b27622066c","12:00","Civil","agendado","6a5627b4bbe0abccfdcca1e1","2026-07-14T12:12:36.110000","2026-07-14T12:12:36.110000","6a4527e09d14fcde539e804e","leandramatos5@gmail.com","false"
"2026-07-15","Rafael Santana Marinho","","false","12:00","69cab53eac828741aaea5afd","13:00","Civil","agendado","6a562743499b6f3925819ac6","2026-07-14T12:10:43.360000","2026-07-14T12:10:43.360000","69fb769eb6cc56e25e03373f","rflmarinho8@gmail.com","false"
"2026-07-14","Iracy Maria Marinho","","false","10:00","69cab4b09d4550a5367fa605","11:00","Civil","agendado","6a56263baaf247bcd0818be6","2026-07-14T12:06:19.434000","2026-07-14T12:06:19.434000","6a020e37b60fef97178bbd4d","iracym605@gmail.com","false"
"2026-07-14","Joelma Maria Lopes","","false","10:00","69cab4862de13ff6fe9e683c","11:00","Civil","agendado","6a5625364e77739ab0120746","2026-07-14T12:01:58.645000","2026-07-14T12:01:58.645000","69fc8834a5e1e393ab79c311","joelma.arthur@gmail.com","false"
"2026-07-14","Guilherme Alves de Souza Araújo","","false","12:00","69cab4aecb5fa9ca033f05e8","13:00","Civil","agendado","6a5623f126ea11c7c8e4b68f","2026-07-14T11:56:33.251000","2026-07-14T11:56:33.251000","69efb2548749b9622136a800","gui.araujo2207@gmail.com","false"
"2026-07-14","Isabela Cristina Assis Costa Fleury","","false","11:00","6a561ecaeae862b2c0041c22","12:00","Civil","agendado","6a5621a8928335303d482537","2026-07-14T11:46:48.790000","2026-07-14T11:46:48.790000","6a4fd9bdfe4c01c4a99b163b","isabelaassis.adv@gmail.com","false"
"2026-07-14","Jucelia Mendes da Silva","","false","11:00","6a303c163272ed4fdd6817f4","12:00","Civil","agendado","6a56211e60ec9991b6ef69fa","2026-07-14T11:44:30.568000","2026-07-14T11:44:30.568000","6a3009da39c9725d4a9c2c9d","juceliajuhhhhhhh@gmail.com","false"
"2026-07-15","Andrea Gonçalves Fonseca","","false","07:00","69cab51d1406725f35a35aea","08:00","Civil","agendado","6a561f1c4acaf5ec627c198e","2026-07-14T11:35:56.109000","2026-07-14T11:35:56.109000","6a0caf6101940cd03cbfc270","andreagyn2020@gmail.com","false"
"2026-07-14","Leonardo Alves Ribeiro","","false","12:00","6a454ed31f79726271ec0cc9","13:00","Civil","agendado","6a561e5f473cc924aef2359c","2026-07-14T11:32:47.422000","2026-07-14T11:32:47.422000","6a4527dd390e51d8fd8d8e96","leonardo.ribeiro.011098@gmail.com","false"
"2026-07-14","Edirene Silva Mendes","","false","10:00","69cab53444dabb56e3aef606","11:00","Civil","agendado","6a561c6ff8d4c6942bedeb63","2026-07-14T11:24:31.988000","2026-07-14T11:24:31.988000","6a28493ca016db521dd332b1","edirenemendes909@gmail.com","false"
"2026-07-14","Raimunda Soronha de Oliveira dos Reis","","false","11:00","69cab4acf9e6540401a079f2","12:00","Civil","agendado","6a561a8a61c262b5a68686b9","2026-07-14T11:16:26.429000","2026-07-14T11:16:26.429000","69f0ed6a8aee7b0f624a8555","soronha.reis@gmail.com","false"
"2026-07-14","Marcos Aurélio Araújo da Silva Barros ","","false","11:00","6a05ca7c3ec8d849572a717b","12:00","Civil","agendado","6a56145a65500e47890bb6ef","2026-07-14T10:50:02.971000","2026-07-14T10:50:02.971000","6a05ae830f9c23bcdaf6e974","marcos.barros@goias.gov.br","false"
"2026-07-15","Marco Antônio Piza Ferrari e Silva","","false","12:00","6a4e469c113711586cabcd19","13:00","Civil","agendado","6a561271f0a69fad650aaee9","2026-07-14T10:41:53.153000","2026-07-14T10:41:53.153000","6a4bee200560d1a008a64ae3","marcoantonioferrari06@gmail.com","false"
"2026-07-14","Beatriz de Jesus Rodrigues","","false","12:00","6a440ca61aebb43952856fec","13:00","Civil","agendado","6a56126842768fa4c9859d3f","2026-07-14T10:41:44.682000","2026-07-14T10:41:44.682000","6a43b3e103763c8e4e2e9e23","beatriz.jrodrigues@goias.gov.br","false"
"2026-07-14","Raphael de Lima Carvalho Moraes","","false","13:00","69cab4ee1d5dca09ed497c22","14:00","Civil","agendado","6a5611c59c07a55bdf4ee62a","2026-07-14T10:39:01.667000","2026-07-14T10:39:01.667000","69f243fdfed1f188950d4989","raphaelmoraes019@gmail.com","false"
"2026-07-14","Clarissa dos Santos Melo Duarte","","false","16:00","69cab4b05e5de2d972aae6a0","17:00","Civil","agendado","6a560fcf3d78aa37e6e73622","2026-07-14T10:30:39.178000","2026-07-14T10:30:39.178000","6a2aaf023a2bb1378a22db13","clarissasmelo@gmail.com","false"
"2026-07-15","Diego Fernandes Dias","","false","07:00","6a440b7234bf0c812b4545a5","08:00","Civil","agendado","6a560f182c460f00a3d50e08","2026-07-14T10:27:36.887000","2026-07-14T10:27:36.887000","6a43b3e40d04dbbe8234b278","diegodias.jur@gmail.com","false"
"2026-07-15","Léa Rosane Barcelos","","false","11:00","69cab555f127d1812d9c958f","12:00","Civil","agendado","6a5608a5d3121d80b7ad762b","2026-07-14T10:00:05.347000","2026-07-14T10:00:05.347000","69eb7145a368132a1e810354","learosane@gmail.com","false"
"2026-07-14","Antonino Batista Júnior","","false","18:00","69cab53d8efef97e8a0f03b3","19:00","Civil","agendado","6a560622dfa83edccf10151f","2026-07-14T09:49:22.545000","2026-07-14T09:49:22.545000","69e8b3ceaa15a6de33954e67","antoninobj@gmail.com","false"
"2026-07-14","Indiara Porfírio Ribeiro","","false","10:00","69cab48c17c5690cf3d30c6d","11:00","Civil","agendado","6a560614dd899784a8251f1d","2026-07-14T09:49:08.415000","2026-07-14T09:49:08.415000","69e8b3bf55bcfeb78675459e","indiarajujuba@gmail.com","false"
"2026-07-14","Armando alves feitosa","","false","07:00","6a3981de33ef8f3bb08c5477","08:00","Civil","agendado","6a5605967485f6e6063eda89","2026-07-14T09:47:02.967000","2026-07-14T09:47:02.967000","6a3979acb5b039096e4deaec","armando.feitosa@gmail.com","false"
"2026-07-14","Patrícia Gomes Fleuri Cunha","","false","07:00","6a103b0bb218f6109a5263e2","08:00","Civil","agendado","6a56044a7d0a8b96d091ec0d","2026-07-14T09:41:30.876000","2026-07-14T11:05:15.573000","6a0caf6598b093e0931ff6a8","patricia.cunha@goias.gov.br","false"
"2026-07-14","Agda Magalhães Cruz","","false","17:00","6a43ed61d21599d201f6d4e3","18:00","Civil","agendado","6a560352a09a16ef1511494d","2026-07-14T09:37:22.701000","2026-07-14T09:37:22.701000","6a3e79645dd2faa01e3bb7ab","real.agda@gmail.com","false"
"2026-07-14","Christopher Rezende dos Santos","","false","07:00","69cab4979b5fdbe480b0e5ac","08:00","Civil","agendado","6a56026adce27673a76ec790","2026-07-14T09:33:30.401000","2026-07-14T09:33:30.401000","69e8b3b7c661173bf72396b3","christopherseapa@gmail.com","false"
"2026-07-14","Carlos Antônio Madalena","","false","07:00","69f1fbd2b1d8f827f1014b85","08:00","Civil","agendado","6a5601e58b39d45e92051fc0","2026-07-14T09:31:17.777000","2026-07-14T09:31:17.777000","69f1eb66214b21fd581ce36b","advgcarlosmadalena@gmail.com","false"
"2026-07-14","Lorena Rodrigues Leite Caixeta","","false","07:00","69cab49e1f76f85a7183b3c1","08:00","Civil","agendado","6a55917df9c00a6302751922","2026-07-14T01:31:41.395000","2026-07-14T11:06:51.821000","6a0758cb5e36a09b3ddf5b33","arquitetalorenacaixeta@gmail.com","false"
"2026-07-13","Alessandro Melo da Silva","","false","19:00","6a47acd99bb7322eb40995ab","20:00","Civil","agendado","6a555a644ea7f199aeff029d","2026-07-13T21:36:36.366000","2026-07-13T21:36:36.366000","69e8b3a65ff5808ccc1df34e","alessandromsilva@gmail.com","false"
"2026-07-15","Mayara de Oliveira Borges","","false","07:00","6a55254352c993fb4c6a6703","08:00","Civil","agendado","6a555995b1ade42777b9f525","2026-07-13T21:33:09.996000","2026-07-13T21:33:09.996000","6a54e215c142ec949992d105","mayaragob@hotmail.com","false"
"2026-07-14","Daniel Carlos dos Reis","","false","08:00","69efb877f2a849baa2f1590f","09:00","Civil","agendado","6a5554af2c547aec9450c24b","2026-07-13T21:12:15.405000","2026-07-13T21:12:15.405000","69e8b3dcffadf846c595fa0c","danielreis0211@gmail.com","false"
"2026-07-14","Sandy Gonçalves Santana","","false","18:00","69cab4b251341c5e34b04b2e","19:00","Civil","agendado","6a55503ddc213c6931d5f4aa","2026-07-13T20:53:17.965000","2026-07-13T20:53:17.965000","69eb712609a3ab9ccffc1d90","sanderas.sgs@gmail.com","false"
"2026-07-14","Dayane Fernandes de Lima fonseca","","false","13:00","6a4e87e72646c2e936b17c0a","14:00","Civil","agendado","6a554fd11a32e3829fc1bed8","2026-07-13T20:51:29.528000","2026-07-13T20:51:29.528000","6a4cfd15b0c786476645e1c9","dayane.fonseca@goias.gov.br","false"
"2026-07-14","Johanna Tássia Xavier da Silva","","false","07:00","69cab4a0bc08a81b1194b154","08:00","Civil","agendado","6a554f7af5bd3393eba934e7","2026-07-13T20:50:02.548000","2026-07-14T11:06:36.525000","6a329d064df3b6d4d629d489","arquiteta.johannat@gmail.com","false"
"2026-07-13","Adriano Faleiro Gregório","","false","18:00","69cab526ebee4a1af29385ac","19:00","Civil","agendado","6a554a92391ad8d7aacc7abc","2026-07-13T20:29:06.126000","2026-07-13T20:29:06.126000","6a0712111e20cc70b7726fa4","adrianofgtrabalho@gmail.com","false"
"2026-07-14","Andressa Kristtyna Rodrigues Oliveira","","false","13:00","69cab533705403585c687b9e","14:00","Civil","agendado","6a55483291f8e90acc8c8d9f","2026-07-13T20:18:58.034000","2026-07-13T20:18:58.034000","6a1edae225e1f39bf869001a","andressakoliveira.tur@gmail.com","false"
"2026-07-13","João Felipe Ferrado Melo Fernandes ","","false","18:00","6a47ac173e6f14b4f12639fe","19:00","Civil","agendado","6a5547d55dadb1599e9e3686","2026-07-13T20:17:25.951000","2026-07-13T20:17:25.951000","6a46b458dd4a9dcf00d0ff76","jfferrado@gmail.com","false"
"2026-07-13","Andressa Kristtyna Rodrigues Oliveira","","false","18:00","69cab533705403585c687b9e","19:00","Civil","agendado","6a5547bf10aa9b24e140db0c","2026-07-13T20:17:03.513000","2026-07-13T20:17:03.513000","6a1edae225e1f39bf869001a","andressakoliveira.tur@gmail.com","false"
"2026-07-14","Uerica Agapito Pereira","","false","07:00","69cab53f1d112c5a2797d789","08:00","Civil","agendado","6a5546e45f81893e66e0464d","2026-07-13T20:13:24.832000","2026-07-14T11:05:30.453000","69f09fd3ef3fe8e89a0d5919","uericaagapito.adv@gmail.com","false"
"2026-07-13","Sophia Lannah Beatriz Ferreira de Sousa","","false","18:00","69cab498f494b0e0a3a2252c","19:00","Civil","agendado","6a5546d4da86a3d418fa4526","2026-07-13T20:13:08.591000","2026-07-13T20:13:08.591000","69e8b3e3ed8dfc592768740f","sophialannah123@gmail.com","false"
"2026-07-14","Larissa Alves do Carmo","","false","07:00","69cab50f273cbbe977c9d9f7","08:00","Civil","agendado","6a5545b25063892e0b703ee4","2026-07-13T20:08:18.580000","2026-07-13T20:08:18.580000","6a4e879e001d198edd7a1042","larialvesac@gmail.com","false"
"2026-07-14","Larissa Alves do Carmo","","false","07:00","69cab50f273cbbe977c9d9f7","08:00","Civil","agendado","6a5545b1da92507bddb988ca","2026-07-13T20:08:17.841000","2026-07-13T20:08:17.841000","6a4e879e001d198edd7a1042","larialvesac@gmail.com","false"
"2026-07-13","Nilton Barbosa Coelho","","false","18:00","69cab49682d361e5e28db07c","19:00","Civil","agendado","6a5544b6fd4bec074cefec92","2026-07-13T20:04:06.382000","2026-07-13T20:04:06.382000","69e8b3b4c17154e6b5f73e0c","nilton.sead@gmail.com","false"
"2026-07-14","LAINE SOUZA LANDIN CARDOSO","","false","08:00","6a16ecc046adce93104edc2a","09:00","Civil","agendado","6a554134560d5430290e6e2d","2026-07-13T19:49:08.253000","2026-07-13T19:49:08.253000","6a10a6ce0062e7cb36b6737e","lainelandin@gmail.com","false"
"2026-07-13","Antônio Gabriel Marcimiano de Moraes","","false","17:00","69cab5533f4cbe4cc715f000","18:00","Civil","agendado","6a5540a670afc48e3bc139a6","2026-07-13T19:46:46.202000","2026-07-13T19:46:46.202000","69e8bd46281c43278d0d48e9","gabrielgynh@gmail.com","false"
"2026-07-13","Marcio Junio Rodrigues de Freitas","","false","17:00","69cab4fdb65777e18fa16281","18:00","Civil","agendado","6a553e9f1e261b27d9a5d690","2026-07-13T19:38:07.537000","2026-07-13T19:38:07.537000","69e8b3cb227404cd41911786","marciosoriso@gmail.com","false"
"2026-07-14","Mariana Albino da Silva","","false","07:00","69cab485b105230925053def","08:00","Civil","agendado","6a553e9ee57d59f4fb5e1228","2026-07-13T19:38:06.981000","2026-07-13T19:38:06.981000","69f1eb6197b49acac81ad46a","mariana.albinosilva85@gmail.com","false"
"2026-07-13","Edjane Martins Silva","","false","17:00","69cab5525a1b6e998a75de7e","18:00","Civil","agendado","6a553c5e28e2ec9469e93bb8","2026-07-13T19:28:30.823000","2026-07-13T19:28:30.823000","6a0c51d521231d4a1ef3e01f","edjanemartins14@gmail.com","false"
"2026-07-13","Guilherme Lima de Sena","","false","18:00","69cab51d8bf415ccbaf6955b","19:00","Civil","agendado","6a5538491769848ba287e58a","2026-07-13T19:11:05.023000","2026-07-13T19:11:05.023000","69f8d5070e6979860429cfd6","guisenna73@gmail.com","false"
"2026-07-13","Michelle Vitoria de Carvalho","","false","17:00","6a1d952333bdc732b32dcd93","18:00","Civil","agendado","6a5536fed41633f8bfbeb866","2026-07-13T19:05:34.010000","2026-07-13T19:05:34.010000","6a1985fdbfa475c3359e50e9","michellelouza51@gmail.com","false"
"2026-07-13","Denize Pommer","","false","17:00","6a1997fbb2260a52c4a8158e","18:00","Civil","agendado","6a5536889cd4c2d94d3c8501","2026-07-13T19:03:36.833000","2026-07-13T19:03:36.833000","6a16e5320af1d751de266aea","pommerde@gmail.com","false"
"2026-07-13","Renato Cortes Araujo","","false","18:00","6a3e7ceed7b5cc8026d9de19","19:00","Civil","agendado","6a55361939d9beec915f881b","2026-07-13T19:01:45.193000","2026-07-13T19:01:45.193000","6a33ffec680751eb87071f8a","renato.caraujo@goias.gov.br","false"
"2026-07-14","Ronaldo Costa Fernandes Silveira","","false","11:00","69cab50ec82236d9d8a777b4","12:00","Civil","agendado","6a5533c3c4b67afa797a9313","2026-07-13T18:51:47.331000","2026-07-13T18:51:47.331000","6a0caf604d1a53c971b1f7d8","ronaldocosta.fernandes@gmail.com","false"
"2026-07-14","Marcia da Silva Coutinho","","false","13:00","69cab53186a8212571cbebfa","14:00","Civil","agendado","6a553186a32967d23c8bb5a4","2026-07-13T18:42:14.060000","2026-07-13T18:42:14.060000","69f1eb6d936f80ebdd9a578e","marcinhacoutinho.foto@gmail.com","false"
"2026-07-14","Marcos Lopes de Souza","","false","12:00","69cab4a6d886e77a5a0bd8f9","13:00","Civil","agendado","6a553118c50bc3adab79ef67","2026-07-13T18:40:24.490000","2026-07-13T18:40:24.490000","69efccfae228f77c31effa3e","marcos.lsouza@goias.gov.br","false"
"2026-07-13","Lucas Façanha de Oliveira Carvalho","","false","17:00","69cab53f95aecd6313a1094a","18:00","Civil","agendado","6a552e5b28a3030aa8a4d025","2026-07-13T18:28:43.075000","2026-07-13T18:28:43.075000","69e8b3d9db2701e07f3d9515","lucasoliveira.ifam@gmail.com","false"
"2026-07-13","Ana Clara Barbacena Camelo","","false","19:00","69cab496d430c0cf1dbd7e72","20:00","Civil","agendado","6a552dcf27c78f5eaf7a2e8a","2026-07-13T18:26:23.455000","2026-07-13T18:26:23.455000","69f0e732a32f7ffb33e50f1b","anaclarabarbacena@gmail.com","false"
"2026-07-13","Camila Costa Marinho","","false","18:00","6a304dbb6505c47b19606f12","19:00","Civil","agendado","6a552bff7d2a0c53367a84d5","2026-07-13T18:18:39.205000","2026-07-13T18:18:39.205000","6a2aea1cd0de8de3acfb63a3","camilacostamm11@gmail.com","false"
"2026-07-13","Camila Costa Marinho","","false","18:00","6a304dbb6505c47b19606f12","19:00","Civil","agendado","6a552bfe5aff3125d78a5c53","2026-07-13T18:18:38.845000","2026-07-13T18:18:38.845000","6a2aea1cd0de8de3acfb63a3","camilacostamm11@gmail.com","false"
"2026-07-14","Gisele Christe Passos","","false","07:00","69cab5264b8ed336c11dff6c","08:00","Civil","agendado","6a552b46f2a2aa07b2e51880","2026-07-13T18:15:34.222000","2026-07-14T11:05:42.797000","6a4bee23f9bc33e0abaf318f","gisachriste@gmail.com","false"
"2026-07-15","Vanessa Pereira de Carvalho","","false","13:00","69cab510bf777218eaaa8d8f","14:00","Civil","agendado","6a552147488d8c275137b00e","2026-07-13T17:32:55.462000","2026-07-13T17:32:55.462000","69f3a2c36e4365ec9df1c914","vanessapereiraluz@gmail.com","false"
"2026-07-14","Vanessa Pereira de Carvalho","","false","13:00","69cab510bf777218eaaa8d8f","14:00","Civil","agendado","6a55213eab45573bdd22ce4b","2026-07-13T17:32:46.412000","2026-07-13T17:32:46.412000","69f3a2c36e4365ec9df1c914","vanessapereiraluz@gmail.com","false"
"2026-07-13","Amanda Barbosa Andrade","","false","18:00","6a47ac66a48bf6645814cb71","19:00","Civil","agendado","6a551d2c87ffd19ffe53f327","2026-07-13T17:15:24.675000","2026-07-13T17:15:24.675000","6a47aa1a643b6c44c21f4fb5","amandandrade.barbosa@gmail.com","false"
"2026-07-13","Karla Correia Mendes","","false","16:00","69cab4850c384307831324d8","17:00","Civil","agendado","6a551a853bddb1fc87269bd9","2026-07-13T17:04:05.034000","2026-07-13T17:04:05.034000","69f0ab75971b3976ef33a57d","karlamendes1406@gmail.com","false"
"2026-07-13","Isidoro Tavares Rosa","","false","17:00","69cab4a035089c731a4647af","18:00","Civil","agendado","6a5519ab590732e40c401867","2026-07-13T17:00:27.508000","2026-07-13T17:00:27.508000","69e8b3e556cb0efc368cf481","isidorotrti@gmail.com","false"
"2026-07-14","Cristina Maria Costa Prado","","false","07:00","69cab4a1625c88b62a9b4704","08:00","Civil","agendado","6a5510b29fc676fdb10a1f1f","2026-07-13T16:22:10.768000","2026-07-14T11:06:16.073000","69fb76a3ee52fc9de3d098e8","cristinamcosta.arq@gmail.com","false"
"2026-07-13","Rogério Jesus Oliveira ","","false","17:00","6a3e79df78e3548ff0fb7c19","18:00","Civil","agendado","6a550e5898881b695b28969c","2026-07-13T16:12:08.766000","2026-07-13T16:12:08.766000","6a4cfdde0ec1b91c3e9eedf1","rogeriojesol@gmail.com","false"
"2026-07-13","Heitor de Lima Matos","","false","17:00","69cab4c8c8cd01b45dcf7866","18:00","Civil","agendado","6a550e34d6833a8985bdb9f8","2026-07-13T16:11:32.486000","2026-07-13T16:11:32.486000","6a4402dc0923f2d4c55df9f4","heitorlima@gmail.com","false"
"2026-07-14","Diego Fernandes Dias","","false","07:00","6a440b7234bf0c812b4545a5","08:00","Civil","faltou","6a550b9350a79079981be77d","2026-07-13T16:00:19.889000","2026-07-14T11:03:49.150000","6a43b3e40d04dbbe8234b278","diegodias.jur@gmail.com","false"
"2026-07-13","Diêssa Pontes Cruz","","false","13:00","69cab547bd2926025f139df4","14:00","Civil","agendado","6a5509d29b3a0c8742092f31","2026-07-13T15:52:50.641000","2026-07-13T15:52:50.641000","69e8b41d874d2bd5ad2a947f","diessacruz@gmail.com","false"
"2026-07-13","Janise Fontenelle","","false","16:00","69cab4ad6a367eee7bbc4726","17:00","Civil","agendado","6a5509225e422517e2c4d3a6","2026-07-13T15:49:54.270000","2026-07-13T15:49:54.270000","69f1eb67f3d081e7f412e0e1","janisefonte@gmail.com","false"
"2026-07-13","Marcia da Silva Coutinho","","false","13:00","69cab53186a8212571cbebfa","14:00","Civil","agendado","6a550748fd0580c1f6cd8913","2026-07-13T15:42:00.515000","2026-07-13T15:42:00.515000","69f1eb6d936f80ebdd9a578e","marcinhacoutinho.foto@gmail.com","false"
"2026-07-13","Jaqueline Basílio de Oliveira","","false","13:00","69f251eb95fc95ce8a1deca1","14:00","Civil","agendado","6a55056debd5929d781648ab","2026-07-13T15:34:05.146000","2026-07-13T15:34:05.146000","69f2515f3caf2db8610694b6","jaquelliny20@hotmail.com","false"
"2026-07-13","Carlos alexandre da costa ","","false","13:00","6a0cb0c2e3d9f640adbed26b","14:00","Civil","agendado","6a5501b9872ee2a077e2a726","2026-07-13T15:18:17.789000","2026-07-13T15:18:17.789000","6a0caf62f88ae28daf8dd133","xandy.x12@gmail.com","false"
"2026-07-13","Carlos alexandre da costa ","","false","13:00","6a0cb0c2e3d9f640adbed26b","14:00","Civil","agendado","6a5501b89f7ee31aff1c7bac","2026-07-13T15:18:16.852000","2026-07-13T15:18:16.852000","6a0caf62f88ae28daf8dd133","xandy.x12@gmail.com","false"
"2026-07-13","Jucelia Mendes da Silva","","false","13:00","6a303c163272ed4fdd6817f4","14:00","Civil","agendado","6a54ffffa620b25f37974944","2026-07-13T15:10:55.248000","2026-07-13T15:10:55.248000","6a3009da39c9725d4a9c2c9d","juceliajuhhhhhhh@gmail.com","false"
"2026-07-13","Helena de Castro Côrtes","","false","13:00","6a16e9a8f78a8dd4bceafe2a","14:00","Civil","agendado","6a54ff8d86650e80693e924f","2026-07-13T15:09:01.812000","2026-07-13T15:09:01.812000","6a16e52b80d218340615bc21","helena.gegeo@gmail.com","false"
"2026-07-13","Leandra da Cruz Matos","","false","17:00","6a46b4a1a4c8e2b27622066c","18:00","Civil","agendado","6a54fdd8c0aa807163cb4e11","2026-07-13T15:01:44.542000","2026-07-13T15:01:44.542000","6a4527e09d14fcde539e804e","leandramatos5@gmail.com","false"
"2026-07-13","Fábio Assunção Guimarães","","false","12:00","6a4528801d33942bc14d90e7","13:00","Civil","agendado","6a54fca1e6ef9d08b9c295a8","2026-07-13T14:56:33.943000","2026-07-13T14:56:33.943000","6a26c3bbefcba7841f4596c5","fabimeu@gmail.com","false"
"2026-07-14","Luciana Nunes do Amaral","","false","08:00","69f245f987f588dbdbc22567","09:00","Civil","agendado","6a54fc6d6fc31c775736b1e7","2026-07-13T14:55:41.506000","2026-07-13T14:55:41.506000","69f200bb913a105fdf750586","lna.advogada@gmail.com","false"
"2026-07-13","Hérika Pabline Lima Veras","","false","12:00","6a15d611390b03b5280412b4","13:00","Civil","agendado","6a54fc63f5a8ae278d22ffff","2026-07-13T14:55:31.366000","2026-07-13T14:55:31.366000","6a15cb855ddae0a12bbc417c","herikapabline@gmail.com","false"
"2026-07-13","BETANIA APARECIDA HENKES VIAN","","false","12:00","6a397a1f1a9199a9c27a866f","13:00","Civil","agendado","6a54f7e6d4ea8571c6b6779e","2026-07-13T14:36:22.249000","2026-07-13T14:36:22.249000","6a3009d25c11e724cbe84a54","betaniavian@gmail.com","false"
"2026-07-13","Raniery Morais Miranda","","false","13:00","69cab5298bf415ccbaf69560","14:00","Civil","agendado","6a54f7d7157daf6eed7c5299","2026-07-13T14:36:07.386000","2026-07-13T14:36:07.386000","69eb7130c8c6a653226322d0","mirandaraniery@gmail.com","false"
"2026-07-14","RAQUEL RODRIGUES DE SOUZA","","false","16:00","6a47ab95a6568cd214130beb","17:00","Civil","agendado","6a54f651fd6776ba4c69d6c1","2026-07-13T14:29:37.715000","2026-07-13T14:29:37.715000","6a455e46430068bca0693558","raquelrodrigues.souza@gmail.com","false"
"2026-07-13","RAQUEL RODRIGUES DE SOUZA","","false","16:00","6a47ab95a6568cd214130beb","17:00","Civil","agendado","6a54f63207a4d19cbe8b2f98","2026-07-13T14:29:06.532000","2026-07-13T14:29:06.532000","6a455e46430068bca0693558","raquelrodrigues.souza@gmail.com","false"
"2026-07-14","Eliane da Silva Conceição Marques","","false","16:00","69cab4b766090b91bf8f7c92","17:00","Civil","agendado","6a54f5d79ec437e413c92652","2026-07-13T14:27:35.264000","2026-07-13T14:27:35.264000","6a3e795da19a91be96c573f1","eliianemarquees@gmail.com","false"
"2026-07-13","jhonatas dos santos lima","","false","12:00","69f35624d42a7a848cf80522","13:00","Civil","agendado","6a54f4db1e02edbbeb73c1f7","2026-07-13T14:23:23.013000","2026-07-13T14:23:23.013000","69eb712a2f920804f5d6e002","jhonatasvideira@gmail.com","false"
"2026-07-13","Jussara Veloso Soares","","false","12:00","6a1068229af4569714fb8756","13:00","Civil","agendado","6a54f49cb37dcf9fdfa7a0ad","2026-07-13T14:22:20.366000","2026-07-13T14:22:20.366000","6a103a6a1a3bfb3d4318b2ea","jussara.vs@gmail.com","false"
"2026-07-13","Sandra Francisca Bandeira ","","false","12:00","6a16ff021e7aed126219459f","13:00","Civil","agendado","6a54f42d45c57c5fee7ef6ee","2026-07-13T14:20:29.719000","2026-07-13T14:20:29.719000","6a0caf5d2f6ef5a33a3d14c9","sandrabandeira.adv@gmail.com","false"
"2026-07-13","Ismael José dos Santos Filho","","false","12:00","69cab50d46c2a710ba93c1d4","13:00","Civil","agendado","6a54f29586b746564025cb7c","2026-07-13T14:13:41.250000","2026-07-13T14:13:41.250000","69eb714b124295d4decc3504","ismaelfilho.adv@gmail.com","false"
"2026-07-13","Taina Thome Freitas","","false","17:00","69cab4c771c685e9f60324aa","18:00","Civil","faltou","6a54f291c613706253027b2a","2026-07-13T14:13:37.859000","2026-07-13T21:03:48.597000","69e8b3a16f423e49e47411b4","taina.freitas@goias.gov.br","false"
"2026-07-13","Jonathas Prado","","false","12:00","69cab510f59bbda43a5c5d53","13:00","Civil","agendado","6a54f0e62044eaa71c7cba0b","2026-07-13T14:06:30.055000","2026-07-13T14:06:30.055000","69f9cbc0982435c5f5ca5e3b","jotapbio@gmail.com","false"
"2026-07-13","Joao Vitor Pedroza","","false","12:00","69cab4b25f739b9e014b59df","13:00","Civil","agendado","6a54ec6902f7cfc0ec9bbe33","2026-07-13T13:47:21.809000","2026-07-13T13:47:21.809000","69e8b3d41688ab2449b6171f","joaovitorpedroza@gmail.com","false"
"2026-07-13","Camila Amâncio Araújo Valadares","","false","17:00","69cab528ab7b73583ccff6f6","18:00","Civil","agendado","6a54ebd86a8a219ab7c2c944","2026-07-13T13:44:56.476000","2026-07-13T13:44:56.476000","69e8b3cd699596113662a7d8","camilaavaladares@gmail.com","false"
"2026-07-13","Marcos Lopes de Souza","","false","12:00","69cab4a6d886e77a5a0bd8f9","13:00","Civil","agendado","6a54eb8ba8ea53b93ec3e73f","2026-07-13T13:43:39.520000","2026-07-13T13:43:39.520000","69efccfae228f77c31effa3e","marcos.lsouza@goias.gov.br","false"
"2026-07-13","Helder Lieberenz Camilo","","false","11:00","6a28490940b20bf445d77ea6","12:00","Civil","agendado","6a54eaf8204d62df6c432df8","2026-07-13T13:41:12.546000","2026-07-13T13:41:12.546000","6a28488fb42e0b4d317ef9f5","heldersecami@gmail.com","false"
"2026-07-13","Thiago Marques Leão","","false","12:00","69cab49382a748187c66ec50","13:00","Civil","agendado","6a54ea743b3f1070beb10ffe","2026-07-13T13:39:00.701000","2026-07-13T13:39:00.701000","69e8b3a39df58dcdca94d144","thiagomarquesleao@gmail.com","false"
"2026-07-13","Agda Magalhães Cruz","","false","17:00","6a43ed61d21599d201f6d4e3","18:00","Civil","agendado","6a54e988dc8be3ea31b9957f","2026-07-13T13:35:04.548000","2026-07-13T13:35:04.548000","6a3e79645dd2faa01e3bb7ab","real.agda@gmail.com","false"
"2026-07-13","Maria Águeda Silva","","false","12:00","6a4ff4dfb1afddced1805e5b","13:00","Civil","agendado","6a54e971baa1877eecea747f","2026-07-13T13:34:41.772000","2026-07-13T13:34:41.772000","6a4fd9bb2e69e3c33e3cdb97","guiguinha.silva@gmail.com","false"
"2026-07-13","Talíta Maria Carvalho de Lima ","","false","12:00","6a1093b55c869df7da1218e1","13:00","Civil","agendado","6a54e9690bc311398f001c30","2026-07-13T13:34:33.292000","2026-07-13T13:34:33.292000","6a10924dc377ea5adc55fbdc","ttalitalima@gmail.com","false"
"2026-07-13","Rayanny Christinny da Silva Carmo","","false","11:00","69cab483e6e1052ce52e6988","12:00","Civil","agendado","6a54e910b6008a597e6e6aa3","2026-07-13T13:33:04.509000","2026-07-13T13:33:04.509000","6a319335edfe428978aac2ad","rayannychristinny700@gmail.com","false"
"2026-07-13","Thaís Teixeira Santos","","false","12:00","69cab5274f3dd1b5956201e6","13:00","Civil","agendado","6a54e8c51a5b8b343ad95b92","2026-07-13T13:31:49.695000","2026-07-13T13:31:49.695000","6a0caf640170db9a69a7bebd","thais.sejuv@gmail.com","false"
"2026-07-13","Dayane Fernandes de Lima fonseca","","false","13:00","6a4e87e72646c2e936b17c0a","14:00","Civil","agendado","6a54e856822f1df97272a05d","2026-07-13T13:29:58.120000","2026-07-13T13:29:58.120000","6a4cfd15b0c786476645e1c9","dayane.fonseca@goias.gov.br","false"
"2026-07-13","Keiliane dos Santos Silva","","false","11:00","69cab4841ce56b674d36384d","12:00","Civil","agendado","6a54e62ae53a50af47aea1c3","2026-07-13T13:20:42.152000","2026-07-13T13:20:42.152000","69e8b410c23f02f059fbe081","keilineker@gmail.com","false"
"2026-07-14","Lucas Honorato Lopes","","false","11:00","6a2067c65a836c8a40fe0b2c","12:00","Civil","agendado","6a54e594cd4780ebcfe0d97b","2026-07-13T13:18:12.482000","2026-07-13T13:18:12.482000","6a16f46d9cbce304c42cc536","lucashlopes@gmail.com","false"
"2026-07-13","Lucas Honorato Lopes","","false","11:00","6a2067c65a836c8a40fe0b2c","12:00","Civil","agendado","6a54e5894e2599483b16df74","2026-07-13T13:18:01.833000","2026-07-13T13:18:01.833000","6a16f46d9cbce304c42cc536","lucashlopes@gmail.com","false"
"2026-07-15","Guilherme Silva Carvalho","","false","07:00","6a54e30a3cd6effbf0c37d42","08:00","Civil","agendado","6a54e4d0c1b6d2636c96751b","2026-07-13T13:14:56.255000","2026-07-13T13:14:56.255000","6a4fd9c4c87d2cea9665c3b3","guilhermescarvalho.adv@gmail.com","false"
"2026-07-14","Guilherme Silva Carvalho","","false","07:00","6a54e30a3cd6effbf0c37d42","08:00","Civil","agendado","6a54e4c6d8861f7143f29bcf","2026-07-13T13:14:46.813000","2026-07-14T11:04:18.853000","6a4fd9c4c87d2cea9665c3b3","guilhermescarvalho.adv@gmail.com","false"
"2026-07-13","Vanessa Ferreira de Oliveira","","false","12:00","69cab4e3eddee6987dc1c711","13:00","Civil","agendado","6a54e2a6aab9683dc4eb189c","2026-07-13T13:05:42.751000","2026-07-13T13:05:42.751000","6a1d949ce6e13dcecedb709f","vanessaferdoli@gmail.com","false"
"2026-07-14","Raingredi Sousa Mendes","","false","13:00","6a303ce8913598946bc38fe9","14:00","Civil","agendado","6a54e12a3c03cd91a1cab1c2","2026-07-13T12:59:22.717000","2026-07-13T12:59:22.717000","6a3009d02bf70f90e9561b00","raingredi@gmail.com","false"
"2026-07-13","Raingredi Sousa Mendes","","false","13:00","6a303ce8913598946bc38fe9","14:00","Civil","agendado","6a54e12363ad04ae3f5f94ef","2026-07-13T12:59:15.653000","2026-07-13T12:59:15.653000","6a3009d02bf70f90e9561b00","raingredi@gmail.com","false"
"2026-07-13","Jheniffer dos Santos Silva","","false","13:00","69cab4a2206fd882dafd1572","14:00","Civil","agendado","6a54e0d8fe417c1b8e5b7363","2026-07-13T12:58:00.518000","2026-07-13T12:58:00.518000","6a174167070e9be1ca2e1fcf","jhenifferdossantossilva596@gmail.com","false"
"2026-07-14","Delma Maria Guimaraes","","false","11:00","69cab4bb4badc9d3592723d2","12:00","Civil","agendado","6a54e0a1e51af4c079f80075","2026-07-13T12:57:05.122000","2026-07-13T12:57:05.122000","69f0e717c3c33b89a2f9e02a","delmagui333@gmail.com","false"
"2026-07-13","Delma Maria Guimaraes","","false","11:00","69cab4bb4badc9d3592723d2","12:00","Civil","agendado","6a54e090a9084624a4182cd0","2026-07-13T12:56:48.486000","2026-07-13T15:04:25.178000","69f0e717c3c33b89a2f9e02a","delmagui333@gmail.com","false"
"2026-07-13","Carlos Henrique Ferreira Santos","","false","12:00","69cab4ac0916e78eed2006b2","13:00","Civil","agendado","6a54e068fca5754e3ef6100c","2026-07-13T12:56:08.385000","2026-07-13T12:56:08.385000","69eb815a6faab5200f1325b9","carlohenrysanto@gmail.com","false"
"2026-07-13","Mel Cardoso Souza","","false","11:00","69cab4844ae3b7f6a68fd705","12:00","Civil","agendado","6a54df75d6c519eed83ec3fa","2026-07-13T12:52:05.755000","2026-07-13T12:52:05.755000","69e8b3e718a06dc553782bd2","mel2005cardoso@gmail.com","false"
"2026-07-13","Daniele Serafim de Souza Kliemann","","false","12:00","6a1843cfd579775e62d16cd4","13:00","Civil","agendado","6a54defe1df563ce222e2068","2026-07-13T12:50:06.301000","2026-07-13T12:50:06.301000","6a172ad4172b5169721ad5d7","danieleserafim.adv@gmail.com","false"
"2026-07-13","Iracy Maria Marinho","","false","11:00","69cab4b09d4550a5367fa605","12:00","Civil","agendado","6a54d939c6b01621dd709c16","2026-07-13T12:25:29.371000","2026-07-13T12:25:29.371000","6a020e37b60fef97178bbd4d","iracym605@gmail.com","false"
"2026-07-13","Ana Paula Moreira Rodrigues","","false","17:00","6a04bf891172d29085e72723","18:00","Civil","agendado","6a54d423963fcc43569719b0","2026-07-13T12:03:47.305000","2026-07-13T12:03:47.305000","6a04bf283d7914722c5697df","anaromoreira@gmail.com","false"
"2026-07-14","Larissa Lorrayne Alves da Silva","","false","12:00","69cab5270fc456ed86b144bb","13:00","Civil","agendado","6a54d1724186cf86deb77a00","2026-07-13T11:52:18.759000","2026-07-13T11:52:18.759000","6a0afc5e31801c9d02d0413d","larissa.lorraynee@gmail.com","false"
"2026-07-13","Larissa Lorrayne Alves da Silva","","false","12:00","69cab5270fc456ed86b144bb","13:00","Civil","agendado","6a54d15eedd481b2f176714b","2026-07-13T11:51:58.136000","2026-07-13T11:51:58.136000","6a0afc5e31801c9d02d0413d","larissa.lorraynee@gmail.com","false"
"2026-07-13","Edirene Silva Mendes","","false","10:00","69cab53444dabb56e3aef606","11:00","Civil","agendado","6a54d1306cecb1fb13caa667","2026-07-13T11:51:12.410000","2026-07-13T11:51:12.410000","6a28493ca016db521dd332b1","edirenemendes909@gmail.com","false"
"2026-07-13","Beatriz de Jesus Rodrigues","","false","12:00","6a440ca61aebb43952856fec","13:00","Civil","agendado","6a54d02ddaf03a0b589be8de","2026-07-13T11:46:53.255000","2026-07-13T11:46:53.255000","6a43b3e103763c8e4e2e9e23","beatriz.jrodrigues@goias.gov.br","false"
"2026-07-13","Laiz de Moraes Silva","","false","13:00","69cab4a6cb0eeca73fb0ea1f","14:00","Civil","agendado","6a54d01bdb1858a417b2e52b","2026-07-13T11:46:35.388000","2026-07-13T11:46:35.388000","6a1985ff6640af2a5735033f","laiz.geaco@gmail.com","false"
"2026-07-13","Luciana Nunes do Amaral","","false","09:00","69f245f987f588dbdbc22567","10:00","Civil","agendado","6a54cf045aeba2b308aaf1c1","2026-07-13T11:41:56.909000","2026-07-13T11:41:56.909000","69f200bb913a105fdf750586","lna.advogada@gmail.com","false"
"2026-07-13","Kenia Gomes Rodrigues Rios","","false","10:00","69cab4a3ce9564de9486ce32","11:00","Civil","agendado","6a54ccfa328cac0d42a21f53","2026-07-13T11:33:14.321000","2026-07-13T11:33:14.321000","69fc80be57f680cb816ca13e","keniagrrios@gmail.com","false"
"2026-07-14","Rafael Santana Marinho","","false","12:00","69cab53eac828741aaea5afd","13:00","Civil","agendado","6a54cc7a9e4c1640966e8e6b","2026-07-13T11:31:06.498000","2026-07-13T11:31:06.498000","69fb769eb6cc56e25e03373f","rflmarinho8@gmail.com","false"
"2026-07-13","Rafael Santana Marinho","","false","12:00","69cab53eac828741aaea5afd","13:00","Civil","agendado","6a54cc735351f2dca11353db","2026-07-13T11:30:59.879000","2026-07-13T11:30:59.879000","69fb769eb6cc56e25e03373f","rflmarinho8@gmail.com","false"
"2026-07-13","Carolina Assis Silva","","false","13:00","69cab528f140868323584a5f","14:00","Civil","agendado","6a54cb394da382e03d8fafea","2026-07-13T11:25:45.344000","2026-07-13T11:25:45.344000","6a047b2155dbffe1bf6746cf","carolasullivan5@gmail.com","false"
"2026-07-13","Guilherme Alves de Souza Araújo","","false","12:00","69cab4aecb5fa9ca033f05e8","13:00","Civil","agendado","6a54ca7f15d3601cecc57166","2026-07-13T11:22:39.124000","2026-07-13T11:22:39.124000","69efb2548749b9622136a800","gui.araujo2207@gmail.com","false"
"2026-07-13","Raimunda Soronha de Oliveira dos Reis","","false","11:00","69cab4acf9e6540401a079f2","12:00","Civil","agendado","6a54c907afed5267e307e736","2026-07-13T11:16:23.464000","2026-07-13T11:16:23.464000","69f0ed6a8aee7b0f624a8555","soronha.reis@gmail.com","false"
"2026-07-13","Clarissa dos Santos Melo Duarte","","false","16:00","69cab4b05e5de2d972aae6a0","17:00","Civil","agendado","6a54c769a76806979f53c0cb","2026-07-13T11:09:29.444000","2026-07-13T11:09:29.444000","6a2aaf023a2bb1378a22db13","clarissasmelo@gmail.com","false"
"2026-07-14","Andrea Gonçalves Fonseca","","false","07:00","69cab51d1406725f35a35aea","08:00","Civil","agendado","6a54c6fad38d28096a469ed0","2026-07-13T11:07:38.593000","2026-07-14T11:06:01.645000","6a0caf6101940cd03cbfc270","andreagyn2020@gmail.com","false"
"2026-07-13","Rafaela Franzoni Marques","","false","13:00","69f9cddf1e81ff14d278df5e","14:00","Civil","agendado","6a54c67efb2bb3264246e751","2026-07-13T11:05:34.764000","2026-07-13T11:05:34.764000","69f8e2f80271cf78f7858d16","rafaelafranzoni@gmail.com","false"
"2026-07-13","Marcos Aurélio Araújo da Silva Barros ","","false","11:00","6a05ca7c3ec8d849572a717b","12:00","Civil","agendado","6a54c67c0ba5a1cea8fb478a","2026-07-13T11:05:32.811000","2026-07-13T11:05:32.811000","6a05ae830f9c23bcdaf6e974","marcos.barros@goias.gov.br","false"
"2026-07-13","Fabricio Del Duqui","","false","15:00","69cab4fd87a6fe5aff945a4f","16:00","Civil","agendado","6a54c5025023f801aa94c918","2026-07-13T10:59:14.497000","2026-07-13T10:59:14.497000","6a314072b94a0e98ae121e1a","fduqui@gmail.com","false"
"2026-07-14","Marco Antônio Piza Ferrari e Silva","","false","12:00","6a4e469c113711586cabcd19","13:00","Civil","agendado","6a54c3fb141e4ddc1c639d9b","2026-07-13T10:54:51.053000","2026-07-13T10:54:51.053000","6a4bee200560d1a008a64ae3","marcoantonioferrari06@gmail.com","false"
"2026-07-13","Marco Antônio Piza Ferrari e Silva","","false","12:00","6a4e469c113711586cabcd19","13:00","Civil","agendado","6a54c3b215996639d7d964ae","2026-07-13T10:53:38.044000","2026-07-13T16:10:39.946000","6a4bee200560d1a008a64ae3","marcoantonioferrari06@gmail.com","false"
"2026-07-15","Márcia de Araújo Gontijo","","false","07:00","69cab4fa6634febf001eb740","08:00","Civil","agendado","6a54c0b5f976c9136b8ea47a","2026-07-13T10:40:53.040000","2026-07-13T10:40:53.040000","69fe28955bf56f9dc34635d2","marciagontijoadv@gmail.com","false"
"2026-07-14","Inglyd da Paz Ribeiro","","false","13:00","69cab4833d652cdad2226c29","14:00","Civil","agendado","6a54bfb1b96796e255a719f7","2026-07-13T10:36:33.404000","2026-07-13T10:36:33.404000","6a3979a6e675b117e5394175","inglyd26@gmail.com","false"
"2026-07-13","Inglyd da Paz Ribeiro","","false","13:00","69cab4833d652cdad2226c29","14:00","Civil","agendado","6a54bfa92d50f581e8f65884","2026-07-13T10:36:25.307000","2026-07-13T10:36:25.307000","6a3979a6e675b117e5394175","inglyd26@gmail.com","false"
"2026-07-13","Alana Fernandes Moraes","","false","12:00","6a15ccd8859bf2eacc6d0c3e","13:00","Civil","agendado","6a54bc9d37538393bc157da9","2026-07-13T10:23:25.849000","2026-07-13T10:23:25.849000","6a15a1177c946f89a4e3deb6","alanafernandesmoraes@gmail.com","false"
"2026-07-15","Andrielly Nunes de Oliveira","","false","07:00","6a329e38da29442026634d02","08:00","Civil","agendado","6a54bbb8d2646b233eeb0870","2026-07-13T10:19:36.557000","2026-07-13T10:19:36.557000","69f3a2c1d00b3750983befe1","andriellyno1998@gmail.com","false"
"2026-07-13","Sandra Barreto Teles ","","false","13:00","6a4cfffc1d48bd477de41287","14:00","Civil","agendado","6a54bb40a9c7c42b6b3f6539","2026-07-13T10:17:36.721000","2026-07-13T10:17:36.721000","6a4bee24b98a69b27ac727b4","barretoteles95@gmail.com","false"
"2026-07-14","Simone. Luzine Peixoto ","","false","07:00","6a1f207ab7d0ebfbfed88d62","08:00","Civil","agendado","6a54b601bdfdc5cc52abba9f","2026-07-13T09:55:13.719000","2026-07-14T11:05:06","6a1f14cf38f8bc785a9ad042","simoneluzine@gmail.com","false"
"2026-07-13","Simone. Luzine Peixoto ","","false","07:00","6a1f207ab7d0ebfbfed88d62","08:00","Civil","agendado","6a54b5efd34c41af976d28f3","2026-07-13T09:54:55.821000","2026-07-13T11:17:18.054000","6a1f14cf38f8bc785a9ad042","simoneluzine@gmail.com","false"
"2026-07-14","Andrielly Nunes de Oliveira","","false","07:00","6a329e38da29442026634d02","08:00","Civil","agendado","6a54b5cd10cc25974732b4db","2026-07-13T09:54:21.760000","2026-07-14T11:04:48.307000","69f3a2c1d00b3750983befe1","andriellyno1998@gmail.com","false"
"2026-07-13","Mariana Albino da Silva","","false","08:00","69cab485b105230925053def","09:00","Civil","agendado","6a54b4d5909212e4131f0961","2026-07-13T09:50:13.694000","2026-07-13T09:50:13.694000","69f1eb6197b49acac81ad46a","mariana.albinosilva85@gmail.com","false"
"2026-07-13","Patrícia Gomes Fleuri Cunha","","false","07:00","6a103b0bb218f6109a5263e2","08:00","Civil","agendado","6a54af28e151d21d614db2e5","2026-07-13T09:26:00.678000","2026-07-13T11:17:26.178000","6a0caf6598b093e0931ff6a8","patricia.cunha@goias.gov.br","false"
"2026-07-14","Geovana Monteiro da Silva","","false","13:00","69cab483f6786b7148f4c689","14:00","Civil","agendado","6a546806c236d2c177aa7d17","2026-07-13T04:22:30.409000","2026-07-13T04:22:30.409000","69ec0f73c400e529d8b7c8bb","geovanamts02@gmail.com","false"
"2026-07-13","Geovana Monteiro da Silva","","false","13:00","69cab483f6786b7148f4c689","14:00","Civil","agendado","6a5467fb9b5f2e5526899eee","2026-07-13T04:22:19.454000","2026-07-13T04:22:19.454000","69ec0f73c400e529d8b7c8bb","geovanamts02@gmail.com","false"
"2026-07-14","Laura Lula Ramos","","false","11:00","69cab4845646d7497cb9aa56","12:00","Civil","agendado","6a54495d31f7fe2e72eb2446","2026-07-13T02:11:41.217000","2026-07-13T02:11:41.217000","69e8b3b1c23f02f059fbe05f","lauralular@gmail.com","false"
"2026-07-13","Laura Lula Ramos","","false","11:00","69cab4845646d7497cb9aa56","12:00","Civil","agendado","6a54494ffb7784a17535e5e0","2026-07-13T02:11:27.210000","2026-07-13T02:11:27.210000","69e8b3b1c23f02f059fbe05f","lauralular@gmail.com","false"
"2026-07-13","Uerica Agapito Pereira","","false","07:00","69cab53f1d112c5a2797d789","08:00","Civil","agendado","6a5448fa262176f72eb21589","2026-07-13T02:10:02.730000","2026-07-13T02:10:02.730000","69f09fd3ef3fe8e89a0d5919","uericaagapito.adv@gmail.com","false"
"2026-07-13","Ana Carolina Leles Lacerda Malta ","","false","12:00","6a4fdc70cb2936368e05f081","13:00","Civil","agendado","6a54481c5db914b94d046295","2026-07-13T02:06:20.644000","2026-07-13T02:06:20.644000","6a4e464bafb2def152106b04","carolllacerda@gmail.com","false"
"2026-07-14","Ana Gabriela Azevedo de Carvalho","","false","13:00","69cab48362078b73df941f5f","14:00","Civil","agendado","6a544714f802cdcf82296e94","2026-07-13T02:01:56.325000","2026-07-13T02:01:56.325000","6a32dd64fa8afd91fe1039d0","ag3746498@gmail.com","false"
"2026-07-13","Ana Gabriela Azevedo de Carvalho","","false","13:00","69cab48362078b73df941f5f","14:00","Civil","agendado","6a544707d1e796cfe712704d","2026-07-13T02:01:43.748000","2026-07-13T02:01:43.748000","6a32dd64fa8afd91fe1039d0","ag3746498@gmail.com","false"
"2026-07-13","Diego Fernandes Dias","","false","07:00","6a440b7234bf0c812b4545a5","08:00","Civil","agendado","6a543e0ce1f2e2423733ce52","2026-07-13T01:23:24.329000","2026-07-13T11:17:08.007000","6a43b3e40d04dbbe8234b278","diegodias.jur@gmail.com","false"
"2026-07-13","Daniel Carlos dos Reis","","false","08:00","69efb877f2a849baa2f1590f","09:00","Civil","agendado","6a543314dc8f91b3c6e4c20f","2026-07-13T00:36:36.938000","2026-07-13T00:36:36.938000","69e8b3dcffadf846c595fa0c","danielreis0211@gmail.com","false"
"2026-07-13","Armando alves feitosa","","false","07:00","6a3981de33ef8f3bb08c5477","08:00","Civil","agendado","6a542dbcba36af3cd5ce1712","2026-07-13T00:13:48.152000","2026-07-13T11:16:58.190000","6a3979acb5b039096e4deaec","armando.feitosa@gmail.com","false"
"2026-07-13","Johanna Tássia Xavier da Silva","","false","07:00","69cab4a0bc08a81b1194b154","08:00","Civil","agendado","6a54187326727158220e304f","2026-07-12T22:42:59.944000","2026-07-13T11:08:23.817000","6a329d064df3b6d4d629d489","arquiteta.johannat@gmail.com","false"
"2026-07-13","Léa Rosane Barcelos","","false","11:00","69cab555f127d1812d9c958f","12:00","Civil","agendado","6a540e8e8e4d05aa373a4cb1","2026-07-12T22:00:46.583000","2026-07-12T22:00:46.583000","69eb7145a368132a1e810354","learosane@gmail.com","false"
"2026-07-14","Renata Batista Lozano","","false","12:00","6a440c3c1a215e360855c18a","13:00","Civil","agendado","6a53d3bfdd6505c58c04f18c","2026-07-12T17:49:51.631000","2026-07-12T17:49:51.631000","6a43b3e2a2881f5f82218f67","renata.b.lozano@gmail.com","false"
"2026-07-13","Renata Batista Lozano","","false","07:00","6a440c3c1a215e360855c18a","08:00","Civil","agendado","6a53d3b40e574ffeea1428da","2026-07-12T17:49:40.959000","2026-07-12T17:49:40.959000","6a43b3e2a2881f5f82218f67","renata.b.lozano@gmail.com","false"
"2026-07-13","Caio César Silva Oliveira","","false","17:00","69cab5528917bc7d06ec9f36","18:00","Civil","agendado","6a53d0f66f6744a28337548d","2026-07-12T17:37:58.182000","2026-07-12T17:37:58.182000","69e8b3c510a6ab1ad3da4cd2","caiooliveira92@gmail.com","false"
"2026-07-13","Francislene Monteiro Lima","","false","18:00","69cab5336d09f1ead4a603b5","19:00","Civil","agendado","6a53c40d0c7b675dc524f3fd","2026-07-12T16:42:53.961000","2026-07-12T16:42:53.961000","69eb71414c5a3877ecd8a887","efmonteiro04@gmail.com","false"
"2026-07-14","Monalisa Lopes da Silva ","","false","07:00","6a398374607472e9a3819930","08:00","Civil","agendado","6a53c162474b53e46f5ccf53","2026-07-12T16:31:30.644000","2026-07-14T11:04:32.296000","6a3981f6dd2033d4e2eef307","monalisalopessilva@gmail.com","false"
"2026-07-13","Monalisa Lopes da Silva ","","false","07:00","6a398374607472e9a3819930","08:00","Civil","agendado","6a53c14e03a89c98774da802","2026-07-12T16:31:10.934000","2026-07-13T11:15:30.400000","6a3981f6dd2033d4e2eef307","monalisalopessilva@gmail.com","false"
"2026-07-13","Márcia de Araújo Gontijo","","false","07:00","69cab4fa6634febf001eb740","08:00","Civil","agendado","6a53c0c21d8d0fceefab591f","2026-07-12T16:28:50.752000","2026-07-13T11:17:36.443000","69fe28955bf56f9dc34635d2","marciagontijoadv@gmail.com","false"
"2026-07-13","Andrea Gonçalves Fonseca","","false","07:00","69cab51d1406725f35a35aea","08:00","Civil","agendado","6a53a5f18e3f5b69529ba3ee","2026-07-12T14:34:25.516000","2026-07-12T14:34:25.516000","6a0caf6101940cd03cbfc270","andreagyn2020@gmail.com","false"
"2026-07-13","Felipe Junqueira Mariano","","false","12:00","69cab4fa2f92da87a7de44b0","13:00","Civil","agendado","6a539facff2cd2f8dede2b8b","2026-07-12T14:07:40.417000","2026-07-12T14:07:40.417000","6a045784a0d5f992481b9d74","felipejmarianor@gmail.com","false"
"2026-07-10","Giselle Pereira Pinheiro","","false","18:00","69cab54a703ff883d0956cd6","19:00","Civil","agendado","6a515bb0f18a1cf35e27aa21","2026-07-10T20:53:04.808000","2026-07-10T20:53:04.808000","6a3979a5d52592bdf8005925","giselleqi@gmail.com","false"
"2026-07-10","Guilherme Augusto Fortuna Ferreira","","false","18:00","6a47ab32b17447cad40df4b6","19:00","Civil","agendado","6a515b53b7f13932ca6aafb2","2026-07-10T20:51:31.865000","2026-07-10T20:51:31.865000","6a4527dd86ec9402dace7a07","guilhermefortunax@gmail.com","false"
"2026-07-10","Adriano Faleiro Gregório","","false","18:00","69cab526ebee4a1af29385ac","19:00","Civil","faltou","6a5158f530247a17a5548a1c","2026-07-10T20:41:25.565000","2026-07-10T22:03:48.012000","6a0712111e20cc70b7726fa4","adrianofgtrabalho@gmail.com","false"
"2026-07-10","Nilton Barbosa Coelho","","false","18:00","69cab49682d361e5e28db07c","19:00","Civil","agendado","6a5157e4eff4b2a5f3546146","2026-07-10T20:36:52.086000","2026-07-10T20:36:52.086000","69e8b3b4c17154e6b5f73e0c","nilton.sead@gmail.com","false"
"2026-07-10","Felipe Junqueira Mariano","","false","17:00","69cab4fa2f92da87a7de44b0","18:00","Civil","agendado","6a51465401683bf1e0d753b6","2026-07-10T19:21:56.536000","2026-07-10T19:21:56.536000","6a045784a0d5f992481b9d74","felipejmarianor@gmail.com","false"
"2026-07-10","VITORIA RODRIGUES SGAMATI","","false","17:00","6a281d4ebb0e3860ea5368c1","18:00","Civil","agendado","6a5145eba1dec5e3c580f9b1","2026-07-10T19:20:11.247000","2026-07-10T19:20:11.247000","6a142a748d65e2c102ce1901","sgamativitoria@gmail.com","false"
"2026-07-10","Sophia Lannah Beatriz Ferreira de Sousa","","false","18:00","69cab498f494b0e0a3a2252c","19:00","Civil","agendado","6a51444f1c69b29984004571","2026-07-10T19:13:19.232000","2026-07-10T19:13:19.232000","69e8b3e3ed8dfc592768740f","sophialannah123@gmail.com","false"
"2026-07-10","Douglas Fleury Parreira Barros","","false","17:00","69cab49ee29fe8dc7e61491a","18:00","Civil","agendado","6a5142c7ff277e2ac54ea2ee","2026-07-10T19:06:47.786000","2026-07-10T19:06:47.786000","69e8b40f9b7ab425aa2ca185","douglas.fleury@gmail.com","false"
"2026-07-10","Gabriele Batista","","false","17:00","69cab4e300553dca6de39a7f","18:00","Civil","agendado","6a513d1625b5a79b1ae064aa","2026-07-10T18:42:30.466000","2026-07-10T18:42:30.466000","69f8d5031b4731838f3aa4db","gabrielecastro01@gmail.com","false"
"2026-07-10","Michelle Vitoria de Carvalho","","false","17:00","6a1d952333bdc732b32dcd93","18:00","Civil","agendado","6a5139ecc4f72961da85eb75","2026-07-10T18:29:00.688000","2026-07-10T18:29:00.688000","6a1985fdbfa475c3359e50e9","michellelouza51@gmail.com","false"
"2026-07-10","Denize Pommer","","false","17:00","6a1997fbb2260a52c4a8158e","18:00","Civil","agendado","6a513959abafb110c8790a88","2026-07-10T18:26:33.910000","2026-07-10T18:26:33.910000","6a16e5320af1d751de266aea","pommerde@gmail.com","false"
"2026-07-10","Adriel Simões de Mendonça","","false","17:00","69cab499a4016fdcc7a67982","18:00","Civil","agendado","6a51314fa4fae364c251b92d","2026-07-10T17:52:15.270000","2026-07-10T17:52:15.270000","69e8b412c600b78d79b1891c","adriel.mendonzza@gmail.com","false"
"2026-07-10","Karla Correia Mendes","","false","16:00","69cab4850c384307831324d8","17:00","Civil","agendado","6a511e5ecc015d27b74d8b50","2026-07-10T16:31:26.425000","2026-07-10T16:31:26.425000","69f0ab75971b3976ef33a57d","karlamendes1406@gmail.com","false"
"2026-07-10","Camila Costa Marinho","","false","18:00","6a304dbb6505c47b19606f12","19:00","Civil","agendado","6a5119c71b0f7d659723ff12","2026-07-10T16:11:51.045000","2026-07-10T16:11:51.045000","6a2aea1cd0de8de3acfb63a3","camilacostamm11@gmail.com","false"
"2026-07-10","Amanda Barbosa Andrade","","false","18:00","6a47ac66a48bf6645814cb71","19:00","Civil","agendado","6a51198a35ded5a07c1553d2","2026-07-10T16:10:50.966000","2026-07-10T16:10:50.966000","6a47aa1a643b6c44c21f4fb5","amandandrade.barbosa@gmail.com","false"
"2026-07-10","Lívia Borges de Sousa","","false","14:00","69cab53df488136327286414","15:00","Civil","agendado","6a5113af724defbc0e703015","2026-07-10T15:45:51.551000","2026-07-10T15:45:51.551000","6a035c5eff55688ed4fcb8b0","livia.borges.333@gmail.com","false"
"2026-07-10","Anna Gabriella Pacheco Arantes ","","false","13:00","6a3982de24678b7c56c6eb95","14:00","Civil","agendado","6a5113ae8e66df608167c7ab","2026-07-10T15:45:50.011000","2026-07-10T15:45:50.011000","6a15a10e7ccbb48781b7c1a9","anagabipacheco145@gmail.com","false"
"2026-07-10","Fábio Assunção Guimarães","","false","13:00","6a4528801d33942bc14d90e7","14:00","Civil","agendado","6a510e6e51aff393df031212","2026-07-10T15:23:26.461000","2026-07-10T15:23:26.461000","6a26c3bbefcba7841f4596c5","fabimeu@gmail.com","false"
"2026-07-10","Debora Mariana de Matos Nunes ","","false","15:00","6a3e7c984e5fda0a0c34bd6a","16:00","Civil","agendado","6a510bb8cc48b08cb653f2c7","2026-07-10T15:11:52.965000","2026-07-10T15:11:52.965000","69f1fb0fd6626d10cffcfb82","marianadebora543@gmail.com","false"
"2026-07-10","Lariza Cori Thomaz Nogueira","","false","13:00","69f1fc1f966c41d8f2d01ced","14:00","Civil","agendado","6a510209501a569066bbe7b8","2026-07-10T14:30:33.624000","2026-07-10T18:01:06.868000","69f3a2c6bc8b6cab6e884a64","lilariza.cori@gmail.com","false"
"2026-07-10","Jonathas Prado","","false","12:00","69cab510f59bbda43a5c5d53","13:00","Civil","agendado","6a50ffadd5ac5e2593847808","2026-07-10T14:20:29.181000","2026-07-10T16:26:47.393000","69f9cbc0982435c5f5ca5e3b","jotapbio@gmail.com","false"
"2026-07-10","Vanessa Ferreira de Oliveira","","false","12:00","69cab4e3eddee6987dc1c711","13:00","Civil","agendado","6a50ff4b9b16a6a0977a7733","2026-07-10T14:18:51.995000","2026-07-10T17:21:04.003000","6a1d949ce6e13dcecedb709f","vanessaferdoli@gmail.com","false"
"2026-07-10","Francislene Monteiro Lima","","false","18:00","69cab5336d09f1ead4a603b5","19:00","Civil","agendado","6a50fe1e55093d209f7b8a4d","2026-07-10T14:13:50.549000","2026-07-10T14:13:50.549000","69eb71414c5a3877ecd8a887","efmonteiro04@gmail.com","false"
"2026-07-10","Andressa Kristtyna Rodrigues Oliveira","","false","18:00","69cab533705403585c687b9e","19:00","Civil","agendado","6a50fda2cefcee65b7534fab","2026-07-10T14:11:46.105000","2026-07-10T14:11:46.105000","6a1edae225e1f39bf869001a","andressakoliveira.tur@gmail.com","false"
"2026-07-10","Raphael de Lima Carvalho Moraes","","false","12:00","69cab4ee1d5dca09ed497c22","13:00","Civil","agendado","6a50fd0433009807833e5d8a","2026-07-10T14:09:08.249000","2026-07-10T14:09:08.249000","69f243fdfed1f188950d4989","raphaelmoraes019@gmail.com","false"
"2026-07-10","Raphael de Lima Carvalho Moraes","","false","12:00","69cab4ee1d5dca09ed497c22","13:00","Civil","agendado","6a50fd0195b9d793c19647e2","2026-07-10T14:09:05.570000","2026-07-10T14:09:05.570000","69f243fdfed1f188950d4989","raphaelmoraes019@gmail.com","false"
"2026-07-10","Raniery Morais Miranda","","false","12:00","69cab5298bf415ccbaf69560","13:00","Civil","agendado","6a50fbe17083f8753685b31a","2026-07-10T14:04:17.037000","2026-07-10T14:04:17.037000","69eb7130c8c6a653226322d0","mirandaraniery@gmail.com","false"
"2026-07-10","Elisnara Gerstrudes da Costa e Silva ","","false","11:00","6a281e2dfb548e50d1e17ecd","12:00","Civil","agendado","6a50fa4333009807833e5c4d","2026-07-10T13:57:23.744000","2026-07-10T13:57:23.744000","6a281b55d71320017656d360","elisnaracostta@gmail.com","false"
"2026-07-10","Laiz de Moraes Silva","","false","17:00","69cab4a6cb0eeca73fb0ea1f","18:00","Civil","faltou","6a50f9c0e47e110f4d4192ee","2026-07-10T13:55:12.985000","2026-07-10T21:03:47.766000","6a1985ff6640af2a5735033f","laiz.geaco@gmail.com","false"
"2026-07-10","BETANIA APARECIDA HENKES VIAN","","false","13:00","6a397a1f1a9199a9c27a866f","14:00","Civil","faltou","6a50f7f221ba4be5bd84282e","2026-07-10T13:47:30.433000","2026-07-10T17:03:48.219000","6a3009d25c11e724cbe84a54","betaniavian@gmail.com","false"
"2026-07-10","Joao Vitor Pedroza","","false","12:00","69cab4b25f739b9e014b59df","13:00","Civil","agendado","6a50f7774ef41c661b03df7d","2026-07-10T13:45:27.075000","2026-07-10T13:45:27.075000","69e8b3d41688ab2449b6171f","joaovitorpedroza@gmail.com","false"
"2026-07-10","José Nildo da cunha gomes ","","false","11:00","6a32acbd097d7e942fa5efd2","12:00","Civil","agendado","6a50f69f8f6726dafc1432a5","2026-07-10T13:41:51.712000","2026-07-10T13:41:51.712000","6a329d02a320c06349b77bfa","j.nillgyn@gmail.com","false"
"2026-07-10","Paulo Sérgio da Silva Lobo","","false","12:00","69cab4e3c3a97d05a892dabe","13:00","Civil","agendado","6a50f4ad32222243886e14eb","2026-07-10T13:33:33.424000","2026-07-10T16:36:45.981000","6a1f14ca9d86f5520fc72468","pauloloboquimico@gmail.com","false"
"2026-07-10","Leonardo Alves Ribeiro","","false","12:00","6a454ed31f79726271ec0cc9","13:00","Civil","faltou","6a50f3417a3f37d69fde7a1b","2026-07-10T13:27:29.388000","2026-07-10T16:03:49.187000","6a4527dd390e51d8fd8d8e96","leonardo.ribeiro.011098@gmail.com","false"
"2026-07-10","Marcia da Silva Coutinho","","false","13:00","69cab53186a8212571cbebfa","14:00","Civil","agendado","6a50f29f08bcea5ba0ed4a51","2026-07-10T13:24:47.091000","2026-07-10T13:24:47.091000","69f1eb6d936f80ebdd9a578e","marcinhacoutinho.foto@gmail.com","false"
"2026-07-10","Helder Raimundo de Moraes","","false","12:00","69cab4fa68d464d95240f98b","13:00","Civil","agendado","6a50f20f1646d5c64a54c3d6","2026-07-10T13:22:23.870000","2026-07-10T16:26:27.604000","69f0b98c8ab0e5fe3945ffd5","hmoraes74@gmail.com","false"
"2026-07-10","Kenia Gomes Rodrigues Rios","","false","11:00","69cab4a3ce9564de9486ce32","12:00","Civil","agendado","6a50f05a09ceb7cec028562c","2026-07-10T13:15:06.697000","2026-07-10T13:15:06.697000","69fc80be57f680cb816ca13e","keniagrrios@gmail.com","false"
"2026-07-10","RAQUEL RODRIGUES DE SOUZA","","false","16:00","6a47ab95a6568cd214130beb","17:00","Civil","agendado","6a50efecfd74dfeaabaf71ff","2026-07-10T13:13:16.743000","2026-07-10T13:13:16.743000","6a455e46430068bca0693558","raquelrodrigues.souza@gmail.com","false"
"2026-07-10","Helder Lieberenz Camilo","","false","11:00","6a28490940b20bf445d77ea6","12:00","Civil","agendado","6a50ef5128d459cc4b41b71c","2026-07-10T13:10:41.395000","2026-07-10T13:10:41.395000","6a28488fb42e0b4d317ef9f5","heldersecami@gmail.com","false"
"2026-07-10","Matheus Oliveira Timoteo ","","false","16:00","6a15d6bf895510a04628e9e5","17:00","Civil","agendado","6a50ee846454ec9a9d3982df","2026-07-10T13:07:16.789000","2026-07-10T13:07:16.789000","69eb9fecf7d07564929ed82e","mathubaixista@gmail.com","false"
"2026-07-10","Carlos Henrique Ferreira Santos","","false","12:00","69cab4ac0916e78eed2006b2","13:00","Civil","agendado","6a50ede8353434aec49590c8","2026-07-10T13:04:40.126000","2026-07-10T13:04:40.126000","69eb815a6faab5200f1325b9","carlohenrysanto@gmail.com","false"
"2026-07-10","Ivana Cabral Oliveira Barros","","false","12:00","6a2974022b3dd13c18f053ec","13:00","Civil","agendado","6a50ec8c79319cf1582138ce","2026-07-10T12:58:52.395000","2026-07-10T12:58:52.395000","6a28493d95b7e99c5f2c08f2","nutr.ivana@gmail.com","false"
"2026-07-10","Rayanny Christinny da Silva Carmo","","false","11:00","69cab483e6e1052ce52e6988","12:00","Civil","agendado","6a50eaf4554b1e7f26b44452","2026-07-10T12:52:04.291000","2026-07-10T12:52:04.291000","6a319335edfe428978aac2ad","rayannychristinny700@gmail.com","false"
"2026-07-10","Jesley da Silva Sousa","","false","11:00","6a2ab18061f7a78ad0700e2f","12:00","Civil","agendado","6a50e634ae1b667a9b2b978c","2026-07-10T12:31:48.168000","2026-07-10T12:31:48.168000","6a2aaf009ad04cdd81d57839","jesleysobral8@gmail.com","false"
"2026-07-10","Iracy Maria Marinho","","false","10:00","69cab4b09d4550a5367fa605","11:00","Civil","agendado","6a50e2c30a07e9c1b41adb55","2026-07-10T12:17:07.172000","2026-07-10T12:17:07.172000","6a020e37b60fef97178bbd4d","iracym605@gmail.com","false"
"2026-07-10","Sandra Francisca Bandeira ","","false","12:00","6a16ff021e7aed126219459f","13:00","Civil","agendado","6a50e2bf12da0835d7964452","2026-07-10T12:17:03.564000","2026-07-10T12:17:03.565000","6a0caf5d2f6ef5a33a3d14c9","sandrabandeira.adv@gmail.com","false"
"2026-07-10","Raingredi Sousa Mendes","","false","13:00","6a303ce8913598946bc38fe9","14:00","Civil","agendado","6a50e16b5ebbe4b05c467869","2026-07-10T12:11:23.928000","2026-07-10T12:11:23.928000","6a3009d02bf70f90e9561b00","raingredi@gmail.com","false"
"2026-07-10","Agda Magalhães Cruz","","false","17:00","6a43ed61d21599d201f6d4e3","18:00","Civil","agendado","6a50d97ab0bc020d5be5c874","2026-07-10T11:37:30.865000","2026-07-10T11:37:30.865000","6a3e79645dd2faa01e3bb7ab","real.agda@gmail.com","false"
"2026-07-10","Mel Cardoso Souza","","false","11:00","69cab4844ae3b7f6a68fd705","12:00","Civil","agendado","6a50d96d6b1fedfe6bb10ec9","2026-07-10T11:37:17.230000","2026-07-10T11:37:17.230000","69e8b3e718a06dc553782bd2","mel2005cardoso@gmail.com","false"
"2026-07-10","Keiliane dos Santos Silva","","false","11:00","69cab4841ce56b674d36384d","12:00","Civil","agendado","6a50d9635560c81ae1d6f73a","2026-07-10T11:37:07.030000","2026-07-10T11:37:07.030000","69e8b410c23f02f059fbe081","keilineker@gmail.com","false"
"2026-07-10","Raimunda Soronha de Oliveira dos Reis","","false","12:00","69cab4acf9e6540401a079f2","13:00","Civil","agendado","6a50d8e8f0def3ec60610543","2026-07-10T11:35:04.466000","2026-07-10T11:35:04.466000","69f0ed6a8aee7b0f624a8555","soronha.reis@gmail.com","false"
"2026-07-10","Fabricio Del Duqui","","false","12:00","69cab4fd87a6fe5aff945a4f","13:00","Civil","agendado","6a50d5a18cf5f422636a44cf","2026-07-10T11:21:05.374000","2026-07-10T11:21:05.374000","6a314072b94a0e98ae121e1a","fduqui@gmail.com","false"
"2026-07-10","Marco Antônio Piza Ferrari e Silva","","false","12:00","6a4e469c113711586cabcd19","13:00","Civil","agendado","6a50d44c2feed879a60f82aa","2026-07-10T11:15:24.554000","2026-07-10T11:15:24.554000","6a4bee200560d1a008a64ae3","marcoantonioferrari06@gmail.com","false"
"2026-07-10","Diêssa Pontes Cruz","","false","08:00","69cab547bd2926025f139df4","09:00","Civil","agendado","6a50ce3c4cd4ca90d2356f1b","2026-07-10T10:49:32.038000","2026-07-10T10:49:32.038000","69e8b41d874d2bd5ad2a947f","diessacruz@gmail.com","false"
"2026-07-10","Carlos alexandre da costa ","","false","08:00","6a0cb0c2e3d9f640adbed26b","09:00","Civil","agendado","6a50cbe196250c12a057032d","2026-07-10T10:39:29.488000","2026-07-10T10:39:29.488000","6a0caf62f88ae28daf8dd133","xandy.x12@gmail.com","false"
"2026-07-10","Clarissa dos Santos Melo Duarte","","false","15:00","69cab4b05e5de2d972aae6a0","16:00","Civil","agendado","6a50cb761ed71259f7b86ff5","2026-07-10T10:37:42.104000","2026-07-10T10:37:42.104000","6a2aaf023a2bb1378a22db13","clarissasmelo@gmail.com","false"
"2026-07-10","Marcos Lopes de Souza","","false","12:00","69cab4a6d886e77a5a0bd8f9","13:00","Civil","agendado","6a50c4f1492e3094f8ee9cfb","2026-07-10T10:09:53.222000","2026-07-10T16:37:21.278000","69efccfae228f77c31effa3e","marcos.lsouza@goias.gov.br","false"
"2026-07-10","Elisa Parreira de Castro Alves","","false","12:00","69cab4958987e567777aa8e9","13:00","Civil","faltou","6a50c415cc2dba8362f765dd","2026-07-10T10:06:13.476000","2026-07-10T16:03:49.465000","69f3539372bfccf5cae537b8","elisa.pdca@gmail.com","false"
"2026-07-10","Diego Fernandes Dias","","false","12:00","6a440b7234bf0c812b4545a5","13:00","Civil","faltou","6a50c2ccc32a1b268e3ca652","2026-07-10T10:00:44.361000","2026-07-10T16:03:49.608000","6a43b3e40d04dbbe8234b278","diegodias.jur@gmail.com","false"
"2026-07-10","Lázara Tatiana Pereira de Lima","","false","07:00","69cab5409b141921d6a9bac9","08:00","Civil","agendado","6a50c0549fba2c98c4c2c225","2026-07-10T09:50:12.690000","2026-07-10T11:08:50.857000","69e8b3d7f0a0a48eb1af80d9","sesmt.publico@gmail.com","false"
"2026-07-10","Kenyele Naves Guimarães Borges","","false","11:00","6a31410f2dc4b83f242b38eb","12:00","Civil","agendado","6a50c04b4cb32f4df032e095","2026-07-10T09:50:03.034000","2026-07-10T09:50:03.034000","6a2aea1fbc9af45a7d5e3645","kenyele.naves15@gmail.com","false"
"2026-07-10","Carlos Antônio Madalena","","false","07:00","69f1fbd2b1d8f827f1014b85","08:00","Civil","agendado","6a50b9207887a00d8a0b7e4b","2026-07-10T09:19:28.014000","2026-07-10T09:19:28.014000","69f1eb66214b21fd581ce36b","advgcarlosmadalena@gmail.com","false"
"2026-07-10","Patrícia Gomes Fleuri Cunha","","false","07:00","6a103b0bb218f6109a5263e2","08:00","Civil","agendado","6a50b91a5482d765e2dd6212","2026-07-10T09:19:22.266000","2026-07-10T11:08:42.971000","6a0caf6598b093e0931ff6a8","patricia.cunha@goias.gov.br","false"
"2026-07-10","Mariana Albino da Silva","","false","07:00","69cab485b105230925053def","08:00","Civil","agendado","6a50b7554296e933629f023d","2026-07-10T09:11:49.076000","2026-07-10T09:11:49.076000","69f1eb6197b49acac81ad46a","mariana.albinosilva85@gmail.com","false"
"2026-07-10","Daniel Carlos dos Reis","","false","08:00","69efb877f2a849baa2f1590f","09:00","Civil","agendado","6a503151920fed093fecc6a1","2026-07-09T23:40:01.045000","2026-07-09T23:40:01.045000","69e8b3dcffadf846c595fa0c","danielreis0211@gmail.com","false"
"2026-07-10","Geovana Monteiro da Silva","","false","13:00","69cab483f6786b7148f4c689","14:00","Civil","agendado","6a50210c1e41fac91745341d","2026-07-09T22:30:36.247000","2026-07-09T22:30:36.247000","69ec0f73c400e529d8b7c8bb","geovanamts02@gmail.com","false"
"2026-07-10","Armando alves feitosa","","false","07:00","6a3981de33ef8f3bb08c5477","08:00","Civil","agendado","6a5013e3c95d6c0f54588053","2026-07-09T21:34:27.171000","2026-07-09T21:34:27.171000","6a3979acb5b039096e4deaec","armando.feitosa@gmail.com","false"
"2026-07-09","VITORIA RODRIGUES SGAMATI","","false","19:00","6a281d4ebb0e3860ea5368c1","20:00","Civil","agendado","6a500d5c3ea11086ab9ca019","2026-07-09T21:06:36.449000","2026-07-09T21:06:36.449000","6a142a748d65e2c102ce1901","sgamativitoria@gmail.com","false"
"2026-07-09","Guilherme Augusto Fortuna Ferreira","","false","18:00","6a47ab32b17447cad40df4b6","19:00","Civil","agendado","6a500a1372ca494c1fe0171f","2026-07-09T20:52:35.980000","2026-07-09T20:52:35.980000","6a4527dd86ec9402dace7a07","guilhermefortunax@gmail.com","false"
"2026-07-09","Débora Maia Escher dos Santos","","false","18:00","69fc8102efce393880145d94","19:00","Civil","agendado","6a50089d4e2a4135da936953","2026-07-09T20:46:21.573000","2026-07-09T20:46:21.573000","69fb76a1a9859e54ff79cc1b","deboraescher19@gmail.com","false"
"2026-07-09","Adriano Faleiro Gregório","","false","18:00","69cab526ebee4a1af29385ac","19:00","Civil","agendado","6a50089bed056cbb7794dfe0","2026-07-09T20:46:19.141000","2026-07-09T20:46:19.141000","6a0712111e20cc70b7726fa4","adrianofgtrabalho@gmail.com","false"
"2026-07-09","Renato Cortes Araujo","","false","18:00","6a3e7ceed7b5cc8026d9de19","19:00","Civil","agendado","6a4ffff8e026dc8e8a757aa4","2026-07-09T20:09:28.761000","2026-07-09T20:09:28.761000","6a33ffec680751eb87071f8a","renato.caraujo@goias.gov.br","false"
"2026-07-09","Marcio Junio Rodrigues de Freitas","","false","17:00","69cab4fdb65777e18fa16281","18:00","Civil","agendado","6a4ff807c78cda47853ec0b3","2026-07-09T19:35:35.775000","2026-07-09T19:35:35.775000","69e8b3cb227404cd41911786","marciosoriso@gmail.com","false"
"2026-07-09","Denize Pommer","","false","17:00","6a1997fbb2260a52c4a8158e","18:00","Civil","agendado","6a4fe571102fa29fa01ff091","2026-07-09T18:16:17.373000","2026-07-09T18:16:17.373000","6a16e5320af1d751de266aea","pommerde@gmail.com","false"
"2026-07-09","Amanda Barbosa Andrade","","false","18:00","6a47ac66a48bf6645814cb71","19:00","Civil","agendado","6a4fdec221b82c4e74a34308","2026-07-09T17:47:46.792000","2026-07-09T17:47:46.792000","6a47aa1a643b6c44c21f4fb5","amandandrade.barbosa@gmail.com","false"
"2026-07-09","Camila Costa Marinho","","false","18:00","6a304dbb6505c47b19606f12","19:00","Civil","agendado","6a4fddf6130f65400ad7c4c4","2026-07-09T17:44:22.324000","2026-07-09T17:44:22.324000","6a2aea1cd0de8de3acfb63a3","camilacostamm11@gmail.com","false"
"2026-07-09","Camila Costa Marinho","","false","18:00","6a304dbb6505c47b19606f12","19:00","Civil","agendado","6a4fddf413adf520f4af8799","2026-07-09T17:44:20.924000","2026-07-09T17:44:20.924000","6a2aea1cd0de8de3acfb63a3","camilacostamm11@gmail.com","false"
"2026-07-09","Camila Costa Marinho","","false","18:00","6a304dbb6505c47b19606f12","19:00","Civil","agendado","6a4fddf4690e9b31cf8f1897","2026-07-09T17:44:20.808000","2026-07-09T17:44:20.808000","6a2aea1cd0de8de3acfb63a3","camilacostamm11@gmail.com","false"
"2026-07-09","Camila Costa Marinho","","false","18:00","6a304dbb6505c47b19606f12","19:00","Civil","agendado","6a4fddf41d9ea685e2502b46","2026-07-09T17:44:20.758000","2026-07-09T17:44:20.758000","6a2aea1cd0de8de3acfb63a3","camilacostamm11@gmail.com","false"
"2026-07-09","Camila Costa Marinho","","false","18:00","6a304dbb6505c47b19606f12","19:00","Civil","agendado","6a4fddf481a960a9cba067d1","2026-07-09T17:44:20.729000","2026-07-09T17:44:20.729000","6a2aea1cd0de8de3acfb63a3","camilacostamm11@gmail.com","false"
"2026-07-09","Camila Costa Marinho","","false","18:00","6a304dbb6505c47b19606f12","19:00","Civil","agendado","6a4fddf4514f95e910550c0e","2026-07-09T17:44:20.716000","2026-07-09T17:44:20.716000","6a2aea1cd0de8de3acfb63a3","camilacostamm11@gmail.com","false"
"2026-07-09","Camila Costa Marinho","","false","18:00","6a304dbb6505c47b19606f12","19:00","Civil","agendado","6a4fddf44c6f5a1b413f7698","2026-07-09T17:44:20.433000","2026-07-09T17:44:20.433000","6a2aea1cd0de8de3acfb63a3","camilacostamm11@gmail.com","false"
"2026-07-09","Camila Costa Marinho","","false","18:00","6a304dbb6505c47b19606f12","19:00","Civil","agendado","6a4fddf4d7de1fa3f1b1db9f","2026-07-09T17:44:20.364000","2026-07-09T17:44:20.364000","6a2aea1cd0de8de3acfb63a3","camilacostamm11@gmail.com","false"
"2026-07-09","Camila Costa Marinho","","false","18:00","6a304dbb6505c47b19606f12","19:00","Civil","agendado","6a4fddf4db56346b13e5a364","2026-07-09T17:44:20.357000","2026-07-09T17:44:20.357000","6a2aea1cd0de8de3acfb63a3","camilacostamm11@gmail.com","false"
"2026-07-09","Camila Costa Marinho","","false","18:00","6a304dbb6505c47b19606f12","19:00","Civil","agendado","6a4fddf4b8d7b0a26133f9ec","2026-07-09T17:44:20.353000","2026-07-09T17:44:20.353000","6a2aea1cd0de8de3acfb63a3","camilacostamm11@gmail.com","false"
"2026-07-09","Gabriele Batista","","false","16:00","69cab4e300553dca6de39a7f","17:00","Civil","agendado","6a4fddf392ec6540d4fb270c","2026-07-09T17:44:19.293000","2026-07-09T17:44:19.293000","69f8d5031b4731838f3aa4db","gabrielecastro01@gmail.com","false"
"2026-07-10","Laura Lula Ramos","","false","11:00","69cab4845646d7497cb9aa56","12:00","Civil","agendado","6a4fdcb01955145bc0c9b31d","2026-07-09T17:38:56.028000","2026-07-09T17:38:56.028000","69e8b3b1c23f02f059fbe05f","lauralular@gmail.com","false"
"2026-07-09","Ana Clara Barbacena Camelo","","false","19:00","69cab496d430c0cf1dbd7e72","20:00","Civil","faltou","6a4fd9d7b82cc08e6bb0c159","2026-07-09T17:26:47.388000","2026-07-09T22:18:07.746000","69f0e732a32f7ffb33e50f1b","anaclarabarbacena@gmail.com","false"
"2026-07-09","Adriel Simões de Mendonça","","false","17:00","69cab499a4016fdcc7a67982","18:00","Civil","agendado","6a4fd6dfc6d596a9470c9538","2026-07-09T17:14:07.252000","2026-07-09T17:14:07.252000","69e8b412c600b78d79b1891c","adriel.mendonzza@gmail.com","false"
"2026-07-09","Fabricio Del Duqui","","false","15:00","69cab4fd87a6fe5aff945a4f","16:00","Civil","agendado","6a4fd4c1f035b6aac929e42c","2026-07-09T17:05:05.328000","2026-07-09T17:05:05.328000","6a314072b94a0e98ae121e1a","fduqui@gmail.com","false"
"2026-07-09","Elisnara Gerstrudes da Costa e Silva ","","false","16:00","6a281e2dfb548e50d1e17ecd","17:00","Civil","agendado","6a4fd4ae61e8a428de21ec12","2026-07-09T17:04:46.875000","2026-07-09T17:04:46.875000","6a281b55d71320017656d360","elisnaracostta@gmail.com","false"
"2026-07-09","Heitor de Lima Matos","","false","17:00","69cab4c8c8cd01b45dcf7866","18:00","Civil","agendado","6a4fd1d4503494b2ddaef37e","2026-07-09T16:52:36.776000","2026-07-09T16:52:36.776000","6a4402dc0923f2d4c55df9f4","heitorlima@gmail.com","false"
"2026-07-09","Matheus Oliveira Timoteo ","","false","15:00","6a15d6bf895510a04628e9e5","16:00","Civil","agendado","6a4fca208846ed8ec9972dfb","2026-07-09T16:19:44.300000","2026-07-09T16:19:44.300000","69eb9fecf7d07564929ed82e","mathubaixista@gmail.com","false"
"2026-07-10","Inglyd da Paz Ribeiro","","false","13:00","69cab4833d652cdad2226c29","14:00","Civil","agendado","6a4fc8c4fe603b795b3227f7","2026-07-09T16:13:56.960000","2026-07-09T16:13:56.960000","6a3979a6e675b117e5394175","inglyd26@gmail.com","false"
"2026-07-10","Ana Gabriela Azevedo de Carvalho","","false","13:00","69cab48362078b73df941f5f","14:00","Civil","agendado","6a4fc8c0b5767696220aba53","2026-07-09T16:13:52.215000","2026-07-09T16:13:52.215000","6a32dd64fa8afd91fe1039d0","ag3746498@gmail.com","false"
"2026-07-09","Inglyd da Paz Ribeiro","","false","14:00","69cab4833d652cdad2226c29","15:00","Civil","agendado","6a4fc8b411cf934d1480a5c8","2026-07-09T16:13:40.393000","2026-07-09T16:13:40.393000","6a3979a6e675b117e5394175","inglyd26@gmail.com","false"
"2026-07-09","Anna Gabriella Pacheco Arantes ","","false","14:00","6a3982de24678b7c56c6eb95","15:00","Civil","agendado","6a4fc6c55f5ee8536e44bbd0","2026-07-09T16:05:25.397000","2026-07-09T16:05:25.397000","6a15a10e7ccbb48781b7c1a9","anagabipacheco145@gmail.com","false"
"2026-07-09","Guilherme Lima de Sena","","false","17:00","69cab51d8bf415ccbaf6955b","18:00","Civil","agendado","6a4fc19d57b6f0da403b1079","2026-07-09T15:43:25.828000","2026-07-09T15:43:25.828000","69f8d5070e6979860429cfd6","guisenna73@gmail.com","false"
"2026-07-09","Leandra da Cruz Matos","","false","17:00","6a46b4a1a4c8e2b27622066c","18:00","Civil","agendado","6a4fc10197896438e3684381","2026-07-09T15:40:49.880000","2026-07-09T15:40:49.880000","6a4527e09d14fcde539e804e","leandramatos5@gmail.com","false"
"2026-07-09","Raniery Morais Miranda","","false","13:00","69cab5298bf415ccbaf69560","14:00","Civil","agendado","6a4fbd7c8663dd72c452aad7","2026-07-09T15:25:48.841000","2026-07-09T15:25:48.841000","69eb7130c8c6a653226322d0","mirandaraniery@gmail.com","false"
"2026-07-09","Ana Carolina Costa Lopes","","false","13:00","6a05cad8fdd8033d12dca29c","14:00","Civil","agendado","6a4fb97d22d76925c3405f47","2026-07-09T15:08:45.962000","2026-07-09T15:08:45.962000","69f0e73466476bce7c30c689","acclopes.direito@gmail.com","false"
"2026-07-09","jhonatas dos santos lima","","false","13:00","69f35624d42a7a848cf80522","14:00","Civil","agendado","6a4fb8d65354139ec5f85366","2026-07-09T15:05:58.873000","2026-07-09T15:05:58.873000","69eb712a2f920804f5d6e002","jhonatasvideira@gmail.com","false"
"2026-07-09","Andressa Kristtyna Rodrigues Oliveira","","false","13:00","69cab533705403585c687b9e","14:00","Civil","agendado","6a4fb8bfecd46858f6de2afe","2026-07-09T15:05:35.648000","2026-07-09T15:05:35.648000","6a1edae225e1f39bf869001a","andressakoliveira.tur@gmail.com","false"
"2026-07-09","Ronaldo Costa Fernandes Silveira","","false","12:00","69cab50ec82236d9d8a777b4","13:00","Civil","agendado","6a4fb3ad0c8b408b23e4ff08","2026-07-09T14:43:57.623000","2026-07-09T14:43:57.623000","6a0caf604d1a53c971b1f7d8","ronaldocosta.fernandes@gmail.com","false"
"2026-07-09","Jussara Veloso Soares","","false","12:00","6a1068229af4569714fb8756","13:00","Civil","agendado","6a4fb03feba0e0d4ab9e0a3d","2026-07-09T14:29:19.592000","2026-07-09T14:29:19.592000","6a103a6a1a3bfb3d4318b2ea","jussara.vs@gmail.com","false"
"2026-07-09","Lariza Cori Thomaz Nogueira","","false","13:00","69f1fc1f966c41d8f2d01ced","14:00","Civil","agendado","6a4fb026fdb1eba3349e094c","2026-07-09T14:28:54.385000","2026-07-09T17:49:59.979000","69f3a2c6bc8b6cab6e884a64","lilariza.cori@gmail.com","false"
"2026-07-09","Paulo Sérgio da Silva Lobo","","false","12:00","69cab4e3c3a97d05a892dabe","13:00","Civil","agendado","6a4fb0111c686247fca25a56","2026-07-09T14:28:33.159000","2026-07-09T14:28:33.159000","6a1f14ca9d86f5520fc72468","pauloloboquimico@gmail.com","false"
"2026-07-09","Felipe Junqueira Mariano","","false","12:00","69cab4fa2f92da87a7de44b0","13:00","Civil","agendado","6a4fafa045ae6408a387fa51","2026-07-09T14:26:40.994000","2026-07-09T14:26:40.994000","6a045784a0d5f992481b9d74","felipejmarianor@gmail.com","false"
"2026-07-09","BETANIA APARECIDA HENKES VIAN","","false","12:00","6a397a1f1a9199a9c27a866f","13:00","Civil","agendado","6a4fad14fe8cfd48e96000ab","2026-07-09T14:15:48.852000","2026-07-09T14:15:48.852000","6a3009d25c11e724cbe84a54","betaniavian@gmail.com","false"
"2026-07-09","Lucas Façanha de Oliveira Carvalho","","false","12:00","69cab53f95aecd6313a1094a","13:00","Civil","agendado","6a4facedd6974fbc28729661","2026-07-09T14:15:09.418000","2026-07-09T14:15:09.418000","69e8b3d9db2701e07f3d9515","lucasoliveira.ifam@gmail.com","false"
"2026-07-09","Marcos Lopes de Souza","","false","11:00","69cab4a6d886e77a5a0bd8f9","12:00","Civil","agendado","6a4fa3e6f8ae01f87c90cf10","2026-07-09T13:36:38.384000","2026-07-09T13:36:38.384000","69efccfae228f77c31effa3e","marcos.lsouza@goias.gov.br","false"
"2026-07-09","Marcos Aurélio Araújo da Silva Barros ","","false","15:00","6a05ca7c3ec8d849572a717b","16:00","Civil","agendado","6a4fa3d976c63e4108f24fa4","2026-07-09T13:36:25.412000","2026-07-09T13:36:25.412000","6a05ae830f9c23bcdaf6e974","marcos.barros@goias.gov.br","false"
"2026-07-09","Clarinha Pereira da Silva Sousa","","false","11:00","69cab4bb2b75e5b3207c8b48","12:00","Civil","agendado","6a4fa36618ba3872aa278ebd","2026-07-09T13:34:30.282000","2026-07-09T13:34:30.282000","69f0e71cb680d3ecfbb47205","clarinhapereira831@gmail.com","false"
"2026-07-10","Andrea Gonçalves Fonseca","","false","07:00","69cab51d1406725f35a35aea","08:00","Civil","agendado","6a4fa33d54bef20d2033f274","2026-07-09T13:33:49.477000","2026-07-10T11:08:59.032000","6a0caf6101940cd03cbfc270","andreagyn2020@gmail.com","false"
"2026-07-09","Lívia Maria Batista da Silva","","false","13:00","69cab4ed0b51026b52fe7c88","14:00","Civil","agendado","6a4fa310d37a8256c6eb8fd9","2026-07-09T13:33:04.832000","2026-07-09T13:33:04.832000","69e8b3d0276e0faaaaece9f8","liviasa.cultura@gmail.com","false"
"2026-07-09","Rayanny Christinny da Silva Carmo","","false","11:00","69cab483e6e1052ce52e6988","12:00","Civil","agendado","6a4fa2fe69483de62fd4d101","2026-07-09T13:32:46.772000","2026-07-09T13:32:46.772000","6a319335edfe428978aac2ad","rayannychristinny700@gmail.com","false"
"2026-07-09","Daniele Serafim de Souza Kliemann","","false","12:00","6a1843cfd579775e62d16cd4","13:00","Civil","agendado","6a4fa0a8b86c67754e14f2f8","2026-07-09T13:22:48.059000","2026-07-09T13:22:48.059000","6a172ad4172b5169721ad5d7","danieleserafim.adv@gmail.com","false"
"2026-07-10","Jhulli Êmily Martins Nunes","","false","11:00","69cab48cce1c3df3215b2752","12:00","Civil","agendado","6a4fa06dbead64c514cf7703","2026-07-09T13:21:49.778000","2026-07-09T13:21:49.778000","69e8b3e6578c929cf94963e6","jhulliemily2014@gmail.com","false"
"2026-07-09","Helder Lieberenz Camilo","","false","11:00","6a28490940b20bf445d77ea6","12:00","Civil","agendado","6a4fa06570cd62833922d695","2026-07-09T13:21:41.602000","2026-07-09T13:21:41.602000","6a28488fb42e0b4d317ef9f5","heldersecami@gmail.com","false"
"2026-07-10","Lucas Honorato Lopes","","false","11:00","6a2067c65a836c8a40fe0b2c","12:00","Civil","agendado","6a4fa00f8956cafc20427efb","2026-07-09T13:20:15.464000","2026-07-09T13:20:15.464000","6a16f46d9cbce304c42cc536","lucashlopes@gmail.com","false"
"2026-07-09","Lucas Honorato Lopes","","false","11:00","6a2067c65a836c8a40fe0b2c","12:00","Civil","agendado","6a4fa00847c08fe1fdcaf414","2026-07-09T13:20:08.272000","2026-07-09T13:20:08.272000","6a16f46d9cbce304c42cc536","lucashlopes@gmail.com","false"
"2026-07-09","Raphael de Lima Carvalho Moraes","","false","13:00","69cab4ee1d5dca09ed497c22","14:00","Civil","agendado","6a4f9f63d873b410fcf7290c","2026-07-09T13:17:23.594000","2026-07-09T13:17:23.594000","69f243fdfed1f188950d4989","raphaelmoraes019@gmail.com","false"
"2026-07-09","Mel Cardoso Souza","","false","11:00","69cab4844ae3b7f6a68fd705","12:00","Civil","agendado","6a4f9d43e23cc48c2d869a46","2026-07-09T13:08:19.035000","2026-07-09T13:08:19.035000","69e8b3e718a06dc553782bd2","mel2005cardoso@gmail.com","false"
"2026-07-09","Keiliane dos Santos Silva","","false","11:00","69cab4841ce56b674d36384d","12:00","Civil","agendado","6a4f9d3f999cd38af0220c72","2026-07-09T13:08:15.954000","2026-07-09T13:08:15.954000","69e8b410c23f02f059fbe081","keilineker@gmail.com","false"
"2026-07-09","Delma Maria Guimaraes","","false","11:00","69cab4bb4badc9d3592723d2","12:00","Civil","agendado","6a4f9ca3bddaf7556000cef6","2026-07-09T13:05:39.697000","2026-07-09T13:05:39.697000","69f0e717c3c33b89a2f9e02a","delmagui333@gmail.com","false"
"2026-07-10","Beatriz de Jesus Rodrigues","","false","12:00","6a440ca61aebb43952856fec","13:00","Civil","agendado","6a4f9c9b83b213408e64495d","2026-07-09T13:05:31.287000","2026-07-09T13:05:31.287000","6a43b3e103763c8e4e2e9e23","beatriz.jrodrigues@goias.gov.br","false"
"2026-07-10","Fernanda Palma Neiva","","false","12:00","69cab5475fe6394ffd97f509","13:00","Civil","agendado","6a4f9c56a2eaf34866203b67","2026-07-09T13:04:22.082000","2026-07-09T13:04:22.082000","69eb71326eb19b31dbf13e4e","fpalmaneiva@gmail.com","false"
"2026-07-09","Jesley da Silva Sousa","","false","11:00","6a2ab18061f7a78ad0700e2f","12:00","Civil","agendado","6a4f9b5573b4894a06ec2b57","2026-07-09T13:00:05.650000","2026-07-09T13:00:05.650000","6a2aaf009ad04cdd81d57839","jesleysobral8@gmail.com","false"
"2026-07-10","Rafael Santana Marinho","","false","12:00","69cab53eac828741aaea5afd","13:00","Civil","agendado","6a4f964605042f498f884a5b","2026-07-09T12:38:30.784000","2026-07-09T12:38:30.784000","69fb769eb6cc56e25e03373f","rflmarinho8@gmail.com","false"
"2026-07-10","Hérika Pabline Lima Veras","","false","12:00","6a15d611390b03b5280412b4","13:00","Civil","agendado","6a4f960b4073c279615534c3","2026-07-09T12:37:31.673000","2026-07-09T12:37:31.673000","6a15cb855ddae0a12bbc417c","herikapabline@gmail.com","false"
"2026-07-09","Vanessa Ferreira de Oliveira","","false","12:00","69cab4e3eddee6987dc1c711","13:00","Civil","agendado","6a4f96096a650df360d24197","2026-07-09T12:37:29.875000","2026-07-09T12:37:29.875000","6a1d949ce6e13dcecedb709f","vanessaferdoli@gmail.com","false"
"2026-07-09","Hérika Pabline Lima Veras","","false","12:00","6a15d611390b03b5280412b4","13:00","Civil","agendado","6a4f9603679eb92f37a6c610","2026-07-09T12:37:23.194000","2026-07-09T12:37:23.194000","6a15cb855ddae0a12bbc417c","herikapabline@gmail.com","false"
"2026-07-09","Beatriz de Jesus Rodrigues","","false","12:00","6a440ca61aebb43952856fec","13:00","Civil","agendado","6a4f95a26a0f8b35bcbd6c38","2026-07-09T12:35:46.181000","2026-07-09T12:35:46.181000","6a43b3e103763c8e4e2e9e23","beatriz.jrodrigues@goias.gov.br","false"
"2026-07-09","Iracy Maria Marinho","","false","10:00","69cab4b09d4550a5367fa605","11:00","Civil","agendado","6a4f8b97c92bb50540963829","2026-07-09T11:52:55.198000","2026-07-09T11:52:55.198000","6a020e37b60fef97178bbd4d","iracym605@gmail.com","false"
"2026-07-09","Isabela Arantes Mota","","false","11:00","69cab4e1f0a4c74ea03ff22a","12:00","Civil","agendado","6a4f8a4e2a6815f332712ba9","2026-07-09T11:47:26.830000","2026-07-09T11:47:26.830000","6a0caf5b87efa41f555a0b3c","arantesmotaisabela@gmail.com","false"
"2026-07-09","Laiz de Moraes Silva","","false","13:00","69cab4a6cb0eeca73fb0ea1f","14:00","Civil","agendado","6a4f89d27d1fdac33a9c6343","2026-07-09T11:45:22.745000","2026-07-09T11:45:22.745000","6a1985ff6640af2a5735033f","laiz.geaco@gmail.com","false"
"2026-07-09","Ivana Cabral Oliveira Barros","","false","18:00","6a2974022b3dd13c18f053ec","19:00","Civil","agendado","6a4f8942c5665cbb87cc9301","2026-07-09T11:42:58.697000","2026-07-09T11:42:58.697000","6a28493d95b7e99c5f2c08f2","nutr.ivana@gmail.com","false"
"2026-07-09","Edirene Silva Mendes","","false","10:00","69cab53444dabb56e3aef606","11:00","Civil","agendado","6a4f85a733d1570e2b82fa7d","2026-07-09T11:27:35.713000","2026-07-09T11:27:35.713000","6a28493ca016db521dd332b1","edirenemendes909@gmail.com","false"
"2026-07-09","Jucelia Mendes da Silva","","false","08:00","6a303c163272ed4fdd6817f4","09:00","Civil","agendado","6a4f7a4a9484298bd121f06f","2026-07-09T10:39:06.146000","2026-07-09T10:39:06.146000","6a3009da39c9725d4a9c2c9d","juceliajuhhhhhhh@gmail.com","false"
"2026-07-10","Renata Batista Lozano","","false","07:00","6a440c3c1a215e360855c18a","08:00","Civil","faltou","6a4f78501df142d273ebf4f7","2026-07-09T10:30:40.882000","2026-07-10T11:03:48.138000","6a43b3e2a2881f5f82218f67","renata.b.lozano@gmail.com","false"
"2026-07-09","Renata Batista Lozano","","false","18:00","6a440c3c1a215e360855c18a","19:00","Civil","agendado","6a4f7845ea1ef6ce7fa86069","2026-07-09T10:30:29.386000","2026-07-09T10:30:29.386000","6a43b3e2a2881f5f82218f67","renata.b.lozano@gmail.com","false"
"2026-07-09","Diego Fernandes Dias","","false","12:00","6a440b7234bf0c812b4545a5","13:00","Civil","agendado","6a4f726b5ba4651a85dd1ea6","2026-07-09T10:05:31.776000","2026-07-09T10:05:31.776000","6a43b3e40d04dbbe8234b278","diegodias.jur@gmail.com","false"
"2026-07-09","Patrícia Gomes Fleuri Cunha","","false","07:00","6a103b0bb218f6109a5263e2","08:00","Civil","agendado","6a4f710f5b69735dcf737691","2026-07-09T09:59:43.816000","2026-07-09T09:59:43.816000","6a0caf6598b093e0931ff6a8","patricia.cunha@goias.gov.br","false"
"2026-07-09","Mariana Albino da Silva","","false","07:00","69cab485b105230925053def","08:00","Civil","agendado","6a4f6e59251279c24889c583","2026-07-09T09:48:09.232000","2026-07-09T09:48:09.232000","69f1eb6197b49acac81ad46a","mariana.albinosilva85@gmail.com","false"
"2026-07-09","Francislene Monteiro Lima","","false","13:00","69cab5336d09f1ead4a603b5","14:00","Civil","agendado","6a4ef8d5178de387d82ba6f4","2026-07-09T01:26:45.580000","2026-07-09T01:26:45.580000","69eb71414c5a3877ecd8a887","efmonteiro04@gmail.com","false"
"2026-07-09","Sophia Lannah Beatriz Ferreira de Sousa","","false","18:00","69cab498f494b0e0a3a2252c","19:00","Civil","agendado","6a4edb635dfaabb56c7eaac3","2026-07-08T23:21:07.397000","2026-07-08T23:21:07.397000","69e8b3e3ed8dfc592768740f","sophialannah123@gmail.com","false"
"2026-07-10","Morian Scussel Malburg","","false","08:00","69cab53deddee6987dc1c800","09:00","Civil","agendado","6a4ecd9b27185cc77548e16a","2026-07-08T22:22:19.545000","2026-07-08T22:22:19.545000","69e8b3dfc275cae65aee1aa2","morianmalburg@gmail.com","false"
"2026-07-09","Clarissa dos Santos Melo Duarte","","false","17:00","69cab4b05e5de2d972aae6a0","18:00","Civil","agendado","6a4ecd1ee94131fb0b732e35","2026-07-08T22:20:14.957000","2026-07-08T22:20:14.957000","6a2aaf023a2bb1378a22db13","clarissasmelo@gmail.com","false"
"2026-07-08","Ana Carolina Costa Lopes","","false","19:00","6a05cad8fdd8033d12dca29c","20:00","Civil","agendado","6a4ec664f62a4bdb6780a446","2026-07-08T21:51:32.274000","2026-07-08T21:51:32.274000","69f0e73466476bce7c30c689","acclopes.direito@gmail.com","false"
"2026-07-09","Elisa Parreira de Castro Alves","","false","12:00","69cab4958987e567777aa8e9","13:00","Civil","agendado","6a4ec4c65de4f5e315deaaf4","2026-07-08T21:44:38.490000","2026-07-08T21:44:38.490000","69f3539372bfccf5cae537b8","elisa.pdca@gmail.com","false"
"2026-07-09","Monalisa Lopes da Silva ","","false","07:00","6a398374607472e9a3819930","08:00","Civil","agendado","6a4ec0660e4283d9e54eb828","2026-07-08T21:25:58.361000","2026-07-08T21:25:58.361000","6a3981f6dd2033d4e2eef307","monalisalopessilva@gmail.com","false"
"2026-07-10","Sandra Barreto Teles ","","false","13:00","6a4cfffc1d48bd477de41287","14:00","Civil","agendado","6a4ebb695a7b4140adf7d93a","2026-07-08T21:04:41.023000","2026-07-08T21:04:41.023000","6a4bee24b98a69b27ac727b4","barretoteles95@gmail.com","false"
"2026-07-09","Sandra Barreto Teles ","","false","13:00","6a4cfffc1d48bd477de41287","14:00","Civil","agendado","6a4ebb5c5a026e2255644775","2026-07-08T21:04:28.945000","2026-07-08T21:04:28.945000","6a4bee24b98a69b27ac727b4","barretoteles95@gmail.com","false"
"2026-07-08","Marcio Junio Rodrigues de Freitas","","false","18:00","69cab4fdb65777e18fa16281","19:00","Civil","agendado","6a4eb632142c14ca0cef603b","2026-07-08T20:42:26.770000","2026-07-08T20:42:26.770000","69e8b3cb227404cd41911786","marciosoriso@gmail.com","false"
"2026-07-09","Armando alves feitosa","","false","07:00","6a3981de33ef8f3bb08c5477","08:00","Civil","agendado","6a4eb36733fb9d9da496fee6","2026-07-08T20:30:31.344000","2026-07-08T20:30:31.344000","6a3979acb5b039096e4deaec","armando.feitosa@gmail.com","false"
"2026-07-08","Adriano Faleiro Gregório","","false","18:00","69cab526ebee4a1af29385ac","19:00","Civil","agendado","6a4eb261744b681fe37f2a49","2026-07-08T20:26:09.484000","2026-07-08T20:26:09.484000","6a0712111e20cc70b7726fa4","adrianofgtrabalho@gmail.com","false"
"2026-07-08","Agda Magalhães Cruz","","false","18:00","6a43ed61d21599d201f6d4e3","19:00","Civil","agendado","6a4eadb320af7728ad1d8a03","2026-07-08T20:06:11.251000","2026-07-08T20:06:11.251000","6a3e79645dd2faa01e3bb7ab","real.agda@gmail.com","false"
"2026-07-08","Débora Maia Escher dos Santos","","false","17:00","69fc8102efce393880145d94","18:00","Civil","agendado","6a4eab954fd21554fa85e3c7","2026-07-08T19:57:09.339000","2026-07-08T19:57:09.339000","69fb76a1a9859e54ff79cc1b","deboraescher19@gmail.com","false"
"2026-07-09","João Felipe Ferrado Melo Fernandes ","","false","18:00","6a47ac173e6f14b4f12639fe","19:00","Civil","agendado","6a4eab8a21bc1d48037fa00c","2026-07-08T19:56:58.409000","2026-07-08T19:56:58.409000","6a46b458dd4a9dcf00d0ff76","jfferrado@gmail.com","false"
"2026-07-08","João Felipe Ferrado Melo Fernandes ","","false","18:00","6a47ac173e6f14b4f12639fe","19:00","Civil","agendado","6a4eab80eed7f0b28f583f0f","2026-07-08T19:56:48.045000","2026-07-08T19:56:48.045000","6a46b458dd4a9dcf00d0ff76","jfferrado@gmail.com","false"
"2026-07-08","Giselle Pereira Pinheiro","","false","17:00","69cab54a703ff883d0956cd6","18:00","Civil","agendado","6a4ea48818b24135de929d64","2026-07-08T19:27:04.146000","2026-07-08T19:27:04.146000","6a3979a5d52592bdf8005925","giselleqi@gmail.com","false"
"2026-07-08","VITORIA RODRIGUES SGAMATI","","false","17:00","6a281d4ebb0e3860ea5368c1","18:00","Civil","agendado","6a4e9eb058757442535eaf98","2026-07-08T19:02:08.798000","2026-07-08T19:02:08.798000","6a142a748d65e2c102ce1901","sgamativitoria@gmail.com","false"
"2026-07-09","Andrea Gonçalves Fonseca","","false","07:00","69cab51d1406725f35a35aea","08:00","Civil","agendado","6a4e9785a912ecc1c7cfaccd","2026-07-08T18:31:33.485000","2026-07-08T18:31:33.485000","6a0caf6101940cd03cbfc270","andreagyn2020@gmail.com","false"
"2026-07-08","Ambrosiane de Sousa Leite","","false","17:00","6a04588acee8394872f618be","18:00","Civil","faltou","6a4e91733317894a4e0ea7a1","2026-07-08T18:05:39.501000","2026-07-08T21:03:48.691000","69fe287cc22d6cfcf39669d0","ambrosiane.adv@gmail.com","false"
"2026-07-08","Michelle Vitoria de Carvalho","","false","17:00","6a1d952333bdc732b32dcd93","18:00","Civil","agendado","6a4e915e1f33baacca0e1371","2026-07-08T18:05:18.566000","2026-07-08T18:05:18.566000","6a1985fdbfa475c3359e50e9","michellelouza51@gmail.com","false"
"2026-07-08","Antônio Gabriel Marcimiano de Moraes","","false","17:00","69cab5533f4cbe4cc715f000","18:00","Civil","agendado","6a4e90f2c627e6bf8b7fb409","2026-07-08T18:03:30.614000","2026-07-08T18:03:30.614000","69e8bd46281c43278d0d48e9","gabrielgynh@gmail.com","false"
"2026-07-08","Edjane Martins Silva","","false","17:00","69cab5525a1b6e998a75de7e","18:00","Civil","agendado","6a4e90e46aadf9be46ea33f8","2026-07-08T18:03:16.729000","2026-07-08T18:03:16.729000","6a0c51d521231d4a1ef3e01f","edjanemartins14@gmail.com","false"
"2026-07-08","Karla Correia Mendes","","false","16:00","69cab4850c384307831324d8","17:00","Civil","agendado","6a4e8e6b80fca4687ba9bacb","2026-07-08T17:52:43.714000","2026-07-08T17:52:43.714000","69f0ab75971b3976ef33a57d","karlamendes1406@gmail.com","false"
"2026-07-08","Lucas Façanha de Oliveira Carvalho","","false","17:00","69cab53f95aecd6313a1094a","18:00","Civil","agendado","6a4e838f88fb0e235fa4be81","2026-07-08T17:06:23.174000","2026-07-08T17:06:23.174000","69e8b3d9db2701e07f3d9515","lucasoliveira.ifam@gmail.com","false"
"2026-07-08","Leandra da Cruz Matos","","false","17:00","6a46b4a1a4c8e2b27622066c","18:00","Civil","agendado","6a4e7a51d5c1ca53ba8307e7","2026-07-08T16:26:57.896000","2026-07-08T16:26:57.896000","6a4527e09d14fcde539e804e","leandramatos5@gmail.com","false"
"2026-07-08","jhonatas dos santos lima","","false","13:00","69f35624d42a7a848cf80522","14:00","Civil","agendado","6a4e72ea1ce7740bf6894532","2026-07-08T15:55:22.598000","2026-07-08T15:55:22.598000","69eb712a2f920804f5d6e002","jhonatasvideira@gmail.com","false"
"2026-07-08","Thayane Cristina Tavares da Silva","","false","17:00","69efa4149a982f6976102820","18:00","Civil","agendado","6a4e7026dd5680f0f4c65847","2026-07-08T15:43:34.126000","2026-07-08T15:43:34.126000","69e8b3ac72ff58fcfafa20b1","cristinathco@gmail.com","false"
"2026-07-08","Inglyd da Paz Ribeiro","","false","13:00","69cab4833d652cdad2226c29","14:00","Civil","agendado","6a4e6c918821b5e2db6fde7b","2026-07-08T15:28:17.164000","2026-07-08T15:28:17.164000","6a3979a6e675b117e5394175","inglyd26@gmail.com","false"
"2026-07-08","Guilherme Henrique Santos Chagas","","false","13:00","69cab4fdc35c29533c90564a","14:00","Civil","agendado","6a4e6c4877c04074d833f965","2026-07-08T15:27:04.520000","2026-07-08T15:27:04.520000","6a16e8fc13f09dfcf589386e","guilherme.ts.chagas@gmail.com","false"
"2026-07-08","Camila Costa Marinho","","false","18:00","6a304dbb6505c47b19606f12","19:00","Civil","agendado","6a4e6a8072e7d41ca33e03a2","2026-07-08T15:19:28.536000","2026-07-08T15:19:28.536000","6a2aea1cd0de8de3acfb63a3","camilacostamm11@gmail.com","false"
"2026-07-08","José Nildo da cunha gomes ","","false","13:00","6a32acbd097d7e942fa5efd2","14:00","Civil","agendado","6a4e6a7c1b8c9de9eced3abb","2026-07-08T15:19:24.688000","2026-07-08T15:19:24.688000","6a329d02a320c06349b77bfa","j.nillgyn@gmail.com","false"
"2026-07-08","Jucelia Mendes da Silva","","false","13:00","6a303c163272ed4fdd6817f4","14:00","Civil","agendado","6a4e6a18e5c38b69d9600d9b","2026-07-08T15:17:44.470000","2026-07-08T15:17:44.470000","6a3009da39c9725d4a9c2c9d","juceliajuhhhhhhh@gmail.com","false"
"2026-07-08","Lucas Honorato Lopes","","false","13:00","6a2067c65a836c8a40fe0b2c","14:00","Civil","agendado","6a4e684bb760ad4013a12548","2026-07-08T15:10:03.387000","2026-07-08T15:10:03.387000","6a16f46d9cbce304c42cc536","lucashlopes@gmail.com","false"
"2026-07-08","Anna Gabriella Pacheco Arantes ","","false","13:00","6a3982de24678b7c56c6eb95","14:00","Civil","agendado","6a4e66fae9f32f95a80d72ce","2026-07-08T15:04:26.211000","2026-07-08T15:04:26.211000","6a15a10e7ccbb48781b7c1a9","anagabipacheco145@gmail.com","false"
"2026-07-08","Sandra Francisca Bandeira ","","false","13:00","6a16ff021e7aed126219459f","14:00","Civil","agendado","6a4e66cbd0ebf64b5b1b73c1","2026-07-08T15:03:39.896000","2026-07-08T15:03:39.896000","6a0caf5d2f6ef5a33a3d14c9","sandrabandeira.adv@gmail.com","false"
"2026-07-08","Amanda Barbosa Andrade","","false","18:00","6a47ac66a48bf6645814cb71","19:00","Civil","agendado","6a4e65ddefeae0de4c080c19","2026-07-08T14:59:41.530000","2026-07-08T14:59:41.530000","6a47aa1a643b6c44c21f4fb5","amandandrade.barbosa@gmail.com","false"
"2026-07-08","Helena de Castro Côrtes","","false","13:00","6a16e9a8f78a8dd4bceafe2a","14:00","Civil","agendado","6a4e65d758cf3959ebfaeb5c","2026-07-08T14:59:35.417000","2026-07-08T14:59:35.417000","6a16e52b80d218340615bc21","helena.gegeo@gmail.com","false"
"2026-07-08","Raniery Morais Miranda","","false","13:00","69cab5298bf415ccbaf69560","14:00","Civil","agendado","6a4e64d31cd0ec16245dff72","2026-07-08T14:55:15.224000","2026-07-08T14:55:15.224000","69eb7130c8c6a653226322d0","mirandaraniery@gmail.com","false"
"2026-07-08","Gabriele Batista","","false","16:00","69cab4e300553dca6de39a7f","17:00","Civil","agendado","6a4e63cde9805293ea91d0b3","2026-07-08T14:50:53.777000","2026-07-08T14:50:53.777000","69f8d5031b4731838f3aa4db","gabrielecastro01@gmail.com","false"
"2026-07-08","Fábio Assunção Guimarães","","false","12:00","6a4528801d33942bc14d90e7","13:00","Civil","agendado","6a4e5fbcd4390e0239fc21a4","2026-07-08T14:33:32.388000","2026-07-08T14:33:32.388000","6a26c3bbefcba7841f4596c5","fabimeu@gmail.com","false"
"2026-07-08","Jussara Veloso Soares","","false","12:00","6a1068229af4569714fb8756","13:00","Civil","agendado","6a4e5f68182cbcf6461ec0dc","2026-07-08T14:32:08.336000","2026-07-08T14:32:08.336000","6a103a6a1a3bfb3d4318b2ea","jussara.vs@gmail.com","false"
"2026-07-08","Raynna Pereira Neves Barros","","false","12:00","69cab483bcb9efeb569c67e1","13:00","Civil","agendado","6a4e5f32e3eedcb956b56fb0","2026-07-08T14:31:14.812000","2026-07-08T14:31:14.812000","69f0aa040009751ec470fa8b","nevesraynna@gmail.com","false"
"2026-07-09","RAQUEL RODRIGUES DE SOUZA","","false","16:00","6a47ab95a6568cd214130beb","17:00","Civil","agendado","6a4e5ef00dbfa301ff9c0de8","2026-07-08T14:30:08.119000","2026-07-08T14:30:08.119000","6a455e46430068bca0693558","raquelrodrigues.souza@gmail.com","false"
"2026-07-08","Ismael José dos Santos Filho","","false","12:00","69cab50d46c2a710ba93c1d4","13:00","Civil","agendado","6a4e5e13fbeeb47ad30a8a62","2026-07-08T14:26:27.494000","2026-07-08T14:26:27.494000","69eb714b124295d4decc3504","ismaelfilho.adv@gmail.com","false"
"2026-07-09","Eliane da Silva Conceição Marques","","false","16:00","69cab4b766090b91bf8f7c92","17:00","Civil","agendado","6a4e5dd83a9ff33740c4b7ad","2026-07-08T14:25:28.909000","2026-07-08T14:25:28.909000","6a3e795da19a91be96c573f1","eliianemarquees@gmail.com","false"
"2026-07-09","Gilvan José Meireles","","false","13:00","69cab51df127d1812d9c9585","14:00","Civil","agendado","6a4e5dbc37e1a94a6263fff0","2026-07-08T14:25:00.579000","2026-07-08T14:25:00.579000","69eb7152f8692d6e4f8926c5","gil-van-jose@hotmail.com","false"
"2026-07-08","Gilvan José Meireles","","false","13:00","69cab51df127d1812d9c9585","14:00","Civil","agendado","6a4e5db37d957854689e654e","2026-07-08T14:24:51.557000","2026-07-08T14:24:51.557000","69eb7152f8692d6e4f8926c5","gil-van-jose@hotmail.com","false"
"2026-07-08","Uerica Agapito Pereira","","false","12:00","69cab53f1d112c5a2797d789","13:00","Civil","agendado","6a4e5cf2fd6334161db17dfc","2026-07-08T14:21:38.083000","2026-07-08T14:21:38.083000","69f09fd3ef3fe8e89a0d5919","uericaagapito.adv@gmail.com","false"
"2026-07-08","Fernanda Marra","","false","12:00","69cab5495f4c50dbe8cc825c","13:00","Civil","agendado","6a4e5cb24e471dd1c7e2811b","2026-07-08T14:20:34.979000","2026-07-08T14:20:34.979000","6a16e5289a8726b9d9b03046","dizamarra@gmail.com","false"
"2026-07-08","Hiana Caroline dos Santos Freitas ","","false","12:00","6a199925ea037f3517301539","13:00","Civil","agendado","6a4e5b874e95a8e0b457817b","2026-07-08T14:15:35.309000","2026-07-08T14:15:35.309000","6a199892b8eaf54685d729c5","hianacarolinecivil@gmail.com","false"
"2026-07-08","Hugo Leonardo de Araújo Godinho","","false","12:00","6a2c155eb386f640b1e5948b","13:00","Civil","agendado","6a4e5994029ebc760c757ab8","2026-07-08T14:07:16.174000","2026-07-08T14:07:16.174000","6a2aaefdbbb8d301bdfff035","hugo.godinho@goias.gov.br","false"
"2026-07-09","Léa Rosane Barcelos","","false","11:00","69cab555f127d1812d9c958f","12:00","Civil","agendado","6a4e57411e24a3264903f624","2026-07-08T13:57:21.868000","2026-07-08T13:57:21.868000","69eb7145a368132a1e810354","learosane@gmail.com","false"
"2026-07-08","Vanessa Ferreira de Oliveira","","false","12:00","69cab4e3eddee6987dc1c711","13:00","Civil","agendado","6a4e56c8f0e9e40e73ca6233","2026-07-08T13:55:20.508000","2026-07-08T13:55:20.508000","6a1d949ce6e13dcecedb709f","vanessaferdoli@gmail.com","false"
"2026-07-09","Jhulli Êmily Martins Nunes","","false","11:00","69cab48cce1c3df3215b2752","12:00","Civil","agendado","6a4e545cc2321564371ddb3d","2026-07-08T13:45:00.142000","2026-07-08T13:45:00.142000","69e8b3e6578c929cf94963e6","jhulliemily2014@gmail.com","false"
"2026-07-08","Marília da Silva Oliveira ","","false","18:00","6a15d57c344b691a4877ca97","19:00","Civil","faltou","6a4e5424724bb2d6c57b9459","2026-07-08T13:44:04.130000","2026-07-08T22:03:48.539000","6a103a6242a03e3f6e05eccd","marilia7@gmail.com","false"
"2026-07-08","Giovanna Alves Guardiere ","","false","17:00","69fc846f76670092689fba5b","18:00","Civil","agendado","6a4e533883e00ebea87be410","2026-07-08T13:40:08.455000","2026-07-08T13:40:08.455000","69f3a2bdd479a05ce50eb8df","giovannaalves978@gmail.com","false"
"2026-07-08","Rayanny Christinny da Silva Carmo","","false","11:00","69cab483e6e1052ce52e6988","12:00","Civil","agendado","6a4e530b2878b346eecef3b1","2026-07-08T13:39:23.841000","2026-07-08T13:39:23.841000","6a319335edfe428978aac2ad","rayannychristinny700@gmail.com","false"
"2026-07-08","Helder Lieberenz Camilo","","false","11:00","6a28490940b20bf445d77ea6","12:00","Civil","faltou","6a4e510417125783f4f8815a","2026-07-08T13:30:44.760000","2026-07-08T15:03:50.505000","6a28488fb42e0b4d317ef9f5","heldersecami@gmail.com","false"
"2026-07-08","Paulo Sérgio da Silva Lobo","","false","12:00","69cab4e3c3a97d05a892dabe","13:00","Civil","agendado","6a4e502822b87ed9d78550cb","2026-07-08T13:27:04.113000","2026-07-08T13:27:04.113000","6a1f14ca9d86f5520fc72468","pauloloboquimico@gmail.com","false"
"2026-07-09","Geovana Monteiro da Silva","","false","13:00","69cab483f6786b7148f4c689","14:00","Civil","agendado","6a4e49815605c9bca592fbc5","2026-07-08T12:58:41.103000","2026-07-08T12:58:41.103000","69ec0f73c400e529d8b7c8bb","geovanamts02@gmail.com","false"
"2026-07-09","Ana Gabriela Azevedo de Carvalho","","false","13:00","69cab48362078b73df941f5f","14:00","Civil","agendado","6a4e497a1adece046ea63d42","2026-07-08T12:58:34.530000","2026-07-08T12:58:34.530000","6a32dd64fa8afd91fe1039d0","ag3746498@gmail.com","false"
"2026-07-08","Leonardo Alves Ribeiro","","false","12:00","6a454ed31f79726271ec0cc9","13:00","Civil","agendado","6a4e48efd05f416ba032641a","2026-07-08T12:56:15.516000","2026-07-08T12:56:15.516000","6a4527dd390e51d8fd8d8e96","leonardo.ribeiro.011098@gmail.com","false"
"2026-07-08","Keiliane dos Santos Silva","","false","11:00","69cab4841ce56b674d36384d","12:00","Civil","agendado","6a4e48942fb25b7ebc1412ff","2026-07-08T12:54:44.578000","2026-07-08T12:54:44.578000","69e8b410c23f02f059fbe081","keilineker@gmail.com","false"
"2026-07-08","Mel Cardoso Souza","","false","11:00","69cab4844ae3b7f6a68fd705","12:00","Civil","agendado","6a4e488a2cef397a880dba78","2026-07-08T12:54:34.214000","2026-07-08T12:54:34.214000","69e8b3e718a06dc553782bd2","mel2005cardoso@gmail.com","false"
"2026-07-09","Marco Antônio Piza Ferrari e Silva","","false","12:00","6a4e469c113711586cabcd19","13:00","Civil","agendado","6a4e47b54a8c91a763d82dcc","2026-07-08T12:51:01.046000","2026-07-08T12:51:01.046000","6a4bee200560d1a008a64ae3","marcoantonioferrari06@gmail.com","false"
"2026-07-09","Fernanda Palma Neiva","","false","12:00","69cab5475fe6394ffd97f509","13:00","Civil","agendado","6a4e47af214eedf7d3797702","2026-07-08T12:50:55.446000","2026-07-08T12:50:55.446000","69eb71326eb19b31dbf13e4e","fpalmaneiva@gmail.com","false"
"2026-07-08","MAICON DOUGLAS GOMES RODRIGUES","","false","12:00","6a1495a104b49b3be78f3da3","13:00","Civil","agendado","6a4e458bfea357bb60c2088b","2026-07-08T12:41:47.768000","2026-07-08T12:41:47.768000","69e8b3c64ccd45857400c131","douglasgynn1@gmail.com","false"
"2026-07-08","Raimunda Soronha de Oliveira dos Reis","","false","12:00","69cab4acf9e6540401a079f2","13:00","Civil","agendado","6a4e43a9a6d34b1295dd193e","2026-07-08T12:33:45.630000","2026-07-08T12:33:45.630000","69f0ed6a8aee7b0f624a8555","soronha.reis@gmail.com","false"
"2026-07-10","Márcia de Araújo Gontijo","","false","07:00","69cab4fa6634febf001eb740","08:00","Civil","agendado","6a4e425e73c2d72cdf15e655","2026-07-08T12:28:14.014000","2026-07-10T11:09:28.393000","69fe28955bf56f9dc34635d2","marciagontijoadv@gmail.com","false"
"2026-07-08","Paulo Henrique Nunes da Silva Araújo","","false","11:00","69cab4a2f74af4c7f98e624b","12:00","Civil","agendado","6a4e3e4a0174000e3b443f9c","2026-07-08T12:10:50.007000","2026-07-08T12:10:50.007000","69e8b3a96c5e364f790390bf","paulonv70@gmail.com","false"
"2026-07-08","Isabela Arantes Mota","","false","11:00","69cab4e1f0a4c74ea03ff22a","12:00","Civil","agendado","6a4e3e182afe9c2ab7dfe77e","2026-07-08T12:10:00.366000","2026-07-08T12:10:00.366000","6a0caf5b87efa41f555a0b3c","arantesmotaisabela@gmail.com","false"
"2026-07-09","Raingredi Sousa Mendes","","false","13:00","6a303ce8913598946bc38fe9","14:00","Civil","agendado","6a4e3c25a8eb349179f81532","2026-07-08T12:01:41.343000","2026-07-08T12:01:41.343000","6a3009d02bf70f90e9561b00","raingredi@gmail.com","false"
"2026-07-08","Raingredi Sousa Mendes","","false","13:00","6a303ce8913598946bc38fe9","14:00","Civil","agendado","6a4e3c1b46dcab0cd0e81b58","2026-07-08T12:01:31.981000","2026-07-08T12:01:31.981000","6a3009d02bf70f90e9561b00","raingredi@gmail.com","false"
"2026-07-09","Laura Lula Ramos","","false","11:00","69cab4845646d7497cb9aa56","12:00","Civil","agendado","6a4e3ad570dc71241ccd2248","2026-07-08T11:56:05.945000","2026-07-08T11:56:05.945000","69e8b3b1c23f02f059fbe05f","lauralular@gmail.com","false"
"2026-07-08","Laura Lula Ramos","","false","11:00","69cab4845646d7497cb9aa56","12:00","Civil","agendado","6a4e3acb6bb9ce03b6f368e4","2026-07-08T11:55:55.816000","2026-07-08T11:55:55.816000","69e8b3b1c23f02f059fbe05f","lauralular@gmail.com","false"
"2026-07-08","Laiz de Moraes Silva","","false","13:00","69cab4a6cb0eeca73fb0ea1f","14:00","Civil","agendado","6a4e3944e1724b059c3ff4f0","2026-07-08T11:49:24","2026-07-08T11:49:24","6a1985ff6640af2a5735033f","laiz.geaco@gmail.com","false"
"2026-07-08","Ivana Cabral Oliveira Barros","","false","12:00","6a2974022b3dd13c18f053ec","13:00","Civil","agendado","6a4e38ace54c4dccba8a87f6","2026-07-08T11:46:52.486000","2026-07-08T11:46:52.486000","6a28493d95b7e99c5f2c08f2","nutr.ivana@gmail.com","false"
"2026-07-09","Rafael Santana Marinho","","false","12:00","69cab53eac828741aaea5afd","13:00","Civil","agendado","6a4e37936d3768b49d7945f4","2026-07-08T11:42:11.234000","2026-07-08T11:42:11.234000","69fb769eb6cc56e25e03373f","rflmarinho8@gmail.com","false"
"2026-07-09","Cristina Maria Costa Prado","","false","17:00","69cab4a1625c88b62a9b4704","18:00","Civil","agendado","6a4e37055113bb2009db973d","2026-07-08T11:39:49.064000","2026-07-08T11:39:49.064000","69fb76a3ee52fc9de3d098e8","cristinamcosta.arq@gmail.com","false"
"2026-07-08","Cristina Maria Costa Prado","","false","17:00","69cab4a1625c88b62a9b4704","18:00","Civil","agendado","6a4e36f85032516c7ea3dcb7","2026-07-08T11:39:36.159000","2026-07-08T11:39:36.159000","69fb76a3ee52fc9de3d098e8","cristinamcosta.arq@gmail.com","false"
"2026-07-08","Raquel Caroline Ribeiro D e Lima","","false","11:00","69cab51b4b8ed336c11dff65","12:00","Civil","agendado","6a4e34e4588f8324c133e8f3","2026-07-08T11:30:44.261000","2026-07-08T11:30:44.261000","69fe289475c7fd5b9a27c574","raquelcribeiro.adv@gmail.com","false"
"2026-07-08","Edirene Silva Mendes","","false","10:00","69cab53444dabb56e3aef606","11:00","Civil","agendado","6a4e34e2ae2cd08b1740f0cf","2026-07-08T11:30:42.907000","2026-07-08T11:30:42.907000","6a28493ca016db521dd332b1","edirenemendes909@gmail.com","false"
"2026-07-09","Kenia Gomes Rodrigues Rios","","false","10:00","69cab4a3ce9564de9486ce32","11:00","Civil","agendado","6a4e329309d7160474dd0e48","2026-07-08T11:20:51.757000","2026-07-08T11:20:51.757000","69fc80be57f680cb816ca13e","keniagrrios@gmail.com","false"
"2026-07-08","Kenia Gomes Rodrigues Rios","","false","10:00","69cab4a3ce9564de9486ce32","11:00","Civil","agendado","6a4e31bde785b3ea062191dc","2026-07-08T11:17:17.292000","2026-07-08T11:17:17.292000","69fc80be57f680cb816ca13e","keniagrrios@gmail.com","false"
"2026-07-08","Maria dos Reis Pereira Santos","","false","17:00","69cab48b68d464d95240f964","18:00","Civil","agendado","6a4e3110ced1627b93d02cf7","2026-07-08T11:14:24.384000","2026-07-08T11:14:24.385000","69f0abbe8fef09ddc7cda46c","mariadosssantosrp@gmail.com","false"
"2026-07-08","Carlos alexandre da costa ","","false","08:00","6a0cb0c2e3d9f640adbed26b","09:00","Civil","agendado","6a4e2976dab5736756ed35d2","2026-07-08T10:41:58.815000","2026-07-08T10:41:58.815000","6a0caf62f88ae28daf8dd133","xandy.x12@gmail.com","false"
"2026-07-08","Renata Batista Lozano","","false","08:00","6a440c3c1a215e360855c18a","09:00","Civil","agendado","6a4e2915a47588fce940ce17","2026-07-08T10:40:21.301000","2026-07-08T10:40:21.301000","6a43b3e2a2881f5f82218f67","renata.b.lozano@gmail.com","false"
"2026-07-10","Andrielly Nunes de Oliveira","","false","07:00","6a329e38da29442026634d02","08:00","Civil","agendado","6a4e220314c3fbb0928b4a8b","2026-07-08T10:10:11.050000","2026-07-08T10:10:11.050000","69f3a2c1d00b3750983befe1","andriellyno1998@gmail.com","false"
"2026-07-09","Andrielly Nunes de Oliveira","","false","07:00","6a329e38da29442026634d02","08:00","Civil","agendado","6a4e21ee157ab9d62525c613","2026-07-08T10:09:50.990000","2026-07-08T10:09:50.990000","69f3a2c1d00b3750983befe1","andriellyno1998@gmail.com","false"
"2026-07-08","Patrícia Gomes Fleuri Cunha","","false","07:00","6a103b0bb218f6109a5263e2","08:00","Civil","agendado","6a4e1b26702fe83f440cdf07","2026-07-08T09:40:54.027000","2026-07-08T09:40:54.027000","6a0caf6598b093e0931ff6a8","patricia.cunha@goias.gov.br","false"
"2026-07-08","Carlos Antônio Madalena","","false","07:00","69f1fbd2b1d8f827f1014b85","08:00","Civil","agendado","6a4e19578a7d7422487a79ae","2026-07-08T09:33:11.704000","2026-07-08T09:33:11.704000","69f1eb66214b21fd581ce36b","advgcarlosmadalena@gmail.com","false"
"2026-07-09","Simone. Luzine Peixoto ","","false","07:00","6a1f207ab7d0ebfbfed88d62","08:00","Civil","agendado","6a4e0cc2d1e4e91d98e6e1d5","2026-07-08T08:39:30.312000","2026-07-08T08:39:30.312000","6a1f14cf38f8bc785a9ad042","simoneluzine@gmail.com","false"
"2026-07-08","Simone. Luzine Peixoto ","","false","07:00","6a1f207ab7d0ebfbfed88d62","08:00","Civil","agendado","6a4e0c9469506512e17f878d","2026-07-08T08:38:44.668000","2026-07-08T08:38:44.668000","6a1f14cf38f8bc785a9ad042","simoneluzine@gmail.com","false"
"2026-07-08","Sallyan Vinhadeli Vasconcelos","","false","16:00","69cab48b4ae3b7f6a68fd706","17:00","Civil","agendado","6a4e01329148a7b0661fd387","2026-07-08T07:50:10.769000","2026-07-08T07:50:10.769000","69f1fc7d5180372f8b56f510","sallyanv@gmail.com","false"
"2026-07-08","Mariana Albino da Silva","","false","07:00","69cab485b105230925053def","08:00","Civil","agendado","6a4df46cbe13de461aaef89c","2026-07-08T06:55:40.193000","2026-07-08T11:17:51.949000","69f1eb6197b49acac81ad46a","mariana.albinosilva85@gmail.com","false"
"2026-07-08","Alana Fernandes Moraes","","false","12:00","6a15ccd8859bf2eacc6d0c3e","13:00","Civil","agendado","6a4d85b72059524e2cc08726","2026-07-07T23:03:19.111000","2026-07-07T23:03:19.111000","6a15a1177c946f89a4e3deb6","alanafernandesmoraes@gmail.com","false"
"2026-07-08","LAINE SOUZA LANDIN CARDOSO","","false","07:00","6a16ecc046adce93104edc2a","08:00","Civil","agendado","6a4d8374c877bec462abc361","2026-07-07T22:53:40.726000","2026-07-08T11:17:57.461000","6a10a6ce0062e7cb36b6737e","lainelandin@gmail.com","false"
"2026-07-08","Caio César Silva Oliveira","","false","17:00","69cab5528917bc7d06ec9f36","18:00","Civil","agendado","6a4d6e8e8b9ceb7b3a0418f7","2026-07-07T21:24:30.525000","2026-07-07T21:24:30.525000","69e8b3c510a6ab1ad3da4cd2","caiooliveira92@gmail.com","false"
"2026-07-07","Guilherme Lima de Sena","","false","19:00","69cab51d8bf415ccbaf6955b","20:00","Civil","agendado","6a4d69f1dbad456be8aca7c1","2026-07-07T21:04:49.837000","2026-07-07T21:04:49.837000","69f8d5070e6979860429cfd6","guisenna73@gmail.com","false"
"2026-07-08","Heitor de Lima Matos","","false","17:00","69cab4c8c8cd01b45dcf7866","18:00","Civil","agendado","6a4d6865ac4bb091b29f9460","2026-07-07T20:58:13.241000","2026-07-07T20:58:13.241000","6a4402dc0923f2d4c55df9f4","heitorlima@gmail.com","false"
"2026-07-07","Sophia Lannah Beatriz Ferreira de Sousa","","false","18:00","69cab498f494b0e0a3a2252c","19:00","Civil","agendado","6a4d657735e19f1741bcdcdd","2026-07-07T20:45:43.160000","2026-07-07T20:45:43.160000","69e8b3e3ed8dfc592768740f","sophialannah123@gmail.com","false"
"2026-07-07","Débora Maia Escher dos Santos","","false","18:00","69fc8102efce393880145d94","19:00","Civil","agendado","6a4d6421ceec39552b30da80","2026-07-07T20:40:01.373000","2026-07-07T20:40:01.373000","69fb76a1a9859e54ff79cc1b","deboraescher19@gmail.com","false"
"2026-07-07","VITORIA RODRIGUES SGAMATI","","false","18:00","6a281d4ebb0e3860ea5368c1","19:00","Civil","agendado","6a4d6244c7bedb375688377e","2026-07-07T20:32:04.432000","2026-07-07T20:32:04.432000","6a142a748d65e2c102ce1901","sgamativitoria@gmail.com","false"
"2026-07-08","Antonino Batista Júnior","","false","18:00","69cab53d8efef97e8a0f03b3","19:00","Civil","agendado","6a4d61d3c2c02efcc6d21c32","2026-07-07T20:30:11.815000","2026-07-07T20:30:11.815000","69e8b3ceaa15a6de33954e67","antoninobj@gmail.com","false"
"2026-07-08","Daniel Carlos dos Reis","","false","08:00","69efb877f2a849baa2f1590f","09:00","Civil","agendado","6a4d5faffc5917747400a9bc","2026-07-07T20:21:03.299000","2026-07-07T20:21:03.299000","69e8b3dcffadf846c595fa0c","danielreis0211@gmail.com","false"
"2026-07-07","Camila Costa Marinho","","false","18:00","6a304dbb6505c47b19606f12","19:00","Civil","agendado","6a4d5e3d97e10b643bb85729","2026-07-07T20:14:53.313000","2026-07-07T20:14:53.313000","6a2aea1cd0de8de3acfb63a3","camilacostamm11@gmail.com","false"
"2026-07-08","RAQUEL RODRIGUES DE SOUZA","","false","10:00","6a47ab95a6568cd214130beb","11:00","Civil","agendado","6a4d5dbf9d0c40f5bac296df","2026-07-07T20:12:47.805000","2026-07-07T20:12:47.805000","6a455e46430068bca0693558","raquelrodrigues.souza@gmail.com","false"
"2026-07-07","Adriano Faleiro Gregório","","false","18:00","69cab526ebee4a1af29385ac","19:00","Civil","agendado","6a4d5ad5e0b3a7f0a395c3dd","2026-07-07T20:00:21.213000","2026-07-07T20:00:21.213000","6a0712111e20cc70b7726fa4","adrianofgtrabalho@gmail.com","false"
"2026-07-08","Monalisa Lopes da Silva ","","false","07:00","6a398374607472e9a3819930","08:00","Civil","agendado","6a4d53726d17ce9225f7b814","2026-07-07T19:28:50.126000","2026-07-07T19:28:50.126000","6a3981f6dd2033d4e2eef307","monalisalopessilva@gmail.com","false"
"2026-07-07","Renato Cortes Araujo","","false","18:00","6a3e7ceed7b5cc8026d9de19","19:00","Civil","agendado","6a4d5138bbf82427596a03fe","2026-07-07T19:19:20.035000","2026-07-07T19:19:20.035000","6a33ffec680751eb87071f8a","renato.caraujo@goias.gov.br","false"
"2026-07-07","Lucas Façanha de Oliveira Carvalho","","false","17:00","69cab53f95aecd6313a1094a","18:00","Civil","agendado","6a4d4bd10e83ac1f2a233a8f","2026-07-07T18:56:17.925000","2026-07-07T18:56:17.925000","69e8b3d9db2701e07f3d9515","lucasoliveira.ifam@gmail.com","false"
"2026-07-07","Karla Correia Mendes","","false","16:00","69cab4850c384307831324d8","17:00","Civil","agendado","6a4d496176ea73c12ed3b2e8","2026-07-07T18:45:53.389000","2026-07-07T18:45:53.389000","69f0ab75971b3976ef33a57d","karlamendes1406@gmail.com","false"
"2026-07-07","Michelle Vitoria de Carvalho","","false","17:00","6a1d952333bdc732b32dcd93","18:00","Civil","agendado","6a4d485c9602a5d063046ec1","2026-07-07T18:41:32.135000","2026-07-07T18:41:32.135000","6a1985fdbfa475c3359e50e9","michellelouza51@gmail.com","false"
"2026-07-08","Camila Amâncio Araújo Valadares","","false","17:00","69cab528ab7b73583ccff6f6","18:00","Civil","agendado","6a4d435c4a24d69cbbcce36b","2026-07-07T18:20:12.347000","2026-07-07T18:20:12.347000","69e8b3cd699596113662a7d8","camilaavaladares@gmail.com","false"
"2026-07-07","Camila Araújo da Silva Camargo ","","false","17:00","6a1f18c59f142977ff6acbcc","18:00","Civil","agendado","6a4d42261a2942fa247bf9c4","2026-07-07T18:15:02.390000","2026-07-07T18:15:02.390000","6a1edae1ec39cbeae99f36a2","camila20araujo17@gmail.com","false"
"2026-07-07","Giselle Pereira Pinheiro","","false","17:00","69cab54a703ff883d0956cd6","18:00","Civil","agendado","6a4d41fc015f0a131d3d3850","2026-07-07T18:14:20.382000","2026-07-07T18:14:20.382000","6a3979a5d52592bdf8005925","giselleqi@gmail.com","false"
"2026-07-07","Yasmin Medeiros de Oliveira","","false","17:00","69cab4ef4a0411830b859b44","18:00","Civil","agendado","6a4d40465b9d2ebc05a80045","2026-07-07T18:07:02.163000","2026-07-07T18:07:02.163000","6a103a63f80a4bf1ed8e6c76","yasmin.meira.265@gmail.com","false"
"2026-07-07","Gabriele Batista","","false","16:00","69cab4e300553dca6de39a7f","17:00","Civil","faltou","6a4d37d12565b4949318411b","2026-07-07T17:30:57.127000","2026-07-07T20:03:49.043000","69f8d5031b4731838f3aa4db","gabrielecastro01@gmail.com","false"
"2026-07-08","Elisa Parreira de Castro Alves","","false","12:00","69cab4958987e567777aa8e9","13:00","Civil","agendado","6a4d26a7ffd77703d925f1aa","2026-07-07T16:17:43.142000","2026-07-07T16:17:43.142000","69f3539372bfccf5cae537b8","elisa.pdca@gmail.com","false"
"2026-07-07","Amanda Barbosa Andrade","","false","19:00","6a47ac66a48bf6645814cb71","20:00","Civil","agendado","6a4d21f61f2be02ec0b0f22d","2026-07-07T15:57:42.744000","2026-07-07T15:57:42.744000","6a47aa1a643b6c44c21f4fb5","amandandrade.barbosa@gmail.com","false"
"2026-07-08","Diego Fernandes Dias","","false","12:00","6a440b7234bf0c812b4545a5","13:00","Civil","agendado","6a4d1fe770a16b5b2e6ae807","2026-07-07T15:48:55.588000","2026-07-07T15:48:55.588000","6a43b3e40d04dbbe8234b278","diegodias.jur@gmail.com","false"
"2026-07-07","Indiara Porfírio Ribeiro","","false","15:00","69cab48c17c5690cf3d30c6d","16:00","Civil","agendado","6a4d1fa1d01f7ac4a730930f","2026-07-07T15:47:45.340000","2026-07-07T15:47:45.340000","69e8b3bf55bcfeb78675459e","indiarajujuba@gmail.com","false"
"2026-07-07","Vanessa Ferreira de Oliveira","","false","13:00","69cab4e3eddee6987dc1c711","14:00","Civil","agendado","6a4d1e3bce1508e5bf6dc433","2026-07-07T15:41:47.055000","2026-07-07T15:41:47.055000","6a1d949ce6e13dcecedb709f","vanessaferdoli@gmail.com","false"
"2026-07-07","Hérika Pabline Lima Veras","","false","13:00","6a15d611390b03b5280412b4","14:00","Civil","agendado","6a4d1e0c3863c42f8eb90bbf","2026-07-07T15:41:00.412000","2026-07-07T17:11:16.947000","6a15cb855ddae0a12bbc417c","herikapabline@gmail.com","false"
"2026-07-08","Ana Gabriela Azevedo de Carvalho","","false","13:00","69cab48362078b73df941f5f","14:00","Civil","agendado","6a4d1cf794840c6d3044908e","2026-07-07T15:36:23.754000","2026-07-07T15:36:23.754000","6a32dd64fa8afd91fe1039d0","ag3746498@gmail.com","false"
"2026-07-07","Fábio Assunção Guimarães","","false","13:00","6a4528801d33942bc14d90e7","14:00","Civil","agendado","6a4d1c0ad059f8a7a3b1974a","2026-07-07T15:32:26.088000","2026-07-07T15:32:26.088000","6a26c3bbefcba7841f4596c5","fabimeu@gmail.com","false"
"2026-07-08","Jessyca Batista Resende Duarte","","false","11:00","69cab5568644ff0eec993229","12:00","Civil","agendado","6a4d1bd47fe15b2ac2e5da78","2026-07-07T15:31:32.698000","2026-07-07T15:31:32.698000","6a2aea18fd1686c8476a4f29","jes_syca13@hotmail.com","false"
"2026-07-07","Inglyd da Paz Ribeiro","","false","13:00","69cab4833d652cdad2226c29","14:00","Civil","agendado","6a4d14e2060b3295347347d1","2026-07-07T15:01:54.649000","2026-07-07T15:01:54.649000","6a3979a6e675b117e5394175","inglyd26@gmail.com","false"
"2026-07-07","Hugo Leonardo de Araújo Godinho","","false","12:00","6a2c155eb386f640b1e5948b","13:00","Civil","agendado","6a4d131dcc3d81da4e47e497","2026-07-07T14:54:21.268000","2026-07-07T14:54:21.268000","6a2aaefdbbb8d301bdfff035","hugo.godinho@goias.gov.br","false"
"2026-07-07","Nilton Barbosa Coelho","","false","12:00","69cab49682d361e5e28db07c","13:00","Civil","agendado","6a4d12e7558e1762bcffa54e","2026-07-07T14:53:27.352000","2026-07-07T19:36:30.733000","69e8b3b4c17154e6b5f73e0c","nilton.sead@gmail.com","false"
"2026-07-07","Ana Carolina Costa Lopes","","false","12:00","6a05cad8fdd8033d12dca29c","13:00","Civil","agendado","6a4d0fd8204916758b4e9111","2026-07-07T14:40:24.120000","2026-07-07T16:41:43.366000","69f0e73466476bce7c30c689","acclopes.direito@gmail.com","false"
"2026-07-07","Felipe Junqueira Mariano","","false","12:00","69cab4fa2f92da87a7de44b0","13:00","Civil","agendado","6a4d0eda3c3224d41b2e59e8","2026-07-07T14:36:10.078000","2026-07-07T14:36:10.078000","6a045784a0d5f992481b9d74","felipejmarianor@gmail.com","false"
"2026-07-07","Nádya de Sá Almeida Costa Silva","","false","12:00","69cab48b36611447155e197c","13:00","Civil","agendado","6a4d0ed5d27fd027da23b5df","2026-07-07T14:36:05.414000","2026-07-07T16:28:21.969000","69f09cc40b09eba29a789e8a","eng.nadyasa@gmail.com","false"
"2026-07-07","Heitor de Lima Matos","","false","17:00","69cab4c8c8cd01b45dcf7866","18:00","Civil","agendado","6a4d0924e4af2966d412e173","2026-07-07T14:11:48.163000","2026-07-07T14:11:48.163000","6a4402dc0923f2d4c55df9f4","heitorlima@gmail.com","false"
"2026-07-07","Keiliana Cézar ","","false","12:00","6a020eac43fd47bf2e8eb231","13:00","Civil","agendado","6a4d08f9f024716efcec70d9","2026-07-07T14:11:05.652000","2026-07-07T14:11:05.652000","69f8d4ffb937cd00dda8b1d3","kellycesar517@gmail.com","false"
"2026-07-07","Helena de Castro Côrtes","","false","13:00","6a16e9a8f78a8dd4bceafe2a","14:00","Civil","agendado","6a4d08e2be5a8a6047b5da73","2026-07-07T14:10:42.288000","2026-07-07T14:10:42.288000","6a16e52b80d218340615bc21","helena.gegeo@gmail.com","false"
"2026-07-07","Anna Gabriella Pacheco Arantes ","","false","13:00","6a3982de24678b7c56c6eb95","14:00","Civil","agendado","6a4d08da842b132b43212fa6","2026-07-07T14:10:34.656000","2026-07-07T17:34:12.721000","6a15a10e7ccbb48781b7c1a9","anagabipacheco145@gmail.com","false"
"2026-07-07","Helder Lieberenz Camilo","","false","12:00","6a28490940b20bf445d77ea6","13:00","Civil","agendado","6a4d05d169e394289560f9b8","2026-07-07T13:57:37.873000","2026-07-07T16:25:04.122000","6a28488fb42e0b4d317ef9f5","heldersecami@gmail.com","false"
"2026-07-07","Sandra Barreto Teles ","","false","13:00","6a4cfffc1d48bd477de41287","14:00","Civil","agendado","6a4d01ad7c79626053850539","2026-07-07T13:39:57.908000","2026-07-07T19:36:38.022000","6a4bee24b98a69b27ac727b4","barretoteles95@gmail.com","false"
"2026-07-08","Léa Rosane Barcelos","","false","11:00","69cab555f127d1812d9c958f","12:00","Civil","agendado","6a4d00c54b125914ef531bcc","2026-07-07T13:36:05.957000","2026-07-07T13:36:05.957000","69eb7145a368132a1e810354","learosane@gmail.com","false"
"2026-07-07","Raquel Caroline Ribeiro D e Lima","","false","11:00","69cab51b4b8ed336c11dff65","12:00","Civil","agendado","6a4cff7b7833f12d2be7b3a3","2026-07-07T13:30:35.368000","2026-07-07T13:30:35.368000","69fe289475c7fd5b9a27c574","raquelcribeiro.adv@gmail.com","false"
"2026-07-07","Agda Magalhães Cruz","","false","17:00","6a43ed61d21599d201f6d4e3","18:00","Civil","agendado","6a4cfd08b29cf5687db65510","2026-07-07T13:20:08.889000","2026-07-07T13:20:08.889000","6a3e79645dd2faa01e3bb7ab","real.agda@gmail.com","false"
"2026-07-07","Matheus Oliveira Timoteo ","","false","11:00","6a15d6bf895510a04628e9e5","12:00","Civil","agendado","6a4cfcdc726e7a3d6dbeb8ac","2026-07-07T13:19:24.896000","2026-07-07T13:19:24.896000","69eb9fecf7d07564929ed82e","mathubaixista@gmail.com","false"
"2026-07-07","Daniele Serafim de Souza Kliemann","","false","12:00","6a1843cfd579775e62d16cd4","13:00","Civil","agendado","6a4cfc9097fa582feb92c54e","2026-07-07T13:18:08.012000","2026-07-07T16:23:20.148000","6a172ad4172b5169721ad5d7","danieleserafim.adv@gmail.com","false"
"2026-07-07","Ismael José dos Santos Filho","","false","12:00","69cab50d46c2a710ba93c1d4","13:00","Civil","agendado","6a4cfaca67104e902e3408bd","2026-07-07T13:10:34.574000","2026-07-07T13:10:34.574000","69eb714b124295d4decc3504","ismaelfilho.adv@gmail.com","false"
"2026-07-07","Ismael José dos Santos Filho","","false","12:00","69cab50d46c2a710ba93c1d4","13:00","Civil","agendado","6a4cf9faf88ac5970e66be76","2026-07-07T13:07:06.108000","2026-07-07T13:07:06.108000","69eb714b124295d4decc3504","ismaelfilho.adv@gmail.com","false"
"2026-07-07","Rayanny Christinny da Silva Carmo","","false","11:00","69cab483e6e1052ce52e6988","12:00","Civil","agendado","6a4cf8cec9dfe053f12e667a","2026-07-07T13:02:06.100000","2026-07-07T13:02:06.100000","6a319335edfe428978aac2ad","rayannychristinny700@gmail.com","false"
"2026-07-07","Keiliane dos Santos Silva","","false","11:00","69cab4841ce56b674d36384d","12:00","Civil","agendado","6a4cf6402426466b82fbb66b","2026-07-07T12:51:12.281000","2026-07-07T12:51:12.281000","69e8b410c23f02f059fbe081","keilineker@gmail.com","false"
"2026-07-07","Mel Cardoso Souza","","false","11:00","69cab4844ae3b7f6a68fd705","12:00","Civil","agendado","6a4cf60ed10cacf7912792cc","2026-07-07T12:50:22.560000","2026-07-07T12:50:22.560000","69e8b3e718a06dc553782bd2","mel2005cardoso@gmail.com","false"
"2026-07-07","Ivana Cabral Oliveira Barros","","false","12:00","6a2974022b3dd13c18f053ec","13:00","Civil","agendado","6a4cf5c593135681c3f170b7","2026-07-07T12:49:09.916000","2026-07-07T16:23:51.807000","6a28493d95b7e99c5f2c08f2","nutr.ivana@gmail.com","false"
"2026-07-07","Maria Águeda Silva","","false","12:00","6a0cb5ca9c2781a0ddd0e9d3","13:00","Civil","agendado","6a4cf2eea9a566533ea61392","2026-07-07T12:37:02.822000","2026-07-07T19:35:57.411000","6a0caf60ce38c927e233214b","mariaaguedas@gmail.com","false"
"2026-07-07","Sandra Francisca Bandeira ","","false","12:00","6a16ff021e7aed126219459f","13:00","Civil","agendado","6a4cf179e70db5190dfb125f","2026-07-07T12:30:49.241000","2026-07-07T16:24:28.151000","6a0caf5d2f6ef5a33a3d14c9","sandrabandeira.adv@gmail.com","false"
"2026-07-08","Andressa Kristtyna Rodrigues Oliveira","","false","13:00","69cab533705403585c687b9e","14:00","Civil","agendado","6a4cf048d2f47b6ea8fdd888","2026-07-07T12:25:44.993000","2026-07-07T12:25:44.993000","6a1edae225e1f39bf869001a","andressakoliveira.tur@gmail.com","false"
"2026-07-08","Geovana Monteiro da Silva","","false","13:00","69cab483f6786b7148f4c689","14:00","Civil","agendado","6a4cefcaabf00a744b0e0d8b","2026-07-07T12:23:38.894000","2026-07-07T12:23:38.894000","69ec0f73c400e529d8b7c8bb","geovanamts02@gmail.com","false"
"2026-07-07","Paulo Sérgio da Silva Lobo","","false","12:00","69cab4e3c3a97d05a892dabe","13:00","Civil","agendado","6a4cef1c348cf8b1642da5d6","2026-07-07T12:20:44.173000","2026-07-07T19:36:24.773000","6a1f14ca9d86f5520fc72468","pauloloboquimico@gmail.com","false"
"2026-07-08","Rafael Santana Marinho","","false","12:00","69cab53eac828741aaea5afd","13:00","Civil","agendado","6a4ceae15a77a0decb955727","2026-07-07T12:02:41.870000","2026-07-07T12:02:41.870000","69fb769eb6cc56e25e03373f","rflmarinho8@gmail.com","false"
"2026-07-09","Morian Scussel Malburg","","false","08:00","69cab53deddee6987dc1c800","09:00","Civil","agendado","6a4ce811e7c3567227c46221","2026-07-07T11:50:41.456000","2026-07-07T11:50:41.456000","69e8b3dfc275cae65aee1aa2","morianmalburg@gmail.com","false"
"2026-07-08","Marcia da Silva Coutinho","","false","13:00","69cab53186a8212571cbebfa","14:00","Civil","agendado","6a4ce75fce187c7dbed831d7","2026-07-07T11:47:43.059000","2026-07-07T11:47:43.059000","69f1eb6d936f80ebdd9a578e","marcinhacoutinho.foto@gmail.com","false"
"2026-07-07","Iracy Maria Marinho","","false","10:00","69cab4b09d4550a5367fa605","11:00","Civil","agendado","6a4ce69848e6491f5c43f306","2026-07-07T11:44:24.293000","2026-07-07T11:44:24.293000","6a020e37b60fef97178bbd4d","iracym605@gmail.com","false"
"2026-07-07","Alana Fernandes Moraes","","false","12:00","6a15ccd8859bf2eacc6d0c3e","13:00","Civil","agendado","6a4ce610bcd94a77013188c5","2026-07-07T11:42:08.631000","2026-07-07T16:26:38.905000","6a15a1177c946f89a4e3deb6","alanafernandesmoraes@gmail.com","false"
"2026-07-08","Lázara Tatiana Pereira de Lima","","false","07:00","69cab5409b141921d6a9bac9","08:00","Civil","agendado","6a4ce524bdaddb6122cc93d8","2026-07-07T11:38:12.114000","2026-07-07T11:38:12.114000","69e8b3d7f0a0a48eb1af80d9","sesmt.publico@gmail.com","false"
"2026-07-08","Rafael Branquinho Xavier","","false","11:00","6a47baea86dae8cbf35b88a3","12:00","Civil","faltou","6a4ce26322addc59a38159f5","2026-07-07T11:26:27.590000","2026-07-08T15:03:50.781000","6a47ba718a913649fc8dfd6f","rafaelbranquinhoadv@gmail.com","false"
"2026-07-08","Jhulli Êmily Martins Nunes","","false","11:00","69cab48cce1c3df3215b2752","12:00","Civil","agendado","6a4ce1f6b02c257647c2a0bf","2026-07-07T11:24:38.017000","2026-07-07T11:24:38.017000","69e8b3e6578c929cf94963e6","jhulliemily2014@gmail.com","false"
"2026-07-08","Andrea Gonçalves Fonseca","","false","07:00","69cab51d1406725f35a35aea","08:00","Civil","agendado","6a4ce02e337717085178c097","2026-07-07T11:17:02.516000","2026-07-07T11:17:02.516000","6a0caf6101940cd03cbfc270","andreagyn2020@gmail.com","false"
"2026-07-08","Vanessa Pereira de Carvalho","","false","13:00","69cab510bf777218eaaa8d8f","14:00","Civil","agendado","6a4cdfd595313dd1d12d929a","2026-07-07T11:15:33.544000","2026-07-07T11:15:33.544000","69f3a2c36e4365ec9df1c914","vanessapereiraluz@gmail.com","false"
"2026-07-07","Edirene Silva Mendes","","false","10:00","69cab53444dabb56e3aef606","11:00","Civil","agendado","6a4cde308b59b4d01eb7a59c","2026-07-07T11:08:32.204000","2026-07-07T11:08:32.204000","6a28493ca016db521dd332b1","edirenemendes909@gmail.com","false"
"2026-07-07","Geovana Monteiro da Silva","","false","13:00","69cab483f6786b7148f4c689","14:00","Civil","agendado","6a4cddd595f6303d781e28d3","2026-07-07T11:07:01.682000","2026-07-07T11:07:01.682000","69ec0f73c400e529d8b7c8bb","geovanamts02@gmail.com","false"
"2026-07-07","Diêssa Pontes Cruz","","false","09:00","69cab547bd2926025f139df4","10:00","Civil","agendado","6a4cdc9676ced7f22e8a8e46","2026-07-07T11:01:42.468000","2026-07-07T13:37:19.301000","69e8b41d874d2bd5ad2a947f","diessacruz@gmail.com","false"
"2026-07-07","Francislene Monteiro Lima","","false","17:00","69cab5336d09f1ead4a603b5","18:00","Civil","agendado","6a4cdaf3ee1a87cd8a92c5ee","2026-07-07T10:54:43.064000","2026-07-07T10:54:43.064000","69eb71414c5a3877ecd8a887","efmonteiro04@gmail.com","false"
"2026-07-07","Jucelia Mendes da Silva","","false","08:00","6a303c163272ed4fdd6817f4","09:00","Civil","agendado","6a4cdaac9127cfcb65927556","2026-07-07T10:53:32.625000","2026-07-07T10:53:32.625000","6a3009da39c9725d4a9c2c9d","juceliajuhhhhhhh@gmail.com","false"
"2026-07-07","Ronaldo Costa Fernandes Silveira","","false","11:00","69cab50ec82236d9d8a777b4","12:00","Civil","agendado","6a4cc41fa4a58ebdf7c8bb6c","2026-07-07T09:17:19.317000","2026-07-07T09:17:19.317000","6a0caf604d1a53c971b1f7d8","ronaldocosta.fernandes@gmail.com","false"
"2026-07-07","Patrícia Gomes Fleuri Cunha","","false","07:00","6a103b0bb218f6109a5263e2","08:00","Civil","agendado","6a4cc05887058eae2d49dd19","2026-07-07T09:01:12.769000","2026-07-07T09:01:12.769000","6a0caf6598b093e0931ff6a8","patricia.cunha@goias.gov.br","false"
"2026-07-07","Adriana Nascimento Damascena","","false","07:00","69cab54aba0b7b3f017ab41b","08:00","Civil","agendado","6a4cb2806317214a1e71e67f","2026-07-07T08:02:08.823000","2026-07-07T16:25:29.580000","69fe2888f5ab4b90269bc1b0","85383884dri@gmail.com","false"
"2026-07-07","Adriana Nascimento Damascena","","false","07:00","69cab54aba0b7b3f017ab41b","08:00","Civil","faltou","6a4cb2809ecf7b5b65fe6c96","2026-07-07T08:02:08.455000","2026-07-07T11:48:48.491000","69fe2888f5ab4b90269bc1b0","85383884dri@gmail.com","false"
"2026-07-07","Guilherme Augusto Fortuna Ferreira","","false","18:00","6a47ab32b17447cad40df4b6","19:00","Civil","agendado","6a4c5de7cf4351ca61852c86","2026-07-07T02:01:11.783000","2026-07-07T02:01:11.783000","6a4527dd86ec9402dace7a07","guilhermefortunax@gmail.com","false"
"2026-07-08","Clarissa dos Santos Melo Duarte","","false","17:00","69cab4b05e5de2d972aae6a0","18:00","Civil","agendado","6a4c44bbf7e7a3359958faed","2026-07-07T00:13:47.699000","2026-07-07T00:13:47.699000","6a2aaf023a2bb1378a22db13","clarissasmelo@gmail.com","false"
"2026-07-07","Leandra da Cruz Matos","","false","11:00","6a46b4a1a4c8e2b27622066c","12:00","Civil","agendado","6a4c302f3e20edd4e2f1c225","2026-07-06T22:46:07.996000","2026-07-06T22:46:07.996000","6a4527e09d14fcde539e804e","leandramatos5@gmail.com","false"
"2026-07-07","Antônio Gabriel Marcimiano de Moraes","","false","17:00","69cab5533f4cbe4cc715f000","18:00","Civil","agendado","6a4c2c1b25cc24dfe33d76c5","2026-07-06T22:28:43.218000","2026-07-06T22:28:43.218000","69e8bd46281c43278d0d48e9","gabrielgynh@gmail.com","false"
"2026-07-07","Morian Scussel Malburg","","false","08:00","69cab53deddee6987dc1c800","09:00","Civil","agendado","6a4c1e177b1c2459b238aaff","2026-07-06T21:28:55.157000","2026-07-06T21:28:55.157000","69e8b3dfc275cae65aee1aa2","morianmalburg@gmail.com","false"
"2026-07-06","Guilherme Lima de Sena","","false","18:00","69cab51d8bf415ccbaf6955b","19:00","Civil","agendado","6a4c15ffbe483e3e4e329af3","2026-07-06T20:54:23.350000","2026-07-06T20:54:23.350000","69f8d5070e6979860429cfd6","guisenna73@gmail.com","false"
"2026-07-07","Armando alves feitosa","","false","07:00","6a3981de33ef8f3bb08c5477","08:00","Civil","agendado","6a4c10f3e71a4e9889f028d3","2026-07-06T20:32:51.037000","2026-07-06T20:32:51.037000","6a3979acb5b039096e4deaec","armando.feitosa@gmail.com","false"
"2026-07-07","Thayane Cristina Tavares da Silva","","false","19:00","69efa4149a982f6976102820","20:00","Civil","agendado","6a4c0f2856303076ebb36a28","2026-07-06T20:25:12.415000","2026-07-06T20:25:12.415000","69e8b3ac72ff58fcfafa20b1","cristinathco@gmail.com","false"
"2026-07-06","Thayane Cristina Tavares da Silva","","false","19:00","69efa4149a982f6976102820","20:00","Civil","agendado","6a4c0f1a2ceb87bc4550971f","2026-07-06T20:24:58.969000","2026-07-06T20:24:58.969000","69e8b3ac72ff58fcfafa20b1","cristinathco@gmail.com","false"
"2026-07-07","Lázara Tatiana Pereira de Lima","","false","07:00","69cab5409b141921d6a9bac9","08:00","Civil","agendado","6a4c0eaba1866812eb80630a","2026-07-06T20:23:07.442000","2026-07-06T20:23:07.442000","69e8b3d7f0a0a48eb1af80d9","sesmt.publico@gmail.com","false"
"2026-07-07","Antonino Batista Júnior","","false","18:00","69cab53d8efef97e8a0f03b3","19:00","Civil","agendado","6a4c0e6690323ebe1b22dd89","2026-07-06T20:21:58.951000","2026-07-06T20:21:58.951000","69e8b3ceaa15a6de33954e67","antoninobj@gmail.com","false"
"2026-07-06","Antonino Batista Júnior","","false","18:00","69cab53d8efef97e8a0f03b3","19:00","Civil","agendado","6a4c0e2b6ab324beb68feb8c","2026-07-06T20:20:59.025000","2026-07-06T20:20:59.025000","69e8b3ceaa15a6de33954e67","antoninobj@gmail.com","false"
"2026-07-07","Jessyca Batista Resende Duarte","","false","11:00","69cab5568644ff0eec993229","12:00","Civil","agendado","6a4c032b529f7c12f17cf1fe","2026-07-06T19:34:03.510000","2026-07-06T19:34:03.510000","6a2aea18fd1686c8476a4f29","jes_syca13@hotmail.com","false"
"2026-07-06","Renato Cortes Araujo","","false","18:00","6a3e7ceed7b5cc8026d9de19","19:00","Civil","agendado","6a4bfcbcf330e13ecf3a192f","2026-07-06T19:06:36.758000","2026-07-06T19:06:36.758000","6a33ffec680751eb87071f8a","renato.caraujo@goias.gov.br","false"
"2026-07-06","Lilian Sousa Ribeiro ","","false","17:00","6a2ab495dd0a4b30a31fc926","18:00","Civil","faltou","6a4bf9eac0458312f5e62b76","2026-07-06T18:54:34.577000","2026-07-06T21:03:51.896000","6a16e530d523f85a83c52aa9","lilicabiologa17@gmail.com","false"
"2026-07-06","Patrícia Gomes Fleuri Cunha","","false","16:00","6a103b0bb218f6109a5263e2","17:00","Civil","agendado","6a4bf88433fe79e1b6195f52","2026-07-06T18:48:36.806000","2026-07-06T18:48:36.806000","6a0caf6598b093e0931ff6a8","patricia.cunha@goias.gov.br","false"
"2026-07-06","Camila Costa Marinho","","false","19:00","6a304dbb6505c47b19606f12","20:00","Civil","agendado","6a4bf79c12e6ddaf14e69937","2026-07-06T18:44:44.091000","2026-07-06T18:44:44.091000","6a2aea1cd0de8de3acfb63a3","camilacostamm11@gmail.com","false"
"2026-07-06","Karla Correia Mendes","","false","16:00","69cab4850c384307831324d8","17:00","Civil","agendado","6a4bf20dce44ed445f95cf8a","2026-07-06T18:21:01.368000","2026-07-06T18:21:01.368000","69f0ab75971b3976ef33a57d","karlamendes1406@gmail.com","false"
"2026-07-06","Amanda Barbosa Andrade","","false","19:00","6a47ac66a48bf6645814cb71","20:00","Civil","agendado","6a4bf1c0579b0540301b9b55","2026-07-06T18:19:44.661000","2026-07-06T18:19:44.661000","6a47aa1a643b6c44c21f4fb5","amandandrade.barbosa@gmail.com","false"
"2026-07-07","Eliane da Silva Conceição Marques","","false","16:00","69cab4b766090b91bf8f7c92","17:00","Civil","agendado","6a4bf02a01fb711dff43665f","2026-07-06T18:12:58.855000","2026-07-06T18:12:58.855000","6a3e795da19a91be96c573f1","eliianemarquees@gmail.com","false"
"2026-07-06","Michelle Vitoria de Carvalho","","false","17:00","6a1d952333bdc732b32dcd93","18:00","Civil","agendado","6a4beb641a3f49a0e1b745e9","2026-07-06T17:52:36.389000","2026-07-06T17:52:36.389000","6a1985fdbfa475c3359e50e9","michellelouza51@gmail.com","false"
"2026-07-07","Mariana Albino da Silva","","false","07:00","69cab485b105230925053def","08:00","Civil","agendado","6a4be7e0862b53c77fe150dd","2026-07-06T17:37:36.999000","2026-07-06T17:37:36.999000","69f1eb6197b49acac81ad46a","mariana.albinosilva85@gmail.com","false"
"2026-07-07","Laiz de Moraes Silva","","false","13:00","69cab4a6cb0eeca73fb0ea1f","14:00","Civil","agendado","6a4be6649c5c31a5d7cd19c3","2026-07-06T17:31:16.050000","2026-07-06T17:31:16.050000","6a1985ff6640af2a5735033f","laiz.geaco@gmail.com","false"
"2026-07-06","Ambrosiane de Sousa Leite","","false","17:00","6a04588acee8394872f618be","18:00","Civil","agendado","6a4be6456bde888628f52ef7","2026-07-06T17:30:45.330000","2026-07-06T17:30:45.330000","69fe287cc22d6cfcf39669d0","ambrosiane.adv@gmail.com","false"
"2026-07-06","Ambrosiane de Sousa Leite","","false","17:00","6a04588acee8394872f618be","18:00","Civil","agendado","6a4be644c28d35b9f5364883","2026-07-06T17:30:44.773000","2026-07-06T17:30:44.773000","69fe287cc22d6cfcf39669d0","ambrosiane.adv@gmail.com","false"
"2026-07-06","Leandra da Cruz Matos","","false","17:00","6a46b4a1a4c8e2b27622066c","18:00","Civil","agendado","6a4be559b2d95d1b2b048704","2026-07-06T17:26:49.289000","2026-07-06T17:26:49.289000","6a4527e09d14fcde539e804e","leandramatos5@gmail.com","false"
"2026-07-06","Ana Clara Barbacena Camelo","","false","19:00","69cab496d430c0cf1dbd7e72","20:00","Civil","agendado","6a4be438b56a51b69ac05eb1","2026-07-06T17:22:00.033000","2026-07-06T17:22:00.033000","69f0e732a32f7ffb33e50f1b","anaclarabarbacena@gmail.com","false"
"2026-07-06","Sophia Lannah Beatriz Ferreira de Sousa","","false","18:00","69cab498f494b0e0a3a2252c","19:00","Civil","agendado","6a4be2cd8525826937688c76","2026-07-06T17:15:57.840000","2026-07-06T17:15:57.840000","69e8b3e3ed8dfc592768740f","sophialannah123@gmail.com","false"
"2026-07-06","Nilton Barbosa Coelho","","false","17:00","69cab49682d361e5e28db07c","18:00","Civil","agendado","6a4bdbc6a417d3971b0f8be7","2026-07-06T16:45:58.081000","2026-07-06T16:45:58.081000","69e8b3b4c17154e6b5f73e0c","nilton.sead@gmail.com","false"
"2026-07-06","Alana Fernandes Moraes","","false","16:00","6a15ccd8859bf2eacc6d0c3e","17:00","Civil","agendado","6a4bd7370c696f6d32165d2d","2026-07-06T16:26:31.546000","2026-07-06T16:26:31.546000","6a15a1177c946f89a4e3deb6","alanafernandesmoraes@gmail.com","false"
"2026-07-06","Ana Carolina Costa Lopes","","false","18:00","6a05cad8fdd8033d12dca29c","19:00","Civil","agendado","6a4bd6d18535fff5e0938c5d","2026-07-06T16:24:49.668000","2026-07-06T16:24:49.668000","69f0e73466476bce7c30c689","acclopes.direito@gmail.com","false"
"2026-07-06","Ana Carolina Costa Lopes","","false","18:00","6a05cad8fdd8033d12dca29c","19:00","Civil","agendado","6a4bd6d1302b7cde616c32da","2026-07-06T16:24:49.367000","2026-07-06T16:24:49.367000","69f0e73466476bce7c30c689","acclopes.direito@gmail.com","false"
"2026-07-06","Giovanna Alves Guardiere ","","false","17:00","69fc846f76670092689fba5b","18:00","Civil","agendado","6a4bd38b0b248a4ce540579a","2026-07-06T16:10:51.032000","2026-07-06T16:10:51.032000","69f3a2bdd479a05ce50eb8df","giovannaalves978@gmail.com","false"
"2026-07-06","Helena de Castro Côrtes","","false","14:00","6a16e9a8f78a8dd4bceafe2a","15:00","Civil","agendado","6a4bd3293bf749c41f1f79d7","2026-07-06T16:09:13.346000","2026-07-06T16:09:13.346000","6a16e52b80d218340615bc21","helena.gegeo@gmail.com","false"
"2026-07-07","RAQUEL RODRIGUES DE SOUZA","","false","10:00","6a47ab95a6568cd214130beb","11:00","Civil","agendado","6a4bd07a0706ee9f0b7a4905","2026-07-06T15:57:46.059000","2026-07-06T15:57:46.059000","6a455e46430068bca0693558","raquelrodrigues.souza@gmail.com","false"
"2026-07-06","Gabriele Batista","","false","16:00","69cab4e300553dca6de39a7f","17:00","Civil","agendado","6a4bcb26599f66f5e9169fda","2026-07-06T15:35:02.823000","2026-07-06T15:35:02.823000","69f8d5031b4731838f3aa4db","gabrielecastro01@gmail.com","false"
"2026-07-06","Talíta Maria Carvalho de Lima ","","false","13:00","6a1093b55c869df7da1218e1","14:00","Civil","agendado","6a4bc986d86963a5660f7c72","2026-07-06T15:28:06.379000","2026-07-06T17:05:20.358000","6a10924dc377ea5adc55fbdc","ttalitalima@gmail.com","false"
"2026-07-06","Talíta Maria Carvalho de Lima ","","false","13:00","6a1093b55c869df7da1218e1","14:00","Civil","faltou","6a4bc9838219cadf34850b82","2026-07-06T15:28:03.924000","2026-07-06T17:03:50.089000","6a10924dc377ea5adc55fbdc","ttalitalima@gmail.com","false"
"2026-07-06","Talíta Maria Carvalho de Lima ","","false","13:00","6a1093b55c869df7da1218e1","14:00","Civil","faltou","6a4bc98381cd3ba958cbb513","2026-07-06T15:28:03.787000","2026-07-06T17:03:50.607000","6a10924dc377ea5adc55fbdc","ttalitalima@gmail.com","false"
"2026-07-07","Monalisa Lopes da Silva ","","false","07:00","6a398374607472e9a3819930","08:00","Civil","agendado","6a4bc6dae9b0a0daa1ccfa25","2026-07-06T15:16:42.017000","2026-07-06T15:16:42.017000","6a3981f6dd2033d4e2eef307","monalisalopessilva@gmail.com","false"
"2026-07-07","Andrea Gonçalves Fonseca","","false","07:00","69cab51d1406725f35a35aea","08:00","Civil","agendado","6a4bc6c39d4670150f3caa5b","2026-07-06T15:16:19.634000","2026-07-06T15:16:19.634000","6a0caf6101940cd03cbfc270","andreagyn2020@gmail.com","false"
"2026-07-06","Lariza Cori Thomaz Nogueira","","false","13:00","69f1fc1f966c41d8f2d01ced","14:00","Civil","agendado","6a4bc641b7071954dfaeee88","2026-07-06T15:14:09.706000","2026-07-06T15:14:09.706000","69f3a2c6bc8b6cab6e884a64","lilariza.cori@gmail.com","false"
"2026-07-06","Caio César Silva Oliveira","","false","18:00","69cab5528917bc7d06ec9f36","19:00","Civil","agendado","6a4bc4cd446d7112bb441695","2026-07-06T15:07:57.773000","2026-07-06T15:07:57.773000","69e8b3c510a6ab1ad3da4cd2","caiooliveira92@gmail.com","false"
"2026-07-06","BETANIA APARECIDA HENKES VIAN","","false","12:00","6a397a1f1a9199a9c27a866f","13:00","Civil","agendado","6a4bc2bdcf10a9f5dc440647","2026-07-06T14:59:09.973000","2026-07-06T14:59:09.973000","6a3009d25c11e724cbe84a54","betaniavian@gmail.com","false"
"2026-07-06","Keiliana Cézar ","","false","12:00","6a020eac43fd47bf2e8eb231","13:00","Civil","agendado","6a4bc29ba16725f4c22d347c","2026-07-06T14:58:35.965000","2026-07-06T14:58:35.965000","69f8d4ffb937cd00dda8b1d3","kellycesar517@gmail.com","false"
"2026-07-06","Daniele Serafim de Souza Kliemann","","false","12:00","6a1843cfd579775e62d16cd4","13:00","Civil","agendado","6a4bc08e6c978317ed9a08ff","2026-07-06T14:49:50.789000","2026-07-06T14:49:50.789000","6a172ad4172b5169721ad5d7","danieleserafim.adv@gmail.com","false"
"2026-07-06","Raniery Morais Miranda","","false","13:00","69cab5298bf415ccbaf69560","14:00","Civil","agendado","6a4bc07ae621daa8b0e44fcc","2026-07-06T14:49:30.471000","2026-07-06T14:49:30.471000","69eb7130c8c6a653226322d0","mirandaraniery@gmail.com","false"
"2026-07-06","Hugo Leonardo de Araújo Godinho","","false","12:00","6a2c155eb386f640b1e5948b","13:00","Civil","agendado","6a4bbbcd742f08e31560b92e","2026-07-06T14:29:33.243000","2026-07-06T16:54:07.651000","6a2aaefdbbb8d301bdfff035","hugo.godinho@goias.gov.br","false"
"2026-07-06","Jussara Veloso Soares","","false","12:00","6a1068229af4569714fb8756","13:00","Civil","agendado","6a4bbbb37525a207ce822f6a","2026-07-06T14:29:07.593000","2026-07-06T14:29:07.593000","6a103a6a1a3bfb3d4318b2ea","jussara.vs@gmail.com","false"
"2026-07-07","Vanessa Pereira de Carvalho","","false","13:00","69cab510bf777218eaaa8d8f","14:00","Civil","agendado","6a4bbb4c15fbdf89d7f4ec0e","2026-07-06T14:27:24.310000","2026-07-07T19:35:46.302000","69f3a2c36e4365ec9df1c914","vanessapereiraluz@gmail.com","false"
"2026-07-06","Raynna Pereira Neves Barros","","false","12:00","69cab483bcb9efeb569c67e1","13:00","Civil","agendado","6a4bbabe73e129ca65db0ab1","2026-07-06T14:25:02.784000","2026-07-06T16:37:07.199000","69f0aa040009751ec470fa8b","nevesraynna@gmail.com","false"
"2026-07-07","Daniel Carlos dos Reis","","false","17:00","69efb877f2a849baa2f1590f","18:00","Civil","agendado","6a4bb7eb8fbfa1dfa7f5113a","2026-07-06T14:12:59.711000","2026-07-06T14:12:59.711000","69e8b3dcffadf846c595fa0c","danielreis0211@gmail.com","false"
"2026-07-06","Jonathas Prado","","false","12:00","69cab510f59bbda43a5c5d53","13:00","Civil","agendado","6a4bb696de99e7fc1ad5075e","2026-07-06T14:07:18.549000","2026-07-06T14:07:18.549000","69f9cbc0982435c5f5ca5e3b","jotapbio@gmail.com","false"
"2026-07-06","Thiago Marques Leão","","false","12:00","69cab49382a748187c66ec50","13:00","Civil","agendado","6a4bb5e2c7f118b77b6524f6","2026-07-06T14:04:18.091000","2026-07-06T14:04:18.091000","69e8b3a39df58dcdca94d144","thiagomarquesleao@gmail.com","false"
"2026-07-06","Carlos alexandre da costa ","","false","12:00","6a0cb0c2e3d9f640adbed26b","13:00","Civil","agendado","6a4bb4295b582e9de7f665cf","2026-07-06T13:56:57.905000","2026-07-06T13:56:57.905000","6a0caf62f88ae28daf8dd133","xandy.x12@gmail.com","false"
"2026-07-08","Márcia de Araújo Gontijo","","false","07:00","69cab4fa6634febf001eb740","08:00","Civil","agendado","6a4bb4244726ec4874ffdaa9","2026-07-06T13:56:52.090000","2026-07-06T13:56:52.090000","69fe28955bf56f9dc34635d2","marciagontijoadv@gmail.com","false"
"2026-07-06","Maria Águeda Silva","","false","12:00","6a0cb5ca9c2781a0ddd0e9d3","13:00","Civil","agendado","6a4bb3c0b147c6e04c551db0","2026-07-06T13:55:12.287000","2026-07-06T13:55:12.287000","6a0caf60ce38c927e233214b","mariaaguedas@gmail.com","false"
"2026-07-06","Brenuo Victor Rodrigues Barbosa","","false","13:00","69cab5409b141921d6a9baca","14:00","Civil","agendado","6a4bb333f8dc11d17fa169f1","2026-07-06T13:52:51.544000","2026-07-06T13:52:51.544000","6a022e0e6d475b0b2334af8e","brenuovrb@gmail.com","false"
"2026-07-06","Débora Maia Escher dos Santos","","false","11:00","69fc8102efce393880145d94","12:00","Civil","agendado","6a4bb30f1c38bd1b64269027","2026-07-06T13:52:15.664000","2026-07-06T13:52:15.664000","69fb76a1a9859e54ff79cc1b","deboraescher19@gmail.com","false"
"2026-07-06","Raphael de Lima Carvalho Moraes","","false","12:00","69cab4ee1d5dca09ed497c22","13:00","Civil","agendado","6a4bb26e5feeede8c798a4fb","2026-07-06T13:49:34.986000","2026-07-06T13:49:34.986000","69f243fdfed1f188950d4989","raphaelmoraes019@gmail.com","false"
"2026-07-06","Fábio Assunção Guimarães","","false","12:00","6a4528801d33942bc14d90e7","13:00","Civil","agendado","6a4bb26e145b7a00adbaf44c","2026-07-06T13:49:34.212000","2026-07-06T13:49:34.212000","6a26c3bbefcba7841f4596c5","fabimeu@gmail.com","false"
"2026-07-07","Barbara Pimenta Rodrigues","","false","18:00","6a3e7a3bc6f53e8a58abe9fe","19:00","Civil","faltou","6a4bb19f41d361d16d2f7f21","2026-07-06T13:46:07.675000","2026-07-07T22:03:49.028000","6a3e795fb1281dc9fdb2f029","barbaraprrodrigues@gmail.com","false"
"2026-07-06","Nádya de Sá Almeida Costa Silva","","false","12:00","69cab48b36611447155e197c","13:00","Civil","agendado","6a4bb0ec6a7a8aa5aaf159a8","2026-07-06T13:43:08.871000","2026-07-06T13:43:08.871000","69f09cc40b09eba29a789e8a","eng.nadyasa@gmail.com","false"
"2026-07-06","Marcos Lopes de Souza","","false","12:00","69cab4a6d886e77a5a0bd8f9","13:00","Civil","agendado","6a4bb0c26dcf0a6831bd151b","2026-07-06T13:42:26.019000","2026-07-06T13:42:26.019000","69efccfae228f77c31effa3e","marcos.lsouza@goias.gov.br","false"
"2026-07-06","Rayanny Christinny da Silva Carmo","","false","11:00","69cab483e6e1052ce52e6988","12:00","Civil","agendado","6a4bb0a368d2c099d5b55a1b","2026-07-06T13:41:55.014000","2026-07-06T13:41:55.014000","6a319335edfe428978aac2ad","rayannychristinny700@gmail.com","false"
"2026-07-06","Sandra Francisca Bandeira ","","false","12:00","6a16ff021e7aed126219459f","13:00","Civil","agendado","6a4bb014c15a3752f8dc88d8","2026-07-06T13:39:32.501000","2026-07-06T13:39:32.501000","6a0caf5d2f6ef5a33a3d14c9","sandrabandeira.adv@gmail.com","false"
"2026-07-07","Elisa Parreira de Castro Alves","","false","12:00","69cab4958987e567777aa8e9","13:00","Civil","agendado","6a4baf7f4838911e5f143bb5","2026-07-06T13:37:03.947000","2026-07-06T13:37:03.947000","69f3539372bfccf5cae537b8","elisa.pdca@gmail.com","false"
"2026-07-07","Larissa Lorrayne Alves da Silva","","false","12:00","69cab5270fc456ed86b144bb","13:00","Civil","agendado","6a4baf692742972e3631f022","2026-07-06T13:36:41.645000","2026-07-06T13:36:41.645000","6a0afc5e31801c9d02d0413d","larissa.lorraynee@gmail.com","false"
"2026-07-06","Larissa Lorrayne Alves da Silva","","false","12:00","69cab5270fc456ed86b144bb","13:00","Civil","agendado","6a4baf3678487439aab1acea","2026-07-06T13:35:50.101000","2026-07-06T16:25:54.207000","6a0afc5e31801c9d02d0413d","larissa.lorraynee@gmail.com","false"
"2026-07-06","Felipe Junqueira Mariano","","false","12:00","69cab4fa2f92da87a7de44b0","13:00","Civil","agendado","6a4bada506f477ae5863c8ab","2026-07-06T13:29:09.789000","2026-07-06T13:29:09.789000","6a045784a0d5f992481b9d74","felipejmarianor@gmail.com","false"
"2026-07-06","Felipe Junqueira Mariano","","false","12:00","69cab4fa2f92da87a7de44b0","13:00","Civil","agendado","6a4bada5adacde81dd9abb53","2026-07-06T13:29:09.302000","2026-07-06T13:29:09.302000","6a045784a0d5f992481b9d74","felipejmarianor@gmail.com","false"
"2026-07-06","Camila Amâncio Araújo Valadares","","false","17:00","69cab528ab7b73583ccff6f6","18:00","Civil","agendado","6a4bac7c8cd2bf63fc93841a","2026-07-06T13:24:12.421000","2026-07-06T13:24:12.421000","69e8b3cd699596113662a7d8","camilaavaladares@gmail.com","false"
"2026-07-06","Denize Pommer","","false","11:00","6a1997fbb2260a52c4a8158e","12:00","Civil","agendado","6a4baae5c69414deab536227","2026-07-06T13:17:25.790000","2026-07-06T13:17:25.790000","6a16e5320af1d751de266aea","pommerde@gmail.com","false"
"2026-07-06","Lucas Façanha de Oliveira Carvalho","","false","17:00","69cab53f95aecd6313a1094a","18:00","Civil","agendado","6a4baa5f8d48994040fbf2d2","2026-07-06T13:15:11.710000","2026-07-06T13:15:11.710000","69e8b3d9db2701e07f3d9515","lucasoliveira.ifam@gmail.com","false"
"2026-07-06","Jesley da Silva Sousa","","false","11:00","6a2ab18061f7a78ad0700e2f","12:00","Civil","agendado","6a4ba9d54caef06f0f60dee1","2026-07-06T13:12:53.264000","2026-07-06T13:12:53.264000","6a2aaf009ad04cdd81d57839","jesleysobral8@gmail.com","false"
"2026-07-07","Fernanda Palma Neiva","","false","12:00","69cab5475fe6394ffd97f509","13:00","Civil","agendado","6a4ba90611b01fe42ade5c88","2026-07-06T13:09:26.197000","2026-07-07T19:36:10.303000","69eb71326eb19b31dbf13e4e","fpalmaneiva@gmail.com","false"
"2026-07-06","Fernanda Palma Neiva","","false","12:00","69cab5475fe6394ffd97f509","13:00","Civil","agendado","6a4ba8fce7d7133e555d466d","2026-07-06T13:09:16.974000","2026-07-06T13:09:16.974000","69eb71326eb19b31dbf13e4e","fpalmaneiva@gmail.com","false"
"2026-07-07","Jhulli Êmily Martins Nunes","","false","11:00","69cab48cce1c3df3215b2752","12:00","Civil","agendado","6a4ba5f50b7e89c4a39c41c3","2026-07-06T12:56:21.054000","2026-07-06T12:56:21.054000","69e8b3e6578c929cf94963e6","jhulliemily2014@gmail.com","false"
"2026-07-06","Jhulli Êmily Martins Nunes","","false","11:00","69cab48cce1c3df3215b2752","12:00","Civil","agendado","6a4ba5e9fb8f332026eb7401","2026-07-06T12:56:09.474000","2026-07-06T12:56:09.474000","69e8b3e6578c929cf94963e6","jhulliemily2014@gmail.com","false"
"2026-07-06","Matheus Oliveira Timoteo ","","false","10:00","6a15d6bf895510a04628e9e5","11:00","Civil","agendado","6a4ba27add1f0edb3f884315","2026-07-06T12:41:30.556000","2026-07-06T12:41:30.556000","69eb9fecf7d07564929ed82e","mathubaixista@gmail.com","false"
"2026-07-07","Laura Lula Ramos","","false","11:00","69cab4845646d7497cb9aa56","12:00","Civil","agendado","6a4ba1cf6e78308e53a62d63","2026-07-06T12:38:39.103000","2026-07-06T12:38:39.103000","69e8b3b1c23f02f059fbe05f","lauralular@gmail.com","false"
"2026-07-06","Laura Lula Ramos","","false","11:00","69cab4845646d7497cb9aa56","12:00","Civil","agendado","6a4ba1bdbc1a3472f0f3e3f6","2026-07-06T12:38:21.273000","2026-07-06T12:38:21.273000","69e8b3b1c23f02f059fbe05f","lauralular@gmail.com","false"
"2026-07-07","Marcia da Silva Coutinho","","false","13:00","69cab53186a8212571cbebfa","14:00","Civil","agendado","6a4ba198804133bf945f8a0e","2026-07-06T12:37:44.640000","2026-07-06T12:37:44.640000","69f1eb6d936f80ebdd9a578e","marcinhacoutinho.foto@gmail.com","false"
"2026-07-06","Marcia da Silva Coutinho","","false","13:00","69cab53186a8212571cbebfa","14:00","Civil","agendado","6a4ba1776f8ba6eb03cece7f","2026-07-06T12:37:11.819000","2026-07-06T12:37:11.819000","69f1eb6d936f80ebdd9a578e","marcinhacoutinho.foto@gmail.com","false"
"2026-07-07","Beatriz de Jesus Rodrigues","","false","12:00","6a440ca61aebb43952856fec","13:00","Civil","agendado","6a4ba0bab90ebd356e7a8026","2026-07-06T12:34:02.270000","2026-07-06T12:34:02.270000","6a43b3e103763c8e4e2e9e23","beatriz.jrodrigues@goias.gov.br","false"
"2026-07-06","Beatriz de Jesus Rodrigues","","false","12:00","6a440ca61aebb43952856fec","13:00","Civil","agendado","6a4ba0acd9e93d2b7957151c","2026-07-06T12:33:48.678000","2026-07-06T12:33:48.678000","6a43b3e103763c8e4e2e9e23","beatriz.jrodrigues@goias.gov.br","false"
"2026-07-06","Adriano Faleiro Gregório","","false","18:00","69cab526ebee4a1af29385ac","19:00","Civil","agendado","6a4b9e34188037f6c6c3a959","2026-07-06T12:23:16.657000","2026-07-06T12:23:16.657000","6a0712111e20cc70b7726fa4","adrianofgtrabalho@gmail.com","false"
"2026-07-06","Guilherme Augusto Fortuna Ferreira","","false","18:00","6a47ab32b17447cad40df4b6","19:00","Civil","agendado","6a4b9df13935620df06cffee","2026-07-06T12:22:09.517000","2026-07-06T12:22:09.517000","6a4527dd86ec9402dace7a07","guilhermefortunax@gmail.com","false"
"2026-07-06","Paulo Henrique Nunes da Silva Araújo","","false","11:00","69cab4a2f74af4c7f98e624b","12:00","Civil","agendado","6a4b9d030dafafb103d24725","2026-07-06T12:18:11.267000","2026-07-06T12:18:11.267000","69e8b3a96c5e364f790390bf","paulonv70@gmail.com","false"
"2026-07-06","Laiz de Moraes Silva","","false","13:00","69cab4a6cb0eeca73fb0ea1f","14:00","Civil","agendado","6a4b9ca610b6852b6b733bf8","2026-07-06T12:16:38.005000","2026-07-06T12:16:38.005000","6a1985ff6640af2a5735033f","laiz.geaco@gmail.com","false"
"2026-07-07","Delma Maria Guimaraes","","false","11:00","69cab4bb4badc9d3592723d2","12:00","Civil","agendado","6a4b9c72cf821b15ab255845","2026-07-06T12:15:46.432000","2026-07-06T12:15:46.432000","69f0e717c3c33b89a2f9e02a","delmagui333@gmail.com","false"
"2026-07-06","Delma Maria Guimaraes","","false","11:00","69cab4bb4badc9d3592723d2","12:00","Civil","agendado","6a4b9c62bb5418997f36b292","2026-07-06T12:15:30.721000","2026-07-06T12:15:30.721000","69f0e717c3c33b89a2f9e02a","delmagui333@gmail.com","false"
"2026-07-06","Edirene Silva Mendes","","false","10:00","69cab53444dabb56e3aef606","11:00","Civil","agendado","6a4b99fca2a8c9c75d46f6a2","2026-07-06T12:05:16.826000","2026-07-06T12:05:16.826000","6a28493ca016db521dd332b1","edirenemendes909@gmail.com","false"
"2026-07-06","Ivana Cabral Oliveira Barros","","false","12:00","6a2974022b3dd13c18f053ec","13:00","Civil","agendado","6a4b98a39000e228c09191d8","2026-07-06T11:59:31.134000","2026-07-06T11:59:31.134000","6a28493d95b7e99c5f2c08f2","nutr.ivana@gmail.com","false"
"2026-07-06","Raquel Caroline Ribeiro D e Lima","","false","11:00","69cab51b4b8ed336c11dff65","12:00","Civil","agendado","6a4b974af8625d2f7ce1a06b","2026-07-06T11:53:46.113000","2026-07-06T11:53:46.113000","69fe289475c7fd5b9a27c574","raquelcribeiro.adv@gmail.com","false"
"2026-07-07","Raingredi Sousa Mendes","","false","13:00","6a303ce8913598946bc38fe9","14:00","Civil","agendado","6a4b97315c211c2221f69d27","2026-07-06T11:53:21.450000","2026-07-06T11:53:21.450000","6a3009d02bf70f90e9561b00","raingredi@gmail.com","false"
"2026-07-06","Raingredi Sousa Mendes","","false","13:00","6a303ce8913598946bc38fe9","14:00","Civil","agendado","6a4b971f112ec79baf8d377b","2026-07-06T11:53:03.425000","2026-07-06T11:53:03.425000","6a3009d02bf70f90e9561b00","raingredi@gmail.com","false"
"2026-07-06","Kenia Gomes Rodrigues Rios","","false","10:00","69cab4a3ce9564de9486ce32","11:00","Civil","agendado","6a4b90a43bea4cb14969f10a","2026-07-06T11:25:24.239000","2026-07-06T14:04:25.925000","69fc80be57f680cb816ca13e","keniagrrios@gmail.com","false"
"2026-07-06","Fernanda Marra","","false","12:00","69cab5495f4c50dbe8cc825c","13:00","Civil","agendado","6a4b90895def5437dfeec159","2026-07-06T11:24:57.496000","2026-07-06T11:24:57.496000","6a16e5289a8726b9d9b03046","dizamarra@gmail.com","false"
"2026-07-06","Marcos Aurélio Araújo da Silva Barros ","","false","11:00","6a05ca7c3ec8d849572a717b","12:00","Civil","agendado","6a4b9016d0b8bc9dbcad9bdb","2026-07-06T11:23:02.342000","2026-07-06T11:23:02.342000","6a05ae830f9c23bcdaf6e974","marcos.barros@goias.gov.br","false"
"2026-07-07","Rafael Santana Marinho","","false","12:00","69cab53eac828741aaea5afd","13:00","Civil","agendado","6a4b8f60a6543fb2b1a9693f","2026-07-06T11:20:00.326000","2026-07-06T11:20:00.326000","69fb769eb6cc56e25e03373f","rflmarinho8@gmail.com","false"
"2026-07-06","Rafael Santana Marinho","","false","12:00","69cab53eac828741aaea5afd","13:00","Civil","agendado","6a4b8f5985a1d45e1f667407","2026-07-06T11:19:53.998000","2026-07-06T11:19:53.998000","69fb769eb6cc56e25e03373f","rflmarinho8@gmail.com","false"
"2026-07-07","Márcia de Araújo Gontijo","","false","07:00","69cab4fa6634febf001eb740","08:00","Civil","agendado","6a4b8e7bdcc46aef4eaede26","2026-07-06T11:16:11.925000","2026-07-06T11:16:11.925000","69fe28955bf56f9dc34635d2","marciagontijoadv@gmail.com","false"
"2026-07-07","Fabricio Del Duqui","","false","16:00","69cab4fd87a6fe5aff945a4f","17:00","Civil","agendado","6a4b8a61825b8cf1440b0d88","2026-07-06T10:58:41.916000","2026-07-06T10:58:41.916000","6a314072b94a0e98ae121e1a","fduqui@gmail.com","false"
"2026-07-06","Leonardo Alves Ribeiro","","false","12:00","6a454ed31f79726271ec0cc9","13:00","Civil","agendado","6a4b8a613f9c738e27f20bbb","2026-07-06T10:58:41.874000","2026-07-06T10:58:41.874000","6a4527dd390e51d8fd8d8e96","leonardo.ribeiro.011098@gmail.com","false"
"2026-07-06","Fabricio Del Duqui","","false","16:00","69cab4fd87a6fe5aff945a4f","17:00","Civil","agendado","6a4b8a588d4d50042a977d1f","2026-07-06T10:58:32.605000","2026-07-06T10:58:32.605000","6a314072b94a0e98ae121e1a","fduqui@gmail.com","false"
"2026-07-06","Diêssa Pontes Cruz","","false","08:00","69cab547bd2926025f139df4","09:00","Civil","agendado","6a4b88ce46348c80ce79533f","2026-07-06T10:51:58.634000","2026-07-06T10:51:58.634000","69e8b41d874d2bd5ad2a947f","diessacruz@gmail.com","false"
"2026-07-06","Antônio Gabriel Marcimiano de Moraes","","false","18:00","69cab5533f4cbe4cc715f000","19:00","Civil","agendado","6a4b886b884f7f0224719bcd","2026-07-06T10:50:19.909000","2026-07-06T10:50:19.909000","69e8bd46281c43278d0d48e9","gabrielgynh@gmail.com","false"
"2026-07-06","João Felipe Ferrado Melo Fernandes ","","false","18:00","6a47ac173e6f14b4f12639fe","19:00","Civil","agendado","6a4b884b345ad57f20485332","2026-07-06T10:49:47.278000","2026-07-06T10:49:47.278000","6a46b458dd4a9dcf00d0ff76","jfferrado@gmail.com","false"
"2026-07-06","Agda Magalhães Cruz","","false","11:00","6a43ed61d21599d201f6d4e3","12:00","Civil","faltou","6a4b8588e73c1216d97a5377","2026-07-06T10:38:00.760000","2026-07-06T15:18:52.467000","6a3e79645dd2faa01e3bb7ab","real.agda@gmail.com","false"
"2026-07-06","Inglyd da Paz Ribeiro","","false","13:00","69cab4833d652cdad2226c29","14:00","Civil","agendado","6a4b82b43b7a605773f3bc12","2026-07-06T10:25:56.002000","2026-07-06T10:25:56.002000","6a3979a6e675b117e5394175","inglyd26@gmail.com","false"
"2026-07-07","Andrielly Nunes de Oliveira","","false","07:00","6a329e38da29442026634d02","08:00","Civil","agendado","6a4b7cbdd294b83197a25ed1","2026-07-06T10:00:29.174000","2026-07-06T10:00:29.174000","69f3a2c1d00b3750983befe1","andriellyno1998@gmail.com","false"
"2026-07-07","Thays Rocha Leite","","false","11:00","69cab4bbaaffc414bef709af","12:00","Civil","agendado","6a4b77c63e2d992900e68316","2026-07-06T09:39:18.577000","2026-07-06T09:39:18.577000","69f88c68187fcd638dc76bbc","tha_rleite@hotmail.com","false"
"2026-07-07","Rafael Branquinho Xavier","","false","11:00","6a47baea86dae8cbf35b88a3","12:00","Civil","faltou","6a4b754aec5ab06c2ff07fe1","2026-07-06T09:28:42.611000","2026-07-07T15:03:58.612000","6a47ba718a913649fc8dfd6f","rafaelbranquinhoadv@gmail.com","false"
"2026-07-06","José Nildo da cunha gomes ","","false","11:00","6a32acbd097d7e942fa5efd2","12:00","Civil","agendado","6a4b73dea9bf7afcc0140c38","2026-07-06T09:22:38.934000","2026-07-06T09:22:38.934000","6a329d02a320c06349b77bfa","j.nillgyn@gmail.com","false"
"2026-07-06","Carlos Antônio Madalena","","false","07:00","69f1fbd2b1d8f827f1014b85","08:00","Civil","agendado","6a4b738c7a5c89f7d1a761a7","2026-07-06T09:21:16.663000","2026-07-06T11:06:20.172000","69f1eb66214b21fd581ce36b","advgcarlosmadalena@gmail.com","false"
"2026-07-07","Léa Rosane Barcelos","","false","11:00","69cab555f127d1812d9c958f","12:00","Civil","agendado","6a4b6f45a09f9643e01fe2ba","2026-07-06T09:03:01.979000","2026-07-06T09:03:01.979000","69eb7145a368132a1e810354","learosane@gmail.com","false"
"2026-07-06","Léa Rosane Barcelos","","false","11:00","69cab555f127d1812d9c958f","12:00","Civil","agendado","6a4b6f3bff24baf50075a2af","2026-07-06T09:02:51.845000","2026-07-06T09:02:51.845000","69eb7145a368132a1e810354","learosane@gmail.com","false"
"2026-07-07","Ana Gabriela Azevedo de Carvalho","","false","13:00","69cab48362078b73df941f5f","14:00","Civil","agendado","6a4b01dbbc34c1d91d948636","2026-07-06T01:16:11.878000","2026-07-06T01:16:11.878000","6a32dd64fa8afd91fe1039d0","ag3746498@gmail.com","false"
"2026-07-06","Ana Gabriela Azevedo de Carvalho","","false","13:00","69cab48362078b73df941f5f","14:00","Civil","agendado","6a4b01ced81e415262c1a669","2026-07-06T01:15:58.764000","2026-07-06T18:05:36.843000","6a32dd64fa8afd91fe1039d0","ag3746498@gmail.com","false"
"2026-07-06","Daniel Carlos dos Reis","","false","08:00","69efb877f2a849baa2f1590f","09:00","Civil","agendado","6a4ae63cfd5485d4e4615723","2026-07-05T23:18:20.652000","2026-07-05T23:18:20.652000","69e8b3dcffadf846c595fa0c","danielreis0211@gmail.com","false"
"2026-07-07","Simone. Luzine Peixoto ","","false","07:00","6a1f207ab7d0ebfbfed88d62","08:00","Civil","agendado","6a4adfe5e192cc4d1d35d073","2026-07-05T22:51:17.349000","2026-07-05T22:51:17.349000","6a1f14cf38f8bc785a9ad042","simoneluzine@gmail.com","false"
"2026-07-06","Simone. Luzine Peixoto ","","false","07:00","6a1f207ab7d0ebfbfed88d62","08:00","Civil","agendado","6a4adfd1710d10c0560bf06b","2026-07-05T22:50:57.280000","2026-07-05T22:50:57.280000","6a1f14cf38f8bc785a9ad042","simoneluzine@gmail.com","false"
"2026-07-07","Caio César Silva Oliveira","","false","17:00","69cab5528917bc7d06ec9f36","18:00","Civil","agendado","6a4adbe97b9a0ba172dea753","2026-07-05T22:34:17.273000","2026-07-05T22:34:17.273000","69e8b3c510a6ab1ad3da4cd2","caiooliveira92@gmail.com","false"
"2026-07-06","Mariana Albino da Silva","","false","07:00","69cab485b105230925053def","08:00","Civil","agendado","6a4ac0f8070077ec212619e2","2026-07-05T20:39:20.713000","2026-07-06T11:06:45.303000","69f1eb6197b49acac81ad46a","mariana.albinosilva85@gmail.com","false"
"2026-07-07","Lucas Honorato Lopes","","false","11:00","6a2067c65a836c8a40fe0b2c","12:00","Civil","agendado","6a4a9aeecadc9ae76666ca88","2026-07-05T17:57:02.791000","2026-07-05T17:57:02.791000","6a16f46d9cbce304c42cc536","lucashlopes@gmail.com","false"
"2026-07-06","Lucas Honorato Lopes","","false","11:00","6a2067c65a836c8a40fe0b2c","12:00","Civil","agendado","6a4a9ae739d4588fe822a1a3","2026-07-05T17:56:55.995000","2026-07-05T17:56:55.995000","6a16f46d9cbce304c42cc536","lucashlopes@gmail.com","false"
"2026-07-06","Andrea Gonçalves Fonseca","","false","07:00","69cab51d1406725f35a35aea","08:00","Civil","agendado","6a4a965100f748f966dacb24","2026-07-05T17:37:21.128000","2026-07-06T11:06:30.450000","6a0caf6101940cd03cbfc270","andreagyn2020@gmail.com","false"
"2026-07-06","Geovana Monteiro da Silva","","false","13:00","69cab483f6786b7148f4c689","14:00","Civil","agendado","6a4a847908387e6a7cc1894f","2026-07-05T16:21:13.004000","2026-07-05T16:21:13.004000","69ec0f73c400e529d8b7c8bb","geovanamts02@gmail.com","false"
"2026-07-06","RAQUEL RODRIGUES DE SOUZA","","false","17:00","6a47ab95a6568cd214130beb","18:00","Civil","agendado","6a4a7d2500720012605f147a","2026-07-05T15:49:57.926000","2026-07-05T15:49:57.926000","6a455e46430068bca0693558","raquelrodrigues.souza@gmail.com","false"
"2026-07-06","Andressa Kristtyna Rodrigues Oliveira","","false","13:00","69cab533705403585c687b9e","14:00","Civil","agendado","6a4a768930eb6f211fe7e593","2026-07-05T15:21:45.836000","2026-07-05T15:21:45.836000","6a1edae225e1f39bf869001a","andressakoliveira.tur@gmail.com","false"
"2026-07-06","Ana Carolina Silva de Araujo Peixoto","","false","07:00","69cab50fec6532662ba58f05","08:00","Civil","agendado","6a4a4232d4d6104a9a47ceb6","2026-07-05T11:38:26.702000","2026-07-05T11:38:26.702000","69e8b3abbdd54859f2b7eadf","ana.anacarol1403@gmail.com","false"
"2026-07-06","Monalisa Lopes da Silva ","","false","07:00","6a398374607472e9a3819930","08:00","Civil","agendado","6a49991a59c713d6771f67f8","2026-07-04T23:36:58.843000","2026-07-04T23:36:58.843000","6a3981f6dd2033d4e2eef307","monalisalopessilva@gmail.com","false"
"2026-07-06","Lázara Tatiana Pereira de Lima","","false","07:00","69cab5409b141921d6a9bac9","08:00","Civil","agendado","6a49990899bce214121b7a05","2026-07-04T23:36:40.589000","2026-07-04T23:36:40.589000","69e8b3d7f0a0a48eb1af80d9","sesmt.publico@gmail.com","false"
"2026-07-06","Rafael Branquinho Xavier","","false","11:00","6a47baea86dae8cbf35b88a3","12:00","Civil","agendado","6a49659dfcfc2bab6cfb826f","2026-07-04T19:57:17.106000","2026-07-04T19:57:17.106000","6a47ba718a913649fc8dfd6f","rafaelbranquinhoadv@gmail.com","false"
"2026-07-06","Renata Batista Lozano","","false","07:00","6a440c3c1a215e360855c18a","08:00","Civil","agendado","6a495acba30c660526bb59f3","2026-07-04T19:11:07.099000","2026-07-06T11:06:02.145000","6a43b3e2a2881f5f82218f67","renata.b.lozano@gmail.com","false"
"2026-07-03","Ana Clara Barbacena Camelo","","false","19:00","69cab496d430c0cf1dbd7e72","20:00","Civil","agendado","6a482af27a96e32423e4b91b","2026-07-03T21:34:42.023000","2026-07-03T21:34:42.023000","69f0e732a32f7ffb33e50f1b","anaclarabarbacena@gmail.com","false"
"2026-07-03","Caio César Silva Oliveira","","false","18:00","69cab5528917bc7d06ec9f36","19:00","Civil","agendado","6a482104f89f24ce26a19050","2026-07-03T20:52:20.671000","2026-07-03T20:52:20.671000","69e8b3c510a6ab1ad3da4cd2","caiooliveira92@gmail.com","false"
"2026-07-03","Antônio Gabriel Marcimiano de Moraes","","false","18:00","69cab5533f4cbe4cc715f000","19:00","Civil","agendado","6a4820f7aa79f82526fcb52a","2026-07-03T20:52:07.499000","2026-07-03T20:52:07.499000","69e8bd46281c43278d0d48e9","gabrielgynh@gmail.com","false"
"2026-07-03","Camila Araújo da Silva Camargo ","","false","18:00","6a1f18c59f142977ff6acbcc","19:00","Civil","agendado","6a481640c65125121df423fa","2026-07-03T20:06:24.585000","2026-07-03T20:06:24.585000","6a1edae1ec39cbeae99f36a2","camila20araujo17@gmail.com","false"
"2026-07-03","VITORIA RODRIGUES SGAMATI","","false","17:00","6a281d4ebb0e3860ea5368c1","18:00","Civil","agendado","6a4811e2d86b9d5288a688f0","2026-07-03T19:47:46.199000","2026-07-03T19:47:46.199000","6a142a748d65e2c102ce1901","sgamativitoria@gmail.com","false"
"2026-07-03","Adriano Faleiro Gregório","","false","17:00","69cab526ebee4a1af29385ac","18:00","Civil","agendado","6a480eb6c6b1441ac3d8ef4e","2026-07-03T19:34:14.418000","2026-07-03T19:34:14.418000","6a0712111e20cc70b7726fa4","adrianofgtrabalho@gmail.com","false"
"2026-07-03","Nilton Barbosa Coelho","","false","17:00","69cab49682d361e5e28db07c","18:00","Civil","agendado","6a48066aa340673d20d34296","2026-07-03T18:58:50.090000","2026-07-03T18:58:50.090000","69e8b3b4c17154e6b5f73e0c","nilton.sead@gmail.com","false"
"2026-07-03","Renato Cortes Araujo","","false","17:00","6a3e7ceed7b5cc8026d9de19","18:00","Civil","agendado","6a4802f9173f65f969796db4","2026-07-03T18:44:09.139000","2026-07-03T18:44:09.140000","6a33ffec680751eb87071f8a","renato.caraujo@goias.gov.br","false"
"2026-07-03","Indiara Porfírio Ribeiro","","false","15:00","69cab48c17c5690cf3d30c6d","16:00","Civil","agendado","6a47e19322f31625f1aa90ba","2026-07-03T16:21:39.319000","2026-07-03T16:21:39.319000","69e8b3bf55bcfeb78675459e","indiarajujuba@gmail.com","false"
"2026-07-03","Lariza Cori Thomaz Nogueira","","false","13:00","69f1fc1f966c41d8f2d01ced","14:00","Civil","agendado","6a47d12002aca71ceef43a56","2026-07-03T15:11:28.152000","2026-07-03T15:11:28.152000","69f3a2c6bc8b6cab6e884a64","lilariza.cori@gmail.com","false"
"2026-07-03","fatima vauldimar costa silva","","false","13:00","6a303f0ecb7f36b8c0452eaf","14:00","Civil","agendado","6a47cf7af2d37ed5c7a90f56","2026-07-03T15:04:26.205000","2026-07-03T15:04:26.205000","6a296a019f54c90c540ecf14","fatimavauldimarcostasilva@gmail.com","false"
"2026-07-03","MAICON DOUGLAS GOMES RODRIGUES","","false","12:00","6a1495a104b49b3be78f3da3","13:00","Civil","agendado","6a47cdc2c698cb008b50ef97","2026-07-03T14:57:06.260000","2026-07-03T14:57:06.260000","69e8b3c64ccd45857400c131","douglasgynn1@gmail.com","false"
"2026-07-03","Carlos alexandre da costa ","","false","12:00","6a0cb0c2e3d9f640adbed26b","13:00","Civil","agendado","6a47ca85066025cb86cdc8e4","2026-07-03T14:43:17.541000","2026-07-03T16:26:31.244000","6a0caf62f88ae28daf8dd133","xandy.x12@gmail.com","false"
"2026-07-03","Carlos Antônio Madalena","","false","12:00","69f1fbd2b1d8f827f1014b85","13:00","Civil","agendado","6a47c9fbf69befc329b22351","2026-07-03T14:40:59.209000","2026-07-03T14:40:59.209000","69f1eb66214b21fd581ce36b","advgcarlosmadalena@gmail.com","false"
"2026-07-03","Hugo Leonardo de Araújo Godinho","","false","12:00","6a2c155eb386f640b1e5948b","13:00","Civil","agendado","6a47c68701232297e76d9a5e","2026-07-03T14:26:15.946000","2026-07-03T14:26:15.946000","6a2aaefdbbb8d301bdfff035","hugo.godinho@goias.gov.br","false"
"2026-07-03","Brenuo Victor Rodrigues Barbosa","","false","13:00","69cab5409b141921d6a9baca","14:00","Civil","agendado","6a47c3991da4404ac457fcd9","2026-07-03T14:13:45.268000","2026-07-03T14:13:45.268000","6a022e0e6d475b0b2334af8e","brenuovrb@gmail.com","false"
"2026-07-03","Paulo Henrique Nunes da Silva Araújo","","false","12:00","69cab4a2f74af4c7f98e624b","13:00","Civil","agendado","6a47c254c9c1f6bbf270a8f3","2026-07-03T14:08:20.111000","2026-07-03T14:08:20.111000","69e8b3a96c5e364f790390bf","paulonv70@gmail.com","false"
"2026-07-03","Helena de Castro Côrtes","","false","13:00","6a16e9a8f78a8dd4bceafe2a","14:00","Civil","agendado","6a47bf982f85a242933ec78a","2026-07-03T13:56:40.294000","2026-07-03T13:56:40.294000","6a16e52b80d218340615bc21","helena.gegeo@gmail.com","false"
"2026-07-03","Rayanny Christinny da Silva Carmo","","false","11:00","69cab483e6e1052ce52e6988","12:00","Civil","agendado","6a47be369cc0bc129130d36c","2026-07-03T13:50:46.441000","2026-07-03T13:50:46.441000","6a319335edfe428978aac2ad","rayannychristinny700@gmail.com","false"
"2026-07-03","Fábio Assunção Guimarães","","false","12:00","6a4528801d33942bc14d90e7","13:00","Civil","agendado","6a47bd80499b802b5ab539b3","2026-07-03T13:47:44.993000","2026-07-03T13:47:44.993000","6a26c3bbefcba7841f4596c5","fabimeu@gmail.com","false"
"2026-07-03","Vanessa Ferreira de Oliveira","","false","12:00","69cab4e3eddee6987dc1c711","13:00","Civil","agendado","6a47bd8051b21cfa758b51e0","2026-07-03T13:47:44.192000","2026-07-03T13:47:44.192000","6a1d949ce6e13dcecedb709f","vanessaferdoli@gmail.com","false"
"2026-07-03","Jesley da Silva Sousa","","false","11:00","6a2ab18061f7a78ad0700e2f","12:00","Civil","agendado","6a47bc3969a23c8b56c28751","2026-07-03T13:42:17.472000","2026-07-03T13:42:17.472000","6a2aaf009ad04cdd81d57839","jesleysobral8@gmail.com","false"
"2026-07-03","Paulo Sérgio da Silva Lobo","","false","12:00","69cab4e3c3a97d05a892dabe","13:00","Civil","agendado","6a47b8a16c2f3bb23bedd0eb","2026-07-03T13:26:57.611000","2026-07-03T13:26:57.611000","6a1f14ca9d86f5520fc72468","pauloloboquimico@gmail.com","false"
"2026-07-03","Paulo Sérgio da Silva Lobo","","false","12:00","69cab4e3c3a97d05a892dabe","13:00","Civil","agendado","6a47b89d163c75215d5db016","2026-07-03T13:26:53.754000","2026-07-03T13:26:53.754000","6a1f14ca9d86f5520fc72468","pauloloboquimico@gmail.com","false"
"2026-07-03","Paulo Sérgio da Silva Lobo","","false","12:00","69cab4e3c3a97d05a892dabe","13:00","Civil","agendado","6a47b89d786a5c12764a5a53","2026-07-03T13:26:53.512000","2026-07-03T13:26:53.512000","6a1f14ca9d86f5520fc72468","pauloloboquimico@gmail.com","false"
"2026-07-03","Lia Rodrigues de Oliveira","","false","13:00","69cab4a03ab6550526927a0e","14:00","Civil","agendado","6a47b6cf26855ad8030ef388","2026-07-03T13:19:11.699000","2026-07-03T13:19:11.699000","69eb7138fbc3eca467b8986b","liarodriguesoliveira30@gmail.com","false"
"2026-07-03","Denize Pommer","","false","11:00","6a1997fbb2260a52c4a8158e","12:00","Civil","agendado","6a47afc38b1ea94e69aa7ce7","2026-07-03T12:49:07.762000","2026-07-03T12:49:07.762000","6a16e5320af1d751de266aea","pommerde@gmail.com","false"
"2026-07-03","Fabricio Del Duqui","","false","15:00","69cab4fd87a6fe5aff945a4f","16:00","Civil","agendado","6a47afc2325ee816b1cf9cf8","2026-07-03T12:49:06.809000","2026-07-03T12:49:06.809000","6a314072b94a0e98ae121e1a","fduqui@gmail.com","false"
"2026-07-03","Sandra Francisca Bandeira ","","false","12:00","6a16ff021e7aed126219459f","13:00","Civil","agendado","6a47a933d31f335f999476c2","2026-07-03T12:21:07.354000","2026-07-03T12:21:07.354000","6a0caf5d2f6ef5a33a3d14c9","sandrabandeira.adv@gmail.com","false"
"2026-07-03","Anna Gabriella Pacheco Arantes ","","false","13:00","6a3982de24678b7c56c6eb95","14:00","Civil","agendado","6a47a5174256fa25d4d0c94f","2026-07-03T12:03:35.006000","2026-07-03T12:03:35.006000","6a15a10e7ccbb48781b7c1a9","anagabipacheco145@gmail.com","false"
"2026-07-03","Daniele Serafim de Souza Kliemann","","false","11:00","6a1843cfd579775e62d16cd4","12:00","Civil","agendado","6a479fef6078e6a41c9e21f0","2026-07-03T11:41:35.047000","2026-07-03T11:41:35.047000","6a172ad4172b5169721ad5d7","danieleserafim.adv@gmail.com","false"
"2026-07-03","Elisnara Gerstrudes da Costa e Silva ","","false","11:00","6a281e2dfb548e50d1e17ecd","12:00","Civil","agendado","6a4799875b5d8ef72edcfff7","2026-07-03T11:14:15.376000","2026-07-03T11:14:15.376000","6a281b55d71320017656d360","elisnaracostta@gmail.com","false"
"2026-07-03","Carlos Henrique Ferreira Santos","","false","12:00","69cab4ac0916e78eed2006b2","13:00","Civil","agendado","6a4790f03aee738d363800b5","2026-07-03T10:37:36.381000","2026-07-03T10:37:36.381000","69eb815a6faab5200f1325b9","carlohenrysanto@gmail.com","false"
"2026-07-03","Célia Maria da Silva Valadão","","false","11:00","6a0afdd882e5220f83455fbb","12:00","Civil","agendado","6a478e88ce452c80bd7b86a6","2026-07-03T10:27:20.056000","2026-07-03T10:27:20.056000","6a03223f9f250d7b5f325919","celia.valadao@goias.gov.br","false"
"2026-07-03","Clarissa dos Santos Melo Duarte","","false","16:00","69cab4b05e5de2d972aae6a0","17:00","Civil","agendado","6a4786ba3b98d16754e7ea42","2026-07-03T09:54:02.775000","2026-07-03T09:54:02.775000","6a2aaf023a2bb1378a22db13","clarissasmelo@gmail.com","false"
"2026-07-03","Kenyele Naves Guimarães Borges","","false","11:00","6a31410f2dc4b83f242b38eb","12:00","Civil","agendado","6a478608c1d2094b8c657ecc","2026-07-03T09:51:04.307000","2026-07-03T09:51:04.307000","6a2aea1fbc9af45a7d5e3645","kenyele.naves15@gmail.com","false"
"2026-07-03","Antonino Batista Júnior","","false","18:00","69cab53d8efef97e8a0f03b3","19:00","Civil","agendado","6a478379b9b5ccb69fedd23e","2026-07-03T09:40:09.503000","2026-07-03T09:40:09.503000","69e8b3ceaa15a6de33954e67","antoninobj@gmail.com","false"
"2026-07-03","Ambrosiane de Sousa Leite","","false","07:00","6a04588acee8394872f618be","08:00","Civil","agendado","6a47702ec54f8f9ffd9cc72a","2026-07-03T08:17:50.388000","2026-07-03T08:17:50.388000","69fe287cc22d6cfcf39669d0","ambrosiane.adv@gmail.com","false"
"2026-07-03","Lázara Tatiana Pereira de Lima","","false","07:00","69cab5409b141921d6a9bac9","08:00","Civil","agendado","6a47683598cf203fe21f61cc","2026-07-03T07:43:49.779000","2026-07-03T07:43:49.779000","69e8b3d7f0a0a48eb1af80d9","sesmt.publico@gmail.com","false"
"2026-07-03","Camila Amâncio Araújo Valadares","","false","17:00","69cab528ab7b73583ccff6f6","18:00","Civil","agendado","6a46f31882739569c8f28f37","2026-07-02T23:24:08.355000","2026-07-02T23:24:08.355000","69e8b3cd699596113662a7d8","camilaavaladares@gmail.com","false"
"2026-07-03","LAINE SOUZA LANDIN CARDOSO","","false","12:00","6a16ecc046adce93104edc2a","13:00","Civil","agendado","6a46ee578c3a454ac972e383","2026-07-02T23:03:51.524000","2026-07-02T23:03:51.524000","6a10a6ce0062e7cb36b6737e","lainelandin@gmail.com","false"
"2026-07-03","Geovana Monteiro da Silva","","false","13:00","69cab483f6786b7148f4c689","14:00","Civil","agendado","6a46e0cfc5f2a4a682126714","2026-07-02T22:06:07.961000","2026-07-02T22:06:07.961000","69ec0f73c400e529d8b7c8bb","geovanamts02@gmail.com","false"
"2026-07-02","Débora Maia Escher dos Santos","","false","19:00","69fc8102efce393880145d94","20:00","Civil","agendado","6a46d71ab62680c7bfcf4b19","2026-07-02T21:24:42.965000","2026-07-02T21:24:42.965000","69fb76a1a9859e54ff79cc1b","deboraescher19@gmail.com","false"
"2026-07-03","Adriel Simões de Mendonça","","false","17:00","69cab499a4016fdcc7a67982","18:00","Civil","agendado","6a46d202312c01b9bba501d2","2026-07-02T21:02:58.494000","2026-07-02T21:02:58.494000","69e8b412c600b78d79b1891c","adriel.mendonzza@gmail.com","false"
"2026-07-02","Nilton Barbosa Coelho","","false","18:00","69cab49682d361e5e28db07c","19:00","Civil","agendado","6a46cd321f5eca6846470e65","2026-07-02T20:42:26.552000","2026-07-02T20:42:26.552000","69e8b3b4c17154e6b5f73e0c","nilton.sead@gmail.com","false"
"2026-07-02","Raynna Pereira Neves Barros","","false","18:00","69cab483bcb9efeb569c67e1","19:00","Civil","agendado","6a46c8a20c1fe5b8bed489d0","2026-07-02T20:22:58.561000","2026-07-02T20:22:58.561000","69f0aa040009751ec470fa8b","nevesraynna@gmail.com","false"
"2026-07-02","Marcio Junio Rodrigues de Freitas","","false","18:00","69cab4fdb65777e18fa16281","19:00","Civil","agendado","6a46c71a17b55b1a56496405","2026-07-02T20:16:26.288000","2026-07-02T20:16:26.288000","69e8b3cb227404cd41911786","marciosoriso@gmail.com","false"
"2026-07-02","Ambrosiane de Sousa Leite","","false","18:00","6a04588acee8394872f618be","19:00","Civil","agendado","6a46c540ec37be5498dfa776","2026-07-02T20:08:32.958000","2026-07-02T20:08:32.958000","69fe287cc22d6cfcf39669d0","ambrosiane.adv@gmail.com","false"
"2026-07-02","Cecília Barcelos ","","false","17:00","6a34009465d0a5953dd53299","18:00","Civil","agendado","6a46c1990506906b8a6c234f","2026-07-02T19:52:57.996000","2026-07-02T19:52:57.996000","6a33ffef153f100204d31c48","ceciliabarcelos80@gmail.com","false"
"2026-07-02","VITORIA RODRIGUES SGAMATI","","false","17:00","6a281d4ebb0e3860ea5368c1","18:00","Civil","agendado","6a46c10b3e66acda8fdc9812","2026-07-02T19:50:35.821000","2026-07-02T19:50:35.821000","6a142a748d65e2c102ce1901","sgamativitoria@gmail.com","false"
"2026-07-02","Adriano Faleiro Gregório","","false","18:00","69cab526ebee4a1af29385ac","19:00","Civil","agendado","6a46c101e5e717f6f40f225d","2026-07-02T19:50:25.084000","2026-07-02T19:50:25.084000","6a0712111e20cc70b7726fa4","adrianofgtrabalho@gmail.com","false"
"2026-07-02","Renato Cortes Araujo","","false","18:00","6a3e7ceed7b5cc8026d9de19","19:00","Civil","agendado","6a46c0fd91d8097453298c3d","2026-07-02T19:50:21.857000","2026-07-02T19:50:21.857000","6a33ffec680751eb87071f8a","renato.caraujo@goias.gov.br","false"
"2026-07-03","Ana Gabriela Azevedo de Carvalho","","false","13:00","69cab48362078b73df941f5f","14:00","Civil","agendado","6a46ba5fe21bc1977ba39ea6","2026-07-02T19:22:07.046000","2026-07-02T19:22:07.046000","6a32dd64fa8afd91fe1039d0","ag3746498@gmail.com","false"
"2026-07-03","Laiz de Moraes Silva","","false","13:00","69cab4a6cb0eeca73fb0ea1f","14:00","Civil","agendado","6a46b82e533c64e1c4bfb93c","2026-07-02T19:12:46.243000","2026-07-02T19:12:46.243000","6a1985ff6640af2a5735033f","laiz.geaco@gmail.com","false"
"2026-07-02","Paulo Henrique Nunes da Silva Araújo","","false","16:00","69cab4a2f74af4c7f98e624b","17:00","Civil","agendado","6a46b247265a18f719f838ea","2026-07-02T18:47:35.699000","2026-07-02T18:47:35.699000","69e8b3a96c5e364f790390bf","paulonv70@gmail.com","false"
"2026-07-02","Elisa Parreira de Castro Alves","","false","18:00","69cab4958987e567777aa8e9","19:00","Civil","agendado","6a46b1c241523a984d6dbac6","2026-07-02T18:45:22.270000","2026-07-02T18:45:22.270000","69f3539372bfccf5cae537b8","elisa.pdca@gmail.com","false"
"2026-07-02","Tatiane Ferreira e Silva Medeiros","","false","17:00","69cab4ae71c685e9f60324a3","18:00","Civil","agendado","6a46a99d74910a49e14f0745","2026-07-02T18:10:37.448000","2026-07-02T18:10:37.448000","69f0a7979080024735454f5b","tatianefsm2000@gmail.com","false"
"2026-07-02","Karla Correia Mendes","","false","16:00","69cab4850c384307831324d8","17:00","Civil","agendado","6a46a53368df4c489f2c551b","2026-07-02T17:51:47.751000","2026-07-02T17:51:47.751000","69f0ab75971b3976ef33a57d","karlamendes1406@gmail.com","false"
"2026-07-02","Camila Amâncio Araújo Valadares","","false","17:00","69cab528ab7b73583ccff6f6","18:00","Civil","agendado","6a46a2c64664162024b22fda","2026-07-02T17:41:26.733000","2026-07-02T21:48:02.352000","69e8b3cd699596113662a7d8","camilaavaladares@gmail.com","false"
"2026-07-02","Gabriele Batista","","false","16:00","69cab4e300553dca6de39a7f","17:00","Civil","agendado","6a469965f4e0910493d7c36f","2026-07-02T17:01:25.437000","2026-07-02T17:01:25.437000","69f8d5031b4731838f3aa4db","gabrielecastro01@gmail.com","false"
"2026-07-02","Gabriele Batista","","false","16:00","69cab4e300553dca6de39a7f","17:00","Civil","agendado","6a4699657e05b9607b9239c8","2026-07-02T17:01:25.166000","2026-07-02T17:01:25.166000","69f8d5031b4731838f3aa4db","gabrielecastro01@gmail.com","false"
"2026-07-03","Umbelina Santana Ramos","","false","11:00","69cab52aca4d9c8a07cb419a","12:00","Civil","agendado","6a46933ada9907fadea96b35","2026-07-02T16:35:06.082000","2026-07-02T16:35:06.082000","6a16f068b357802022f1ae94","umbelinasramos@gmail.com","false"
"2026-07-03","Lucas Honorato Lopes","","false","11:00","6a2067c65a836c8a40fe0b2c","12:00","Civil","agendado","6a468f0ee1d5c9596b390f63","2026-07-02T16:17:18.976000","2026-07-02T16:17:18.976000","6a16f46d9cbce304c42cc536","lucashlopes@gmail.com","false"
"2026-07-02","Jaqueline Basílio de Oliveira","","false","13:00","69f251eb95fc95ce8a1deca1","14:00","Civil","agendado","6a46892298abbdc4334054fc","2026-07-02T15:52:02.861000","2026-07-02T20:05:55.126000","69f2515f3caf2db8610694b6","jaquelliny20@hotmail.com","false"
"2026-07-03","Francislene Monteiro Lima","","false","07:00","69cab5336d09f1ead4a603b5","08:00","Civil","agendado","6a4688aa944f514e1fa236f7","2026-07-02T15:50:02.269000","2026-07-02T15:50:02.269000","69eb71414c5a3877ecd8a887","efmonteiro04@gmail.com","false"
"2026-07-02","Daniele Serafim de Souza Kliemann","","false","17:00","6a1843cfd579775e62d16cd4","18:00","Civil","agendado","6a4684a28a07118d139ef1db","2026-07-02T15:32:50.798000","2026-07-02T15:32:50.798000","6a172ad4172b5169721ad5d7","danieleserafim.adv@gmail.com","false"
"2026-07-03","Raingredi Sousa Mendes","","false","13:00","6a303ce8913598946bc38fe9","14:00","Civil","agendado","6a4680f3d7ba535926995c04","2026-07-02T15:17:07.276000","2026-07-02T15:17:07.276000","6a3009d02bf70f90e9561b00","raingredi@gmail.com","false"
"2026-07-02","Felipe Junqueira Mariano","","false","13:00","69cab4fa2f92da87a7de44b0","14:00","Civil","agendado","6a467fad25127cc12c458df0","2026-07-02T15:11:41.019000","2026-07-02T15:11:41.019000","6a045784a0d5f992481b9d74","felipejmarianor@gmail.com","false"
"2026-07-02","Clarissa dos Santos Melo Duarte","","false","17:00","69cab4b05e5de2d972aae6a0","18:00","Civil","agendado","6a467f69abc2949a142c56e4","2026-07-02T15:10:33.293000","2026-07-02T15:10:33.293000","6a2aaf023a2bb1378a22db13","clarissasmelo@gmail.com","false"
"2026-07-02","Ana Carolina Costa Lopes","","false","13:00","6a05cad8fdd8033d12dca29c","14:00","Civil","agendado","6a467e9bea7f6546521066f6","2026-07-02T15:07:07.856000","2026-07-02T15:07:07.856000","69f0e73466476bce7c30c689","acclopes.direito@gmail.com","false"
"2026-07-02","Ismael José dos Santos Filho","","false","12:00","69cab50d46c2a710ba93c1d4","13:00","Civil","agendado","6a467ce7f86e3ffc6b18f8b4","2026-07-02T14:59:51.975000","2026-07-02T14:59:51.975000","69eb714b124295d4decc3504","ismaelfilho.adv@gmail.com","false"
"2026-07-02","Nádya de Sá Almeida Costa Silva","","false","12:00","69cab48b36611447155e197c","13:00","Civil","agendado","6a4679007a6541d6f4a9e1df","2026-07-02T14:43:12.510000","2026-07-02T14:43:12.510000","69f09cc40b09eba29a789e8a","eng.nadyasa@gmail.com","false"
"2026-07-02","Jucelia Mendes da Silva","","false","13:00","6a303c163272ed4fdd6817f4","14:00","Civil","agendado","6a4675d42a0b708a55731488","2026-07-02T14:29:40.883000","2026-07-02T14:29:40.883000","6a3009da39c9725d4a9c2c9d","juceliajuhhhhhhh@gmail.com","false"
"2026-07-02","Jonathas Prado","","false","12:00","69cab510f59bbda43a5c5d53","13:00","Civil","agendado","6a4671f2ffb063189ae7cda3","2026-07-02T14:13:06.761000","2026-07-02T14:13:06.761000","69f9cbc0982435c5f5ca5e3b","jotapbio@gmail.com","false"
"2026-07-02","Jhulli Êmily Martins Nunes","","false","13:00","69cab48cce1c3df3215b2752","14:00","Civil","agendado","6a46706d51af36ed8709ff54","2026-07-02T14:06:37.211000","2026-07-02T14:06:37.211000","69e8b3e6578c929cf94963e6","jhulliemily2014@gmail.com","false"
"2026-07-02","Lucas Honorato Lopes","","false","12:00","6a2067c65a836c8a40fe0b2c","13:00","Civil","agendado","6a46703f509015619a1a58b0","2026-07-02T14:05:51.373000","2026-07-02T14:05:51.373000","6a16f46d9cbce304c42cc536","lucashlopes@gmail.com","false"
"2026-07-03","Sallyan Vinhadeli Vasconcelos","","false","07:00","69cab48b4ae3b7f6a68fd706","08:00","Civil","agendado","6a466deb96df53f47dc8ea08","2026-07-02T13:55:55.295000","2026-07-02T13:55:55.295000","69f1fc7d5180372f8b56f510","sallyanv@gmail.com","false"
"2026-07-02","Sallyan Vinhadeli Vasconcelos","","false","16:00","69cab48b4ae3b7f6a68fd706","17:00","Civil","agendado","6a466de0aa01b0abd2434c2f","2026-07-02T13:55:44.169000","2026-07-02T13:55:44.169000","69f1fc7d5180372f8b56f510","sallyanv@gmail.com","false"
"2026-07-02","Maria Águeda Silva","","false","12:00","6a0cb5ca9c2781a0ddd0e9d3","13:00","Civil","agendado","6a466b4cb73d55d09bd5a449","2026-07-02T13:44:44.209000","2026-07-02T13:44:44.209000","6a0caf60ce38c927e233214b","mariaaguedas@gmail.com","false"
"2026-07-02","Vanessa Ferreira de Oliveira","","false","12:00","69cab4e3eddee6987dc1c711","13:00","Civil","agendado","6a46697e1636a2f0c415a694","2026-07-02T13:37:02.410000","2026-07-02T13:37:02.410000","6a1d949ce6e13dcecedb709f","vanessaferdoli@gmail.com","false"
"2026-07-02","Vanessa Ferreira de Oliveira","","false","12:00","69cab4e3eddee6987dc1c711","13:00","Civil","agendado","6a46697d2fc847d5aa06c6e6","2026-07-02T13:37:01.761000","2026-07-02T13:37:01.761000","6a1d949ce6e13dcecedb709f","vanessaferdoli@gmail.com","false"
"2026-07-02","Denize Pommer","","false","11:00","6a1997fbb2260a52c4a8158e","12:00","Civil","agendado","6a46679380bd42f20ddc2533","2026-07-02T13:28:51.338000","2026-07-02T13:28:51.338000","6a16e5320af1d751de266aea","pommerde@gmail.com","false"
"2026-07-02","Rayanny Christinny da Silva Carmo","","false","11:00","69cab483e6e1052ce52e6988","12:00","Civil","agendado","6a46672f58745e9029bde095","2026-07-02T13:27:11.122000","2026-07-02T13:27:11.122000","6a319335edfe428978aac2ad","rayannychristinny700@gmail.com","false"
"2026-07-02","Ivana Cabral Oliveira Barros","","false","12:00","6a2974022b3dd13c18f053ec","13:00","Civil","agendado","6a4666bf90988daa5ba110b9","2026-07-02T13:25:19.594000","2026-07-02T16:57:56.294000","6a28493d95b7e99c5f2c08f2","nutr.ivana@gmail.com","false"
"2026-07-02","Fabricio Del Duqui","","false","16:00","69cab4fd87a6fe5aff945a4f","17:00","Civil","agendado","6a4665684ccffd0740afb0ea","2026-07-02T13:19:36.159000","2026-07-02T13:19:36.159000","6a314072b94a0e98ae121e1a","fduqui@gmail.com","false"
"2026-07-02","Matheus Oliveira Timoteo ","","false","11:00","6a15d6bf895510a04628e9e5","12:00","Civil","agendado","6a4664bbae3db4665becbfd9","2026-07-02T13:16:43.686000","2026-07-02T13:16:43.686000","69eb9fecf7d07564929ed82e","mathubaixista@gmail.com","false"
"2026-07-02","Laiz de Moraes Silva","","false","13:00","69cab4a6cb0eeca73fb0ea1f","14:00","Civil","agendado","6a46647b64eec0cac6fc91f0","2026-07-02T13:15:39","2026-07-02T13:15:39","6a1985ff6640af2a5735033f","laiz.geaco@gmail.com","false"
"2026-07-02","Paloma Leal Frazão","","false","12:00","6a05cb2bf126cffdabe7fbfa","13:00","Civil","agendado","6a466106c533eed2c7e25cee","2026-07-02T13:00:54.922000","2026-07-02T13:00:54.922000","69eb7148469c445c29813e58","palomalfrazao@gmail.com","false"
"2026-07-02","Umbelina Santana Ramos","","false","11:00","69cab52aca4d9c8a07cb419a","12:00","Civil","agendado","6a46604fb9cb1ca7ef04a6c0","2026-07-02T12:57:51.373000","2026-07-02T12:57:51.373000","6a16f068b357802022f1ae94","umbelinasramos@gmail.com","false"
"2026-07-02","Jesley da Silva Sousa","","false","11:00","6a2ab18061f7a78ad0700e2f","12:00","Civil","agendado","6a465d951158bef21a99fb08","2026-07-02T12:46:13.796000","2026-07-02T12:46:13.796000","6a2aaf009ad04cdd81d57839","jesleysobral8@gmail.com","false"
"2026-07-02","Mel Cardoso Souza","","false","11:00","69cab4844ae3b7f6a68fd705","12:00","Civil","agendado","6a465c264e2060aa7a5048a4","2026-07-02T12:40:06.363000","2026-07-02T12:40:06.363000","69e8b3e718a06dc553782bd2","mel2005cardoso@gmail.com","false"
"2026-07-02","jhonatas dos santos lima","","false","12:00","69f35624d42a7a848cf80522","13:00","Civil","agendado","6a465bfe151ac6e3bc077c4d","2026-07-02T12:39:26.193000","2026-07-02T12:39:26.193000","69eb712a2f920804f5d6e002","jhonatasvideira@gmail.com","false"
"2026-07-02","Keiliane dos Santos Silva","","false","11:00","69cab4841ce56b674d36384d","12:00","Civil","agendado","6a4659e156521d785126f217","2026-07-02T12:30:25.479000","2026-07-02T12:30:25.479000","69e8b410c23f02f059fbe081","keilineker@gmail.com","false"
"2026-07-02","Kenia Gomes Rodrigues Rios","","false","10:00","69cab4a3ce9564de9486ce32","11:00","Civil","agendado","6a4659210f61b7327919a7a4","2026-07-02T12:27:13.604000","2026-07-02T12:27:13.604000","69fc80be57f680cb816ca13e","keniagrrios@gmail.com","false"
"2026-07-02","Ronaldo Costa Fernandes Silveira","","false","11:00","69cab50ec82236d9d8a777b4","12:00","Civil","agendado","6a46583cc35e8f318070019b","2026-07-02T12:23:24.100000","2026-07-02T12:23:24.100000","6a0caf604d1a53c971b1f7d8","ronaldocosta.fernandes@gmail.com","false"
"2026-07-02","Edirene Silva Mendes","","false","10:00","69cab53444dabb56e3aef606","11:00","Civil","agendado","6a4650d00cc7b843270978e6","2026-07-02T11:51:44.929000","2026-07-02T11:51:44.929000","6a28493ca016db521dd332b1","edirenemendes909@gmail.com","false"
"2026-07-02","Delma Maria Guimaraes","","false","11:00","69cab4bb4badc9d3592723d2","12:00","Civil","agendado","6a4650959f0b11364fbfac86","2026-07-02T11:50:45.863000","2026-07-02T11:50:45.863000","69f0e717c3c33b89a2f9e02a","delmagui333@gmail.com","false"
"2026-07-02","Raimunda Soronha de Oliveira dos Reis","","false","12:00","69cab4acf9e6540401a079f2","13:00","Civil","agendado","6a464f83cc6fd02109c1bca5","2026-07-02T11:46:11.706000","2026-07-02T11:46:11.706000","69f0ed6a8aee7b0f624a8555","soronha.reis@gmail.com","false"
"2026-07-03","Andrea Gonçalves Fonseca","","false","07:00","69cab51d1406725f35a35aea","08:00","Civil","agendado","6a464ea12fa5876cb36298c0","2026-07-02T11:42:25.225000","2026-07-02T11:42:25.225000","6a0caf6101940cd03cbfc270","andreagyn2020@gmail.com","false"
"2026-07-02","Adriel Simões de Mendonça","","false","17:00","69cab499a4016fdcc7a67982","18:00","Civil","agendado","6a4645a9d93e2c4aad67212f","2026-07-02T11:04:09.648000","2026-07-02T11:04:09.648000","69e8b412c600b78d79b1891c","adriel.mendonzza@gmail.com","false"
"2026-07-03","Rafael Santana Marinho","","false","12:00","69cab53eac828741aaea5afd","13:00","Civil","agendado","6a4645721da7310c58333293","2026-07-02T11:03:14.972000","2026-07-02T11:03:14.972000","69fb769eb6cc56e25e03373f","rflmarinho8@gmail.com","false"
"2026-07-02","Patrícia Gomes Fleuri Cunha","","false","08:00","6a103b0bb218f6109a5263e2","09:00","Civil","agendado","6a4639c3e10253bdb68153ed","2026-07-02T10:13:23.772000","2026-07-02T10:13:23.772000","6a0caf6598b093e0931ff6a8","patricia.cunha@goias.gov.br","false"
"2026-07-03","Andrielly Nunes de Oliveira","","false","07:00","6a329e38da29442026634d02","08:00","Civil","agendado","6a4638b6d78c8b273c90823c","2026-07-02T10:08:54.493000","2026-07-02T10:08:54.493000","69f3a2c1d00b3750983befe1","andriellyno1998@gmail.com","false"
"2026-07-03","Andrielly Nunes de Oliveira","","false","07:00","6a329e38da29442026634d02","08:00","Civil","agendado","6a4638b6227d71bde8f05cf8","2026-07-02T10:08:54.034000","2026-07-02T10:08:54.034000","69f3a2c1d00b3750983befe1","andriellyno1998@gmail.com","false"
"2026-07-02","Andrielly Nunes de Oliveira","","false","08:00","6a329e38da29442026634d02","09:00","Civil","agendado","6a46389dfe3c7b9ceec5c366","2026-07-02T10:08:29.805000","2026-07-02T10:08:29.805000","69f3a2c1d00b3750983befe1","andriellyno1998@gmail.com","false"
"2026-07-03","Lorena Rodrigues Leite Caixeta","","false","07:00","69cab49e1f76f85a7183b3c1","08:00","Civil","agendado","6a461ea3a95eb02be2d7a6e6","2026-07-02T08:17:39.858000","2026-07-02T08:17:39.858000","6a0758cb5e36a09b3ddf5b33","arquitetalorenacaixeta@gmail.com","false"
"2026-07-02","Carlos Antônio Madalena","","false","07:00","69f1fbd2b1d8f827f1014b85","08:00","Civil","agendado","6a461e7b1b54014df863393d","2026-07-02T08:16:59.391000","2026-07-02T11:22:42.499000","69f1eb66214b21fd581ce36b","advgcarlosmadalena@gmail.com","false"
"2026-07-02","Geovana Monteiro da Silva","","false","13:00","69cab483f6786b7148f4c689","14:00","Civil","agendado","6a45ace6e52d26baac6a2a44","2026-07-02T00:12:22.874000","2026-07-02T00:12:22.874000","69ec0f73c400e529d8b7c8bb","geovanamts02@gmail.com","false"
"2026-07-02","Luana Cristina Vieira dos Santos ","","false","07:00","69f3405ca624697043cf5b08","08:00","Civil","faltou","6a45a522f18bb33860b978ea","2026-07-01T23:39:14.933000","2026-07-02T11:03:49.675000","69f24dcef9aa003a39e36414","luana2015gyn@gmail.com","false"
"2026-07-02","Hiana Caroline dos Santos Freitas ","","false","12:00","6a199925ea037f3517301539","13:00","Civil","faltou","6a45a4e3ee4d9bf5e400a5bf","2026-07-01T23:38:11.317000","2026-07-02T16:03:51.443000","6a199892b8eaf54685d729c5","hianacarolinecivil@gmail.com","false"
"2026-07-02","Ana Gabriela Azevedo de Carvalho","","false","13:00","69cab48362078b73df941f5f","14:00","Civil","agendado","6a45969740fcb187cd4a6acf","2026-07-01T22:37:11.131000","2026-07-01T22:37:11.131000","6a32dd64fa8afd91fe1039d0","ag3746498@gmail.com","false"
"2026-07-02","Lázara Tatiana Pereira de Lima","","false","07:00","69cab5409b141921d6a9bac9","08:00","Civil","agendado","6a4581c6e840a7521e0cbdc1","2026-07-01T21:08:22.367000","2026-07-01T21:08:22.367000","69e8b3d7f0a0a48eb1af80d9","sesmt.publico@gmail.com","false"
"2026-07-03","Renata Batista Lozano","","false","07:00","6a440c3c1a215e360855c18a","08:00","Civil","agendado","6a45816082a8bca904de5909","2026-07-01T21:06:40.928000","2026-07-01T21:06:40.928000","6a43b3e2a2881f5f82218f67","renata.b.lozano@gmail.com","false"
"2026-07-02","Renata Batista Lozano","","false","07:00","6a440c3c1a215e360855c18a","08:00","Civil","agendado","6a458143099d64cffae8fcf8","2026-07-01T21:06:11.800000","2026-07-01T21:06:11.800000","6a43b3e2a2881f5f82218f67","renata.b.lozano@gmail.com","false"
"2026-07-02","Mariana Albino da Silva","","false","07:00","69cab485b105230925053def","08:00","Civil","agendado","6a4575873e7816407cbd8228","2026-07-01T20:16:07.862000","2026-07-01T20:16:07.862000","69f1eb6197b49acac81ad46a","mariana.albinosilva85@gmail.com","false"
"2026-07-02","Antônio Gabriel Marcimiano de Moraes","","false","17:00","69cab5533f4cbe4cc715f000","18:00","Civil","agendado","6a4574600cf5e39eb71a24ea","2026-07-01T20:11:12.846000","2026-07-01T20:11:12.846000","69e8bd46281c43278d0d48e9","gabrielgynh@gmail.com","false"
"2026-07-02","Caio César Silva Oliveira","","false","17:00","69cab5528917bc7d06ec9f36","18:00","Civil","agendado","6a457440919f1b4b24e65b69","2026-07-01T20:10:40.027000","2026-07-02T21:46:54.900000","69e8b3c510a6ab1ad3da4cd2","caiooliveira92@gmail.com","false"
"2026-07-01","Anna Gabriella Pacheco Arantes ","","false","18:00","6a3982de24678b7c56c6eb95","19:00","Civil","agendado","6a457229a2fa581fb4b0b303","2026-07-01T20:01:45.186000","2026-07-01T20:01:45.186000","6a15a10e7ccbb48781b7c1a9","anagabipacheco145@gmail.com","false"
"2026-07-01","Adriano Faleiro Gregório","","false","18:00","69cab526ebee4a1af29385ac","19:00","Civil","agendado","6a456f81b70de885e2884032","2026-07-01T19:50:25.217000","2026-07-01T19:50:25.217000","6a0712111e20cc70b7726fa4","adrianofgtrabalho@gmail.com","false"
"2026-07-01","Cecília Barcelos ","","false","17:00","6a34009465d0a5953dd53299","18:00","Civil","agendado","6a456f42ad008d457ada03b5","2026-07-01T19:49:22.668000","2026-07-01T19:49:22.668000","6a33ffef153f100204d31c48","ceciliabarcelos80@gmail.com","false"
"2026-07-02","Gilvan José Meireles","","false","13:00","69cab51df127d1812d9c9585","14:00","Civil","agendado","6a456d254440cfa697b18dcd","2026-07-01T19:40:21.514000","2026-07-01T19:40:21.514000","69eb7152f8692d6e4f8926c5","gil-van-jose@hotmail.com","false"
"2026-07-02","Daniel Carlos dos Reis","","false","08:00","69efb877f2a849baa2f1590f","09:00","Civil","agendado","6a456aed2975d56dbe9a120e","2026-07-01T19:30:53.506000","2026-07-01T19:30:53.506000","69e8b3dcffadf846c595fa0c","danielreis0211@gmail.com","false"
"2026-07-01","Tatiane Ferreira e Silva Medeiros","","false","17:00","69cab4ae71c685e9f60324a3","18:00","Civil","agendado","6a4569d9b826ae4a8103ca91","2026-07-01T19:26:17.355000","2026-07-01T19:26:17.355000","69f0a7979080024735454f5b","tatianefsm2000@gmail.com","false"
"2026-07-01","Jhonathan Hebert Pereira Souza Silva","","false","17:00","6a1f17c025cad254d07827e1","18:00","Civil","faltou","6a45694d00aabe334232bb90","2026-07-01T19:23:57.845000","2026-07-01T21:03:55.375000","6a1f14cec59abaa5e126073b","jhonathan.silva@goias.gov.br","false"
"2026-07-01","Antonino Batista Júnior","","false","17:00","69cab53d8efef97e8a0f03b3","18:00","Civil","agendado","6a4566754d6d30379558aaac","2026-07-01T19:11:49.161000","2026-07-01T19:11:49.161000","69e8b3ceaa15a6de33954e67","antoninobj@gmail.com","false"
"2026-07-01","Douglas Fleury Parreira Barros","","false","17:00","69cab49ee29fe8dc7e61491a","18:00","Civil","agendado","6a4565af95867baebf71fca7","2026-07-01T19:08:31.836000","2026-07-01T19:08:31.836000","69e8b40f9b7ab425aa2ca185","douglas.fleury@gmail.com","false"
"2026-07-01","Julio Cesar de Morais Souza","","false","16:00","69cab4faeab3702f5a63795e","17:00","Civil","agendado","6a456259341db0b4bab2fc5a","2026-07-01T18:54:17.261000","2026-07-01T18:54:17.261000","69f8d5097166a59dfa38211f","juliocesar12059734@gmail.com","false"
"2026-07-02","Sandy Gonçalves Santana","","false","18:00","69cab4b251341c5e34b04b2e","19:00","Civil","agendado","6a45625738495c4b5ca4308e","2026-07-01T18:54:15.405000","2026-07-01T18:54:15.405000","69eb712609a3ab9ccffc1d90","sanderas.sgs@gmail.com","false"
"2026-07-02","Ana Clara Barbacena Camelo","","false","19:00","69cab496d430c0cf1dbd7e72","20:00","Civil","faltou","6a4562352adf39b07d8dee5f","2026-07-01T18:53:41.037000","2026-07-02T22:16:34.048000","69f0e732a32f7ffb33e50f1b","anaclarabarbacena@gmail.com","false"
"2026-07-01","Ana Clara Barbacena Camelo","","false","19:00","69cab496d430c0cf1dbd7e72","20:00","Civil","agendado","6a45622a6971b5e64dd66519","2026-07-01T18:53:30.086000","2026-07-01T18:53:30.086000","69f0e732a32f7ffb33e50f1b","anaclarabarbacena@gmail.com","false"
"2026-07-01","Denize Pommer","","false","16:00","6a1997fbb2260a52c4a8158e","17:00","Civil","agendado","6a4561be92116c2431cc3972","2026-07-01T18:51:42.751000","2026-07-01T18:51:42.751000","6a16e5320af1d751de266aea","pommerde@gmail.com","false"
"2026-07-01","Denize Pommer","","false","16:00","6a1997fbb2260a52c4a8158e","17:00","Civil","agendado","6a4561be86f5ffb1a8bb862b","2026-07-01T18:51:42.447000","2026-07-01T18:51:42.447000","6a16e5320af1d751de266aea","pommerde@gmail.com","false"
"2026-07-01","Denize Pommer","","false","16:00","6a1997fbb2260a52c4a8158e","17:00","Civil","agendado","6a4561bee2e7b7e7bd6fbd8f","2026-07-01T18:51:42.152000","2026-07-01T18:51:42.152000","6a16e5320af1d751de266aea","pommerde@gmail.com","false"
"2026-07-01","Michelle Vitoria de Carvalho","","false","16:00","6a1d952333bdc732b32dcd93","17:00","Civil","agendado","6a455b487f7cf49a4af97449","2026-07-01T18:24:08.478000","2026-07-01T18:24:08.478000","6a1985fdbfa475c3359e50e9","michellelouza51@gmail.com","false"
"2026-07-02","Marcos Aurélio Araújo da Silva Barros ","","false","11:00","6a05ca7c3ec8d849572a717b","12:00","Civil","agendado","6a455906e0bc7a526cbb29e3","2026-07-01T18:14:30.998000","2026-07-01T18:14:30.998000","6a05ae830f9c23bcdaf6e974","marcos.barros@goias.gov.br","false"
"2026-07-01","Lázara Tatiana Pereira de Lima","","false","16:00","69cab5409b141921d6a9bac9","17:00","Civil","agendado","6a4555e3dcfe6efe750d8b83","2026-07-01T18:01:07.086000","2026-07-01T18:01:07.086000","69e8b3d7f0a0a48eb1af80d9","sesmt.publico@gmail.com","false"
"2026-07-01","Edjane Martins Silva","","false","17:00","69cab5525a1b6e998a75de7e","18:00","Civil","agendado","6a455137bd838748489adc6e","2026-07-01T17:41:11.597000","2026-07-01T17:41:11.597000","6a0c51d521231d4a1ef3e01f","edjanemartins14@gmail.com","false"
"2026-07-01","Marcos Vinicius Arantes de Morais","","false","17:00","69cab4b1aa8b91b9733ba71e","18:00","Civil","agendado","6a45506151ede38a00ca147d","2026-07-01T17:37:37.158000","2026-07-01T17:37:37.158000","69e8b42097a92473c7834626","marcosviniciusarantesmorais@gmail.com","false"
"2026-07-02","Leonardo Alves Ribeiro","","false","12:00","6a454ed31f79726271ec0cc9","13:00","Civil","agendado","6a4550593df547009b383c2c","2026-07-01T17:37:29.472000","2026-07-01T17:37:29.472000","6a4527dd390e51d8fd8d8e96","leonardo.ribeiro.011098@gmail.com","false"
"2026-07-01","Camila Costa Marinho","","false","18:00","6a304dbb6505c47b19606f12","19:00","Civil","agendado","6a4550148b69b01daa16291d","2026-07-01T17:36:20.708000","2026-07-01T17:36:20.708000","6a2aea1cd0de8de3acfb63a3","camilacostamm11@gmail.com","false"
"2026-07-01","Antônio Gabriel Marcimiano de Moraes","","false","17:00","69cab5533f4cbe4cc715f000","18:00","Civil","agendado","6a45432741344a03f8413d0e","2026-07-01T16:41:11.284000","2026-07-01T16:41:11.284000","69e8bd46281c43278d0d48e9","gabrielgynh@gmail.com","false"
"2026-07-01","Gabriele Batista","","false","16:00","69cab4e300553dca6de39a7f","17:00","Civil","agendado","6a453bf83a7fba8b83e5f07d","2026-07-01T16:10:32.541000","2026-07-01T16:10:32.541000","69f8d5031b4731838f3aa4db","gabrielecastro01@gmail.com","false"
"2026-07-01","Renato Cortes Araujo","","false","18:00","6a3e7ceed7b5cc8026d9de19","19:00","Civil","agendado","6a4539da58599df0fa898c0a","2026-07-01T16:01:30.517000","2026-07-01T16:01:30.517000","6a33ffec680751eb87071f8a","renato.caraujo@goias.gov.br","false"
"2026-07-01","Jhulli Êmily Martins Nunes","","false","18:00","69cab48cce1c3df3215b2752","19:00","Civil","agendado","6a4536736ff13eece3c2bd69","2026-07-01T15:46:59.437000","2026-07-01T15:46:59.437000","69e8b3e6578c929cf94963e6","jhulliemily2014@gmail.com","false"
"2026-07-01","Jaqueline Basílio de Oliveira","","false","13:00","69f251eb95fc95ce8a1deca1","14:00","Civil","agendado","6a4531fe0bc3e781e96a6e17","2026-07-01T15:27:58.936000","2026-07-01T15:27:58.936000","69f2515f3caf2db8610694b6","jaquelliny20@hotmail.com","false"
"2026-07-02","Léa Rosane Barcelos","","false","11:00","69cab555f127d1812d9c958f","12:00","Civil","agendado","6a452e94061efa15d0f5bb76","2026-07-01T15:13:24.912000","2026-07-01T15:13:24.912000","69eb7145a368132a1e810354","learosane@gmail.com","false"
"2026-07-01","Helena de Castro Côrtes","","false","13:00","6a16e9a8f78a8dd4bceafe2a","14:00","Civil","agendado","6a452de8e1fbc29a39084e61","2026-07-01T15:10:32.506000","2026-07-01T15:10:32.506000","6a16e52b80d218340615bc21","helena.gegeo@gmail.com","false"
"2026-07-01","Márcia Santos Almeida Mota","","false","18:00","69fa286cbd89876a6edd5002","19:00","Civil","agendado","6a452ca6cb6fc941170cf76c","2026-07-01T15:05:10.789000","2026-07-01T15:05:10.789000","69e8b3ea3024a618d9bbfb4b","marsaalmo@gmail.com","false"
"2026-07-01","Felipe Junqueira Mariano","","false","13:00","69cab4fa2f92da87a7de44b0","14:00","Civil","agendado","6a452c6fc434eee43eb70e24","2026-07-01T15:04:15.478000","2026-07-01T15:04:15.478000","6a045784a0d5f992481b9d74","felipejmarianor@gmail.com","false"
"2026-07-01","BETANIA APARECIDA HENKES VIAN","","false","13:00","6a397a1f1a9199a9c27a866f","14:00","Civil","faltou","6a452ba29ad76cfc65c72a24","2026-07-01T15:00:50.940000","2026-07-01T17:03:49.475000","6a3009d25c11e724cbe84a54","betaniavian@gmail.com","false"
"2026-07-02","Andrea Gonçalves Fonseca","","false","07:00","69cab51d1406725f35a35aea","08:00","Civil","agendado","6a452b0f8790d672a4962776","2026-07-01T14:58:23.952000","2026-07-02T11:22:59.567000","6a0caf6101940cd03cbfc270","andreagyn2020@gmail.com","false"
"2026-07-01","Marcio Junio Rodrigues de Freitas","","false","18:00","69cab4fdb65777e18fa16281","19:00","Civil","agendado","6a452af7fa444e601017d30f","2026-07-01T14:57:59.391000","2026-07-01T14:57:59.391000","69e8b3cb227404cd41911786","marciosoriso@gmail.com","false"
"2026-07-01","Ismael José dos Santos Filho","","false","12:00","69cab50d46c2a710ba93c1d4","13:00","Civil","agendado","6a45262fe60b730690de5bd5","2026-07-01T14:37:35.683000","2026-07-01T14:37:35.683000","69eb714b124295d4decc3504","ismaelfilho.adv@gmail.com","false"
"2026-07-01","Brenuo Victor Rodrigues Barbosa","","false","13:00","69cab5409b141921d6a9baca","14:00","Civil","agendado","6a4524dd4d2de58aa6c1e4de","2026-07-01T14:31:57.900000","2026-07-01T14:31:57.900000","6a022e0e6d475b0b2334af8e","brenuovrb@gmail.com","false"
"2026-07-01","Raynna Pereira Neves Barros","","false","12:00","69cab483bcb9efeb569c67e1","13:00","Civil","agendado","6a45248fe4adcb63fd85de03","2026-07-01T14:30:39.585000","2026-07-01T14:30:39.585000","69f0aa040009751ec470fa8b","nevesraynna@gmail.com","false"
"2026-07-01","Carlos alexandre da costa ","","false","12:00","6a0cb0c2e3d9f640adbed26b","13:00","Civil","agendado","6a45233baa2b9ad36cfe178f","2026-07-01T14:24:59.251000","2026-07-01T14:24:59.251000","6a0caf62f88ae28daf8dd133","xandy.x12@gmail.com","false"
"2026-07-01","Uerica Agapito Pereira","","false","12:00","69cab53f1d112c5a2797d789","13:00","Civil","agendado","6a451f5b8a654b222ea362f7","2026-07-01T14:08:27.507000","2026-07-01T14:08:27.507000","69f09fd3ef3fe8e89a0d5919","uericaagapito.adv@gmail.com","false"
"2026-07-01","Vanessa Ferreira de Oliveira","","false","12:00","69cab4e3eddee6987dc1c711","13:00","Civil","agendado","6a451dcd25e6e4252bb14ba1","2026-07-01T14:01:49.544000","2026-07-01T14:01:49.544000","6a1d949ce6e13dcecedb709f","vanessaferdoli@gmail.com","false"
"2026-07-01","Lucas Honorato Lopes","","false","12:00","6a2067c65a836c8a40fe0b2c","13:00","Civil","agendado","6a451d231f83c88de7d275cb","2026-07-01T13:58:59.104000","2026-07-01T13:58:59.104000","6a16f46d9cbce304c42cc536","lucashlopes@gmail.com","false"
"2026-07-01","Yasmin Medeiros de Oliveira","","false","11:00","69cab4ef4a0411830b859b44","12:00","Civil","agendado","6a451c2a394f2a08789b3a44","2026-07-01T13:54:50.324000","2026-07-01T13:54:50.324000","6a103a63f80a4bf1ed8e6c76","yasmin.meira.265@gmail.com","false"
"2026-07-01","Clarinha Pereira da Silva Sousa","","false","11:00","69cab4bb2b75e5b3207c8b48","12:00","Civil","agendado","6a451acf15620f87edc3c4f8","2026-07-01T13:49:03.771000","2026-07-01T13:49:03.771000","69f0e71cb680d3ecfbb47205","clarinhapereira831@gmail.com","false"
"2026-07-01","Rayanny Christinny da Silva Carmo","","false","11:00","69cab483e6e1052ce52e6988","12:00","Civil","agendado","6a451ab7b2b9009617ea7e25","2026-07-01T13:48:39.472000","2026-07-01T13:48:39.472000","6a319335edfe428978aac2ad","rayannychristinny700@gmail.com","false"
"2026-07-01","Jesley da Silva Sousa","","false","11:00","6a2ab18061f7a78ad0700e2f","12:00","Civil","agendado","6a45189b5acd40e7475d6463","2026-07-01T13:39:39.193000","2026-07-01T13:39:39.193000","6a2aaf009ad04cdd81d57839","jesleysobral8@gmail.com","false"
"2026-07-01","Paulo Henrique Nunes da Silva Araújo","","false","12:00","69cab4a2f74af4c7f98e624b","13:00","Civil","agendado","6a45182efcb30e1ca5b3cdfe","2026-07-01T13:37:50.767000","2026-07-01T13:37:50.767000","69e8b3a96c5e364f790390bf","paulonv70@gmail.com","false"
"2026-07-01","Nádya de Sá Almeida Costa Silva","","false","12:00","69cab48b36611447155e197c","13:00","Civil","agendado","6a451770139adf30ea475cf5","2026-07-01T13:34:40.936000","2026-07-01T13:34:40.936000","69f09cc40b09eba29a789e8a","eng.nadyasa@gmail.com","false"
"2026-07-02","Lia Rodrigues de Oliveira","","false","13:00","69cab4a03ab6550526927a0e","14:00","Civil","agendado","6a451698865fe5166d27148c","2026-07-01T13:31:04.745000","2026-07-01T13:31:04.745000","69eb7138fbc3eca467b8986b","liarodriguesoliveira30@gmail.com","false"
"2026-07-01","Hérika Pabline Lima Veras","","false","12:00","6a15d611390b03b5280412b4","13:00","Civil","agendado","6a451617ccaea8012a75d677","2026-07-01T13:28:55.620000","2026-07-01T13:28:55.620000","6a15cb855ddae0a12bbc417c","herikapabline@gmail.com","false"
"2026-07-02","Indiara Porfírio Ribeiro","","false","15:00","69cab48c17c5690cf3d30c6d","16:00","Civil","agendado","6a4513644df49c16096bac0a","2026-07-01T13:17:24.033000","2026-07-01T13:17:24.033000","69e8b3bf55bcfeb78675459e","indiarajujuba@gmail.com","false"
"2026-07-01","Carlos Henrique Ferreira Santos","","false","12:00","69cab4ac0916e78eed2006b2","13:00","Civil","agendado","6a4512a794b53e4aadef7d2e","2026-07-01T13:14:15.180000","2026-07-01T13:14:15.180000","69eb815a6faab5200f1325b9","carlohenrysanto@gmail.com","false"
"2026-07-01","Ana Paula Moreira Rodrigues","","false","12:00","6a04bf891172d29085e72723","13:00","Civil","agendado","6a450fdbd190222818a8e729","2026-07-01T13:02:19.252000","2026-07-01T13:02:19.252000","6a04bf283d7914722c5697df","anaromoreira@gmail.com","false"
"2026-07-01","Matheus Oliveira Timoteo ","","false","11:00","6a15d6bf895510a04628e9e5","12:00","Civil","agendado","6a450f4e5bbadf774f6098b7","2026-07-01T12:59:58.134000","2026-07-01T12:59:58.134000","69eb9fecf7d07564929ed82e","mathubaixista@gmail.com","false"
"2026-07-01","Paloma Leal Frazão","","false","12:00","6a05cb2bf126cffdabe7fbfa","13:00","Civil","agendado","6a450d9f71a818078b5fd0cd","2026-07-01T12:52:47.666000","2026-07-01T12:52:47.666000","69eb7148469c445c29813e58","palomalfrazao@gmail.com","false"
"2026-07-01","Ivana Cabral Oliveira Barros","","false","12:00","6a2974022b3dd13c18f053ec","13:00","Civil","agendado","6a450cf142f16980bebdf3c8","2026-07-01T12:49:53.485000","2026-07-01T12:49:53.485000","6a28493d95b7e99c5f2c08f2","nutr.ivana@gmail.com","false"
"2026-07-01","Fernanda Marra","","false","12:00","69cab5495f4c50dbe8cc825c","13:00","Civil","agendado","6a450c75fbd182fc61083230","2026-07-01T12:47:49.608000","2026-07-01T12:47:49.608000","6a16e5289a8726b9d9b03046","dizamarra@gmail.com","false"
"2026-07-01","Helder Lieberenz Camilo","","false","11:00","6a28490940b20bf445d77ea6","12:00","Civil","agendado","6a450c3ae5c43b5820ff802d","2026-07-01T12:46:50.690000","2026-07-01T12:46:50.690000","6a28488fb42e0b4d317ef9f5","heldersecami@gmail.com","false"
"2026-07-01","Thiago Marques Leão","","false","12:00","69cab49382a748187c66ec50","13:00","Civil","agendado","6a450bf836ca7c507f246a31","2026-07-01T12:45:44.666000","2026-07-01T12:45:44.666000","69e8b3a39df58dcdca94d144","thiagomarquesleao@gmail.com","false"
"2026-07-02","Raingredi Sousa Mendes","","false","13:00","6a303ce8913598946bc38fe9","14:00","Civil","agendado","6a450ae208f0b15d6365df91","2026-07-01T12:41:06.237000","2026-07-01T12:41:06.237000","6a3009d02bf70f90e9561b00","raingredi@gmail.com","false"
"2026-07-01","Raingredi Sousa Mendes","","false","13:00","6a303ce8913598946bc38fe9","14:00","Civil","agendado","6a450ad94ffe1f202f48c141","2026-07-01T12:40:57.041000","2026-07-01T12:40:57.041000","6a3009d02bf70f90e9561b00","raingredi@gmail.com","false"
"2026-07-01","Clarissa dos Santos Melo Duarte","","false","17:00","69cab4b05e5de2d972aae6a0","18:00","Civil","agendado","6a45069ec1fc09e22dadbe9d","2026-07-01T12:22:54.757000","2026-07-01T12:22:54.757000","6a2aaf023a2bb1378a22db13","clarissasmelo@gmail.com","false"
"2026-07-01","Maria dos Reis Pereira Santos","","false","17:00","69cab48b68d464d95240f964","18:00","Civil","agendado","6a45041250d7b74ec1529e65","2026-07-01T12:12:02.916000","2026-07-01T12:12:02.916000","69f0abbe8fef09ddc7cda46c","mariadosssantosrp@gmail.com","false"
"2026-07-01","Giovanna Alves Guardiere ","","false","17:00","69fc846f76670092689fba5b","18:00","Civil","agendado","6a4503d9ecce6d3e61f71436","2026-07-01T12:11:05.066000","2026-07-01T12:11:05.066000","69f3a2bdd479a05ce50eb8df","giovannaalves978@gmail.com","false"
"2026-07-01","Vanessa Pereira de Carvalho","","false","13:00","69cab510bf777218eaaa8d8f","14:00","Civil","agendado","6a4500b05a03d43b9b40cfbd","2026-07-01T11:57:36.914000","2026-07-01T11:57:36.914000","69f3a2c36e4365ec9df1c914","vanessapereiraluz@gmail.com","false"
"2026-07-03","Morian Scussel Malburg","","false","08:00","69cab53deddee6987dc1c800","09:00","Civil","agendado","6a45008c62449429e1c30f16","2026-07-01T11:57:00.014000","2026-07-01T11:57:00.014000","69e8b3dfc275cae65aee1aa2","morianmalburg@gmail.com","false"
"2026-07-02","Francislene Monteiro Lima","","false","07:00","69cab5336d09f1ead4a603b5","08:00","Civil","agendado","6a44ffa5c0d29303d92c736b","2026-07-01T11:53:09.986000","2026-07-02T11:14:35.959000","69eb71414c5a3877ecd8a887","efmonteiro04@gmail.com","false"
"2026-07-01","Francislene Monteiro Lima","","false","18:00","69cab5336d09f1ead4a603b5","19:00","Civil","agendado","6a44ff9bea5c0855bb7313cd","2026-07-01T11:52:59.112000","2026-07-01T11:52:59.112000","69eb71414c5a3877ecd8a887","efmonteiro04@gmail.com","false"
"2026-07-02","Rafael Santana Marinho","","false","12:00","69cab53eac828741aaea5afd","13:00","Civil","agendado","6a44fe0ddfbaff1b9bf389ea","2026-07-01T11:46:21.473000","2026-07-01T11:46:21.473000","69fb769eb6cc56e25e03373f","rflmarinho8@gmail.com","false"
"2026-07-01","Rafael Santana Marinho","","false","12:00","69cab53eac828741aaea5afd","13:00","Civil","agendado","6a44fdfbca12e6f477eec01e","2026-07-01T11:46:03.436000","2026-07-01T11:46:03.436000","69fb769eb6cc56e25e03373f","rflmarinho8@gmail.com","false"
"2026-07-02","Marcos Lopes de Souza","","false","12:00","69cab4a6d886e77a5a0bd8f9","13:00","Civil","agendado","6a44fd2d794c6206e65653fe","2026-07-01T11:42:37.050000","2026-07-01T11:42:37.050000","69efccfae228f77c31effa3e","marcos.lsouza@goias.gov.br","false"
"2026-07-01","Marcos Lopes de Souza","","false","12:00","69cab4a6d886e77a5a0bd8f9","13:00","Civil","agendado","6a44fd21d1b5a5d312f5bfdb","2026-07-01T11:42:25.977000","2026-07-01T11:42:25.978000","69efccfae228f77c31effa3e","marcos.lsouza@goias.gov.br","false"
"2026-07-01","Isabela Arantes Mota","","false","11:00","69cab4e1f0a4c74ea03ff22a","12:00","Civil","agendado","6a44fc38e9e48564b19c2144","2026-07-01T11:38:32.301000","2026-07-01T11:38:32.301000","6a0caf5b87efa41f555a0b3c","arantesmotaisabela@gmail.com","false"
"2026-07-01","Edirene Silva Mendes","","false","10:00","69cab53444dabb56e3aef606","11:00","Civil","agendado","6a44fc29a2cd756258643142","2026-07-01T11:38:17.212000","2026-07-01T11:38:17.212000","6a28493ca016db521dd332b1","edirenemendes909@gmail.com","false"
"2026-07-02","Inglyd da Paz Ribeiro","","false","13:00","69cab4833d652cdad2226c29","14:00","Civil","agendado","6a44fa874be6d8cb4b77c7fa","2026-07-01T11:31:19.424000","2026-07-01T11:31:19.424000","6a3979a6e675b117e5394175","inglyd26@gmail.com","false"
"2026-07-01","Adriel Simões de Mendonça","","false","17:00","69cab499a4016fdcc7a67982","18:00","Civil","agendado","6a44f12f2338b14ee0a436d7","2026-07-01T10:51:27.219000","2026-07-01T10:51:27.219000","69e8b412c600b78d79b1891c","adriel.mendonzza@gmail.com","false"
"2026-07-01","Fabricio Del Duqui","","false","15:00","69cab4fd87a6fe5aff945a4f","16:00","Civil","agendado","6a44f06ebdc333061fb2fe12","2026-07-01T10:48:14.655000","2026-07-01T10:48:14.655000","6a314072b94a0e98ae121e1a","fduqui@gmail.com","false"
"2026-07-02","Monalisa Lopes da Silva ","","false","07:00","6a398374607472e9a3819930","08:00","Civil","agendado","6a44e4a14a9660eca53d7d42","2026-07-01T09:57:53.281000","2026-07-02T11:14:21.496000","6a3981f6dd2033d4e2eef307","monalisalopessilva@gmail.com","false"
"2026-07-01","Luana Cristina Vieira dos Santos ","","false","11:00","69f3405ca624697043cf5b08","12:00","Civil","agendado","6a44e102cf3a623820d85263","2026-07-01T09:42:26.733000","2026-07-01T09:42:26.733000","69f24dcef9aa003a39e36414","luana2015gyn@gmail.com","false"
"2026-07-01","Thayane Cristina Tavares da Silva","","false","17:00","69efa4149a982f6976102820","18:00","Civil","agendado","6a44dab862a2e340b2950855","2026-07-01T09:15:36.840000","2026-07-01T09:15:36.840000","69e8b3ac72ff58fcfafa20b1","cristinathco@gmail.com","false"
"2026-07-01","Mariana Albino da Silva","","false","07:00","69cab485b105230925053def","08:00","Civil","agendado","6a44da37c649e93f42bb3bb5","2026-07-01T09:13:27.409000","2026-07-01T09:13:27.409000","69f1eb6197b49acac81ad46a","mariana.albinosilva85@gmail.com","false"
"2026-07-01","Carlos Antônio Madalena","","false","07:00","69f1fbd2b1d8f827f1014b85","08:00","Civil","agendado","6a44d13f16ecf568ea35127d","2026-07-01T08:35:11.134000","2026-07-01T08:35:11.134000","69f1eb66214b21fd581ce36b","advgcarlosmadalena@gmail.com","false"
"2026-07-02","Barbara Pimenta Rodrigues","","false","17:00","6a3e7a3bc6f53e8a58abe9fe","18:00","Civil","agendado","6a44ce26b038f2ee5297ebbb","2026-07-01T08:21:58.074000","2026-07-01T08:21:58.074000","6a3e795fb1281dc9fdb2f029","barbaraprrodrigues@gmail.com","false"
"2026-07-01","Barbara Pimenta Rodrigues","","false","17:00","6a3e7a3bc6f53e8a58abe9fe","18:00","Civil","agendado","6a44ce153e51e557c13c5049","2026-07-01T08:21:41.578000","2026-07-01T08:21:41.578000","6a3e795fb1281dc9fdb2f029","barbaraprrodrigues@gmail.com","false"
"2026-07-01","Simone. Luzine Peixoto ","","false","12:00","6a1f207ab7d0ebfbfed88d62","13:00","Civil","agendado","6a44c09e82cc2fd1ac5c352d","2026-07-01T07:24:14.459000","2026-07-01T07:24:14.459000","6a1f14cf38f8bc785a9ad042","simoneluzine@gmail.com","false"
"2026-07-02","Thayane Cristina Tavares da Silva","","false","18:00","69efa4149a982f6976102820","19:00","Civil","agendado","6a446913a1101e6ea58bc1ca","2026-07-01T01:10:43.978000","2026-07-01T01:10:43.978000","69e8b3ac72ff58fcfafa20b1","cristinathco@gmail.com","false"
"2026-07-01","Andrea Gonçalves Fonseca","","false","07:00","69cab51d1406725f35a35aea","08:00","Civil","agendado","6a444c17207d377f240f4847","2026-06-30T23:07:03.886000","2026-06-30T23:07:03.886000","6a0caf6101940cd03cbfc270","andreagyn2020@gmail.com","false"
"2026-07-01","Caio César Silva Oliveira","","false","17:00","69cab5528917bc7d06ec9f36","18:00","Civil","agendado","6a4433d7abaec2159c8d788c","2026-06-30T21:23:35.601000","2026-06-30T21:23:35.601000","69e8b3c510a6ab1ad3da4cd2","caiooliveira92@gmail.com","false"
"2026-07-02","Armando alves feitosa","","false","07:00","6a3981de33ef8f3bb08c5477","08:00","Civil","agendado","6a44301377052fddcc0b4146","2026-06-30T21:07:31.006000","2026-06-30T21:07:31.006000","6a3979acb5b039096e4deaec","armando.feitosa@gmail.com","false"
"2026-07-01","Kenia Gomes Rodrigues Rios","","false","10:00","69cab4a3ce9564de9486ce32","11:00","Civil","agendado","6a442c77cc33e980c741a4a2","2026-06-30T20:52:07.395000","2026-06-30T20:52:07.395000","69fc80be57f680cb816ca13e","keniagrrios@gmail.com","false"
"2026-06-30","Renata Batista Lozano","","false","18:00","6a440c3c1a215e360855c18a","19:00","Civil","agendado","6a442bf44c7bbf72bb39dc45","2026-06-30T20:49:56.840000","2026-06-30T20:49:56.840000","6a43b3e2a2881f5f82218f67","renata.b.lozano@gmail.com","false"
"2026-06-30","Camila Costa Marinho","","false","18:00","6a304dbb6505c47b19606f12","19:00","Civil","faltou","6a441f01de9d474888319b5b","2026-06-30T19:54:41.385000","2026-06-30T22:03:50.954000","6a2aea1cd0de8de3acfb63a3","camilacostamm11@gmail.com","false"
"2026-07-01","Ambrosiane de Sousa Leite","","false","18:00","6a04588acee8394872f618be","19:00","Civil","agendado","6a44195cd4cb3efa38eaf5ad","2026-06-30T19:30:36.038000","2026-06-30T19:30:36.038000","69fe287cc22d6cfcf39669d0","ambrosiane.adv@gmail.com","false"
"2026-07-01","Agda Magalhães Cruz","","false","11:00","6a43ed61d21599d201f6d4e3","12:00","Civil","faltou","6a44164b3b805d885abc0a3a","2026-06-30T19:17:31.944000","2026-07-01T15:03:52.857000","6a3e79645dd2faa01e3bb7ab","real.agda@gmail.com","false"
"2026-06-30","Antonino Batista Júnior","","false","17:00","69cab53d8efef97e8a0f03b3","18:00","Civil","agendado","6a441241de5a28d4e91a96b1","2026-06-30T19:00:17.948000","2026-06-30T19:00:17.948000","69e8b3ceaa15a6de33954e67","antoninobj@gmail.com","false"
"2026-06-30","Julio Cesar de Morais Souza","","false","16:00","69cab4faeab3702f5a63795e","17:00","Civil","agendado","6a441154f87f4944092a102e","2026-06-30T18:56:20.961000","2026-06-30T18:56:20.961000","69f8d5097166a59dfa38211f","juliocesar12059734@gmail.com","false"
"2026-07-01","Erika Silva Ribeiro","","false","11:00","69cab4f02ccb1906695fbc2b","12:00","Civil","faltou","6a440e6bb37f44a2c800654a","2026-06-30T18:43:55.599000","2026-07-01T14:51:40.957000","6a05ae818f7fa742f566a3a1","erika180881@gmail.com","false"
"2026-06-30","Gilson Pereira da Silva","","false","16:00","69cab4bbce9564de9486ce35","17:00","Civil","agendado","6a440d2e1c2ff37545f93ef9","2026-06-30T18:38:38.426000","2026-06-30T18:38:38.426000","69eb713d0daf529bb432fcf3","gilson.pereira21@gmail.com","false"
"2026-06-30","Michelle Vitoria de Carvalho","","false","16:00","6a1d952333bdc732b32dcd93","17:00","Civil","agendado","6a4409da78607c828d6df9d5","2026-06-30T18:24:26.529000","2026-06-30T20:59:36.061000","6a1985fdbfa475c3359e50e9","michellelouza51@gmail.com","false"
"2026-06-30","Denize Pommer","","false","16:00","6a1997fbb2260a52c4a8158e","17:00","Civil","agendado","6a4407537f670841a75580e9","2026-06-30T18:13:39.685000","2026-06-30T21:18:25.349000","6a16e5320af1d751de266aea","pommerde@gmail.com","false"
"2026-07-01","Andressa Kristtyna Rodrigues Oliveira","","false","18:00","69cab533705403585c687b9e","19:00","Civil","agendado","6a4404592499769b03648037","2026-06-30T18:00:57.023000","2026-06-30T18:00:57.023000","6a1edae225e1f39bf869001a","andressakoliveira.tur@gmail.com","false"
"2026-07-01","Ana Gabriela Azevedo de Carvalho","","false","13:00","69cab48362078b73df941f5f","14:00","Civil","agendado","6a440422e82fde9b51d10e45","2026-06-30T18:00:02.956000","2026-06-30T18:00:02.956000","6a32dd64fa8afd91fe1039d0","ag3746498@gmail.com","false"
"2026-07-01","Geovana Monteiro da Silva","","false","13:00","69cab483f6786b7148f4c689","14:00","Civil","agendado","6a44041ae2be6fcdc0ac265c","2026-06-30T17:59:54.482000","2026-06-30T17:59:54.482000","69ec0f73c400e529d8b7c8bb","geovanamts02@gmail.com","false"
"2026-06-30","Tatiane Ferreira e Silva Medeiros","","false","17:00","69cab4ae71c685e9f60324a3","18:00","Civil","agendado","6a44014130837e042bb7e46b","2026-06-30T17:47:45.977000","2026-06-30T17:47:45.977000","69f0a7979080024735454f5b","tatianefsm2000@gmail.com","false"
"2026-07-01","Laiz de Moraes Silva","","false","13:00","69cab4a6cb0eeca73fb0ea1f","14:00","Civil","agendado","6a44003ec85ebcbe5e7bbaaf","2026-06-30T17:43:26.726000","2026-06-30T17:43:26.726000","6a1985ff6640af2a5735033f","laiz.geaco@gmail.com","false"
"2026-07-01","Célia Maria da Silva Valadão","","false","11:00","6a0afdd882e5220f83455fbb","12:00","Civil","agendado","6a43f530f08e6814865d6138","2026-06-30T16:56:16.769000","2026-06-30T16:56:16.769000","6a03223f9f250d7b5f325919","celia.valadao@goias.gov.br","false"
"2026-06-30","Camila Araújo da Silva Camargo ","","false","18:00","6a1f18c59f142977ff6acbcc","19:00","Civil","agendado","6a43f0baa6e62629dd533a7c","2026-06-30T16:37:14.440000","2026-06-30T16:37:14.440000","6a1edae1ec39cbeae99f36a2","camila20araujo17@gmail.com","false"
"2026-06-30","Antônio Gabriel Marcimiano de Moraes","","false","17:00","69cab5533f4cbe4cc715f000","18:00","Civil","agendado","6a43e83320ee912b71efbddc","2026-06-30T16:00:51.722000","2026-06-30T16:00:51.722000","69e8bd46281c43278d0d48e9","gabrielgynh@gmail.com","false"
"2026-06-30","Edjane Martins Silva","","false","17:00","69cab5525a1b6e998a75de7e","18:00","Civil","agendado","6a43e811ba7ee384396c6af2","2026-06-30T16:00:17.404000","2026-06-30T16:00:17.404000","6a0c51d521231d4a1ef3e01f","edjanemartins14@gmail.com","false"
"2026-07-01","Johanna Tássia Xavier da Silva","","false","07:00","69cab4a0bc08a81b1194b154","08:00","Civil","agendado","6a43e7b5db205ae3307cb603","2026-06-30T15:58:45.335000","2026-06-30T15:58:45.335000","6a329d064df3b6d4d629d489","arquiteta.johannat@gmail.com","false"
"2026-06-30","jhonatas dos santos lima","","false","13:00","69f35624d42a7a848cf80522","14:00","Civil","agendado","6a43e60e26a60a18aa2d5065","2026-06-30T15:51:42.705000","2026-06-30T15:51:42.705000","69eb712a2f920804f5d6e002","jhonatasvideira@gmail.com","false"
"2026-06-30","Lilian Sousa Ribeiro ","","false","17:00","6a2ab495dd0a4b30a31fc926","18:00","Civil","faltou","6a43e545cc116aff732afee6","2026-06-30T15:48:21.463000","2026-06-30T21:03:49.563000","6a16e530d523f85a83c52aa9","lilicabiologa17@gmail.com","false"
"2026-07-01","Valdeir Alves Rocha","","false","15:00","6a04655919cd7e0450bcfd05","16:00","Civil","agendado","6a43e026553fbf798823d362","2026-06-30T15:26:30.729000","2026-06-30T15:26:30.729000","69e8b3b3071542e891433aa0","valdeir.ideias@gmail.com","false"
"2026-06-30","Valdeir Alves Rocha","","false","15:00","6a04655919cd7e0450bcfd05","16:00","Civil","agendado","6a43e009e775b00ab151abd3","2026-06-30T15:26:01.292000","2026-06-30T15:26:01.292000","69e8b3b3071542e891433aa0","valdeir.ideias@gmail.com","false"
"2026-07-01","Gilvan José Meireles","","false","13:00","69cab51df127d1812d9c9585","14:00","Civil","agendado","6a43df2f52ffec28e1ebf4ca","2026-06-30T15:22:23.586000","2026-06-30T15:22:23.586000","69eb7152f8692d6e4f8926c5","gil-van-jose@hotmail.com","false"
"2026-07-01","Sandy Gonçalves Santana","","false","18:00","69cab4b251341c5e34b04b2e","19:00","Civil","agendado","6a43db15f0536b9fa4134d32","2026-06-30T15:04:53.297000","2026-06-30T15:04:53.297000","69eb712609a3ab9ccffc1d90","sanderas.sgs@gmail.com","false"
"2026-06-30","Sandy Gonçalves Santana","","false","18:00","69cab4b251341c5e34b04b2e","19:00","Civil","agendado","6a43db01adf3ac15ca400088","2026-06-30T15:04:33.865000","2026-06-30T15:04:33.865000","69eb712609a3ab9ccffc1d90","sanderas.sgs@gmail.com","false"
"2026-06-30","Célia Maria da Silva Valadão","","false","12:00","6a0afdd882e5220f83455fbb","13:00","Civil","agendado","6a43d9bb86dc3bf19c1845e0","2026-06-30T14:59:07.892000","2026-06-30T14:59:07.892000","6a03223f9f250d7b5f325919","celia.valadao@goias.gov.br","false"
"2026-06-30","Gabriele Batista","","false","16:00","69cab4e300553dca6de39a7f","17:00","Civil","agendado","6a43d7c6ca0e7531ff3627bd","2026-06-30T14:50:46.595000","2026-06-30T14:50:46.595000","69f8d5031b4731838f3aa4db","gabrielecastro01@gmail.com","false"
"2026-06-30","Hugo Leonardo de Araújo Godinho","","false","12:00","6a2c155eb386f640b1e5948b","13:00","Civil","agendado","6a43d7539130b4a5f2d50e13","2026-06-30T14:48:51.862000","2026-06-30T14:48:51.862000","6a2aaefdbbb8d301bdfff035","hugo.godinho@goias.gov.br","false"
"2026-06-30","Breno Manoel de Freitas ","","false","16:00","6a0cb324fe02d307baa470e9","17:00","Civil","agendado","6a43d66b404b64e182ca809f","2026-06-30T14:44:59.666000","2026-06-30T14:44:59.666000","6a0caf5e016057c6f1d41744","brenofreitas12@gmail.com","false"
"2026-06-30","Fernanda Marra","","false","12:00","69cab5495f4c50dbe8cc825c","13:00","Civil","agendado","6a43d5b2c904e8eb1e508d40","2026-06-30T14:41:54.338000","2026-06-30T14:41:54.338000","6a16e5289a8726b9d9b03046","dizamarra@gmail.com","false"
"2026-06-30","Ismael José dos Santos Filho","","false","12:00","69cab50d46c2a710ba93c1d4","13:00","Civil","agendado","6a43d4c0812bb905f9542cdf","2026-06-30T14:37:52.122000","2026-06-30T14:37:52.122000","69eb714b124295d4decc3504","ismaelfilho.adv@gmail.com","false"
"2026-06-30","Sandra Francisca Bandeira ","","false","12:00","6a16ff021e7aed126219459f","13:00","Civil","agendado","6a43d20f66c19b943e50346c","2026-06-30T14:26:23.846000","2026-06-30T14:26:23.846000","6a0caf5d2f6ef5a33a3d14c9","sandrabandeira.adv@gmail.com","false"
"2026-06-30","Nádya de Sá Almeida Costa Silva","","false","12:00","69cab48b36611447155e197c","13:00","Civil","agendado","6a43d16374146f4218c84357","2026-06-30T14:23:31.701000","2026-06-30T14:23:31.701000","69f09cc40b09eba29a789e8a","eng.nadyasa@gmail.com","false"
"2026-06-30","Anna Gabriella Pacheco Arantes ","","false","13:00","6a3982de24678b7c56c6eb95","14:00","Civil","agendado","6a43d0af158e8885129f66e8","2026-06-30T14:20:31.207000","2026-06-30T14:20:31.207000","6a15a10e7ccbb48781b7c1a9","anagabipacheco145@gmail.com","false"
"2026-06-30","Paulo Sérgio da Silva Lobo","","false","12:00","69cab4e3c3a97d05a892dabe","13:00","Civil","agendado","6a43cd90581183afcf28ff64","2026-06-30T14:07:12.366000","2026-06-30T14:07:12.366000","6a1f14ca9d86f5520fc72468","pauloloboquimico@gmail.com","false"
"2026-06-30","Jonathas Prado","","false","12:00","69cab510f59bbda43a5c5d53","13:00","Civil","agendado","6a43ccf2fecdb9306a6273b8","2026-06-30T14:04:34.501000","2026-06-30T14:04:34.501000","69f9cbc0982435c5f5ca5e3b","jotapbio@gmail.com","false"
"2026-07-01","LAINE SOUZA LANDIN CARDOSO","","false","07:00","6a16ecc046adce93104edc2a","08:00","Civil","agendado","6a43cc976de70fbc84c81f97","2026-06-30T14:03:03.445000","2026-06-30T14:03:03.445000","6a10a6ce0062e7cb36b6737e","lainelandin@gmail.com","false"
"2026-06-30","Débora Maia Escher dos Santos","","false","11:00","69fc8102efce393880145d94","12:00","Civil","agendado","6a43cad6e1a30fd0cdf40a5a","2026-06-30T13:55:34.964000","2026-06-30T13:55:34.964000","69fb76a1a9859e54ff79cc1b","deboraescher19@gmail.com","false"
"2026-06-30","Raynna Pereira Neves Barros","","false","12:00","69cab483bcb9efeb569c67e1","13:00","Civil","agendado","6a43cacf1828d01a19a0074e","2026-06-30T13:55:27.233000","2026-06-30T13:55:27.233000","69f0aa040009751ec470fa8b","nevesraynna@gmail.com","false"
"2026-06-30","Jhulli Êmily Martins Nunes","","false","13:00","69cab48cce1c3df3215b2752","14:00","Civil","agendado","6a43ca9866fd2d656f60d4ba","2026-06-30T13:54:32.499000","2026-06-30T18:58:02.904000","69e8b3e6578c929cf94963e6","jhulliemily2014@gmail.com","false"
"2026-06-30","Ivana Cabral Oliveira Barros","","false","12:00","6a2974022b3dd13c18f053ec","13:00","Civil","agendado","6a43ca953570e288b3716194","2026-06-30T13:54:29.225000","2026-06-30T13:54:29.225000","6a28493d95b7e99c5f2c08f2","nutr.ivana@gmail.com","false"
"2026-06-30","Helena de Castro Côrtes","","false","13:00","6a16e9a8f78a8dd4bceafe2a","14:00","Civil","faltou","6a43ca937592f90925301a26","2026-06-30T13:54:27.624000","2026-06-30T17:18:49.099000","6a16e52b80d218340615bc21","helena.gegeo@gmail.com","false"
"2026-06-30","Marcos Lopes de Souza","","false","12:00","69cab4a6d886e77a5a0bd8f9","13:00","Civil","agendado","6a43ca6f7c9ed72ab2dd1366","2026-06-30T13:53:51.681000","2026-06-30T13:53:51.681000","69efccfae228f77c31effa3e","marcos.lsouza@goias.gov.br","false"
"2026-07-01","Delma Maria Guimaraes","","false","11:00","69cab4bb4badc9d3592723d2","12:00","Civil","agendado","6a43c983290bda573e382784","2026-06-30T13:49:55.197000","2026-06-30T13:49:55.197000","69f0e717c3c33b89a2f9e02a","delmagui333@gmail.com","false"
"2026-06-30","Delma Maria Guimaraes","","false","11:00","69cab4bb4badc9d3592723d2","12:00","Civil","agendado","6a43c9708b22e3bcf8cda8f6","2026-06-30T13:49:36.691000","2026-06-30T13:49:36.691000","69f0e717c3c33b89a2f9e02a","delmagui333@gmail.com","false"
"2026-07-01","Marcia da Silva Coutinho","","false","13:00","69cab53186a8212571cbebfa","14:00","Civil","agendado","6a43c8c9bbc840008615b7c0","2026-06-30T13:46:49.031000","2026-06-30T13:46:49.031000","69f1eb6d936f80ebdd9a578e","marcinhacoutinho.foto@gmail.com","false"
"2026-06-30","Jhonathan Hebert Pereira Souza Silva","","false","18:00","6a1f17c025cad254d07827e1","19:00","Civil","agendado","6a43c63fac9d6398ae13b09a","2026-06-30T13:35:59.775000","2026-06-30T13:35:59.775000","6a1f14cec59abaa5e126073b","jhonathan.silva@goias.gov.br","false"
"2026-07-01","Talíta Maria Carvalho de Lima ","","false","12:00","6a1093b55c869df7da1218e1","13:00","Civil","agendado","6a43c5b5e553cf358bf48e6d","2026-06-30T13:33:41.842000","2026-06-30T13:33:41.842000","6a10924dc377ea5adc55fbdc","ttalitalima@gmail.com","false"
"2026-06-30","Talíta Maria Carvalho de Lima ","","false","12:00","6a1093b55c869df7da1218e1","13:00","Civil","agendado","6a43c59f894d52725c2adc80","2026-06-30T13:33:19.413000","2026-06-30T13:33:19.413000","6a10924dc377ea5adc55fbdc","ttalitalima@gmail.com","false"
"2026-06-30","Thiago Marques Leão","","false","12:00","69cab49382a748187c66ec50","13:00","Civil","agendado","6a43c380fb66e0fa92447875","2026-06-30T13:24:16.476000","2026-06-30T13:24:16.476000","69e8b3a39df58dcdca94d144","thiagomarquesleao@gmail.com","false"
"2026-06-30","Hérika Pabline Lima Veras","","false","12:00","6a15d611390b03b5280412b4","13:00","Civil","agendado","6a43c293fc4d3f2ad3fa6d62","2026-06-30T13:20:19.850000","2026-06-30T13:20:19.850000","6a15cb855ddae0a12bbc417c","herikapabline@gmail.com","false"
"2026-06-30","Vanessa Ferreira de Oliveira","","false","12:00","69cab4e3eddee6987dc1c711","13:00","Civil","agendado","6a43c125aaabbb87ed16736b","2026-06-30T13:14:13.561000","2026-06-30T13:14:13.561000","6a1d949ce6e13dcecedb709f","vanessaferdoli@gmail.com","false"
"2026-06-30","Rayanny Christinny da Silva Carmo","","false","11:00","69cab483e6e1052ce52e6988","12:00","Civil","agendado","6a43bee8fb474f674b2c4988","2026-06-30T13:04:40.068000","2026-06-30T13:04:40.068000","6a319335edfe428978aac2ad","rayannychristinny700@gmail.com","false"
"2026-06-30","Paulo Henrique Nunes da Silva Araújo","","false","13:00","69cab4a2f74af4c7f98e624b","14:00","Civil","agendado","6a43bcc4533870bc84e68cf6","2026-06-30T12:55:32.222000","2026-06-30T12:55:32.222000","69e8b3a96c5e364f790390bf","paulonv70@gmail.com","false"
"2026-06-30","Jucelia Mendes da Silva","","false","11:00","6a303c163272ed4fdd6817f4","12:00","Civil","agendado","6a43bb44a4a097034ff28c7e","2026-06-30T12:49:08.892000","2026-06-30T12:49:08.892000","6a3009da39c9725d4a9c2c9d","juceliajuhhhhhhh@gmail.com","false"
"2026-06-30","Maria Águeda Silva","","false","12:00","6a0cb5ca9c2781a0ddd0e9d3","13:00","Civil","agendado","6a43badd1637d7cddbb23216","2026-06-30T12:47:25.893000","2026-06-30T12:47:25.893000","6a0caf60ce38c927e233214b","mariaaguedas@gmail.com","false"
"2026-06-30","Carlos alexandre da costa ","","false","11:00","6a0cb0c2e3d9f640adbed26b","12:00","Civil","agendado","6a43bad7e887cbbe9cdec9cc","2026-06-30T12:47:19.079000","2026-06-30T12:47:19.079000","6a0caf62f88ae28daf8dd133","xandy.x12@gmail.com","false"
"2026-06-30","Helder Lieberenz Camilo","","false","11:00","6a28490940b20bf445d77ea6","12:00","Civil","agendado","6a43ba90941f9e9d24887b8e","2026-06-30T12:46:08.396000","2026-06-30T12:46:08.396000","6a28488fb42e0b4d317ef9f5","heldersecami@gmail.com","false"
"2026-06-30","Paloma Leal Frazão","","false","11:00","6a05cb2bf126cffdabe7fbfa","12:00","Civil","agendado","6a43b94915bcac4b3af4a991","2026-06-30T12:40:41.229000","2026-06-30T12:40:41.229000","69eb7148469c445c29813e58","palomalfrazao@gmail.com","false"
"2026-06-30","Thaís Teixeira Santos","","false","12:00","69cab5274f3dd1b5956201e6","13:00","Civil","agendado","6a43b8b2e0bc7d1c23365a7c","2026-06-30T12:38:10.773000","2026-06-30T12:38:10.773000","6a0caf640170db9a69a7bebd","thais.sejuv@gmail.com","false"
"2026-06-30","Ana Gabriela Azevedo de Carvalho","","false","13:00","69cab48362078b73df941f5f","14:00","Civil","agendado","6a43b3c1e21245d0882a6a47","2026-06-30T12:17:05.294000","2026-06-30T18:06:41.412000","6a32dd64fa8afd91fe1039d0","ag3746498@gmail.com","false"
"2026-06-30","Kenia Gomes Rodrigues Rios","","false","10:00","69cab4a3ce9564de9486ce32","11:00","Civil","agendado","6a43abbc4e6f69bd9afdb187","2026-06-30T11:42:52.622000","2026-06-30T11:42:52.622000","69fc80be57f680cb816ca13e","keniagrrios@gmail.com","false"
"2026-06-30","Edirene Silva Mendes","","false","10:00","69cab53444dabb56e3aef606","11:00","Civil","agendado","6a43aab33a92d9916070e944","2026-06-30T11:38:27.112000","2026-06-30T11:38:27.112000","6a28493ca016db521dd332b1","edirenemendes909@gmail.com","false"
"2026-07-02","Kalita Nascimento Souza","","false","07:00","6a398243a54d8b9eded34b67","08:00","Civil","agendado","6a43aa4de29fdd1435d38097","2026-06-30T11:36:45.489000","2026-06-30T11:36:45.489000","6a3979a741f0e661e4facfc3","kalitanascimento72@gmail.com","false"
"2026-07-01","Kalita Nascimento Souza","","false","07:00","6a398243a54d8b9eded34b67","08:00","Civil","agendado","6a43aa3afea0198e7a13191e","2026-06-30T11:36:26.137000","2026-06-30T11:36:26.137000","6a3979a741f0e661e4facfc3","kalitanascimento72@gmail.com","false"
"2026-06-30","Jesley da Silva Sousa","","false","11:00","6a2ab18061f7a78ad0700e2f","12:00","Civil","agendado","6a43a654f5a0b1c02d922eb0","2026-06-30T11:19:48.124000","2026-06-30T11:19:48.124000","6a2aaf009ad04cdd81d57839","jesleysobral8@gmail.com","false"
"2026-06-30","Elisnara Gerstrudes da Costa e Silva ","","false","11:00","6a281e2dfb548e50d1e17ecd","12:00","Civil","agendado","6a43a158ecf74a13e9ba2b53","2026-06-30T10:58:32.693000","2026-06-30T10:58:32.693000","6a281b55d71320017656d360","elisnaracostta@gmail.com","false"
"2026-06-30","Isabela Arantes Mota","","false","11:00","69cab4e1f0a4c74ea03ff22a","12:00","Civil","agendado","6a43a148fb10916d2797bbd8","2026-06-30T10:58:16.984000","2026-06-30T10:58:16.984000","6a0caf5b87efa41f555a0b3c","arantesmotaisabela@gmail.com","false"
"2026-06-30","Raimunda Soronha de Oliveira dos Reis","","false","12:00","69cab4acf9e6540401a079f2","13:00","Civil","agendado","6a43a0ef547d890ecbbbc424","2026-06-30T10:56:47.429000","2026-06-30T10:56:47.429000","69f0ed6a8aee7b0f624a8555","soronha.reis@gmail.com","false"
"2026-06-30","Ronaldo Costa Fernandes Silveira","","false","12:00","69cab50ec82236d9d8a777b4","13:00","Civil","agendado","6a439b78dfc976efa66fba07","2026-06-30T10:33:28.647000","2026-06-30T10:33:28.647000","6a0caf604d1a53c971b1f7d8","ronaldocosta.fernandes@gmail.com","false"
"2026-06-30","Rafael Santana Marinho","","false","12:00","69cab53eac828741aaea5afd","13:00","Civil","agendado","6a4399e36cdbe33d6d1952e5","2026-06-30T10:26:43.999000","2026-06-30T10:26:43.999000","69fb769eb6cc56e25e03373f","rflmarinho8@gmail.com","false"
"2026-07-01","Márcia de Araújo Gontijo","","false","07:00","69cab4fa6634febf001eb740","08:00","Civil","agendado","6a4396d58692963945dea32c","2026-06-30T10:13:41.460000","2026-06-30T10:13:41.460000","69fe28955bf56f9dc34635d2","marciagontijoadv@gmail.com","false"
"2026-07-01","Monalisa Lopes da Silva ","","false","07:00","6a398374607472e9a3819930","08:00","Civil","agendado","6a43966008a8a5c449db22e2","2026-06-30T10:11:44.456000","2026-06-30T10:11:44.456000","6a3981f6dd2033d4e2eef307","monalisalopessilva@gmail.com","false"
"2026-06-30","Daniele Serafim de Souza Kliemann","","false","12:00","6a1843cfd579775e62d16cd4","13:00","Civil","agendado","6a43959d0ad9523539f82f38","2026-06-30T10:08:29.856000","2026-06-30T10:08:29.856000","6a172ad4172b5169721ad5d7","danieleserafim.adv@gmail.com","false"
"2026-06-30","Sebastião Ferreira de Farias","","false","12:00","6a2703539a901a812fcd60c6","13:00","Civil","agendado","6a4394deea1a40216951ab5b","2026-06-30T10:05:18.401000","2026-06-30T10:05:18.401000","6a270305919590097fa8bf46","sebastiaof85851710@gmail.com","false"
"2026-06-30","Luana Cristina Vieira dos Santos ","","false","11:00","69f3405ca624697043cf5b08","12:00","Civil","agendado","6a439215e74c4906c18cdefd","2026-06-30T09:53:25.151000","2026-06-30T09:53:25.151000","69f24dcef9aa003a39e36414","luana2015gyn@gmail.com","false"
"2026-07-01","Léa Rosane Barcelos","","false","11:00","69cab555f127d1812d9c958f","12:00","Civil","agendado","6a4391e7a599c1eb0cdc47cf","2026-06-30T09:52:39.678000","2026-06-30T09:52:39.678000","69eb7145a368132a1e810354","learosane@gmail.com","false"
"2026-06-30","Indiara Porfírio Ribeiro","","false","15:00","69cab48c17c5690cf3d30c6d","16:00","Civil","agendado","6a438c87a4836110016488a8","2026-06-30T09:29:43.223000","2026-06-30T09:29:43.223000","69e8b3bf55bcfeb78675459e","indiarajujuba@gmail.com","false"
"2026-06-30","Patrícia Gomes Fleuri Cunha","","false","07:00","6a103b0bb218f6109a5263e2","08:00","Civil","agendado","6a438b8f7fe5bb75a9b23126","2026-06-30T09:25:35.796000","2026-06-30T09:25:35.796000","6a0caf6598b093e0931ff6a8","patricia.cunha@goias.gov.br","false"
"2026-06-30","Carlos Antônio Madalena","","false","07:00","69f1fbd2b1d8f827f1014b85","08:00","Civil","agendado","6a437bff834a82b3fabedb58","2026-06-30T08:19:11.725000","2026-06-30T08:19:11.725000","69f1eb66214b21fd581ce36b","advgcarlosmadalena@gmail.com","false"
"2026-06-30","Andrea Gonçalves Fonseca","","false","07:00","69cab51d1406725f35a35aea","08:00","Civil","agendado","6a43273fcd6afb11f680cc36","2026-06-30T02:17:35.603000","2026-06-30T02:17:35.603000","6a0caf6101940cd03cbfc270","andreagyn2020@gmail.com","false"
"2026-06-30","Lia Rodrigues de Oliveira","","false","13:00","69cab4a03ab6550526927a0e","14:00","Civil","agendado","6a42f334bd294a8b7834947d","2026-06-29T22:35:32.123000","2026-06-29T22:35:32.123000","69eb7138fbc3eca467b8986b","liarodriguesoliveira30@gmail.com","false"
"2026-07-01","Inglyd da Paz Ribeiro","","false","13:00","69cab4833d652cdad2226c29","14:00","Civil","agendado","6a42dff34c6966e34da70ea1","2026-06-29T21:13:23.071000","2026-06-29T21:13:23.071000","6a3979a6e675b117e5394175","inglyd26@gmail.com","false"
"2026-06-30","Inglyd da Paz Ribeiro","","false","13:00","69cab4833d652cdad2226c29","14:00","Civil","agendado","6a42dfe274a1a2370f6b1d66","2026-06-29T21:13:06.777000","2026-06-30T18:58:24.365000","6a3979a6e675b117e5394175","inglyd26@gmail.com","false"
"2026-06-30","Lázara Tatiana Pereira de Lima","","false","16:00","69cab5409b141921d6a9bac9","17:00","Civil","faltou","6a42bcfcbb3135387ec8d736","2026-06-29T18:44:12.825000","2026-06-30T20:03:49.945000","69e8b3d7f0a0a48eb1af80d9","sesmt.publico@gmail.com","false"
"2026-06-30","Geovana Monteiro da Silva","","false","13:00","69cab483f6786b7148f4c689","14:00","Civil","agendado","6a42bc2fe6a3988a4cdd44b9","2026-06-29T18:40:47.654000","2026-06-29T18:40:47.654000","69ec0f73c400e529d8b7c8bb","geovanamts02@gmail.com","false"
"2026-06-30","Barbara Pimenta Rodrigues","","false","17:00","6a3e7a3bc6f53e8a58abe9fe","18:00","Civil","agendado","6a4280b27e6d7d923976470a","2026-06-29T14:26:58.028000","2026-06-29T14:26:58.028000","6a3e795fb1281dc9fdb2f029","barbaraprrodrigues@gmail.com","false"
"2026-06-30","Gilvan José Meireles","","false","13:00","69cab51df127d1812d9c9585","14:00","Civil","agendado","6a427c04333f68471f257eee","2026-06-29T14:07:00.653000","2026-06-29T14:07:00.653000","69eb7152f8692d6e4f8926c5","gil-van-jose@hotmail.com","false"
"2026-06-30","Raingredi Sousa Mendes","","false","13:00","6a303ce8913598946bc38fe9","14:00","Civil","agendado","6a4275028c24a8efb0adbbae","2026-06-29T13:37:06.936000","2026-06-29T13:37:06.936000","6a3009d02bf70f90e9561b00","raingredi@gmail.com","false"
"2026-06-30","Laiz de Moraes Silva","","false","13:00","69cab4a6cb0eeca73fb0ea1f","14:00","Civil","agendado","6a4274dc5f4622d83f1d4e36","2026-06-29T13:36:28.163000","2026-06-29T13:36:28.163000","6a1985ff6640af2a5735033f","laiz.geaco@gmail.com","false"
"2026-06-30","Marcia da Silva Coutinho","","false","13:00","69cab53186a8212571cbebfa","14:00","Civil","agendado","6a426d7615c45e3e2f7f6c8b","2026-06-29T13:04:54.382000","2026-06-29T13:04:54.382000","69f1eb6d936f80ebdd9a578e","marcinhacoutinho.foto@gmail.com","false"
"2026-06-30","Mariana Albino da Silva","","false","07:00","69cab485b105230925053def","08:00","Civil","agendado","6a4262388ea80ffe51035f1f","2026-06-29T12:16:56.227000","2026-06-29T12:16:56.227000","69f1eb6197b49acac81ad46a","mariana.albinosilva85@gmail.com","false"
"2026-06-30","Joelma Maria Lopes","","false","15:00","69cab4862de13ff6fe9e683c","16:00","Civil","faltou","6a4261d67f7449ffc95c298b","2026-06-29T12:15:18.068000","2026-06-30T19:03:49.195000","69fc8834a5e1e393ab79c311","joelma.arthur@gmail.com","false"
"2026-06-30","Andressa Kristtyna Rodrigues Oliveira","","false","18:00","69cab533705403585c687b9e","19:00","Civil","agendado","6a425fe9823717e3a14c3fe8","2026-06-29T12:07:05.606000","2026-06-29T12:07:05.606000","6a1edae225e1f39bf869001a","andressakoliveira.tur@gmail.com","false"
"2026-06-29","Carlos alexandre da costa ","","false","10:00","6a0cb0c2e3d9f640adbed26b","11:00","Civil","agendado","6a425f0b480fcfeb9a706746","2026-06-29T12:03:23.470000","2026-06-29T12:03:23.470000","6a0caf62f88ae28daf8dd133","xandy.x12@gmail.com","false"
"2026-07-01","Lorena Rodrigues Leite Caixeta","","false","07:00","69cab49e1f76f85a7183b3c1","08:00","Civil","agendado","6a425e5eddd74dc2ff081b54","2026-06-29T12:00:30.504000","2026-06-29T12:00:30.504000","6a0758cb5e36a09b3ddf5b33","arquitetalorenacaixeta@gmail.com","false"
"2026-06-30","Léa Rosane Barcelos","","false","11:00","69cab555f127d1812d9c958f","12:00","Civil","agendado","6a425d92ac53bfacc0b4727f","2026-06-29T11:57:06.331000","2026-06-29T11:57:06.331000","69eb7145a368132a1e810354","learosane@gmail.com","false"
"2026-06-29","Raphael de Lima Carvalho Moraes","","false","11:00","69cab4ee1d5dca09ed497c22","12:00","Civil","faltou","6a425cbaf66eaddc1edbe7fc","2026-06-29T11:53:30.785000","2026-06-29T15:03:49.517000","69f243fdfed1f188950d4989","raphaelmoraes019@gmail.com","false"
"2026-06-29","Rafael Santana Marinho","","false","11:00","69cab53eac828741aaea5afd","12:00","Civil","faltou","6a425a13569a4e8952a02155","2026-06-29T11:42:11.856000","2026-06-29T15:03:49.762000","69fb769eb6cc56e25e03373f","rflmarinho8@gmail.com","false"
"2026-06-29","Helder Lieberenz Camilo","","false","10:00","6a28490940b20bf445d77ea6","11:00","Civil","agendado","6a4256b5604013b887c3b46c","2026-06-29T11:27:49.986000","2026-06-29T11:27:49.986000","6a28488fb42e0b4d317ef9f5","heldersecami@gmail.com","false"
"2026-06-30","Fabricio Del Duqui","","false","16:00","69cab4fd87a6fe5aff945a4f","17:00","Civil","agendado","6a424bcdf811627bb716ce1d","2026-06-29T10:41:17.271000","2026-06-29T10:41:17.271000","6a314072b94a0e98ae121e1a","fduqui@gmail.com","false"
"2026-06-29","Fabricio Del Duqui","","false","11:00","69cab4fd87a6fe5aff945a4f","12:00","Civil","faltou","6a424bc0a13da83af32a5697","2026-06-29T10:41:04.612000","2026-06-29T15:03:50.086000","6a314072b94a0e98ae121e1a","fduqui@gmail.com","false"
"2026-06-29","Rayanny Christinny da Silva Carmo","","false","11:00","69cab483e6e1052ce52e6988","12:00","Civil","agendado","6a42442bb9fc3844ad026780","2026-06-29T10:08:43.967000","2026-06-30T14:34:28.559000","6a319335edfe428978aac2ad","rayannychristinny700@gmail.com","false"
"2026-06-30","Daniel Carlos dos Reis","","false","08:00","69efb877f2a849baa2f1590f","09:00","Civil","agendado","6a4242e208fb03ac87b517cd","2026-06-29T10:03:14.439000","2026-06-29T10:03:14.439000","69e8b3dcffadf846c595fa0c","danielreis0211@gmail.com","false"
"2026-06-29","Carlos Antônio Madalena","","false","07:00","69f1fbd2b1d8f827f1014b85","08:00","Civil","agendado","6a423aa6d47b17b69700e790","2026-06-29T09:28:06.480000","2026-06-29T09:28:06.480000","69f1eb66214b21fd581ce36b","advgcarlosmadalena@gmail.com","false"
"2026-06-30","Andrielly Nunes de Oliveira","","false","07:00","6a329e38da29442026634d02","08:00","Civil","agendado","6a41c056f3ae403d5cd1b92a","2026-06-29T00:46:14.754000","2026-06-29T00:46:14.754000","69f3a2c1d00b3750983befe1","andriellyno1998@gmail.com","false"
"2026-06-29","Andrielly Nunes de Oliveira","","false","07:00","6a329e38da29442026634d02","08:00","Civil","agendado","6a41c04ac63c349ca82a0db6","2026-06-29T00:46:02.793000","2026-06-29T00:46:02.793000","69f3a2c1d00b3750983befe1","andriellyno1998@gmail.com","false"
"2026-06-30","Morian Scussel Malburg","","false","08:00","69cab53deddee6987dc1c800","09:00","Civil","agendado","6a41af5bd0c2f8bdf375343e","2026-06-28T23:33:47.175000","2026-06-28T23:33:47.175000","69e8b3dfc275cae65aee1aa2","morianmalburg@gmail.com","false"
"2026-06-29","Morian Scussel Malburg","","false","08:00","69cab53deddee6987dc1c800","09:00","Civil","agendado","6a41af503ce6a9d1a2108249","2026-06-28T23:33:36.453000","2026-06-28T23:33:36.453000","69e8b3dfc275cae65aee1aa2","morianmalburg@gmail.com","false"
"2026-06-30","Márcia de Araújo Gontijo","","false","07:00","69cab4fa6634febf001eb740","08:00","Civil","agendado","6a41a9eb7672d4224899ac0a","2026-06-28T23:10:35.334000","2026-06-28T23:10:35.334000","69fe28955bf56f9dc34635d2","marciagontijoadv@gmail.com","false"
"2026-06-30","Caio César Silva Oliveira","","false","17:00","69cab5528917bc7d06ec9f36","18:00","Civil","agendado","6a419e0d1ea14001dabf2d4d","2026-06-28T22:19:57.896000","2026-06-28T22:19:57.896000","69e8b3c510a6ab1ad3da4cd2","caiooliveira92@gmail.com","false"
"2026-06-30","Lucas Honorato Lopes","","false","11:00","6a2067c65a836c8a40fe0b2c","12:00","Civil","agendado","6a4192508852036368f4d708","2026-06-28T21:29:52.819000","2026-06-28T21:29:52.819000","6a16f46d9cbce304c42cc536","lucashlopes@gmail.com","false"
"2026-06-29","Lucas Honorato Lopes","","false","07:00","6a2067c65a836c8a40fe0b2c","08:00","Civil","agendado","6a4192344aa1af397c0b89b3","2026-06-28T21:29:24.506000","2026-06-28T21:29:24.506000","6a16f46d9cbce304c42cc536","lucashlopes@gmail.com","false"
"2026-06-29","Armando alves feitosa","","false","07:00","6a3981de33ef8f3bb08c5477","08:00","Civil","agendado","6a414dda5054649dc7ed54b7","2026-06-28T16:37:46.206000","2026-06-28T16:37:46.206000","6a3979acb5b039096e4deaec","armando.feitosa@gmail.com","false"
"2026-06-29","Mariana Albino da Silva","","false","07:00","69cab485b105230925053def","08:00","Civil","agendado","6a4129a0b466740100766d94","2026-06-28T14:03:12.803000","2026-06-28T14:03:12.803000","69f1eb6197b49acac81ad46a","mariana.albinosilva85@gmail.com","false"
"2026-06-29","Luana Cristina Vieira dos Santos ","","false","07:00","69f3405ca624697043cf5b08","08:00","Civil","agendado","6a411984296535ce77c682d5","2026-06-28T12:54:28.674000","2026-06-28T12:54:28.674000","69f24dcef9aa003a39e36414","luana2015gyn@gmail.com","false"
"2026-06-30","Francislene Monteiro Lima","","false","07:00","69cab5336d09f1ead4a603b5","08:00","Civil","agendado","6a41156149a2b6c5e14bd901","2026-06-28T12:36:49.593000","2026-06-28T12:36:49.593000","69eb71414c5a3877ecd8a887","efmonteiro04@gmail.com","false"
"2026-06-30","Monalisa Lopes da Silva ","","false","07:00","6a398374607472e9a3819930","08:00","Civil","agendado","6a4115385622ed976b61b60a","2026-06-28T12:36:08.310000","2026-06-28T12:36:08.310000","6a3981f6dd2033d4e2eef307","monalisalopessilva@gmail.com","false"
"2026-06-29","Simone. Luzine Peixoto ","","false","07:00","6a1f207ab7d0ebfbfed88d62","08:00","Civil","agendado","6a4037d48c6828ea70109e7c","2026-06-27T20:51:32.815000","2026-06-27T20:51:32.815000","6a1f14cf38f8bc785a9ad042","simoneluzine@gmail.com","false"
"2026-06-29","Monalisa Lopes da Silva ","","false","07:00","6a398374607472e9a3819930","08:00","Civil","agendado","6a3ff3eb558953303c328af4","2026-06-27T16:01:47.659000","2026-06-29T11:15:12.255000","6a3981f6dd2033d4e2eef307","monalisalopessilva@gmail.com","false"
"2026-06-29","Francislene Monteiro Lima","","false","07:00","69cab5336d09f1ead4a603b5","08:00","Civil","agendado","6a3ff3377a590ca5555af7fe","2026-06-27T15:58:47.250000","2026-06-30T10:30:35.665000","69eb71414c5a3877ecd8a887","efmonteiro04@gmail.com","false"
"2026-06-26","Débora Maia Escher dos Santos","","false","18:00","69fc8102efce393880145d94","19:00","Civil","agendado","6a3ee7a26f2fbe61f60e7119","2026-06-26T20:57:06.528000","2026-06-26T20:57:06.528000","69fb76a1a9859e54ff79cc1b","deboraescher19@gmail.com","false"
"2026-06-26","Gilson Pereira da Silva","","false","18:00","69cab4bbce9564de9486ce35","19:00","Civil","agendado","6a3eda631e6973d6900c7212","2026-06-26T20:00:35.677000","2026-06-26T20:00:35.677000","69eb713d0daf529bb432fcf3","gilson.pereira21@gmail.com","false"
"2026-06-26","Cecília Barcelos ","","false","17:00","6a34009465d0a5953dd53299","18:00","Civil","agendado","6a3ed24160d773d59910da92","2026-06-26T19:25:53.014000","2026-06-26T19:25:53.014000","6a33ffef153f100204d31c48","ceciliabarcelos80@gmail.com","false"
"2026-06-26","Ambrosiane de Sousa Leite","","false","17:00","6a04588acee8394872f618be","18:00","Civil","agendado","6a3ec6e476df5238c4c707ca","2026-06-26T18:37:24.162000","2026-06-26T18:37:24.162000","69fe287cc22d6cfcf39669d0","ambrosiane.adv@gmail.com","false"
"2026-06-26","Antonino Batista Júnior","","false","16:00","69cab53d8efef97e8a0f03b3","17:00","Civil","agendado","6a3ec388f6c1ab59ff8fed7a","2026-06-26T18:23:04.396000","2026-06-26T18:23:04.396000","69e8b3ceaa15a6de33954e67","antoninobj@gmail.com","false"
"2026-06-26","Edjane Martins Silva","","false","17:00","69cab5525a1b6e998a75de7e","18:00","Civil","agendado","6a3ec217d76f45b6bd3af8f4","2026-06-26T18:16:55.681000","2026-06-26T18:16:55.681000","6a0c51d521231d4a1ef3e01f","edjanemartins14@gmail.com","false"
"2026-06-26","Antônio Gabriel Marcimiano de Moraes","","false","17:00","69cab5533f4cbe4cc715f000","18:00","Civil","agendado","6a3ec1fc5d3a24712b06ea8d","2026-06-26T18:16:28.688000","2026-06-26T18:16:28.688000","69e8bd46281c43278d0d48e9","gabrielgynh@gmail.com","false"
"2026-06-26","Karla Correia Mendes","","false","16:00","69cab4850c384307831324d8","17:00","Civil","agendado","6a3ebda653af7e2c6ec18c07","2026-06-26T17:57:58.229000","2026-06-26T17:57:58.229000","69f0ab75971b3976ef33a57d","karlamendes1406@gmail.com","false"
"2026-06-26","Paulo Henrique Nunes da Silva Araújo","","false","16:00","69cab4a2f74af4c7f98e624b","17:00","Civil","agendado","6a3eba6ca90dd997bedc441f","2026-06-26T17:44:12.219000","2026-06-26T17:44:12.219000","69e8b3a96c5e364f790390bf","paulonv70@gmail.com","false"
"2026-06-26","Yasmin Medeiros de Oliveira","","false","17:00","69cab4ef4a0411830b859b44","18:00","Civil","agendado","6a3eb96414b7303719a596a2","2026-06-26T17:39:48.731000","2026-06-26T17:39:48.731000","6a103a63f80a4bf1ed8e6c76","yasmin.meira.265@gmail.com","false"
"2026-06-26","Guilherme Henrique Santos Chagas","","false","14:00","69cab4fdc35c29533c90564a","15:00","Civil","agendado","6a3ea5c7412f8dd53312f37f","2026-06-26T16:16:07.442000","2026-06-26T16:16:07.442000","6a16e8fc13f09dfcf589386e","guilherme.ts.chagas@gmail.com","false"
"2026-06-26","VITORIA RODRIGUES SGAMATI","","false","14:00","6a281d4ebb0e3860ea5368c1","15:00","Civil","agendado","6a3ea26f53db032fcd743bb2","2026-06-26T16:01:51.972000","2026-06-26T16:01:51.972000","6a142a748d65e2c102ce1901","sgamativitoria@gmail.com","false"
"2026-06-27","Gilvan José Meireles","","false","13:00","69cab51df127d1812d9c9585","14:00","Civil","faltou","6a3ea12d65b42abf9cfe3669","2026-06-26T15:56:29.626000","2026-06-27T17:03:50.013000","69eb7152f8692d6e4f8926c5","gil-van-jose@hotmail.com","false"
"2026-06-26","Gabriele Batista","","false","16:00","69cab4e300553dca6de39a7f","17:00","Civil","agendado","6a3e9818446de8d577ddd1ed","2026-06-26T15:17:44.057000","2026-06-26T15:17:44.057000","69f8d5031b4731838f3aa4db","gabrielecastro01@gmail.com","false"
"2026-06-26","Anna Gabriella Pacheco Arantes ","","false","13:00","6a3982de24678b7c56c6eb95","14:00","Civil","agendado","6a3e978af6584403ffaa59ba","2026-06-26T15:15:22.170000","2026-06-26T15:15:22.170000","6a15a10e7ccbb48781b7c1a9","anagabipacheco145@gmail.com","false"
"2026-06-26","Ana Gabriela Azevedo de Carvalho","","false","13:00","69cab48362078b73df941f5f","14:00","Civil","agendado","6a3e96a4679f34360c913e96","2026-06-26T15:11:32.952000","2026-06-26T15:11:32.952000","6a32dd64fa8afd91fe1039d0","ag3746498@gmail.com","false"
"2026-06-26","Sandra Francisca Bandeira ","","false","13:00","6a16ff021e7aed126219459f","14:00","Civil","faltou","6a3e95fe9cffbe0499fd4978","2026-06-26T15:08:46.772000","2026-06-26T17:03:49.213000","6a0caf5d2f6ef5a33a3d14c9","sandrabandeira.adv@gmail.com","false"
"2026-06-26","Raphael de Lima Carvalho Moraes","","false","13:00","69cab4ee1d5dca09ed497c22","14:00","Civil","agendado","6a3e9213f78d6de34086cd24","2026-06-26T14:52:03.150000","2026-06-26T14:52:03.150000","69f243fdfed1f188950d4989","raphaelmoraes019@gmail.com","false"
"2026-06-26","Maria Águeda Silva","","false","12:00","6a0cb5ca9c2781a0ddd0e9d3","13:00","Civil","agendado","6a3e902eac9b948dc070241a","2026-06-26T14:43:58.635000","2026-06-26T14:43:58.635000","6a0caf60ce38c927e233214b","mariaaguedas@gmail.com","false"
"2026-06-26","Jonathas Prado","","false","12:00","69cab510f59bbda43a5c5d53","13:00","Civil","agendado","6a3e8d5606fce49ffac54cc8","2026-06-26T14:31:50.664000","2026-06-26T14:31:50.664000","69f9cbc0982435c5f5ca5e3b","jotapbio@gmail.com","false"
"2026-06-26","Lucas Façanha de Oliveira Carvalho","","false","13:00","69cab53f95aecd6313a1094a","14:00","Civil","agendado","6a3e8d329618b3868fda345c","2026-06-26T14:31:14.376000","2026-06-26T14:31:14.376000","69e8b3d9db2701e07f3d9515","lucasoliveira.ifam@gmail.com","false"
"2026-06-26","Ismael José dos Santos Filho","","false","12:00","69cab50d46c2a710ba93c1d4","13:00","Civil","agendado","6a3e8ac424a8d14988a316c3","2026-06-26T14:20:52.181000","2026-06-26T14:20:52.181000","69eb714b124295d4decc3504","ismaelfilho.adv@gmail.com","false"
"2026-06-26","Rayanny Christinny da Silva Carmo","","false","11:00","69cab483e6e1052ce52e6988","12:00","Civil","agendado","6a3e7f79d5a50146afb9fd96","2026-06-26T13:32:41.723000","2026-06-26T13:32:41.723000","6a319335edfe428978aac2ad","rayannychristinny700@gmail.com","false"
"2026-06-26","Vanessa Ferreira de Oliveira","","false","12:00","69cab4e3eddee6987dc1c711","13:00","Civil","agendado","6a3e78867684dc2ca3d544d7","2026-06-26T13:03:02.116000","2026-06-26T13:03:02.116000","6a1d949ce6e13dcecedb709f","vanessaferdoli@gmail.com","false"
"2026-06-26","Helder Lieberenz Camilo","","false","11:00","6a28490940b20bf445d77ea6","12:00","Civil","agendado","6a3e75a4b9cde484ecaf51ba","2026-06-26T12:50:44.095000","2026-06-26T12:50:44.095000","6a28488fb42e0b4d317ef9f5","heldersecami@gmail.com","false"
"2026-06-26","Denize Pommer","","false","10:00","6a1997fbb2260a52c4a8158e","11:00","Civil","agendado","6a3e74397f50f579443604cf","2026-06-26T12:44:41.417000","2026-06-26T12:44:41.417000","6a16e5320af1d751de266aea","pommerde@gmail.com","false"
"2026-06-26","Paulo Sérgio da Silva Lobo","","false","12:00","69cab4e3c3a97d05a892dabe","13:00","Civil","agendado","6a3e73ef2bfa638f250903de","2026-06-26T12:43:27.715000","2026-06-26T12:43:27.715000","6a1f14ca9d86f5520fc72468","pauloloboquimico@gmail.com","false"
"2026-06-26","Ana Paula Moreira Rodrigues","","false","17:00","6a04bf891172d29085e72723","18:00","Civil","agendado","6a3e71248e038022eaab9582","2026-06-26T12:31:32.323000","2026-06-26T12:31:32.323000","6a04bf283d7914722c5697df","anaromoreira@gmail.com","false"
"2026-06-26","Michelle Vitoria de Carvalho","","false","10:00","6a1d952333bdc732b32dcd93","11:00","Civil","agendado","6a3e700efa1ea23cfd42f15d","2026-06-26T12:26:54.630000","2026-06-26T12:26:54.630000","6a1985fdbfa475c3359e50e9","michellelouza51@gmail.com","false"
"2026-06-26","Ivana Cabral Oliveira Barros","","false","12:00","6a2974022b3dd13c18f053ec","13:00","Civil","agendado","6a3e6b0a15b4f46a3b9752f6","2026-06-26T12:05:30.869000","2026-06-26T12:05:30.869000","6a28493d95b7e99c5f2c08f2","nutr.ivana@gmail.com","false"
"2026-06-26","Laiz de Moraes Silva","","false","13:00","69cab4a6cb0eeca73fb0ea1f","14:00","Civil","faltou","6a3e65fa5a3a927b6bf5651c","2026-06-26T11:43:54.231000","2026-06-26T17:03:49.457000","6a1985ff6640af2a5735033f","laiz.geaco@gmail.com","false"
"2026-06-26","Edirene Silva Mendes","","false","10:00","69cab53444dabb56e3aef606","11:00","Civil","agendado","6a3e631c72a0709a3ca3e179","2026-06-26T11:31:40.146000","2026-06-26T11:31:40.146000","6a28493ca016db521dd332b1","edirenemendes909@gmail.com","false"
"2026-06-26","Thaynná Melo do Nascimento","","false","12:00","6a2aeab3a61a095b45073c9a","13:00","Civil","agendado","6a3e609297dba69235269982","2026-06-26T11:20:50.047000","2026-06-26T11:20:50.047000","6a2ab68ac2b7298f7ea65e47","thaynna.nascimento@goias.gov.br","false"
"2026-06-26","Kenia Gomes Rodrigues Rios","","false","10:00","69cab4a3ce9564de9486ce32","11:00","Civil","agendado","6a3e603af707d0cd9af88f40","2026-06-26T11:19:22.942000","2026-06-26T11:19:22.942000","69fc80be57f680cb816ca13e","keniagrrios@gmail.com","false"
"2026-06-26","Indiara Porfírio Ribeiro","","false","15:00","69cab48c17c5690cf3d30c6d","16:00","Civil","agendado","6a3e519c4a841ba6bdd85348","2026-06-26T10:17:00.019000","2026-06-26T10:17:00.019000","69e8b3bf55bcfeb78675459e","indiarajujuba@gmail.com","false"
"2026-06-26","Jucelia Mendes da Silva","","false","08:00","6a303c163272ed4fdd6817f4","09:00","Civil","agendado","6a3e51026fbd68a43727acbd","2026-06-26T10:14:26.753000","2026-06-26T10:14:26.753000","6a3009da39c9725d4a9c2c9d","juceliajuhhhhhhh@gmail.com","false"
"2026-06-26","Luciana Nunes do Amaral","","false","08:00","69f245f987f588dbdbc22567","09:00","Civil","agendado","6a3e509ac14d25c1ba21e428","2026-06-26T10:12:42.145000","2026-06-26T10:12:42.145000","69f200bb913a105fdf750586","lna.advogada@gmail.com","false"
"2026-06-26","Lázara Tatiana Pereira de Lima","","false","07:00","69cab5409b141921d6a9bac9","08:00","Civil","agendado","6a3e4abad8b3472a05b39253","2026-06-26T09:47:38.966000","2026-06-26T09:47:38.966000","69e8b3d7f0a0a48eb1af80d9","sesmt.publico@gmail.com","false"
"2026-06-26","Carlos Antônio Madalena","","false","07:00","69f1fbd2b1d8f827f1014b85","08:00","Civil","agendado","6a3e3a65e526f90f330570de","2026-06-26T08:37:57.669000","2026-06-26T08:37:57.669000","69f1eb66214b21fd581ce36b","advgcarlosmadalena@gmail.com","false"
"2026-06-26","samuel da costa oliveira","","false","08:00","6a283ca8e24218a67bcb7414","09:00","Civil","agendado","6a3dea2725ee5e57a40152ec","2026-06-26T02:55:35.492000","2026-06-26T02:55:35.492000","6a27030a707a4b92e0085b31","samuca1098costa@gmail.com","false"
"2026-06-26","Mariana Albino da Silva","","false","07:00","69cab485b105230925053def","08:00","Civil","agendado","6a3dde2024e885b14d8e3ef3","2026-06-26T02:04:16.531000","2026-06-26T11:16:18.057000","69f1eb6197b49acac81ad46a","mariana.albinosilva85@gmail.com","false"
"2026-06-26","Clarissa dos Santos Melo Duarte","","false","16:00","69cab4b05e5de2d972aae6a0","17:00","Civil","agendado","6a3dc4264571e6542301592a","2026-06-26T00:13:26.865000","2026-06-26T00:13:26.865000","6a2aaf023a2bb1378a22db13","clarissasmelo@gmail.com","false"
"2026-06-25","Adriano Faleiro Gregório","","false","19:00","69cab526ebee4a1af29385ac","20:00","Civil","agendado","6a3d99981ace56c4f4fcbb5f","2026-06-25T21:11:52.135000","2026-06-25T21:11:52.135000","6a0712111e20cc70b7726fa4","adrianofgtrabalho@gmail.com","false"
"2026-06-25","Camila Araújo da Silva Camargo ","","false","18:00","6a1f18c59f142977ff6acbcc","19:00","Civil","agendado","6a3d8f40a923fa1e683fefa0","2026-06-25T20:27:44.034000","2026-06-25T20:27:44.034000","6a1edae1ec39cbeae99f36a2","camila20araujo17@gmail.com","false"
"2026-06-26","Sandy Gonçalves Santana","","false","18:00","69cab4b251341c5e34b04b2e","19:00","Civil","agendado","6a3d8e59545a2f0b2ee39557","2026-06-25T20:23:53.379000","2026-06-25T20:23:53.379000","69eb712609a3ab9ccffc1d90","sanderas.sgs@gmail.com","false"
"2026-06-25","Sandy Gonçalves Santana","","false","18:00","69cab4b251341c5e34b04b2e","19:00","Civil","agendado","6a3d8e4d4f95c5bcf18cec99","2026-06-25T20:23:41.602000","2026-06-25T20:23:41.602000","69eb712609a3ab9ccffc1d90","sanderas.sgs@gmail.com","false"
"2026-06-26","Lia Rodrigues de Oliveira","","false","13:00","69cab4a03ab6550526927a0e","14:00","Civil","agendado","6a3d859bd46af10ca3511007","2026-06-25T19:46:35.001000","2026-06-25T19:46:35.001000","69eb7138fbc3eca467b8986b","liarodriguesoliveira30@gmail.com","false"
"2026-06-26","Helena de Castro Côrtes","","false","13:00","6a16e9a8f78a8dd4bceafe2a","14:00","Civil","agendado","6a3d8594718b6cce567846fe","2026-06-25T19:46:28.734000","2026-06-25T19:46:28.734000","6a16e52b80d218340615bc21","helena.gegeo@gmail.com","false"
"2026-06-26","Erika Silva Ribeiro","","false","11:00","69cab4f02ccb1906695fbc2b","12:00","Civil","agendado","6a3d7ed433dc338156a5be42","2026-06-25T19:17:40.321000","2026-06-25T19:17:40.321000","6a05ae818f7fa742f566a3a1","erika180881@gmail.com","false"
"2026-06-26","Raingredi Sousa Mendes","","false","13:00","6a303ce8913598946bc38fe9","14:00","Civil","agendado","6a3d754df6847b10ef3678f3","2026-06-25T18:37:01.675000","2026-06-25T18:37:01.675000","6a3009d02bf70f90e9561b00","raingredi@gmail.com","false"
"2026-06-26","Andrielly Nunes de Oliveira","","false","07:00","6a329e38da29442026634d02","08:00","Civil","agendado","6a3d743d7bb51ea026df997f","2026-06-25T18:32:29.374000","2026-06-26T11:15:31.792000","69f3a2c1d00b3750983befe1","andriellyno1998@gmail.com","false"
"2026-06-26","LAINE SOUZA LANDIN CARDOSO","","false","07:00","6a16ecc046adce93104edc2a","08:00","Civil","agendado","6a3d731ba0857506f46d101e","2026-06-25T18:27:39.936000","2026-06-26T11:15:08.748000","6a10a6ce0062e7cb36b6737e","lainelandin@gmail.com","false"
"2026-06-26","Hérika Pabline Lima Veras","","false","12:00","6a15d611390b03b5280412b4","13:00","Civil","agendado","6a3d72fee5198a5331bf0fcf","2026-06-25T18:27:10.856000","2026-06-25T18:27:10.856000","6a15cb855ddae0a12bbc417c","herikapabline@gmail.com","false"
"2026-06-25","Brenuo Victor Rodrigues Barbosa","","false","16:00","69cab5409b141921d6a9baca","17:00","Civil","agendado","6a3d6fcb0a4538cc20bc7732","2026-06-25T18:13:31.290000","2026-06-25T18:13:31.290000","6a022e0e6d475b0b2334af8e","brenuovrb@gmail.com","false"
"2026-06-25","Breno Manoel de Freitas ","","false","16:00","6a0cb324fe02d307baa470e9","17:00","Civil","agendado","6a3d6d427dbd7061f2c85107","2026-06-25T18:02:42.326000","2026-06-25T18:02:42.326000","6a0caf5e016057c6f1d41744","brenofreitas12@gmail.com","false"
"2026-06-25","Janise Fontenelle","","false","16:00","69cab4ad6a367eee7bbc4726","17:00","Civil","agendado","6a3d6ce330b0c7c8b3b28f7d","2026-06-25T18:01:07.334000","2026-06-25T18:01:07.334000","69f1eb67f3d081e7f412e0e1","janisefonte@gmail.com","false"
"2026-06-26","Umbelina Santana Ramos","","false","11:00","69cab52aca4d9c8a07cb419a","12:00","Civil","agendado","6a3d6489ee9818198f10987a","2026-06-25T17:25:29.182000","2026-06-25T17:25:29.182000","6a16f068b357802022f1ae94","umbelinasramos@gmail.com","false"
"2026-06-26","Lucas Honorato Lopes","","false","11:00","6a2067c65a836c8a40fe0b2c","12:00","Civil","agendado","6a3d5b75ebb7ed1e85391281","2026-06-25T16:46:45.977000","2026-06-25T16:46:45.977000","6a16f46d9cbce304c42cc536","lucashlopes@gmail.com","false"
"2026-06-25","Valdeir Alves Rocha","","false","15:00","6a04655919cd7e0450bcfd05","16:00","Civil","agendado","6a3d52b1c6c22c64afe37b24","2026-06-25T16:09:21.319000","2026-06-25T16:09:21.319000","69e8b3b3071542e891433aa0","valdeir.ideias@gmail.com","false"
"2026-06-26","Marcia da Silva Coutinho","","false","13:00","69cab53186a8212571cbebfa","14:00","Civil","agendado","6a3d4f96019ea244f997343f","2026-06-25T15:56:06.042000","2026-06-25T15:56:06.042000","69f1eb6d936f80ebdd9a578e","marcinhacoutinho.foto@gmail.com","false"
"2026-06-25","Marcia da Silva Coutinho","","false","13:00","69cab53186a8212571cbebfa","14:00","Civil","agendado","6a3d4f8dcbb626b566ffdffb","2026-06-25T15:55:57.532000","2026-06-25T15:55:57.532000","69f1eb6d936f80ebdd9a578e","marcinhacoutinho.foto@gmail.com","false"
"2026-06-25","Vanessa Pereira de Carvalho","","false","13:00","69cab510bf777218eaaa8d8f","14:00","Civil","agendado","6a3d4db17eb6d9db690a9d15","2026-06-25T15:48:01.031000","2026-06-25T15:48:01.031000","69f3a2c36e4365ec9df1c914","vanessapereiraluz@gmail.com","false"
"2026-06-25","Márcia Santos Almeida Mota","","false","18:00","69fa286cbd89876a6edd5002","19:00","Civil","agendado","6a3d4d669d916dd93b3033df","2026-06-25T15:46:46.953000","2026-06-25T15:46:46.953000","69e8b3ea3024a618d9bbfb4b","marsaalmo@gmail.com","false"
"2026-06-25","Paulo Henrique Nunes da Silva Araújo","","false","13:00","69cab4a2f74af4c7f98e624b","14:00","Civil","agendado","6a3d4c5b99e277a135256b72","2026-06-25T15:42:19.187000","2026-06-25T15:42:19.187000","69e8b3a96c5e364f790390bf","paulonv70@gmail.com","false"
"2026-06-25","Guilherme Lima de Sena","","false","18:00","69cab51d8bf415ccbaf6955b","19:00","Civil","agendado","6a3d4b61c315e7b464502e0f","2026-06-25T15:38:09.662000","2026-06-25T15:38:09.662000","69f8d5070e6979860429cfd6","guisenna73@gmail.com","false"
"2026-06-25","Anna Gabriella Pacheco Arantes ","","false","13:00","6a3982de24678b7c56c6eb95","14:00","Civil","agendado","6a3d49bd0d3742d1c55c942f","2026-06-25T15:31:09.229000","2026-06-25T15:31:09.229000","6a15a10e7ccbb48781b7c1a9","anagabipacheco145@gmail.com","false"
"2026-06-25","BETANIA APARECIDA HENKES VIAN","","false","13:00","6a397a1f1a9199a9c27a866f","14:00","Civil","agendado","6a3d469da4017b9cd423d940","2026-06-25T15:17:49.714000","2026-06-25T15:17:49.714000","6a3009d25c11e724cbe84a54","betaniavian@gmail.com","false"
"2026-06-25","Lívia Maria Batista da Silva","","false","13:00","69cab4ed0b51026b52fe7c88","14:00","Civil","agendado","6a3d45e9ac2f552e9ccadfeb","2026-06-25T15:14:49.306000","2026-06-25T15:14:49.306000","69e8b3d0276e0faaaaece9f8","liviasa.cultura@gmail.com","false"
"2026-06-25","Camila Costa Marinho","","false","13:00","6a304dbb6505c47b19606f12","14:00","Civil","agendado","6a3d43ce6277a1c0f04a6145","2026-06-25T15:05:50.628000","2026-06-25T15:05:50.628000","6a2aea1cd0de8de3acfb63a3","camilacostamm11@gmail.com","false"
"2026-06-26","Marília da Silva Oliveira ","","false","18:00","6a15d57c344b691a4877ca97","19:00","Civil","agendado","6a3d3dc2effa6f03e7b32c4b","2026-06-25T14:40:02.755000","2026-06-25T14:40:02.755000","6a103a6242a03e3f6e05eccd","marilia7@gmail.com","false"
"2026-06-25","Marília da Silva Oliveira ","","false","18:00","6a15d57c344b691a4877ca97","19:00","Civil","agendado","6a3d3db8a2fe07364af73a36","2026-06-25T14:39:52.561000","2026-06-25T14:39:52.561000","6a103a6242a03e3f6e05eccd","marilia7@gmail.com","false"
"2026-06-25","Thiago Marques Leão","","false","12:00","69cab49382a748187c66ec50","13:00","Civil","agendado","6a3d3c6347f7f66290e5310d","2026-06-25T14:34:11.972000","2026-06-25T14:34:11.972000","69e8b3a39df58dcdca94d144","thiagomarquesleao@gmail.com","false"
"2026-06-25","Raynna Pereira Neves Barros","","false","12:00","69cab483bcb9efeb569c67e1","13:00","Civil","agendado","6a3d3b8c8f09a14750a97786","2026-06-25T14:30:36.039000","2026-06-25T14:30:36.039000","69f0aa040009751ec470fa8b","nevesraynna@gmail.com","false"
"2026-06-25","Daniele Serafim de Souza Kliemann","","false","12:00","6a1843cfd579775e62d16cd4","13:00","Civil","agendado","6a3d3b439dff9c04119b2ab1","2026-06-25T14:29:23.079000","2026-06-25T14:29:23.079000","6a172ad4172b5169721ad5d7","danieleserafim.adv@gmail.com","false"
"2026-06-25","Raingredi Sousa Mendes","","false","13:00","6a303ce8913598946bc38fe9","14:00","Civil","agendado","6a3d3860b312bf160ffb292d","2026-06-25T14:17:04.881000","2026-06-25T14:17:04.881000","6a3009d02bf70f90e9561b00","raingredi@gmail.com","false"
"2026-06-26","Geovana Monteiro da Silva","","false","13:00","69cab483f6786b7148f4c689","14:00","Civil","agendado","6a3d36f0f8c54922cecd0e66","2026-06-25T14:10:56.390000","2026-06-25T14:10:56.390000","69ec0f73c400e529d8b7c8bb","geovanamts02@gmail.com","false"
"2026-06-25","Guilherme Alves de Souza Araújo","","false","12:00","69cab4aecb5fa9ca033f05e8","13:00","Civil","agendado","6a3d36bab7cb52725612a8c3","2026-06-25T14:10:02.592000","2026-06-25T14:10:02.592000","69efb2548749b9622136a800","gui.araujo2207@gmail.com","false"
"2026-06-26","Márcia Santos Almeida Mota","","false","13:00","69fa286cbd89876a6edd5002","14:00","Civil","agendado","6a3d3611053f8743130f9d01","2026-06-25T14:07:13.764000","2026-06-25T14:07:13.764000","69e8b3ea3024a618d9bbfb4b","marsaalmo@gmail.com","false"
"2026-06-25","Felipe Junqueira Mariano","","false","12:00","69cab4fa2f92da87a7de44b0","13:00","Civil","agendado","6a3d35b74835a439c72fa515","2026-06-25T14:05:43.568000","2026-06-25T14:05:43.568000","6a045784a0d5f992481b9d74","felipejmarianor@gmail.com","false"
"2026-06-25","Andrielly Nunes de Oliveira","","false","12:00","6a329e38da29442026634d02","13:00","Civil","agendado","6a3d344fa772e9f95ca1819a","2026-06-25T13:59:43.755000","2026-06-25T13:59:43.755000","69f3a2c1d00b3750983befe1","andriellyno1998@gmail.com","false"
"2026-06-25","Clarinha Pereira da Silva Sousa","","false","11:00","69cab4bb2b75e5b3207c8b48","12:00","Civil","agendado","6a3d3449dd220fd72b7a4261","2026-06-25T13:59:37.290000","2026-06-25T13:59:37.290000","69f0e71cb680d3ecfbb47205","clarinhapereira831@gmail.com","false"
"2026-06-25","Matheus Oliveira Timoteo ","","false","11:00","6a15d6bf895510a04628e9e5","12:00","Civil","agendado","6a3d32a69eec297720e7864b","2026-06-25T13:52:38.602000","2026-06-25T13:52:38.602000","69eb9fecf7d07564929ed82e","mathubaixista@gmail.com","false"
"2026-06-25","Carolina Assis Silva","","false","12:00","69cab528f140868323584a5f","13:00","Civil","agendado","6a3d32a4a4649736cbabb1c0","2026-06-25T13:52:36.029000","2026-06-25T13:52:36.029000","6a047b2155dbffe1bf6746cf","carolasullivan5@gmail.com","false"
"2026-06-25","Fernanda Marra","","false","12:00","69cab5495f4c50dbe8cc825c","13:00","Civil","agendado","6a3d30d057510da6259fc672","2026-06-25T13:44:48.902000","2026-06-25T13:44:48.902000","6a16e5289a8726b9d9b03046","dizamarra@gmail.com","false"
"2026-06-25","Ismael José dos Santos Filho","","false","12:00","69cab50d46c2a710ba93c1d4","13:00","Civil","agendado","6a3d2ebb5aeca4387895bb29","2026-06-25T13:35:55.585000","2026-06-25T13:35:55.585000","69eb714b124295d4decc3504","ismaelfilho.adv@gmail.com","false"
"2026-06-25","Helena de Castro Côrtes","","false","13:00","6a16e9a8f78a8dd4bceafe2a","14:00","Civil","agendado","6a3d2e10a4f291e6b01d5efc","2026-06-25T13:33:04.646000","2026-06-25T13:33:04.646000","6a16e52b80d218340615bc21","helena.gegeo@gmail.com","false"
"2026-06-25","Vanessa Ferreira de Oliveira","","false","12:00","69cab4e3eddee6987dc1c711","13:00","Civil","agendado","6a3d2dbf02b6af0a9edbd4b3","2026-06-25T13:31:43.483000","2026-06-25T13:31:43.483000","6a1d949ce6e13dcecedb709f","vanessaferdoli@gmail.com","false"
"2026-06-25","Jesley da Silva Sousa","","false","11:00","6a2ab18061f7a78ad0700e2f","12:00","Civil","agendado","6a3d2ce9b57c0a9c2db20b38","2026-06-25T13:28:09.792000","2026-06-25T13:28:09.792000","6a2aaf009ad04cdd81d57839","jesleysobral8@gmail.com","false"
"2026-06-25","Rafaela Franzoni Marques","","false","12:00","69f9cddf1e81ff14d278df5e","13:00","Civil","agendado","6a3d2c15cda53ed17c235ce6","2026-06-25T13:24:37.082000","2026-06-25T13:24:37.082000","69f8e2f80271cf78f7858d16","rafaelafranzoni@gmail.com","false"
"2026-06-25","Jussara Veloso Soares","","false","12:00","6a1068229af4569714fb8756","13:00","Civil","agendado","6a3d2bba976ad24799f364f2","2026-06-25T13:23:06.526000","2026-06-25T13:23:06.526000","6a103a6a1a3bfb3d4318b2ea","jussara.vs@gmail.com","false"
"2026-06-25","Gabriele Batista","","false","16:00","69cab4e300553dca6de39a7f","17:00","Civil","agendado","6a3d2a04c7235f7ca6979c14","2026-06-25T13:15:48.267000","2026-06-25T13:15:48.267000","69f8d5031b4731838f3aa4db","gabrielecastro01@gmail.com","false"
"2026-06-25","Ana Paula Moreira Rodrigues","","false","17:00","6a04bf891172d29085e72723","18:00","Civil","agendado","6a3d290e0fb9476d099b8930","2026-06-25T13:11:42.021000","2026-06-25T13:11:42.021000","6a04bf283d7914722c5697df","anaromoreira@gmail.com","false"
"2026-06-25","Maria Águeda Silva","","false","12:00","6a0cb5ca9c2781a0ddd0e9d3","13:00","Civil","agendado","6a3d2857c6eb20a64b5f105c","2026-06-25T13:08:39.084000","2026-06-25T13:08:39.084000","6a0caf60ce38c927e233214b","mariaaguedas@gmail.com","false"
"2026-06-25","Ambrosiane de Sousa Leite","","false","17:00","6a04588acee8394872f618be","18:00","Civil","agendado","6a3d259c06d09f3d9bdd454d","2026-06-25T12:57:00.638000","2026-06-25T12:57:00.638000","69fe287cc22d6cfcf39669d0","ambrosiane.adv@gmail.com","false"
"2026-06-25","Helder Lieberenz Camilo","","false","11:00","6a28490940b20bf445d77ea6","12:00","Civil","agendado","6a3d24f0b2c8acb5d35d2ec9","2026-06-25T12:54:08.491000","2026-06-25T12:54:08.491000","6a28488fb42e0b4d317ef9f5","heldersecami@gmail.com","false"
"2026-06-25","Paloma Leal Frazão","","false","12:00","6a05cb2bf126cffdabe7fbfa","13:00","Civil","agendado","6a3d237a2f4679c96b818c29","2026-06-25T12:47:54.134000","2026-06-25T12:47:54.134000","69eb7148469c445c29813e58","palomalfrazao@gmail.com","false"
"2026-06-25","Elisa Parreira de Castro Alves","","false","12:00","69cab4958987e567777aa8e9","13:00","Civil","agendado","6a3d2048a8b9c91643dc1b08","2026-06-25T12:34:16.568000","2026-06-25T12:34:16.568000","69f3539372bfccf5cae537b8","elisa.pdca@gmail.com","false"
"2026-06-25","Rayanny Christinny da Silva Carmo","","false","11:00","69cab483e6e1052ce52e6988","12:00","Civil","agendado","6a3d1effb70ea83c7a7d9fb2","2026-06-25T12:28:47.139000","2026-06-25T12:28:47.139000","6a319335edfe428978aac2ad","rayannychristinny700@gmail.com","false"
"2026-06-25","Jhulli Êmily Martins Nunes","","false","13:00","69cab48cce1c3df3215b2752","14:00","Civil","agendado","6a3d18db4051ee2b7f39aa32","2026-06-25T12:02:35.128000","2026-06-25T12:02:35.128000","69e8b3e6578c929cf94963e6","jhulliemily2014@gmail.com","false"
"2026-06-25","Sandra Francisca Bandeira ","","false","12:00","6a16ff021e7aed126219459f","13:00","Civil","agendado","6a3d17b648c05bf420e927a1","2026-06-25T11:57:42.093000","2026-06-25T11:57:42.093000","6a0caf5d2f6ef5a33a3d14c9","sandrabandeira.adv@gmail.com","false"
"2026-06-26","Kalita Nascimento Souza","","false","07:00","6a398243a54d8b9eded34b67","08:00","Civil","agendado","6a3d12940f9d682466959fec","2026-06-25T11:35:48.403000","2026-06-26T11:15:53.644000","6a3979a741f0e661e4facfc3","kalitanascimento72@gmail.com","false"
"2026-06-25","Diêssa Pontes Cruz","","false","09:00","69cab547bd2926025f139df4","10:00","Civil","agendado","6a3d0f987565d39a035430a5","2026-06-25T11:23:04.956000","2026-06-25T11:23:04.956000","69e8b41d874d2bd5ad2a947f","diessacruz@gmail.com","false"
"2026-06-26","Sallyan Vinhadeli Vasconcelos","","false","13:00","69cab48b4ae3b7f6a68fd706","14:00","Civil","agendado","6a3d0f5e7ad64a168013b482","2026-06-25T11:22:06.689000","2026-06-25T11:22:06.689000","69f1fc7d5180372f8b56f510","sallyanv@gmail.com","false"
"2026-06-25","Jucelia Mendes da Silva","","false","09:00","6a303c163272ed4fdd6817f4","10:00","Civil","agendado","6a3d0e927ec045080ec55ac8","2026-06-25T11:18:42.819000","2026-06-25T11:18:42.819000","6a3009da39c9725d4a9c2c9d","juceliajuhhhhhhh@gmail.com","false"
"2026-06-26","Rafael Santana Marinho","","false","12:00","69cab53eac828741aaea5afd","13:00","Civil","agendado","6a3d0e4e637f4b15f496ff6f","2026-06-25T11:17:34.155000","2026-06-25T11:17:34.155000","69fb769eb6cc56e25e03373f","rflmarinho8@gmail.com","false"
"2026-06-25","Cecília Barcelos ","","false","10:00","6a34009465d0a5953dd53299","11:00","Civil","agendado","6a3d0d4fde063c141453d438","2026-06-25T11:13:19.791000","2026-06-25T11:13:19.791000","6a33ffef153f100204d31c48","ceciliabarcelos80@gmail.com","false"
"2026-06-26","Jhulli Êmily Martins Nunes","","false","11:00","69cab48cce1c3df3215b2752","12:00","Civil","agendado","6a3d08954c078e9b8424ccc6","2026-06-25T10:53:09.623000","2026-06-25T10:53:09.623000","69e8b3e6578c929cf94963e6","jhulliemily2014@gmail.com","false"
"2026-06-25","Luana Cristina Vieira dos Santos ","","false","11:00","69f3405ca624697043cf5b08","12:00","Civil","agendado","6a3d0510795172fd82d5078e","2026-06-25T10:38:08.549000","2026-06-25T10:38:08.549000","69f24dcef9aa003a39e36414","luana2015gyn@gmail.com","false"
"2026-06-25","Ronaldo Costa Fernandes Silveira","","false","11:00","69cab50ec82236d9d8a777b4","12:00","Civil","agendado","6a3d000830f1f47d47a035cd","2026-06-25T10:16:40.739000","2026-06-25T10:16:40.739000","6a0caf604d1a53c971b1f7d8","ronaldocosta.fernandes@gmail.com","false"
"2026-06-25","Patrícia Gomes Fleuri Cunha","","false","07:00","6a103b0bb218f6109a5263e2","08:00","Civil","agendado","6a3cf5ff2d0e30b49d22f805","2026-06-25T09:33:51.535000","2026-06-25T09:33:51.535000","6a0caf6598b093e0931ff6a8","patricia.cunha@goias.gov.br","false"
"2026-06-25","samuel da costa oliveira","","false","08:00","6a283ca8e24218a67bcb7414","09:00","Civil","faltou","6a3c8f74ef237ccb8e320211","2026-06-25T02:16:20.457000","2026-06-25T11:16:06.016000","6a27030a707a4b92e0085b31","samuca1098costa@gmail.com","false"
"2026-06-25","Raphael de Lima Carvalho Moraes","","false","12:00","69cab4ee1d5dca09ed497c22","13:00","Civil","agendado","6a3c811be7c7948b068ffd15","2026-06-25T01:15:07.869000","2026-06-25T01:15:07.869000","69f243fdfed1f188950d4989","raphaelmoraes019@gmail.com","false"
"2026-06-26","Simone. Luzine Peixoto ","","false","07:00","6a1f207ab7d0ebfbfed88d62","08:00","Civil","agendado","6a3c777417d176852a029fb7","2026-06-25T00:33:56.747000","2026-06-26T11:15:44.442000","6a1f14cf38f8bc785a9ad042","simoneluzine@gmail.com","false"
"2026-06-25","Simone. Luzine Peixoto ","","false","07:00","6a1f207ab7d0ebfbfed88d62","08:00","Civil","agendado","6a3c7761c263d32d0f02f32c","2026-06-25T00:33:37.405000","2026-06-25T00:33:37.405000","6a1f14cf38f8bc785a9ad042","simoneluzine@gmail.com","false"
"2026-06-25","Thaynná Melo do Nascimento","","false","18:00","6a2aeab3a61a095b45073c9a","19:00","Civil","agendado","6a3c76ac6359125cd8f7bdc2","2026-06-25T00:30:36.850000","2026-06-25T00:30:36.850000","6a2ab68ac2b7298f7ea65e47","thaynna.nascimento@goias.gov.br","false"
"2026-06-25","Cristina Maria Costa Prado","","false","17:00","69cab4a1625c88b62a9b4704","18:00","Civil","agendado","6a3c74f9d3118de1035f71d0","2026-06-25T00:23:21.849000","2026-06-25T00:23:21.849000","69fb76a3ee52fc9de3d098e8","cristinamcosta.arq@gmail.com","false"
"2026-06-26","Caio César Silva Oliveira","","false","17:00","69cab5528917bc7d06ec9f36","18:00","Civil","agendado","6a3c5c6d860b58a3e7811e85","2026-06-24T22:38:37.440000","2026-06-24T22:38:37.440000","69e8b3c510a6ab1ad3da4cd2","caiooliveira92@gmail.com","false"
"2026-06-25","Francislene Monteiro Lima","","false","13:00","69cab5336d09f1ead4a603b5","14:00","Civil","agendado","6a3c50124537fecc6d5be59b","2026-06-24T21:45:54.155000","2026-06-24T21:45:54.155000","69eb71414c5a3877ecd8a887","efmonteiro04@gmail.com","false"
"2026-06-25","Andressa Kristtyna Rodrigues Oliveira","","false","13:00","69cab533705403585c687b9e","14:00","Civil","agendado","6a3c4f3492a5b7ebecd8b239","2026-06-24T21:42:12.590000","2026-06-24T21:42:12.590000","6a1edae225e1f39bf869001a","andressakoliveira.tur@gmail.com","false"
"2026-06-25","Edirene Silva Mendes","","false","10:00","69cab53444dabb56e3aef606","11:00","Civil","agendado","6a3c3a1acc1b837717a9cc3e","2026-06-24T20:12:10.230000","2026-06-24T20:12:10.230000","6a28493ca016db521dd332b1","edirenemendes909@gmail.com","false"
"2026-06-25","Geovana Monteiro da Silva","","false","13:00","69cab483f6786b7148f4c689","14:00","Civil","agendado","6a3c2aa19b99bcad597eb719","2026-06-24T19:06:09.744000","2026-06-24T19:06:09.744000","69ec0f73c400e529d8b7c8bb","geovanamts02@gmail.com","false"
"2026-06-24","VITORIA RODRIGUES SGAMATI","","false","16:00","6a281d4ebb0e3860ea5368c1","17:00","Civil","agendado","6a3c26ff3666523a504ba2e4","2026-06-24T18:50:39.314000","2026-06-24T18:50:39.314000","6a142a748d65e2c102ce1901","sgamativitoria@gmail.com","false"
"2026-06-25","Andrea Gonçalves Fonseca","","false","07:00","69cab51d1406725f35a35aea","08:00","Civil","agendado","6a3c227904961fa9e1657c7a","2026-06-24T18:31:21.669000","2026-06-24T18:31:21.669000","6a0caf6101940cd03cbfc270","andreagyn2020@gmail.com","false"
"2026-06-26","Denis de Oliveira Coelho Junior","","false","12:00","6a1f186adb12b641e45a82e8","13:00","Civil","faltou","6a3c1c465440ba11e6b84f2f","2026-06-24T18:04:54.641000","2026-06-26T16:03:48.921000","6a1edae97465ea179d7b330c","deenisjunioor@gmail.com","false"
"2026-06-25","Erika Silva Ribeiro","","false","11:00","69cab4f02ccb1906695fbc2b","12:00","Civil","agendado","6a3c132a340b6bc20d7ec828","2026-06-24T17:26:02.099000","2026-06-24T17:26:02.099000","6a05ae818f7fa742f566a3a1","erika180881@gmail.com","false"
"2026-06-24","Michelle Vitoria de Carvalho","","false","15:00","6a1d952333bdc732b32dcd93","16:00","Civil","agendado","6a3c0e53b35f49d1c26f53c2","2026-06-24T17:05:23.353000","2026-06-24T17:05:23.353000","6a1985fdbfa475c3359e50e9","michellelouza51@gmail.com","false"
"2026-06-24","Guilherme Henrique Santos Chagas","","false","14:00","69cab4fdc35c29533c90564a","15:00","Civil","faltou","6a3c08671c6ca956dfa32351","2026-06-24T16:40:07.912000","2026-06-24T18:03:48.891000","6a16e8fc13f09dfcf589386e","guilherme.ts.chagas@gmail.com","false"
"2026-06-25","Mariana Albino da Silva","","false","07:00","69cab485b105230925053def","08:00","Civil","agendado","6a3c014e9742fbb71b635407","2026-06-24T16:09:50.178000","2026-06-24T16:09:50.178000","69f1eb6197b49acac81ad46a","mariana.albinosilva85@gmail.com","false"
"2026-06-25","Adriana Nascimento Damascena","","false","07:00","69cab54aba0b7b3f017ab41b","08:00","Civil","agendado","6a3c013a3517b5f4e549152d","2026-06-24T16:09:30.110000","2026-06-24T16:09:30.110000","69fe2888f5ab4b90269bc1b0","85383884dri@gmail.com","false"
"2026-06-24","jhonatas dos santos lima","","false","13:00","69f35624d42a7a848cf80522","14:00","Civil","agendado","6a3bfdf64dd301c531b53578","2026-06-24T15:55:34.193000","2026-06-24T15:55:34.193000","69eb712a2f920804f5d6e002","jhonatasvideira@gmail.com","false"
"2026-06-24","Sophia Lannah Beatriz Ferreira de Sousa","","false","13:00","69cab498f494b0e0a3a2252c","14:00","Civil","agendado","6a3bfd6d3c8109eab72c6ac2","2026-06-24T15:53:17.164000","2026-06-24T15:53:17.164000","69e8b3e3ed8dfc592768740f","sophialannah123@gmail.com","false"
"2026-06-24","Laiz de Moraes Silva","","false","13:00","69cab4a6cb0eeca73fb0ea1f","14:00","Civil","agendado","6a3bf83ab5fbe70d172fe4e8","2026-06-24T15:31:06.651000","2026-06-24T15:31:06.651000","6a1985ff6640af2a5735033f","laiz.geaco@gmail.com","false"
"2026-06-25","Gilvan José Meireles","","false","13:00","69cab51df127d1812d9c9585","14:00","Civil","agendado","6a3bf730b73cfa66f5527027","2026-06-24T15:26:40.826000","2026-06-24T15:26:40.826000","69eb7152f8692d6e4f8926c5","gil-van-jose@hotmail.com","false"
"2026-06-25","Clarissa dos Santos Melo Duarte","","false","17:00","69cab4b05e5de2d972aae6a0","18:00","Civil","agendado","6a3bf60112366cad705bec51","2026-06-24T15:21:37.465000","2026-06-24T15:21:37.465000","6a2aaf023a2bb1378a22db13","clarissasmelo@gmail.com","false"
"2026-06-25","Marcos Lopes de Souza","","false","12:00","69cab4a6d886e77a5a0bd8f9","13:00","Civil","agendado","6a3bf39e2eca08a959fc075a","2026-06-24T15:11:26.769000","2026-06-24T15:11:26.769000","69efccfae228f77c31effa3e","marcos.lsouza@goias.gov.br","false"
"2026-06-24","Marcos Lopes de Souza","","false","13:00","69cab4a6d886e77a5a0bd8f9","14:00","Civil","agendado","6a3bf38b3f085a9b7d8c97eb","2026-06-24T15:11:07.772000","2026-06-24T15:11:07.772000","69efccfae228f77c31effa3e","marcos.lsouza@goias.gov.br","false"
"2026-06-24","Ismael José dos Santos Filho","","false","12:00","69cab50d46c2a710ba93c1d4","13:00","Civil","agendado","6a3bf0cbbef69626984cd951","2026-06-24T14:59:23.272000","2026-06-24T14:59:23.272000","69eb714b124295d4decc3504","ismaelfilho.adv@gmail.com","false"
"2026-06-24","Raphael de Lima Carvalho Moraes","","false","12:00","69cab4ee1d5dca09ed497c22","13:00","Civil","agendado","6a3bf0a066b9c0e85164d926","2026-06-24T14:58:40.828000","2026-06-24T14:58:40.828000","69f243fdfed1f188950d4989","raphaelmoraes019@gmail.com","false"
"2026-06-24","Fernanda Marra","","false","12:00","69cab5495f4c50dbe8cc825c","13:00","Civil","agendado","6a3bebf511f23a22e34f95b4","2026-06-24T14:38:45.135000","2026-06-24T14:38:45.135000","6a16e5289a8726b9d9b03046","dizamarra@gmail.com","false"
"2026-06-25","Luciana Nunes do Amaral","","false","07:00","69f245f987f588dbdbc22567","08:00","Civil","agendado","6a3be95e2e50d4b655096989","2026-06-24T14:27:42.267000","2026-06-24T14:27:42.267000","69f200bb913a105fdf750586","lna.advogada@gmail.com","false"
"2026-06-24","Guilherme Alves de Souza Araújo","","false","12:00","69cab4aecb5fa9ca033f05e8","13:00","Civil","agendado","6a3be832dae5bae5dd96b784","2026-06-24T14:22:42.307000","2026-06-24T14:22:42.307000","69efb2548749b9622136a800","gui.araujo2207@gmail.com","false"
"2026-06-24","Adriano Faleiro Gregório","","false","12:00","69cab526ebee4a1af29385ac","13:00","Civil","agendado","6a3be79fcaeefd254adac3f8","2026-06-24T14:20:15.693000","2026-06-24T14:20:15.693000","6a0712111e20cc70b7726fa4","adrianofgtrabalho@gmail.com","false"
"2026-06-24","Paulo Sérgio da Silva Lobo","","false","12:00","69cab4e3c3a97d05a892dabe","13:00","Civil","agendado","6a3be3903e0268ebbaeac55a","2026-06-24T14:02:56.696000","2026-06-24T16:07:29.307000","6a1f14ca9d86f5520fc72468","pauloloboquimico@gmail.com","false"
"2026-06-24","Jaqueline Basílio de Oliveira","","false","13:00","69f251eb95fc95ce8a1deca1","14:00","Civil","agendado","6a3be38beba125b627fa0b6b","2026-06-24T14:02:51.615000","2026-06-24T14:02:51.615000","69f2515f3caf2db8610694b6","jaquelliny20@hotmail.com","false"
"2026-06-24","José Porto França Neto","","false","12:00","69cab51cf59bbda43a5c5d57","13:00","Civil","agendado","6a3be37fc9e80b36e7333632","2026-06-24T14:02:39.897000","2026-06-24T14:02:39.897000","69eb712c92a6132bbc608daf","portobritto@gmail.com","false"
"2026-06-24","Brenuo Victor Rodrigues Barbosa","","false","13:00","69cab5409b141921d6a9baca","14:00","Civil","agendado","6a3be2faa459e310f1d9ffd3","2026-06-24T14:00:26.038000","2026-06-24T14:00:26.038000","6a022e0e6d475b0b2334af8e","brenuovrb@gmail.com","false"
"2026-06-24","Denize Pommer","","false","11:00","6a1997fbb2260a52c4a8158e","12:00","Civil","agendado","6a3be029877eb905d762828a","2026-06-24T13:48:25.465000","2026-06-24T13:48:25.465000","6a16e5320af1d751de266aea","pommerde@gmail.com","false"
"2026-06-24","Matheus Oliveira Timoteo ","","false","11:00","6a15d6bf895510a04628e9e5","12:00","Civil","agendado","6a3bdf72ec4291c1c5d92262","2026-06-24T13:45:22.109000","2026-06-24T13:45:22.109000","69eb9fecf7d07564929ed82e","mathubaixista@gmail.com","false"
"2026-06-24","Jhulli Êmily Martins Nunes","","false","11:00","69cab48cce1c3df3215b2752","12:00","Civil","agendado","6a3bdbccf7ed90304fa5089c","2026-06-24T13:29:48.434000","2026-06-24T13:29:48.434000","69e8b3e6578c929cf94963e6","jhulliemily2014@gmail.com","false"
"2026-06-24","Mariana Albino da Silva","","false","11:00","69cab485b105230925053def","12:00","Civil","agendado","6a3bda8f162376da1d30e95d","2026-06-24T13:24:31.573000","2026-06-24T13:24:31.573000","69f1eb6197b49acac81ad46a","mariana.albinosilva85@gmail.com","false"
"2026-06-24","Gabriele Batista","","false","11:00","69cab4e300553dca6de39a7f","12:00","Civil","agendado","6a3bd93e2ccdbde8f63874a2","2026-06-24T13:18:54.632000","2026-06-24T13:18:54.632000","69f8d5031b4731838f3aa4db","gabrielecastro01@gmail.com","false"
"2026-06-24","Julio Cesar de Morais Souza","","false","11:00","69cab4faeab3702f5a63795e","12:00","Civil","agendado","6a3bd7d37cb8b5806f87edd6","2026-06-24T13:12:51.567000","2026-06-24T13:12:51.567000","69f8d5097166a59dfa38211f","juliocesar12059734@gmail.com","false"
"2026-06-24","Thaynná Melo do Nascimento","","false","13:00","6a2aeab3a61a095b45073c9a","14:00","Civil","agendado","6a3bd732a28c8208f7686bd0","2026-06-24T13:10:10.625000","2026-06-24T13:10:10.625000","6a2ab68ac2b7298f7ea65e47","thaynna.nascimento@goias.gov.br","false"
"2026-06-24","Raimunda Soronha de Oliveira dos Reis","","false","12:00","69cab4acf9e6540401a079f2","13:00","Civil","agendado","6a3bd519026ff402bd273589","2026-06-24T13:01:13.023000","2026-06-24T13:01:13.023000","69f0ed6a8aee7b0f624a8555","soronha.reis@gmail.com","false"
"2026-06-24","Thiago Marques Leão","","false","12:00","69cab49382a748187c66ec50","13:00","Civil","agendado","6a3bd15195e9a0cac2a0141f","2026-06-24T12:45:05.947000","2026-06-24T12:45:05.947000","69e8b3a39df58dcdca94d144","thiagomarquesleao@gmail.com","false"
"2026-06-24","Joao Vitor Pedroza","","false","11:00","69cab4b25f739b9e014b59df","12:00","Civil","agendado","6a3bd0e6adf8ef4f721b8154","2026-06-24T12:43:18.835000","2026-06-24T12:43:18.835000","69e8b3d41688ab2449b6171f","joaovitorpedroza@gmail.com","false"
"2026-06-25","Célia Maria da Silva Valadão","","false","11:00","6a0afdd882e5220f83455fbb","12:00","Civil","agendado","6a3bd0cc41a88c98a4aca023","2026-06-24T12:42:52.149000","2026-06-24T12:42:52.149000","6a03223f9f250d7b5f325919","celia.valadao@goias.gov.br","false"
"2026-06-24","Jucelia Mendes da Silva","","false","13:00","6a303c163272ed4fdd6817f4","14:00","Civil","agendado","6a3bd04b83acf1bb4bd9f116","2026-06-24T12:40:43.680000","2026-06-24T12:40:43.680000","6a3009da39c9725d4a9c2c9d","juceliajuhhhhhhh@gmail.com","false"
"2026-06-24","Jonathas Prado","","false","12:00","69cab510f59bbda43a5c5d53","13:00","Civil","agendado","6a3bcee97ebb043a97e67276","2026-06-24T12:34:49.105000","2026-06-24T12:34:49.105000","69f9cbc0982435c5f5ca5e3b","jotapbio@gmail.com","false"
"2026-06-24","Carlos Henrique Ferreira Santos","","false","12:00","69cab4ac0916e78eed2006b2","13:00","Civil","agendado","6a3bce8f534d8405df8c26e2","2026-06-24T12:33:19.115000","2026-06-24T12:33:19.115000","69eb815a6faab5200f1325b9","carlohenrysanto@gmail.com","false"
"2026-06-24","Raquel Caroline Ribeiro D e Lima","","false","10:00","69cab51b4b8ed336c11dff65","11:00","Civil","agendado","6a3bcd06ea2826908d607b05","2026-06-24T12:26:46.941000","2026-06-24T12:26:46.941000","69fe289475c7fd5b9a27c574","raquelcribeiro.adv@gmail.com","false"
"2026-06-24","Nádya de Sá Almeida Costa Silva","","false","12:00","69cab48b36611447155e197c","13:00","Civil","agendado","6a3bcc57248899c78c341fcb","2026-06-24T12:23:51.302000","2026-06-24T12:23:51.302000","69f09cc40b09eba29a789e8a","eng.nadyasa@gmail.com","false"
"2026-06-24","Felipe Junqueira Mariano","","false","12:00","69cab4fa2f92da87a7de44b0","13:00","Civil","agendado","6a3bcc15ad73b9df42ed44c0","2026-06-24T12:22:45.459000","2026-06-24T12:22:45.459000","6a045784a0d5f992481b9d74","felipejmarianor@gmail.com","false"
"2026-06-24","Vanessa Ferreira de Oliveira","","false","12:00","69cab4e3eddee6987dc1c711","13:00","Civil","agendado","6a3bca9755ae4a42d7ae1180","2026-06-24T12:16:23.743000","2026-06-24T12:16:23.743000","6a1d949ce6e13dcecedb709f","vanessaferdoli@gmail.com","false"
"2026-06-24","Elisnara Gerstrudes da Costa e Silva ","","false","11:00","6a281e2dfb548e50d1e17ecd","12:00","Civil","agendado","6a3bca345e63a859d7928cdb","2026-06-24T12:14:44.633000","2026-06-24T12:14:44.633000","6a281b55d71320017656d360","elisnaracostta@gmail.com","false"
"2026-06-25","Ana Gabriela Azevedo de Carvalho","","false","13:00","69cab48362078b73df941f5f","14:00","Civil","agendado","6a3bc8206baf7439e0d3083b","2026-06-24T12:05:52.462000","2026-06-24T12:05:52.462000","6a32dd64fa8afd91fe1039d0","ag3746498@gmail.com","false"
"2026-06-25","Léa Rosane Barcelos","","false","11:00","69cab555f127d1812d9c958f","12:00","Civil","agendado","6a3bc819e137d01845ecf5fe","2026-06-24T12:05:45.440000","2026-06-24T12:05:45.440000","69eb7145a368132a1e810354","learosane@gmail.com","false"
"2026-06-24","Ivana Cabral Oliveira Barros","","false","12:00","6a2974022b3dd13c18f053ec","13:00","Civil","agendado","6a3bc6613596c5358f4d1632","2026-06-24T11:58:25.320000","2026-06-24T11:58:25.320000","6a28493d95b7e99c5f2c08f2","nutr.ivana@gmail.com","false"
"2026-06-25","Hérika Pabline Lima Veras","","false","12:00","6a15d611390b03b5280412b4","13:00","Civil","agendado","6a3bc532b5909161aec4df30","2026-06-24T11:53:22.643000","2026-06-24T11:53:22.643000","6a15cb855ddae0a12bbc417c","herikapabline@gmail.com","false"
"2026-06-25","Denis de Oliveira Coelho Junior","","false","12:00","6a1f186adb12b641e45a82e8","13:00","Civil","agendado","6a3bc44f617fc63b0eb16ef4","2026-06-24T11:49:35.398000","2026-06-24T11:49:35.398000","6a1edae97465ea179d7b330c","deenisjunioor@gmail.com","false"
"2026-06-25","Kalita Nascimento Souza","","false","07:00","6a398243a54d8b9eded34b67","08:00","Civil","agendado","6a3bc3a9f1393bbeaee28040","2026-06-24T11:46:49.867000","2026-06-24T11:46:49.867000","6a3979a741f0e661e4facfc3","kalitanascimento72@gmail.com","false"
"2026-06-24","Vanessa Pereira de Carvalho","","false","13:00","69cab510bf777218eaaa8d8f","14:00","Civil","agendado","6a3bc15671f63898dfbef670","2026-06-24T11:36:54.172000","2026-06-24T11:36:54.172000","69f3a2c36e4365ec9df1c914","vanessapereiraluz@gmail.com","false"
"2026-06-24","Isidoro Tavares Rosa","","false","12:00","69cab4a035089c731a4647af","13:00","Civil","agendado","6a3bbd351c2b8b5e1a287097","2026-06-24T11:19:17.170000","2026-06-24T11:19:17.170000","69e8b3e556cb0efc368cf481","isidorotrti@gmail.com","false"
"2026-06-25","Rafael Santana Marinho","","false","12:00","69cab53eac828741aaea5afd","13:00","Civil","agendado","6a3bb9dfadf5300f3465b7db","2026-06-24T11:05:03.625000","2026-06-24T11:05:03.625000","69fb769eb6cc56e25e03373f","rflmarinho8@gmail.com","false"
"2026-06-25","Lucas Honorato Lopes","","false","11:00","6a2067c65a836c8a40fe0b2c","12:00","Civil","agendado","6a3bb914ce6cef24a5ca4293","2026-06-24T11:01:40.809000","2026-06-24T11:01:40.809000","6a16f46d9cbce304c42cc536","lucashlopes@gmail.com","false"
"2026-06-25","Alda Pereira Ramos","","false","11:00","69cab4b14ac04518e466ae05","12:00","Civil","agendado","6a3bb827320e0d45e8321a71","2026-06-24T10:57:43.552000","2026-06-24T10:57:43.552000","6a199899d94349fd53fef6e6","haldapr@gmail.com","false"
"2026-06-24","Diêssa Pontes Cruz","","false","08:00","69cab547bd2926025f139df4","09:00","Civil","agendado","6a3bb6791f67b1dbd94241a5","2026-06-24T10:50:33.764000","2026-06-24T10:50:33.764000","69e8b41d874d2bd5ad2a947f","diessacruz@gmail.com","false"
"2026-06-24","Luana Cristina Vieira dos Santos ","","false","11:00","69f3405ca624697043cf5b08","12:00","Civil","agendado","6a3baf3d17ce06afc202cf32","2026-06-24T10:19:41.685000","2026-06-24T10:19:41.685000","69f24dcef9aa003a39e36414","luana2015gyn@gmail.com","false"
"2026-06-24","Indiara Porfírio Ribeiro","","false","15:00","69cab48c17c5690cf3d30c6d","16:00","Civil","agendado","6a3bac546df9054334b3741c","2026-06-24T10:07:16.650000","2026-06-24T10:07:16.650000","69e8b3bf55bcfeb78675459e","indiarajujuba@gmail.com","false"
"2026-06-26","Márcia de Araújo Gontijo","","false","07:00","69cab4fa6634febf001eb740","08:00","Civil","agendado","6a3babd315475c037416a3b5","2026-06-24T10:05:07.950000","2026-06-24T10:05:07.950000","69fe28955bf56f9dc34635d2","marciagontijoadv@gmail.com","false"
"2026-06-24","Márcia Santos Almeida Mota","","false","08:00","69fa286cbd89876a6edd5002","09:00","Civil","agendado","6a3ba84ce97238da0859ea79","2026-06-24T09:50:04.602000","2026-06-24T09:50:04.602000","69e8b3ea3024a618d9bbfb4b","marsaalmo@gmail.com","false"
"2026-06-24","Carlos Antônio Madalena","","false","07:00","69f1fbd2b1d8f827f1014b85","08:00","Civil","agendado","6a3ba58983b9a8a007241222","2026-06-24T09:38:17.404000","2026-06-24T09:38:17.404000","69f1eb66214b21fd581ce36b","advgcarlosmadalena@gmail.com","false"
"2026-06-24","Patrícia Gomes Fleuri Cunha","","false","07:00","6a103b0bb218f6109a5263e2","08:00","Civil","agendado","6a3ba0fc8fb4ef636b2bd31c","2026-06-24T09:18:52.480000","2026-06-24T09:18:52.480000","6a0caf6598b093e0931ff6a8","patricia.cunha@goias.gov.br","false"
"2026-06-24","Luciana Nunes do Amaral","","false","07:00","69f245f987f588dbdbc22567","08:00","Civil","agendado","6a3b9d78d272dbf9e5bcf97b","2026-06-24T09:03:52.862000","2026-06-24T09:03:52.862000","69f200bb913a105fdf750586","lna.advogada@gmail.com","false"
"2026-06-24","Jesley da Silva Sousa","","false","11:00","6a2ab18061f7a78ad0700e2f","12:00","Civil","agendado","6a3b9d3fe434dcf9fd00bf40","2026-06-24T09:02:55.026000","2026-06-24T09:02:55.026000","6a2aaf009ad04cdd81d57839","jesleysobral8@gmail.com","false"
"2026-06-24","Ricardo Vilaverde de Oliveira","","false","07:00","6a0464d871ebbe3b34972e28","08:00","Civil","agendado","6a3b94a52414ca218ab68a00","2026-06-24T08:26:13.529000","2026-06-24T08:26:13.529000","69fe288d4ba4831c857c8bd5","rvilaverde@gmail.com","false"
"2026-06-25","Lázara Tatiana Pereira de Lima","","false","07:00","69cab5409b141921d6a9bac9","08:00","Civil","agendado","6a3b86d84273e99347f768c2","2026-06-24T07:27:20.754000","2026-06-24T07:27:20.754000","69e8b3d7f0a0a48eb1af80d9","sesmt.publico@gmail.com","false"
"2026-06-24","Lázara Tatiana Pereira de Lima","","false","07:00","69cab5409b141921d6a9bac9","08:00","Civil","agendado","6a3b86ce8061f33180cecc6e","2026-06-24T07:27:10.840000","2026-06-24T07:27:10.840000","69e8b3d7f0a0a48eb1af80d9","sesmt.publico@gmail.com","false"
"2026-06-24","Johnathan Pereira de Sousa","","false","12:00","69f88df9ff9cd30a3a32d365","13:00","Civil","agendado","6a3b5dc245ff6d9de06dbdc3","2026-06-24T04:32:02.648000","2026-06-24T04:32:02.648000","69f1eb63dbe15fae1934137c","johnathan515@gmail.com","false"
"2026-06-24","Lucas Honorato Lopes","","false","11:00","6a2067c65a836c8a40fe0b2c","12:00","Civil","agendado","6a3b2bc8f89832a3ba685c20","2026-06-24T00:58:48.001000","2026-06-24T00:58:48.001000","6a16f46d9cbce304c42cc536","lucashlopes@gmail.com","false"
"2026-06-24","Adriana Nascimento Damascena","","false","07:00","69cab54aba0b7b3f017ab41b","08:00","Civil","agendado","6a3b01013dc9dfde738078df","2026-06-23T21:56:17.122000","2026-06-23T21:56:17.122000","69fe2888f5ab4b90269bc1b0","85383884dri@gmail.com","false"
"2026-06-24","Kalita Nascimento Souza","","false","07:00","6a398243a54d8b9eded34b67","08:00","Civil","agendado","6a3afc5ce64adc73e286ece1","2026-06-23T21:36:28.914000","2026-06-23T21:36:28.914000","6a3979a741f0e661e4facfc3","kalitanascimento72@gmail.com","false"
"2026-06-24","Cecília Barcelos ","","false","14:00","6a34009465d0a5953dd53299","15:00","Civil","agendado","6a3af013b8abaa6d19ab7669","2026-06-23T20:44:03.255000","2026-06-23T20:44:03.255000","6a33ffef153f100204d31c48","ceciliabarcelos80@gmail.com","false"
"2026-06-23","Camila Araújo da Silva Camargo ","","false","18:00","6a1f18c59f142977ff6acbcc","19:00","Civil","agendado","6a3ae9314799c0135ce48de5","2026-06-23T20:14:41.127000","2026-06-23T20:14:41.127000","6a1edae1ec39cbeae99f36a2","camila20araujo17@gmail.com","false"
"2026-06-23","Marcos Vinicius Arantes de Morais","","false","18:00","69cab4b1aa8b91b9733ba71e","19:00","Civil","agendado","6a3ae7280b8e1fbcb7403964","2026-06-23T20:06:00.263000","2026-06-23T20:06:00.263000","69e8b42097a92473c7834626","marcosviniciusarantesmorais@gmail.com","false"
"2026-06-24","Helena de Castro Côrtes","","false","12:00","6a16e9a8f78a8dd4bceafe2a","13:00","Civil","agendado","6a3ae3f1a6e23a5410804c7f","2026-06-23T19:52:17.548000","2026-06-23T19:52:17.548000","6a16e52b80d218340615bc21","helena.gegeo@gmail.com","false"
"2026-06-25","Lia Rodrigues de Oliveira","","false","13:00","69cab4a03ab6550526927a0e","14:00","Civil","agendado","6a3ae292f5b6ef57d98ba230","2026-06-23T19:46:26.947000","2026-06-23T19:46:26.947000","69eb7138fbc3eca467b8986b","liarodriguesoliveira30@gmail.com","false"
"2026-06-23","VITORIA RODRIGUES SGAMATI","","false","17:00","6a281d4ebb0e3860ea5368c1","18:00","Civil","agendado","6a3ae1aec1f7115c900e9959","2026-06-23T19:42:38.544000","2026-06-23T19:42:38.544000","6a142a748d65e2c102ce1901","sgamativitoria@gmail.com","false"
"2026-06-24","Raingredi Sousa Mendes","","false","13:00","6a303ce8913598946bc38fe9","14:00","Civil","agendado","6a3ae12ab31f04ccfb38e950","2026-06-23T19:40:26.121000","2026-06-23T19:40:26.121000","6a3009d02bf70f90e9561b00","raingredi@gmail.com","false"
"2026-06-23","Tatiane Ferreira e Silva Medeiros","","false","17:00","69cab4ae71c685e9f60324a3","18:00","Civil","agendado","6a3adfa635015f191de21810","2026-06-23T19:33:58.682000","2026-06-23T19:33:58.682000","69f0a7979080024735454f5b","tatianefsm2000@gmail.com","false"
"2026-06-24","Kenia Gomes Rodrigues Rios","","false","10:00","69cab4a3ce9564de9486ce32","11:00","Civil","agendado","6a3adf4ab4ad227389119f6b","2026-06-23T19:32:26.641000","2026-06-23T19:32:26.641000","69fc80be57f680cb816ca13e","keniagrrios@gmail.com","false"
"2026-06-24","Joelma Maria Lopes","","false","15:00","69cab4862de13ff6fe9e683c","16:00","Civil","agendado","6a3ad6e220e1f1ae0df54e5e","2026-06-23T18:56:34.267000","2026-06-23T18:56:34.267000","69fc8834a5e1e393ab79c311","joelma.arthur@gmail.com","false"
"2026-06-24","MAICON DOUGLAS GOMES RODRIGUES","","false","12:00","6a1495a104b49b3be78f3da3","13:00","Civil","agendado","6a3ad5f73e11fe4214a11f67","2026-06-23T18:52:39.869000","2026-06-23T18:52:39.869000","69e8b3c64ccd45857400c131","douglasgynn1@gmail.com","false"
"2026-06-24","Geovana Monteiro da Silva","","false","13:00","69cab483f6786b7148f4c689","14:00","Civil","agendado","6a3ad550694cc428ff6aa535","2026-06-23T18:49:52.240000","2026-06-23T18:49:52.240000","69ec0f73c400e529d8b7c8bb","geovanamts02@gmail.com","false"
"2026-06-24","Umbelina Santana Ramos","","false","11:00","69cab52aca4d9c8a07cb419a","12:00","Civil","agendado","6a3ad185d449741aa66d61d3","2026-06-23T18:33:41.184000","2026-06-23T18:33:41.184000","6a16f068b357802022f1ae94","umbelinasramos@gmail.com","false"
"2026-06-23","Breno Manoel de Freitas ","","false","16:00","6a0cb324fe02d307baa470e9","17:00","Civil","agendado","6a3ad0c4e564bd068ea27f42","2026-06-23T18:30:28.914000","2026-06-23T18:30:28.914000","6a0caf5e016057c6f1d41744","brenofreitas12@gmail.com","false"
"2026-06-23","Sophia Lannah Beatriz Ferreira de Sousa","","false","18:00","69cab498f494b0e0a3a2252c","19:00","Civil","agendado","6a3ad038fe866b115d47cb0f","2026-06-23T18:28:08.178000","2026-06-23T18:28:08.178000","69e8b3e3ed8dfc592768740f","sophialannah123@gmail.com","false"
"2026-06-24","LAINE SOUZA LANDIN CARDOSO","","false","07:00","6a16ecc046adce93104edc2a","08:00","Civil","agendado","6a3aca930ad2defc46952d6c","2026-06-23T18:04:03.091000","2026-06-23T18:04:03.091000","6a10a6ce0062e7cb36b6737e","lainelandin@gmail.com","false"
"2026-06-23","Michelle Vitoria de Carvalho","","false","16:00","6a1d952333bdc732b32dcd93","17:00","Civil","agendado","6a3ac8ca804569e74e2a12e6","2026-06-23T17:56:26.759000","2026-06-23T17:56:26.759000","6a1985fdbfa475c3359e50e9","michellelouza51@gmail.com","false"
"2026-06-24","Anna Gabriella Pacheco Arantes ","","false","13:00","6a3982de24678b7c56c6eb95","14:00","Civil","agendado","6a3ac3bdf0d752aeaaedd90c","2026-06-23T17:34:53.605000","2026-06-23T17:34:53.605000","6a15a10e7ccbb48781b7c1a9","anagabipacheco145@gmail.com","false"
"2026-06-23","Cecília Barcelos ","","false","15:00","6a34009465d0a5953dd53299","16:00","Civil","agendado","6a3ac1d1e6e6792d43f46402","2026-06-23T17:26:41.596000","2026-06-23T17:26:41.596000","6a33ffef153f100204d31c48","ceciliabarcelos80@gmail.com","false"
"2026-06-23","Camila Costa Marinho","","false","18:00","6a304dbb6505c47b19606f12","19:00","Civil","agendado","6a3abef5c4ffe09260adaecd","2026-06-23T17:14:29.968000","2026-06-23T17:14:29.968000","6a2aea1cd0de8de3acfb63a3","camilacostamm11@gmail.com","false"
"2026-06-24","Alda Pereira Ramos","","false","15:00","69cab4b14ac04518e466ae05","16:00","Civil","agendado","6a3abed6399d72fdac17671d","2026-06-23T17:13:58.524000","2026-06-23T17:13:58.524000","6a199899d94349fd53fef6e6","haldapr@gmail.com","false"
"2026-06-25","Delma Maria Guimaraes","","false","11:00","69cab4bb4badc9d3592723d2","12:00","Civil","agendado","6a3abdedead4928647c3e49e","2026-06-23T17:10:05.718000","2026-06-23T17:10:05.718000","69f0e717c3c33b89a2f9e02a","delmagui333@gmail.com","false"
"2026-06-23","Daniel Vitor Naves Vieira","","false","16:00","69cab4b792bdf3f0285bbd65","17:00","Civil","agendado","6a3aba8ce7d6e4a2d5e74cdf","2026-06-23T16:55:40.604000","2026-06-23T16:55:40.604000","6a0c51d9414a3f25e668970e","dvitor68@gmail.com","false"
"2026-06-24","Thays Rocha Leite","","false","11:00","69cab4bbaaffc414bef709af","12:00","Civil","agendado","6a3ab5763c43f1905a57e776","2026-06-23T16:33:58.408000","2026-06-23T16:33:58.408000","69f88c68187fcd638dc76bbc","tha_rleite@hotmail.com","false"
"2026-06-23","Maria dos Reis Pereira Santos","","false","17:00","69cab48b68d464d95240f964","18:00","Civil","agendado","6a3ab238caaf710e8a9adfbc","2026-06-23T16:20:08.246000","2026-06-23T16:20:08.246000","69f0abbe8fef09ddc7cda46c","mariadosssantosrp@gmail.com","false"
"2026-06-24","Francislene Monteiro Lima","","false","13:00","69cab5336d09f1ead4a603b5","14:00","Civil","agendado","6a3ab1ba789ad16d2c8d185d","2026-06-23T16:18:02.146000","2026-06-23T16:18:02.146000","69eb71414c5a3877ecd8a887","efmonteiro04@gmail.com","false"
"2026-06-24","Andressa Kristtyna Rodrigues Oliveira","","false","13:00","69cab533705403585c687b9e","14:00","Civil","agendado","6a3ab139c3c6d3999073d1d8","2026-06-23T16:15:53.140000","2026-06-23T16:15:53.140000","6a1edae225e1f39bf869001a","andressakoliveira.tur@gmail.com","false"
"2026-06-24","Monalisa Lopes da Silva ","","false","07:00","6a398374607472e9a3819930","08:00","Civil","agendado","6a3aafac93ed393aab996023","2026-06-23T16:09:16.206000","2026-06-23T16:09:16.206000","6a3981f6dd2033d4e2eef307","monalisalopessilva@gmail.com","false"
"2026-06-23","Raphael de Lima Carvalho Moraes","","false","13:00","69cab4ee1d5dca09ed497c22","14:00","Civil","agendado","6a3aab652d3dea64840e2d2e","2026-06-23T15:51:01.402000","2026-06-23T15:51:01.402000","69f243fdfed1f188950d4989","raphaelmoraes019@gmail.com","false"
"2026-06-23","Jaqueline Basílio de Oliveira","","false","13:00","69f251eb95fc95ce8a1deca1","14:00","Civil","agendado","6a3aa9bcad309b9d8a97b658","2026-06-23T15:43:56.416000","2026-06-23T15:43:56.416000","69f2515f3caf2db8610694b6","jaquelliny20@hotmail.com","false"
"2026-06-24","Hérika Pabline Lima Veras","","false","12:00","6a15d611390b03b5280412b4","13:00","Civil","agendado","6a3aa61618fc0830722a2237","2026-06-23T15:28:22.712000","2026-06-23T15:28:22.712000","6a15cb855ddae0a12bbc417c","herikapabline@gmail.com","false"
"2026-06-24","Célia Maria da Silva Valadão","","false","11:00","6a0afdd882e5220f83455fbb","12:00","Civil","agendado","6a3aa46ffa74c628a7938180","2026-06-23T15:21:19.514000","2026-06-23T15:21:19.514000","6a03223f9f250d7b5f325919","celia.valadao@goias.gov.br","false"
"2026-06-23","Guilherme Henrique Santos Chagas","","false","13:00","69cab4fdc35c29533c90564a","14:00","Civil","agendado","6a3aa05a777f2bdb8d425727","2026-06-23T15:03:54.508000","2026-06-23T15:03:54.508000","6a16e8fc13f09dfcf589386e","guilherme.ts.chagas@gmail.com","false"
"2026-06-23","Vanessa Pereira de Carvalho","","false","13:00","69cab510bf777218eaaa8d8f","14:00","Civil","agendado","6a3a9efff2b8dfd8f02a1404","2026-06-23T14:58:07.897000","2026-06-23T14:58:07.897000","69f3a2c36e4365ec9df1c914","vanessapereiraluz@gmail.com","false"
"2026-06-23","Ana Carolina Costa Lopes","","false","12:00","6a05cad8fdd8033d12dca29c","13:00","Civil","agendado","6a3a9ea34ab0465f92e88b21","2026-06-23T14:56:35.160000","2026-06-23T14:56:35.160000","69f0e73466476bce7c30c689","acclopes.direito@gmail.com","false"
"2026-06-23","Vanessa Ferreira de Oliveira","","false","13:00","69cab4e3eddee6987dc1c711","14:00","Civil","agendado","6a3a9c9b126c7b920643a67a","2026-06-23T14:47:55.953000","2026-06-23T14:47:55.953000","6a1d949ce6e13dcecedb709f","vanessaferdoli@gmail.com","false"
"2026-06-23","Raniery Morais Miranda","","false","13:00","69cab5298bf415ccbaf69560","14:00","Civil","agendado","6a3a9b249093cc05b268989f","2026-06-23T14:41:40.988000","2026-06-23T14:41:40.988000","69eb7130c8c6a653226322d0","mirandaraniery@gmail.com","false"
"2026-06-23","Hugo Leonardo de Araújo Godinho","","false","12:00","6a2c155eb386f640b1e5948b","13:00","Civil","agendado","6a3a9ad12478d6a4ac76857a","2026-06-23T14:40:17.267000","2026-06-23T14:40:17.267000","6a2aaefdbbb8d301bdfff035","hugo.godinho@goias.gov.br","false"
"2026-06-23","Thiago Marques Leão","","false","12:00","69cab49382a748187c66ec50","13:00","Civil","faltou","6a3a9a9ca1da231d5c266372","2026-06-23T14:39:24.510000","2026-06-23T16:03:55.088000","69e8b3a39df58dcdca94d144","thiagomarquesleao@gmail.com","false"
"2026-06-23","Gabriele Batista","","false","16:00","69cab4e300553dca6de39a7f","17:00","Civil","agendado","6a3a9a2c6123e6c2c34a4d87","2026-06-23T14:37:32.931000","2026-06-23T14:37:32.931000","69f8d5031b4731838f3aa4db","gabrielecastro01@gmail.com","false"
"2026-06-23","Gabriele Batista","","false","16:00","69cab4e300553dca6de39a7f","17:00","Civil","agendado","6a3a9a2c5acd92e672f47d98","2026-06-23T14:37:32.663000","2026-06-23T14:37:32.663000","69f8d5031b4731838f3aa4db","gabrielecastro01@gmail.com","false"
"2026-06-23","Raynna Pereira Neves Barros","","false","12:00","69cab483bcb9efeb569c67e1","13:00","Civil","agendado","6a3a99f3d67f9e651ac91807","2026-06-23T14:36:35.619000","2026-06-23T14:36:35.619000","69f0aa040009751ec470fa8b","nevesraynna@gmail.com","false"
"2026-06-24","Rafael Santana Marinho","","false","12:00","69cab53eac828741aaea5afd","13:00","Civil","agendado","6a3a999208a8943fbaf8b5fb","2026-06-23T14:34:58.697000","2026-06-23T14:34:58.697000","69fb769eb6cc56e25e03373f","rflmarinho8@gmail.com","false"
"2026-06-23","Carlos alexandre da costa ","","false","12:00","6a0cb0c2e3d9f640adbed26b","13:00","Civil","agendado","6a3a973e8e79e9e24ad74d25","2026-06-23T14:25:02.987000","2026-06-23T14:25:02.987000","6a0caf62f88ae28daf8dd133","xandy.x12@gmail.com","false"
"2026-06-23","Ismael José dos Santos Filho","","false","12:00","69cab50d46c2a710ba93c1d4","13:00","Civil","agendado","6a3a96b1eb70b04d70b8ee98","2026-06-23T14:22:41.638000","2026-06-23T14:22:41.638000","69eb714b124295d4decc3504","ismaelfilho.adv@gmail.com","false"
"2026-06-23","Guilherme Alves de Souza Araújo","","false","12:00","69cab4aecb5fa9ca033f05e8","13:00","Civil","agendado","6a3a9482afb13eb91329ce95","2026-06-23T14:13:22.866000","2026-06-23T14:13:22.866000","69efb2548749b9622136a800","gui.araujo2207@gmail.com","false"
"2026-06-23","Talíta Maria Carvalho de Lima ","","false","12:00","6a1093b55c869df7da1218e1","13:00","Civil","agendado","6a3a92127720b071587da355","2026-06-23T14:02:58.696000","2026-06-23T14:02:58.696000","6a10924dc377ea5adc55fbdc","ttalitalima@gmail.com","false"
"2026-06-23","Edjane Martins Silva","","false","17:00","69cab5525a1b6e998a75de7e","18:00","Civil","agendado","6a3a91018f4af6cbfc893740","2026-06-23T13:58:25.017000","2026-06-23T13:58:25.017000","6a0c51d521231d4a1ef3e01f","edjanemartins14@gmail.com","false"
"2026-06-23","MAICON DOUGLAS GOMES RODRIGUES","","false","12:00","6a1495a104b49b3be78f3da3","13:00","Civil","agendado","6a3a90c812802377a74b5374","2026-06-23T13:57:28.669000","2026-06-23T13:57:28.669000","69e8b3c64ccd45857400c131","douglasgynn1@gmail.com","false"
"2026-06-23","Rafaela Franzoni Marques","","false","13:00","69f9cddf1e81ff14d278df5e","14:00","Civil","agendado","6a3a900fda704e9d93152432","2026-06-23T13:54:23.316000","2026-06-23T13:54:23.316000","69f8e2f80271cf78f7858d16","rafaelafranzoni@gmail.com","false"
"2026-06-24","Marcia da Silva Coutinho","","false","13:00","69cab53186a8212571cbebfa","14:00","Civil","agendado","6a3a8f216d26dd8dea2f7c45","2026-06-23T13:50:25.891000","2026-06-23T13:50:25.891000","69f1eb6d936f80ebdd9a578e","marcinhacoutinho.foto@gmail.com","false"
"2026-06-23","Carolina Assis Silva","","false","13:00","69cab528f140868323584a5f","14:00","Civil","agendado","6a3a8f12e60dd3247c22e076","2026-06-23T13:50:10.105000","2026-06-23T13:50:10.105000","6a047b2155dbffe1bf6746cf","carolasullivan5@gmail.com","false"
"2026-06-23","Paulo Sérgio da Silva Lobo","","false","12:00","69cab4e3c3a97d05a892dabe","13:00","Civil","agendado","6a3a8e4f61d5f21b2508d913","2026-06-23T13:46:55.213000","2026-06-23T13:46:55.213000","6a1f14ca9d86f5520fc72468","pauloloboquimico@gmail.com","false"
"2026-06-23","Jucelia Mendes da Silva","","false","13:00","6a303c163272ed4fdd6817f4","14:00","Civil","agendado","6a3a8de06589d54bcdfb258f","2026-06-23T13:45:04.956000","2026-06-23T13:45:04.956000","6a3009da39c9725d4a9c2c9d","juceliajuhhhhhhh@gmail.com","false"
"2026-06-23","Antônio Gabriel Marcimiano de Moraes","","false","17:00","69cab5533f4cbe4cc715f000","18:00","Civil","agendado","6a3a8da5700689a767849e1f","2026-06-23T13:44:05.512000","2026-06-23T13:44:05.512000","69e8bd46281c43278d0d48e9","gabrielgynh@gmail.com","false"
"2026-06-24","Ana Gabriela Azevedo de Carvalho","","false","13:00","69cab48362078b73df941f5f","14:00","Civil","agendado","6a3a8c5f309a17427fbed56b","2026-06-23T13:38:39.841000","2026-06-23T13:38:39.841000","6a32dd64fa8afd91fe1039d0","ag3746498@gmail.com","false"
"2026-06-23","Nádya de Sá Almeida Costa Silva","","false","12:00","69cab48b36611447155e197c","13:00","Civil","agendado","6a3a8ba8d6f50bb58539d22b","2026-06-23T13:35:36.903000","2026-06-23T13:35:36.903000","69f09cc40b09eba29a789e8a","eng.nadyasa@gmail.com","false"
"2026-06-23","Helder Lieberenz Camilo","","false","11:00","6a28490940b20bf445d77ea6","12:00","Civil","agendado","6a3a8aa50e4b0918f630fafe","2026-06-23T13:31:17.372000","2026-06-23T13:31:17.372000","6a28488fb42e0b4d317ef9f5","heldersecami@gmail.com","false"
"2026-06-23","Julio Cesar de Morais Souza","","false","11:00","69cab4faeab3702f5a63795e","12:00","Civil","agendado","6a3a8aa4af15aa1f168af40a","2026-06-23T13:31:16.309000","2026-06-23T13:31:16.309000","69f8d5097166a59dfa38211f","juliocesar12059734@gmail.com","false"
"2026-06-23","Matheus Oliveira Timoteo ","","false","12:00","6a15d6bf895510a04628e9e5","13:00","Civil","agendado","6a3a8974df8417b2fb785004","2026-06-23T13:26:12.318000","2026-06-23T13:26:12.318000","69eb9fecf7d07564929ed82e","mathubaixista@gmail.com","false"
"2026-06-23","Dalvania Maria de Paula","","false","11:00","69cab4988b4364504b50edb9","12:00","Civil","agendado","6a3a89377a01910dff1f3276","2026-06-23T13:25:11.028000","2026-06-23T13:25:11.028000","69e8b3d69a28df9075eaf0c3","daldepaula@hotmail.com","false"
"2026-06-23","Lívia Maria Batista da Silva","","false","13:00","69cab4ed0b51026b52fe7c88","14:00","Civil","agendado","6a3a86e197109560aa3659a5","2026-06-23T13:15:13.084000","2026-06-23T13:15:13.084000","69e8b3d0276e0faaaaece9f8","liviasa.cultura@gmail.com","false"
"2026-06-23","Indiara Porfírio Ribeiro","","false","15:00","69cab48c17c5690cf3d30c6d","16:00","Civil","agendado","6a3a853101c19461ae98d48f","2026-06-23T13:08:01.916000","2026-06-23T13:08:01.916000","69e8b3bf55bcfeb78675459e","indiarajujuba@gmail.com","false"
"2026-06-23","Thaís Teixeira Santos","","false","12:00","69cab5274f3dd1b5956201e6","13:00","Civil","agendado","6a3a84fe969def358e7d8715","2026-06-23T13:07:10.880000","2026-06-23T13:07:10.880000","6a0caf640170db9a69a7bebd","thais.sejuv@gmail.com","false"
"2026-06-24","Andrea Gonçalves Fonseca","","false","07:00","69cab51d1406725f35a35aea","08:00","Civil","agendado","6a3a80dc91d5a18bfd5a4935","2026-06-23T12:49:32.980000","2026-06-23T12:49:32.980000","6a0caf6101940cd03cbfc270","andreagyn2020@gmail.com","false"
"2026-06-23","Márcia Santos Almeida Mota","","false","17:00","69fa286cbd89876a6edd5002","18:00","Civil","agendado","6a3a80b74b46b06f2b23f6b8","2026-06-23T12:48:55.253000","2026-06-23T12:48:55.253000","69e8b3ea3024a618d9bbfb4b","marsaalmo@gmail.com","false"
"2026-06-23","Anna Gabriella Pacheco Arantes ","","false","18:00","6a3982de24678b7c56c6eb95","19:00","Civil","agendado","6a3a80282bea9c4c62e5c09e","2026-06-23T12:46:32.647000","2026-06-23T12:46:32.647000","6a15a10e7ccbb48781b7c1a9","anagabipacheco145@gmail.com","false"
"2026-06-23","Umbelina Santana Ramos","","false","11:00","69cab52aca4d9c8a07cb419a","12:00","Civil","agendado","6a3a800cc9842ac36cf5acf6","2026-06-23T12:46:04.839000","2026-06-23T12:46:04.839000","6a16f068b357802022f1ae94","umbelinasramos@gmail.com","false"
"2026-06-23","Paloma Leal Frazão","","false","12:00","6a05cb2bf126cffdabe7fbfa","13:00","Civil","agendado","6a3a7e130aa757a1f0295135","2026-06-23T12:37:39.351000","2026-06-23T12:37:39.351000","69eb7148469c445c29813e58","palomalfrazao@gmail.com","false"
"2026-06-23","Yasmin Medeiros de Oliveira","","false","11:00","69cab4ef4a0411830b859b44","12:00","Civil","agendado","6a3a79ca84283964d57adbcb","2026-06-23T12:19:22.484000","2026-06-23T12:19:22.484000","6a103a63f80a4bf1ed8e6c76","yasmin.meira.265@gmail.com","false"
"2026-06-23","jhonatas dos santos lima","","false","12:00","69f35624d42a7a848cf80522","13:00","Civil","agendado","6a3a78a0ef37cda79c900083","2026-06-23T12:14:24.886000","2026-06-23T12:14:24.886000","69eb712a2f920804f5d6e002","jhonatasvideira@gmail.com","false"
"2026-06-23","Laiz de Moraes Silva","","false","13:00","69cab4a6cb0eeca73fb0ea1f","14:00","Civil","agendado","6a3a789b3196dee825b8d76f","2026-06-23T12:14:19.140000","2026-06-23T12:14:19.140000","6a1985ff6640af2a5735033f","laiz.geaco@gmail.com","false"
"2026-06-23","Janise Fontenelle","","false","16:00","69cab4ad6a367eee7bbc4726","17:00","Civil","agendado","6a3a77b521e59d8d24a9569c","2026-06-23T12:10:29.417000","2026-06-23T12:10:29.417000","69f1eb67f3d081e7f412e0e1","janisefonte@gmail.com","false"
"2026-06-24","Léa Rosane Barcelos","","false","11:00","69cab555f127d1812d9c958f","12:00","Civil","agendado","6a3a7651b6d2e2c9285cbdaa","2026-06-23T12:04:33.203000","2026-06-23T12:04:33.203000","69eb7145a368132a1e810354","learosane@gmail.com","false"
"2026-06-23","Mel Cardoso Souza","","false","11:00","69cab4844ae3b7f6a68fd705","12:00","Civil","agendado","6a3a7544458d3a07936ef0d7","2026-06-23T12:00:04.085000","2026-06-23T12:00:04.085000","69e8b3e718a06dc553782bd2","mel2005cardoso@gmail.com","false"
"2026-06-23","Keiliane dos Santos Silva","","false","11:00","69cab4841ce56b674d36384d","12:00","Civil","agendado","6a3a752f8c7a7df62c4cdd40","2026-06-23T11:59:43.701000","2026-06-23T11:59:43.701000","69e8b410c23f02f059fbe081","keilineker@gmail.com","false"
"2026-06-24","Morian Scussel Malburg","","false","08:00","69cab53deddee6987dc1c800","09:00","Civil","agendado","6a3a71b60f5406aa56b06b4d","2026-06-23T11:44:54.386000","2026-06-23T11:44:54.386000","69e8b3dfc275cae65aee1aa2","morianmalburg@gmail.com","false"
"2026-06-23","Giovanna Alves Guardiere ","","false","17:00","69fc846f76670092689fba5b","18:00","Civil","agendado","6a3a716e4827d47470728b12","2026-06-23T11:43:42.060000","2026-06-23T11:43:42.060000","69f3a2bdd479a05ce50eb8df","giovannaalves978@gmail.com","false"
"2026-06-23","Daniele Serafim de Souza Kliemann","","false","12:00","6a1843cfd579775e62d16cd4","13:00","Civil","agendado","6a3a6ff0822b74a4a97db7d0","2026-06-23T11:37:20.368000","2026-06-23T11:37:20.368000","6a172ad4172b5169721ad5d7","danieleserafim.adv@gmail.com","false"
"2026-06-24","Sebastião Ferreira de Farias","","false","12:00","6a2703539a901a812fcd60c6","13:00","Civil","faltou","6a3a6dee0264af5c8d9bf0ad","2026-06-23T11:28:46.944000","2026-06-24T16:03:48.765000","6a270305919590097fa8bf46","sebastiaof85851710@gmail.com","false"
"2026-06-24","Gilvan José Meireles","","false","13:00","69cab51df127d1812d9c9585","14:00","Civil","agendado","6a3a6d6e7c7fb1966c5de7a9","2026-06-23T11:26:38.060000","2026-06-23T11:26:38.060000","69eb7152f8692d6e4f8926c5","gil-van-jose@hotmail.com","false"
"2026-06-23","Diêssa Pontes Cruz","","false","08:00","69cab547bd2926025f139df4","09:00","Civil","agendado","6a3a62fe9978dde4dde8349a","2026-06-23T10:42:06.075000","2026-06-23T10:42:06.075000","69e8b41d874d2bd5ad2a947f","diessacruz@gmail.com","false"
"2026-06-23","Thaynná Melo do Nascimento","","false","17:00","6a2aeab3a61a095b45073c9a","18:00","Civil","agendado","6a3a5d5e7ec0f620f18a925a","2026-06-23T10:18:06.714000","2026-06-23T10:18:06.714000","6a2ab68ac2b7298f7ea65e47","thaynna.nascimento@goias.gov.br","false"
"2026-06-23","Kenyele Naves Guimarães Borges","","false","17:00","6a31410f2dc4b83f242b38eb","18:00","Civil","agendado","6a3a5d2949b36e44446d98cb","2026-06-23T10:17:13.040000","2026-06-23T10:17:13.040000","6a2aea1fbc9af45a7d5e3645","kenyele.naves15@gmail.com","false"
"2026-06-23","Patrícia Gomes Fleuri Cunha","","false","07:00","6a103b0bb218f6109a5263e2","08:00","Civil","agendado","6a3a53430152d54d5fc557a8","2026-06-23T09:34:59.008000","2026-06-23T09:34:59.008000","6a0caf6598b093e0931ff6a8","patricia.cunha@goias.gov.br","false"
"2026-06-23","Joelma Maria Lopes","","false","15:00","69cab4862de13ff6fe9e683c","16:00","Civil","agendado","6a3a3672890440631a5f0fdd","2026-06-23T07:32:02.404000","2026-06-23T07:32:02.404000","69fc8834a5e1e393ab79c311","joelma.arthur@gmail.com","false"
"2026-06-23","Ivana Cabral Oliveira Barros","","false","12:00","6a2974022b3dd13c18f053ec","13:00","Civil","faltou","6a39e2d85742ce6956d13dde","2026-06-23T01:35:20.495000","2026-06-23T16:03:55.538000","6a28493d95b7e99c5f2c08f2","nutr.ivana@gmail.com","false"
"2026-06-23","samuel da costa oliveira","","false","08:00","6a283ca8e24218a67bcb7414","09:00","Civil","agendado","6a39e1cbc2865e647acf8713","2026-06-23T01:30:51.759000","2026-06-23T01:30:51.759000","6a27030a707a4b92e0085b31","samuca1098costa@gmail.com","false"
"2026-06-23","Valdeir Alves Rocha","","false","15:00","6a04655919cd7e0450bcfd05","16:00","Civil","agendado","6a39d02acad04ea99bdf6834","2026-06-23T00:15:38.128000","2026-06-23T00:15:38.128000","69e8b3b3071542e891433aa0","valdeir.ideias@gmail.com","false"
"2026-06-23","Alda Pereira Ramos","","false","16:00","69cab4b14ac04518e466ae05","17:00","Civil","agendado","6a39aa323fd85034318b9dd2","2026-06-22T21:33:38.490000","2026-06-22T21:33:38.490000","6a199899d94349fd53fef6e6","haldapr@gmail.com","false"
"2026-06-23","Daniel Carlos dos Reis","","false","18:00","69efb877f2a849baa2f1590f","19:00","Civil","agendado","6a39a539f265377eb3de6dd9","2026-06-22T21:12:25.342000","2026-06-22T21:12:25.342000","69e8b3dcffadf846c595fa0c","danielreis0211@gmail.com","false"
"2026-06-23","Sebastião Ferreira de Farias","","false","07:00","6a2703539a901a812fcd60c6","08:00","Civil","agendado","6a39a0b8ec9b7e6f06462ebb","2026-06-22T20:53:12.893000","2026-06-22T20:53:12.893000","6a270305919590097fa8bf46","sebastiaof85851710@gmail.com","false"
"2026-06-22","Nilton Barbosa Coelho","","false","18:00","69cab49682d361e5e28db07c","19:00","Civil","agendado","6a399c4274e5f646c51e6ec8","2026-06-22T20:34:10.517000","2026-06-22T20:34:10.517000","69e8b3b4c17154e6b5f73e0c","nilton.sead@gmail.com","false"
"2026-06-23","Mariana Albino da Silva","","false","07:00","69cab485b105230925053def","08:00","Civil","agendado","6a3996edd2e3f7aa00e39215","2026-06-22T20:11:25.167000","2026-06-23T11:28:29.470000","69f1eb6197b49acac81ad46a","mariana.albinosilva85@gmail.com","false"
"2026-06-23","Raingredi Sousa Mendes","","false","13:00","6a303ce8913598946bc38fe9","14:00","Civil","agendado","6a39946abac259fd43c1d9b5","2026-06-22T20:00:42.447000","2026-06-22T20:00:42.447000","6a3009d02bf70f90e9561b00","raingredi@gmail.com","false"
"2026-06-23","Helena de Castro Côrtes","","false","12:00","6a16e9a8f78a8dd4bceafe2a","13:00","Civil","agendado","6a3993a5afadea61f0effc1e","2026-06-22T19:57:25.522000","2026-06-22T19:57:25.522000","6a16e52b80d218340615bc21","helena.gegeo@gmail.com","false"
"2026-06-23","LAINE SOUZA LANDIN CARDOSO","","false","07:00","6a16ecc046adce93104edc2a","08:00","Civil","agendado","6a39904a398ec25190c1b8f8","2026-06-22T19:43:06.626000","2026-06-23T11:26:09.220000","6a10a6ce0062e7cb36b6737e","lainelandin@gmail.com","false"
"2026-06-22","Douglas Fleury Parreira Barros","","false","17:00","69cab49ee29fe8dc7e61491a","18:00","Civil","agendado","6a398fc92497ef5c84684f3c","2026-06-22T19:40:57.664000","2026-06-22T19:40:57.664000","69e8b40f9b7ab425aa2ca185","douglas.fleury@gmail.com","false"
"2026-06-22","Tatiane Ferreira e Silva Medeiros","","false","17:00","69cab4ae71c685e9f60324a3","18:00","Civil","agendado","6a398d92bcd8b5ab6650024b","2026-06-22T19:31:30.632000","2026-06-22T19:31:30.632000","69f0a7979080024735454f5b","tatianefsm2000@gmail.com","false"
"2026-06-22","Raynna Pereira Neves Barros","","false","18:00","69cab483bcb9efeb569c67e1","19:00","Civil","agendado","6a398b531f0972749ea231bb","2026-06-22T19:21:55.841000","2026-06-22T19:21:55.841000","69f0aa040009751ec470fa8b","nevesraynna@gmail.com","false"
"2026-06-22","fatima vauldimar costa silva","","false","17:00","6a303f0ecb7f36b8c0452eaf","18:00","Civil","agendado","6a39878910aae63023b87fc8","2026-06-22T19:05:45.570000","2026-06-22T19:05:45.570000","6a296a019f54c90c540ecf14","fatimavauldimarcostasilva@gmail.com","false"
"2026-06-22","Leidina Rosa dos Santos","","false","19:00","6a26c831f387ae3b671d24b0","20:00","Civil","agendado","6a3984b4daa964c83ed5f3b9","2026-06-22T18:53:40.051000","2026-06-22T18:53:40.051000","6a26c3b9cff7bcba4b66e5d9","leidinasantos@gmail.com","false"
"2026-06-23","Geovana Monteiro da Silva","","false","13:00","69cab483f6786b7148f4c689","14:00","Civil","agendado","6a39823001605dc8a55b7237","2026-06-22T18:42:56.105000","2026-06-22T18:42:56.105000","69ec0f73c400e529d8b7c8bb","geovanamts02@gmail.com","false"
"2026-06-23","Ana Gabriela Azevedo de Carvalho","","false","13:00","69cab48362078b73df941f5f","14:00","Civil","agendado","6a398213f18d8e816b087d6a","2026-06-22T18:42:27.445000","2026-06-22T18:42:27.445000","6a32dd64fa8afd91fe1039d0","ag3746498@gmail.com","false"
"2026-06-23","Inglyd da Paz Ribeiro","","false","13:00","69cab4833d652cdad2226c29","14:00","Civil","agendado","6a3981e477a726503c2a76f5","2026-06-22T18:41:40.785000","2026-06-22T18:41:40.785000","6a3979a6e675b117e5394175","inglyd26@gmail.com","false"
"2026-06-22","Helder Lieberenz Camilo","","false","16:00","6a28490940b20bf445d77ea6","17:00","Civil","agendado","6a397c7fb7ff25a5ce594424","2026-06-22T18:18:39.052000","2026-06-22T20:20:20.026000","6a28488fb42e0b4d317ef9f5","heldersecami@gmail.com","false"
"2026-06-23","Luana Cristina Vieira dos Santos ","","false","11:00","69f3405ca624697043cf5b08","12:00","Civil","agendado","6a397b3d6320a66c6f3ba27b","2026-06-22T18:13:17.745000","2026-06-22T18:13:17.745000","69f24dcef9aa003a39e36414","luana2015gyn@gmail.com","false"
"2026-06-22","Daniel Vitor Naves Vieira","","false","16:00","69cab4b792bdf3f0285bbd65","17:00","Civil","agendado","6a397ae0cd89ea9f5b22f1b9","2026-06-22T18:11:44.708000","2026-06-22T18:11:44.708000","6a0c51d9414a3f25e668970e","dvitor68@gmail.com","false"
"2026-06-22","Denize Pommer","","false","16:00","6a1997fbb2260a52c4a8158e","17:00","Civil","agendado","6a397a6b95af4d50f5bf5a8a","2026-06-22T18:09:47.421000","2026-06-22T18:09:47.421000","6a16e5320af1d751de266aea","pommerde@gmail.com","false"
"2026-06-22","Michelle Vitoria de Carvalho","","false","16:00","6a1d952333bdc732b32dcd93","17:00","Civil","agendado","6a397255a6f2dc0c49214830","2026-06-22T17:35:17.216000","2026-06-22T17:35:17.216000","6a1985fdbfa475c3359e50e9","michellelouza51@gmail.com","false"
"2026-06-22","Maria dos Reis Pereira Santos","","false","17:00","69cab48b68d464d95240f964","18:00","Civil","agendado","6a396c0b13155b9a54411fa1","2026-06-22T17:08:27.239000","2026-06-22T17:08:27.239000","69f0abbe8fef09ddc7cda46c","mariadosssantosrp@gmail.com","false"
"2026-06-23","André Fonseca Pinto Osorio","","false","08:00","69cab498a17506f70c6237c3","09:00","Civil","agendado","6a39668e0e0a7df634835f92","2026-06-22T16:45:02.804000","2026-06-22T16:45:02.804000","69eb7124b260ea0371181af3","andreosorio10@gmail.com","false"
"2026-06-23","Lia Rodrigues de Oliveira","","false","13:00","69cab4a03ab6550526927a0e","14:00","Civil","agendado","6a3966741d94d573cb040739","2026-06-22T16:44:36.832000","2026-06-22T16:44:36.832000","69eb7138fbc3eca467b8986b","liarodriguesoliveira30@gmail.com","false"
"2026-06-23","Johnathan Pereira de Sousa","","false","13:00","69f88df9ff9cd30a3a32d365","14:00","Civil","agendado","6a39663d73a0027a84dcc94b","2026-06-22T16:43:41.769000","2026-06-22T16:43:41.769000","69f1eb63dbe15fae1934137c","johnathan515@gmail.com","false"
"2026-06-22","Johnathan Pereira de Sousa","","false","14:00","69f88df9ff9cd30a3a32d365","15:00","Civil","agendado","6a3965f318a36f2cb6e0f3c7","2026-06-22T16:42:27.926000","2026-06-22T16:42:27.926000","69f1eb63dbe15fae1934137c","johnathan515@gmail.com","false"
"2026-06-22","Yasmin Medeiros de Oliveira","","false","17:00","69cab4ef4a0411830b859b44","18:00","Civil","agendado","6a39614e0048451ac475c2eb","2026-06-22T16:22:38.123000","2026-06-22T16:22:38.123000","6a103a63f80a4bf1ed8e6c76","yasmin.meira.265@gmail.com","false"
"2026-06-23","Rayanny Christinny da Silva Carmo","","false","11:00","69cab483e6e1052ce52e6988","12:00","Civil","agendado","6a395cdd27000a08c2f0678e","2026-06-22T16:03:41.430000","2026-06-22T16:03:41.430000","6a319335edfe428978aac2ad","rayannychristinny700@gmail.com","false"
"2026-06-23","Erika Silva Ribeiro","","false","07:00","69cab4f02ccb1906695fbc2b","08:00","Civil","agendado","6a395a11f9e0bcad0fa9b92d","2026-06-22T15:51:45.368000","2026-06-23T11:28:47.569000","6a05ae818f7fa742f566a3a1","erika180881@gmail.com","false"
"2026-06-22","Jhonathan Hebert Pereira Souza Silva","","false","17:00","6a1f17c025cad254d07827e1","18:00","Civil","faltou","6a39591675f851a44d935c41","2026-06-22T15:47:34.412000","2026-06-22T21:03:49.339000","6a1f14cec59abaa5e126073b","jhonathan.silva@goias.gov.br","false"
"2026-06-22","Giovanna Alves Guardiere ","","false","17:00","69fc846f76670092689fba5b","18:00","Civil","agendado","6a395662c19879ae428e97fb","2026-06-22T15:36:02.290000","2026-06-22T15:36:02.290000","69f3a2bdd479a05ce50eb8df","giovannaalves978@gmail.com","false"
"2026-06-23","Sallyan Vinhadeli Vasconcelos","","false","16:00","69cab48b4ae3b7f6a68fd706","17:00","Civil","agendado","6a39518e7bf009b8670c7e4d","2026-06-22T15:15:26.506000","2026-06-22T15:15:26.506000","69f1fc7d5180372f8b56f510","sallyanv@gmail.com","false"
"2026-06-23","Marcia da Silva Coutinho","","false","13:00","69cab53186a8212571cbebfa","14:00","Civil","agendado","6a395103ef7691a4c0b41a30","2026-06-22T15:13:07.992000","2026-06-22T15:13:07.992000","69f1eb6d936f80ebdd9a578e","marcinhacoutinho.foto@gmail.com","false"
"2026-06-22","Marcia da Silva Coutinho","","false","13:00","69cab53186a8212571cbebfa","14:00","Civil","agendado","6a3950fae611bf14723740e6","2026-06-22T15:12:58.382000","2026-06-22T15:12:58.382000","69f1eb6d936f80ebdd9a578e","marcinhacoutinho.foto@gmail.com","false"
"2026-06-22","Carlos alexandre da costa ","","false","12:00","6a0cb0c2e3d9f640adbed26b","13:00","Civil","agendado","6a394ce7216d51a7743dd464","2026-06-22T14:55:35.710000","2026-06-22T14:55:35.710000","6a0caf62f88ae28daf8dd133","xandy.x12@gmail.com","false"
"2026-06-22","Lariza Cori Thomaz Nogueira","","false","13:00","69f1fc1f966c41d8f2d01ced","14:00","Civil","agendado","6a394c9a05d887a67c9534dd","2026-06-22T14:54:18.740000","2026-06-22T19:07:26.526000","69f3a2c6bc8b6cab6e884a64","lilariza.cori@gmail.com","false"
"2026-06-22","jhonatas dos santos lima","","false","12:00","69f35624d42a7a848cf80522","13:00","Civil","agendado","6a394be1f9d9230a4b5ba636","2026-06-22T14:51:13.508000","2026-06-22T14:51:13.508000","69eb712a2f920804f5d6e002","jhonatasvideira@gmail.com","false"
"2026-06-22","Ana Carolina Costa Lopes","","false","12:00","6a05cad8fdd8033d12dca29c","13:00","Civil","agendado","6a394b26f7c0a9f240bf2081","2026-06-22T14:48:06.352000","2026-06-22T14:48:06.352000","69f0e73466476bce7c30c689","acclopes.direito@gmail.com","false"
"2026-06-22","Talíta Maria Carvalho de Lima ","","false","12:00","6a1093b55c869df7da1218e1","13:00","Civil","agendado","6a3949887fd8d17137891438","2026-06-22T14:41:12.615000","2026-06-22T14:41:12.615000","6a10924dc377ea5adc55fbdc","ttalitalima@gmail.com","false"
"2026-06-23","Sandy Gonçalves Santana","","false","18:00","69cab4b251341c5e34b04b2e","19:00","Civil","agendado","6a394944ed441c50fd8bd3e4","2026-06-22T14:40:04.029000","2026-06-22T14:40:04.029000","69eb712609a3ab9ccffc1d90","sanderas.sgs@gmail.com","false"
"2026-06-22","Sandy Gonçalves Santana","","false","18:00","69cab4b251341c5e34b04b2e","19:00","Civil","agendado","6a394933232f918a3944a084","2026-06-22T14:39:47.213000","2026-06-22T14:39:47.213000","69eb712609a3ab9ccffc1d90","sanderas.sgs@gmail.com","false"
"2026-06-22","Vanessa Ferreira de Oliveira","","false","13:00","69cab4e3eddee6987dc1c711","14:00","Civil","agendado","6a394927d036be5942887c86","2026-06-22T14:39:35.777000","2026-06-22T14:39:35.777000","6a1d949ce6e13dcecedb709f","vanessaferdoli@gmail.com","false"
"2026-06-22","Camila Costa Marinho","","false","18:00","6a304dbb6505c47b19606f12","19:00","Civil","agendado","6a3948dfe25b29f7ed7df0ee","2026-06-22T14:38:23.433000","2026-06-22T14:38:23.433000","6a2aea1cd0de8de3acfb63a3","camilacostamm11@gmail.com","false"
"2026-06-22","Márcio Caiado de Castro Junior","","false","13:00","6a2ab3de254e45ba9733b25e","14:00","Civil","agendado","6a3948be63fb0d5ce8fd40df","2026-06-22T14:37:50.358000","2026-06-22T14:37:50.358000","6a2aaefeb7a6bd1d3032373b","marciocaiadojr@gmail.com","false"
"2026-06-22","Guilherme Gonçalves Mendonça","","false","18:00","69cab548e4c82c8b9c52b57a","19:00","Civil","agendado","6a39485fbe63bc53dbfd2be0","2026-06-22T14:36:15.139000","2026-06-22T14:36:15.139000","6a3193d865bbd9d4cc19b858","ggm111106@gmail.com","false"
"2026-06-23","Denis de Oliveira Coelho Junior","","false","12:00","6a1f186adb12b641e45a82e8","13:00","Civil","agendado","6a3948451a2dffb94d4df67b","2026-06-22T14:35:49.054000","2026-06-22T14:35:49.054000","6a1edae97465ea179d7b330c","deenisjunioor@gmail.com","false"
"2026-06-22","Ivana Cabral Oliveira Barros","","false","12:00","6a2974022b3dd13c18f053ec","13:00","Civil","agendado","6a39479cf514ac82c38fe376","2026-06-22T14:33:00.315000","2026-06-22T14:33:00.315000","6a28493d95b7e99c5f2c08f2","nutr.ivana@gmail.com","false"
"2026-06-23","Kenia Gomes Rodrigues Rios","","false","10:00","69cab4a3ce9564de9486ce32","11:00","Civil","agendado","6a3945511ca1d4e7635bca72","2026-06-22T14:23:13.130000","2026-06-22T14:23:13.130000","69fc80be57f680cb816ca13e","keniagrrios@gmail.com","false"
"2026-06-22","Ismael José dos Santos Filho","","false","12:00","69cab50d46c2a710ba93c1d4","13:00","Civil","agendado","6a39446847e68f4735424846","2026-06-22T14:19:20.730000","2026-06-22T14:19:20.730000","69eb714b124295d4decc3504","ismaelfilho.adv@gmail.com","false"
"2026-06-22","Hugo Leonardo de Araújo Godinho","","false","12:00","6a2c155eb386f640b1e5948b","13:00","Civil","agendado","6a3943995a5aeccdfa194f74","2026-06-22T14:15:53.131000","2026-06-22T16:33:50.711000","6a2aaefdbbb8d301bdfff035","hugo.godinho@goias.gov.br","false"
"2026-06-22","Lucas Gabriel Souza Ribeiro","","false","12:00","69cab532ba0b7b3f017ab3af","13:00","Civil","agendado","6a3941dbb7a2275cafb9c70b","2026-06-22T14:08:27.818000","2026-06-22T14:08:27.818000","69e8b3da0727cf73320d3bc0","lucasgabrielsouzaribeiro@gmail.com","false"
"2026-06-22","Guilherme Alves de Souza Araújo","","false","12:00","69cab4aecb5fa9ca033f05e8","13:00","Civil","agendado","6a3941cc48a2ce7367f2bebd","2026-06-22T14:08:12.335000","2026-06-22T14:08:12.335000","69efb2548749b9622136a800","gui.araujo2207@gmail.com","false"
"2026-06-22","Thiago Marques Leão","","false","12:00","69cab49382a748187c66ec50","13:00","Civil","agendado","6a393e6b4640be88e665fc6c","2026-06-22T13:53:47.184000","2026-06-22T13:53:47.184000","69e8b3a39df58dcdca94d144","thiagomarquesleao@gmail.com","false"
"2026-06-22","Thays Rocha Leite","","false","11:00","69cab4bbaaffc414bef709af","12:00","Civil","agendado","6a393dd7ea0c3c607cac41b6","2026-06-22T13:51:19.795000","2026-06-22T13:51:19.795000","69f88c68187fcd638dc76bbc","tha_rleite@hotmail.com","false"
"2026-06-23","Clarinha Pereira da Silva Sousa","","false","11:00","69cab4bb2b75e5b3207c8b48","12:00","Civil","agendado","6a393d8dba8f86e3b144b429","2026-06-22T13:50:05.592000","2026-06-22T13:50:05.592000","69f0e71cb680d3ecfbb47205","clarinhapereira831@gmail.com","false"
"2026-06-22","Clarinha Pereira da Silva Sousa","","false","11:00","69cab4bb2b75e5b3207c8b48","12:00","Civil","agendado","6a393d7befe25cec554fa818","2026-06-22T13:49:47.957000","2026-06-22T13:49:47.957000","69f0e71cb680d3ecfbb47205","clarinhapereira831@gmail.com","false"
"2026-06-22","Matheus Oliveira Timoteo ","","false","11:00","6a15d6bf895510a04628e9e5","12:00","Civil","agendado","6a393c2a7b0a9a70cec09568","2026-06-22T13:44:10.724000","2026-06-22T13:44:10.724000","69eb9fecf7d07564929ed82e","mathubaixista@gmail.com","false"
"2026-06-22","Thaís Teixeira Santos","","false","12:00","69cab5274f3dd1b5956201e6","13:00","Civil","agendado","6a3938edfe7d9cb30d737feb","2026-06-22T13:30:21.076000","2026-06-22T13:30:21.076000","6a0caf640170db9a69a7bebd","thais.sejuv@gmail.com","false"
"2026-06-22","Delma Maria Guimaraes","","false","11:00","69cab4bb4badc9d3592723d2","12:00","Civil","agendado","6a3938948b1b46e0255a9cc4","2026-06-22T13:28:52.151000","2026-06-22T13:28:52.151000","69f0e717c3c33b89a2f9e02a","delmagui333@gmail.com","false"
"2026-06-23","Gilvan José Meireles","","false","13:00","69cab51df127d1812d9c9585","14:00","Civil","agendado","6a393870a8e42229d313a4a7","2026-06-22T13:28:16.938000","2026-06-22T13:28:16.938000","69eb7152f8692d6e4f8926c5","gil-van-jose@hotmail.com","false"
"2026-06-23","Hérika Pabline Lima Veras","","false","13:00","6a15d611390b03b5280412b4","14:00","Civil","agendado","6a39371d7da1a00731fe92e8","2026-06-22T13:22:37.156000","2026-06-22T13:22:37.156000","6a15cb855ddae0a12bbc417c","herikapabline@gmail.com","false"
"2026-06-22","Umbelina Santana Ramos","","false","11:00","69cab52aca4d9c8a07cb419a","12:00","Civil","agendado","6a393612975bf99ec1ecde16","2026-06-22T13:18:10.894000","2026-06-22T13:18:10.894000","6a16f068b357802022f1ae94","umbelinasramos@gmail.com","false"
"2026-06-22","Taina Thome Freitas","","false","13:00","69cab4c771c685e9f60324aa","14:00","Civil","agendado","6a39346b34670e3065cfb74d","2026-06-22T13:11:07.304000","2026-06-22T13:11:07.304000","69e8b3a16f423e49e47411b4","taina.freitas@goias.gov.br","false"
"2026-06-22","Lívia Maria Batista da Silva","","false","13:00","69cab4ed0b51026b52fe7c88","14:00","Civil","agendado","6a393464f9f028a77f18c66b","2026-06-22T13:11:00.345000","2026-06-22T13:11:00.345000","69e8b3d0276e0faaaaece9f8","liviasa.cultura@gmail.com","false"
"2026-06-23","Clarissa dos Santos Melo Duarte","","false","17:00","69cab4b05e5de2d972aae6a0","18:00","Civil","agendado","6a39340a34670e3065cfb722","2026-06-22T13:09:30.113000","2026-06-22T13:09:30.113000","6a2aaf023a2bb1378a22db13","clarissasmelo@gmail.com","false"
"2026-06-22","Rayanny Christinny da Silva Carmo","","false","11:00","69cab483e6e1052ce52e6988","12:00","Civil","agendado","6a39333d3fe8e0bcf6c17829","2026-06-22T13:06:05.598000","2026-06-22T13:06:05.598000","6a319335edfe428978aac2ad","rayannychristinny700@gmail.com","false"
"2026-06-22","Marília da Silva Oliveira ","","false","18:00","6a15d57c344b691a4877ca97","19:00","Civil","agendado","6a393090c237cc37d6d59c16","2026-06-22T12:54:40.567000","2026-06-22T12:54:40.567000","6a103a6242a03e3f6e05eccd","marilia7@gmail.com","false"
"2026-06-22","Lucas Façanha de Oliveira Carvalho","","false","12:00","69cab53f95aecd6313a1094a","13:00","Civil","agendado","6a39302b4e0d2e00c1cbcc62","2026-06-22T12:52:59.815000","2026-06-22T12:52:59.815000","69e8b3d9db2701e07f3d9515","lucasoliveira.ifam@gmail.com","false"
"2026-06-22","Elisa Parreira de Castro Alves","","false","18:00","69cab4958987e567777aa8e9","19:00","Civil","agendado","6a392f8c9962aae510ccddd2","2026-06-22T12:50:20.369000","2026-06-22T12:50:20.369000","69f3539372bfccf5cae537b8","elisa.pdca@gmail.com","false"
"2026-06-23","Andrea Gonçalves Fonseca","","false","07:00","69cab51d1406725f35a35aea","08:00","Civil","agendado","6a392f1663dc369d8dc85755","2026-06-22T12:48:22.851000","2026-06-22T12:48:22.851000","6a0caf6101940cd03cbfc270","andreagyn2020@gmail.com","false"
"2026-06-22","Laiz de Moraes Silva","","false","13:00","69cab4a6cb0eeca73fb0ea1f","14:00","Civil","faltou","6a392e2d788ee4cd98cfeba3","2026-06-22T12:44:29.722000","2026-06-22T17:03:50.252000","6a1985ff6640af2a5735033f","laiz.geaco@gmail.com","false"
"2026-06-22","Isabela Arantes Mota","","false","11:00","69cab4e1f0a4c74ea03ff22a","12:00","Civil","agendado","6a392e26c20c6c7bf51f7f0b","2026-06-22T12:44:22.548000","2026-06-22T12:44:22.548000","6a0caf5b87efa41f555a0b3c","arantesmotaisabela@gmail.com","false"
"2026-06-22","Keiliane dos Santos Silva","","false","11:00","69cab4841ce56b674d36384d","12:00","Civil","agendado","6a392d71a3cc701705aa0e4d","2026-06-22T12:41:21.521000","2026-06-22T12:41:21.521000","69e8b410c23f02f059fbe081","keilineker@gmail.com","false"
"2026-06-22","Márcia Santos Almeida Mota","","false","13:00","69fa286cbd89876a6edd5002","14:00","Civil","agendado","6a392d158391c5eba5f3a5dd","2026-06-22T12:39:49.725000","2026-06-22T12:39:49.725000","69e8b3ea3024a618d9bbfb4b","marsaalmo@gmail.com","false"
"2026-06-22","Felipe Junqueira Mariano","","false","12:00","69cab4fa2f92da87a7de44b0","13:00","Civil","agendado","6a392be1196fd7586710905f","2026-06-22T12:34:41.570000","2026-06-22T12:34:41.570000","6a045784a0d5f992481b9d74","felipejmarianor@gmail.com","false"
"2026-06-22","Brenuo Victor Rodrigues Barbosa","","false","13:00","69cab5409b141921d6a9baca","14:00","Civil","agendado","6a392b9dcd7c4c62438d7d9d","2026-06-22T12:33:33.832000","2026-06-22T12:33:33.832000","6a022e0e6d475b0b2334af8e","brenuovrb@gmail.com","false"
"2026-06-23","Jhulli Êmily Martins Nunes","","false","13:00","69cab48cce1c3df3215b2752","14:00","Civil","agendado","6a392af92f1452d358d46fcd","2026-06-22T12:30:49.389000","2026-06-22T12:30:49.389000","69e8b3e6578c929cf94963e6","jhulliemily2014@gmail.com","false"
"2026-06-22","Jhulli Êmily Martins Nunes","","false","13:00","69cab48cce1c3df3215b2752","14:00","Civil","agendado","6a392af0c3595bf072a37734","2026-06-22T12:30:40.309000","2026-06-22T12:30:40.309000","69e8b3e6578c929cf94963e6","jhulliemily2014@gmail.com","false"
"2026-06-22","Paloma Leal Frazão","","false","12:00","6a05cb2bf126cffdabe7fbfa","13:00","Civil","agendado","6a392ad33687bd54baca3d62","2026-06-22T12:30:11.663000","2026-06-22T12:30:11.663000","69eb7148469c445c29813e58","palomalfrazao@gmail.com","false"
"2026-06-22","Mel Cardoso Souza","","false","11:00","69cab4844ae3b7f6a68fd705","12:00","Civil","agendado","6a3929f60126902bf76e5ac7","2026-06-22T12:26:30.804000","2026-06-22T12:26:30.804000","69e8b3e718a06dc553782bd2","mel2005cardoso@gmail.com","false"
"2026-06-22","Sandra Francisca Bandeira ","","false","12:00","6a16ff021e7aed126219459f","13:00","Civil","agendado","6a39295f90b43d244777ddcc","2026-06-22T12:23:59.074000","2026-06-22T12:23:59.074000","6a0caf5d2f6ef5a33a3d14c9","sandrabandeira.adv@gmail.com","false"
"2026-06-22","Ana Paula Moreira Rodrigues","","false","12:00","6a04bf891172d29085e72723","13:00","Civil","agendado","6a392945c4e38383fd6297d0","2026-06-22T12:23:33.268000","2026-06-22T12:23:33.268000","6a04bf283d7914722c5697df","anaromoreira@gmail.com","false"
"2026-06-22","Helena de Castro Côrtes","","false","12:00","6a16e9a8f78a8dd4bceafe2a","13:00","Civil","agendado","6a39291bc3b32c9877cea64a","2026-06-22T12:22:51.100000","2026-06-22T12:22:51.100000","6a16e52b80d218340615bc21","helena.gegeo@gmail.com","false"
"2026-06-22","Rafaela Franzoni Marques","","false","12:00","69f9cddf1e81ff14d278df5e","13:00","Civil","agendado","6a3928b8a7bf0deaadbd655c","2026-06-22T12:21:12.255000","2026-06-22T12:21:12.255000","69f8e2f80271cf78f7858d16","rafaelafranzoni@gmail.com","false"
"2026-06-22","Keiliana Cézar ","","false","12:00","6a020eac43fd47bf2e8eb231","13:00","Civil","agendado","6a39284f35a9c574e28faa33","2026-06-22T12:19:27.151000","2026-06-22T12:19:27.151000","69f8d4ffb937cd00dda8b1d3","kellycesar517@gmail.com","false"
"2026-06-22","Keiliana Cézar ","","false","12:00","6a020eac43fd47bf2e8eb231","13:00","Civil","agendado","6a39284edfaf51632d2588fc","2026-06-22T12:19:26.184000","2026-06-22T12:19:26.184000","69f8d4ffb937cd00dda8b1d3","kellycesar517@gmail.com","false"
"2026-06-22","Daniele Serafim de Souza Kliemann","","false","11:00","6a1843cfd579775e62d16cd4","12:00","Civil","agendado","6a39277f7c4405707b4a570f","2026-06-22T12:15:59.098000","2026-06-22T12:15:59.098000","6a172ad4172b5169721ad5d7","danieleserafim.adv@gmail.com","false"
"2026-06-22","Raphael de Lima Carvalho Moraes","","false","13:00","69cab4ee1d5dca09ed497c22","14:00","Civil","agendado","6a3925881a08fc3af2c41710","2026-06-22T12:07:36.062000","2026-06-22T12:07:36.062000","69f243fdfed1f188950d4989","raphaelmoraes019@gmail.com","false"
"2026-06-22","José Porto França Neto","","false","12:00","69cab51cf59bbda43a5c5d57","13:00","Civil","agendado","6a392056bb6327e19472876b","2026-06-22T11:45:26.902000","2026-06-22T11:45:26.902000","69eb712c92a6132bbc608daf","portobritto@gmail.com","false"
"2026-06-22","MAICON DOUGLAS GOMES RODRIGUES","","false","12:00","6a1495a104b49b3be78f3da3","13:00","Civil","agendado","6a391ebbdc54c24691ac1b08","2026-06-22T11:38:35.463000","2026-06-22T11:38:35.463000","69e8b3c64ccd45857400c131","douglasgynn1@gmail.com","false"
"2026-06-23","Antonino Batista Júnior","","false","17:00","69cab53d8efef97e8a0f03b3","18:00","Civil","agendado","6a391e6e5fba1e797a60a80f","2026-06-22T11:37:18.849000","2026-06-22T11:37:18.849000","69e8b3ceaa15a6de33954e67","antoninobj@gmail.com","false"
"2026-06-22","Antonino Batista Júnior","","false","16:00","69cab53d8efef97e8a0f03b3","17:00","Civil","agendado","6a391e602e5cb86caf6b4341","2026-06-22T11:37:04.237000","2026-06-22T11:37:04.237000","69e8b3ceaa15a6de33954e67","antoninobj@gmail.com","false"
"2026-06-22","Kenia Gomes Rodrigues Rios","","false","10:00","69cab4a3ce9564de9486ce32","11:00","Civil","agendado","6a391c23d1ae978275a0fc85","2026-06-22T11:27:31.657000","2026-06-22T11:27:31.657000","69fc80be57f680cb816ca13e","keniagrrios@gmail.com","false"
"2026-06-22","Raingredi Sousa Mendes","","false","13:00","6a303ce8913598946bc38fe9","14:00","Civil","agendado","6a391ae3b0e7b0d2761e24f9","2026-06-22T11:22:11.396000","2026-06-22T11:22:11.396000","6a3009d02bf70f90e9561b00","raingredi@gmail.com","false"
"2026-06-22","Carolina Assis Silva","","false","12:00","69cab528f140868323584a5f","13:00","Civil","agendado","6a391a8c48e785d7a0cbca61","2026-06-22T11:20:44.743000","2026-06-22T11:20:44.743000","6a047b2155dbffe1bf6746cf","carolasullivan5@gmail.com","false"
"2026-06-23","Marcos Lopes de Souza","","false","12:00","69cab4a6d886e77a5a0bd8f9","13:00","Civil","agendado","6a391a7efda5d287d8d5e52c","2026-06-22T11:20:30.587000","2026-06-22T11:20:30.587000","69efccfae228f77c31effa3e","marcos.lsouza@goias.gov.br","false"
"2026-06-22","Marcos Lopes de Souza","","false","12:00","69cab4a6d886e77a5a0bd8f9","13:00","Civil","agendado","6a391a72d362739083b77e89","2026-06-22T11:20:18.965000","2026-06-22T11:20:18.965000","69efccfae228f77c31effa3e","marcos.lsouza@goias.gov.br","false"
"2026-06-23","Rafael Santana Marinho","","false","12:00","69cab53eac828741aaea5afd","13:00","Civil","agendado","6a3918d12abbc8bf2ddc313a","2026-06-22T11:13:21.403000","2026-06-22T11:13:21.403000","69fb769eb6cc56e25e03373f","rflmarinho8@gmail.com","false"
"2026-06-22","Rafael Santana Marinho","","false","12:00","69cab53eac828741aaea5afd","13:00","Civil","agendado","6a3918c30902a498a53c7655","2026-06-22T11:13:07.506000","2026-06-22T11:13:07.506000","69fb769eb6cc56e25e03373f","rflmarinho8@gmail.com","false"
"2026-06-22","Thaynná Melo do Nascimento","","false","17:00","6a2aeab3a61a095b45073c9a","18:00","Civil","agendado","6a39180b7c7cf680f2e27e86","2026-06-22T11:10:03.741000","2026-06-22T11:10:03.741000","6a2ab68ac2b7298f7ea65e47","thaynna.nascimento@goias.gov.br","false"
"2026-06-23","Fabricio Del Duqui","","false","16:00","69cab4fd87a6fe5aff945a4f","17:00","Civil","agendado","6a3917b851bed34fe5886df7","2026-06-22T11:08:40.205000","2026-06-22T11:08:40.205000","6a314072b94a0e98ae121e1a","fduqui@gmail.com","false"
"2026-06-22","Fabricio Del Duqui","","false","16:00","69cab4fd87a6fe5aff945a4f","17:00","Civil","agendado","6a3917acd206319f4656dc8b","2026-06-22T11:08:28.986000","2026-06-22T11:08:28.986000","6a314072b94a0e98ae121e1a","fduqui@gmail.com","false"
"2026-06-24","Thiago Alves Sobrinho","","false","07:00","6a32ad4ed40f8572a8d2db48","08:00","Civil","agendado","6a3916b6fe1d9f7e5b6b6b34","2026-06-22T11:04:22.023000","2026-06-22T11:04:22.023000","6a329d00d23a3aa382cbc565","th.sobrinho@gmail.com","false"
"2026-06-22","Kenyele Naves Guimarães Borges","","false","17:00","6a31410f2dc4b83f242b38eb","18:00","Civil","agendado","6a39155f13f54255e6d97999","2026-06-22T10:58:39.917000","2026-06-22T10:58:39.917000","6a2aea1fbc9af45a7d5e3645","kenyele.naves15@gmail.com","false"
"2026-06-23","Célia Maria da Silva Valadão","","false","11:00","6a0afdd882e5220f83455fbb","12:00","Civil","agendado","6a3910bfb5a423cf397e0bc2","2026-06-22T10:38:55.829000","2026-06-22T10:38:55.829000","6a03223f9f250d7b5f325919","celia.valadao@goias.gov.br","false"
"2026-06-22","Célia Maria da Silva Valadão","","false","11:00","6a0afdd882e5220f83455fbb","12:00","Civil","agendado","6a3910b4de4293fda8638548","2026-06-22T10:38:44.648000","2026-06-22T10:38:44.648000","6a03223f9f250d7b5f325919","celia.valadao@goias.gov.br","false"
"2026-06-23","Francislene Monteiro Lima","","false","18:00","69cab5336d09f1ead4a603b5","19:00","Civil","agendado","6a390e792212b28589810631","2026-06-22T10:29:13.470000","2026-06-22T10:29:13.470000","69eb71414c5a3877ecd8a887","efmonteiro04@gmail.com","false"
"2026-06-24","Márcia de Araújo Gontijo","","false","07:00","69cab4fa6634febf001eb740","08:00","Civil","agendado","6a390d9b00a0503b7fbc14a7","2026-06-22T10:25:31.607000","2026-06-22T10:25:31.607000","69fe28955bf56f9dc34635d2","marciagontijoadv@gmail.com","false"
"2026-06-22","Luana Cristina Vieira dos Santos ","","false","11:00","69f3405ca624697043cf5b08","12:00","Civil","agendado","6a390d7f47440e9bb1384a4b","2026-06-22T10:25:03.889000","2026-06-22T10:25:03.889000","69f24dcef9aa003a39e36414","luana2015gyn@gmail.com","false"
"2026-06-23","Andressa Kristtyna Rodrigues Oliveira","","false","18:00","69cab533705403585c687b9e","19:00","Civil","agendado","6a390d38df645eda91f25d30","2026-06-22T10:23:52.758000","2026-06-22T10:23:52.758000","6a1edae225e1f39bf869001a","andressakoliveira.tur@gmail.com","false"
"2026-06-22","Andressa Kristtyna Rodrigues Oliveira","","false","18:00","69cab533705403585c687b9e","19:00","Civil","agendado","6a390d29539c1d5757610c43","2026-06-22T10:23:37.273000","2026-06-22T10:23:37.273000","6a1edae225e1f39bf869001a","andressakoliveira.tur@gmail.com","false"
"2026-06-24","Ana Carolina Silva de Araujo Peixoto","","false","07:00","69cab50fec6532662ba58f05","08:00","Civil","agendado","6a3907da2aec5636934958c7","2026-06-22T10:00:58.766000","2026-06-22T10:00:58.766000","69e8b3abbdd54859f2b7eadf","ana.anacarol1403@gmail.com","false"
"2026-06-22","Jesley da Silva Sousa","","false","11:00","6a2ab18061f7a78ad0700e2f","12:00","Civil","agendado","6a39009df0da93dbcc0a5353","2026-06-22T09:30:05.722000","2026-06-22T09:30:05.722000","6a2aaf009ad04cdd81d57839","jesleysobral8@gmail.com","false"
"2026-06-22","Patrícia Gomes Fleuri Cunha","","false","07:00","6a103b0bb218f6109a5263e2","08:00","Civil","agendado","6a38ffd8c6287dc623211551","2026-06-22T09:26:48.877000","2026-06-22T09:26:48.877000","6a0caf6598b093e0931ff6a8","patricia.cunha@goias.gov.br","false"
"2026-06-22","Lázara Tatiana Pereira de Lima","","false","16:00","69cab5409b141921d6a9bac9","17:00","Civil","agendado","6a38fd9b34e945c817983121","2026-06-22T09:17:15.533000","2026-06-22T21:21:43.916000","69e8b3d7f0a0a48eb1af80d9","sesmt.publico@gmail.com","false"
"2026-06-22","Ricardo Vilaverde de Oliveira","","false","07:00","6a0464d871ebbe3b34972e28","08:00","Civil","agendado","6a38fb05c0dfbabc0468d5d2","2026-06-22T09:06:13.050000","2026-06-22T09:06:13.050000","69fe288d4ba4831c857c8bd5","rvilaverde@gmail.com","false"
"2026-06-22","Carlos Antônio Madalena","","false","07:00","69f1fbd2b1d8f827f1014b85","08:00","Civil","agendado","6a38ebc25f55744f6e6c4bac","2026-06-22T08:01:06.328000","2026-06-22T08:01:06.328000","69f1eb66214b21fd581ce36b","advgcarlosmadalena@gmail.com","false"
"2026-06-22","samuel da costa oliveira","","false","08:00","6a283ca8e24218a67bcb7414","09:00","Civil","agendado","6a3890efac5b559d02f55b9c","2026-06-22T01:33:35.219000","2026-06-22T01:33:35.219000","6a27030a707a4b92e0085b31","samuca1098costa@gmail.com","false"
"2026-06-22","Helder Raimundo de Moraes","","false","12:00","69cab4fa68d464d95240f98b","13:00","Civil","agendado","6a3881bca1d730de0ed0beb9","2026-06-22T00:28:44.107000","2026-06-22T00:28:44.107000","69f0b98c8ab0e5fe3945ffd5","hmoraes74@gmail.com","false"
"2026-06-22","Mariana Albino da Silva","","false","07:00","69cab485b105230925053def","08:00","Civil","agendado","6a38720394e37fc8954223fc","2026-06-21T23:21:39.161000","2026-06-21T23:21:39.161000","69f1eb6197b49acac81ad46a","mariana.albinosilva85@gmail.com","false"
"2026-06-23","Caio César Silva Oliveira","","false","17:00","69cab5528917bc7d06ec9f36","18:00","Civil","agendado","6a386e79fb50bb827cc5dbdc","2026-06-21T23:06:33.432000","2026-06-21T23:06:33.432000","69e8b3c510a6ab1ad3da4cd2","caiooliveira92@gmail.com","false"
"2026-06-22","Laura Lula Ramos","","false","11:00","69cab4845646d7497cb9aa56","12:00","Civil","agendado","6a38683f4001c1b1f4ece744","2026-06-21T22:39:59.979000","2026-06-21T22:39:59.979000","69e8b3b1c23f02f059fbe05f","lauralular@gmail.com","false"
"2026-06-23","Lucas Honorato Lopes","","false","11:00","6a2067c65a836c8a40fe0b2c","12:00","Civil","agendado","6a386710b87b614317432868","2026-06-21T22:34:56.472000","2026-06-21T22:34:56.472000","6a16f46d9cbce304c42cc536","lucashlopes@gmail.com","false"
"2026-06-22","Lucas Honorato Lopes","","false","11:00","6a2067c65a836c8a40fe0b2c","12:00","Civil","agendado","6a386707e6d16fe9d27df1f9","2026-06-21T22:34:47.054000","2026-06-21T22:34:47.054000","6a16f46d9cbce304c42cc536","lucashlopes@gmail.com","false"
"2026-06-23","Léa Rosane Barcelos","","false","11:00","69cab555f127d1812d9c958f","12:00","Civil","agendado","6a385d112b0fd0388786bc27","2026-06-21T21:52:17.094000","2026-06-21T21:52:17.094000","69eb7145a368132a1e810354","learosane@gmail.com","false"
"2026-06-22","Léa Rosane Barcelos","","false","11:00","69cab555f127d1812d9c958f","12:00","Civil","agendado","6a385d039c65f8539b982b2c","2026-06-21T21:52:03.590000","2026-06-21T21:52:03.590000","69eb7145a368132a1e810354","learosane@gmail.com","false"
"2026-06-23","Simone. Luzine Peixoto ","","false","07:00","6a1f207ab7d0ebfbfed88d62","08:00","Civil","agendado","6a385cb61f89aa52aaa1d877","2026-06-21T21:50:46.837000","2026-06-21T21:50:46.837000","6a1f14cf38f8bc785a9ad042","simoneluzine@gmail.com","false"
"2026-06-22","Simone. Luzine Peixoto ","","false","07:00","6a1f207ab7d0ebfbfed88d62","08:00","Civil","agendado","6a385ca613f9bfbedef2c06c","2026-06-21T21:50:30.948000","2026-06-21T21:50:30.948000","6a1f14cf38f8bc785a9ad042","simoneluzine@gmail.com","false"
"2026-06-22","José Nildo da cunha gomes ","","false","11:00","6a32acbd097d7e942fa5efd2","12:00","Civil","agendado","6a38579777d5417ab70a5f19","2026-06-21T21:28:55.292000","2026-06-21T21:28:55.292000","6a329d02a320c06349b77bfa","j.nillgyn@gmail.com","false"
"2026-06-22","Andrea Gonçalves Fonseca","","false","07:00","69cab51d1406725f35a35aea","08:00","Civil","agendado","6a383478a3a014d432335015","2026-06-21T18:59:04.350000","2026-06-21T18:59:04.350000","6a0caf6101940cd03cbfc270","andreagyn2020@gmail.com","false"
"2026-06-23","Thiago Alves Sobrinho","","false","07:00","6a32ad4ed40f8572a8d2db48","08:00","Civil","faltou","6a381f5cc1295f971bf8c3a8","2026-06-21T17:29:00.260000","2026-06-23T11:03:49.671000","6a329d00d23a3aa382cbc565","th.sobrinho@gmail.com","false"
"2026-06-22","Geovana Monteiro da Silva","","false","13:00","69cab483f6786b7148f4c689","14:00","Civil","agendado","6a38070a7be14adc20beb496","2026-06-21T15:45:14.254000","2026-06-21T15:45:14.254000","69ec0f73c400e529d8b7c8bb","geovanamts02@gmail.com","false"
"2026-06-23","Lázara Tatiana Pereira de Lima","","false","07:00","69cab5409b141921d6a9bac9","08:00","Civil","agendado","6a37f4c10c84b0819543d43d","2026-06-21T14:27:13.066000","2026-06-21T14:27:13.066000","69e8b3d7f0a0a48eb1af80d9","sesmt.publico@gmail.com","false"
"2026-06-22","Daniel Carlos dos Reis","","false","08:00","69efb877f2a849baa2f1590f","09:00","Civil","agendado","6a37f21986ed94e665e21067","2026-06-21T14:15:53.656000","2026-06-21T14:15:53.656000","69e8b3dcffadf846c595fa0c","danielreis0211@gmail.com","false"
"2026-06-22","Morian Scussel Malburg","","false","08:00","69cab53deddee6987dc1c800","09:00","Civil","agendado","6a37e9f9d29a2fcc524040b8","2026-06-21T13:41:13.950000","2026-06-21T13:41:13.950000","69e8b3dfc275cae65aee1aa2","morianmalburg@gmail.com","false"
"2026-06-22","Ana Gabriela Azevedo de Carvalho","","false","13:00","69cab48362078b73df941f5f","14:00","Civil","agendado","6a37e4ada0664a8e683fa644","2026-06-21T13:18:37.869000","2026-06-21T13:18:37.869000","6a32dd64fa8afd91fe1039d0","ag3746498@gmail.com","false"
"2026-06-22","Ana Carolina Silva de Araujo Peixoto","","false","07:00","69cab50fec6532662ba58f05","08:00","Civil","agendado","6a37ddaff455131ee912b233","2026-06-21T12:48:47.837000","2026-06-21T12:48:47.837000","69e8b3abbdd54859f2b7eadf","ana.anacarol1403@gmail.com","false"
"2026-06-22","Francislene Monteiro Lima","","false","18:00","69cab5336d09f1ead4a603b5","19:00","Civil","agendado","6a37db21a1fefba8ee618c90","2026-06-21T12:37:53.178000","2026-06-21T12:37:53.178000","69eb71414c5a3877ecd8a887","efmonteiro04@gmail.com","false"
"2026-06-22","Márcia de Araújo Gontijo","","false","07:00","69cab4fa6634febf001eb740","08:00","Civil","agendado","6a36a9cbc2ae369ac7791cdb","2026-06-20T14:55:07.277000","2026-06-20T14:55:07.277000","69fe28955bf56f9dc34635d2","marciagontijoadv@gmail.com","false"
"2026-06-19","Jaqueline Basílio de Oliveira","","false","17:00","69f251eb95fc95ce8a1deca1","18:00","Civil","agendado","6a359f0aaead4104ce8209b4","2026-06-19T19:56:58.834000","2026-06-19T19:56:58.834000","69f2515f3caf2db8610694b6","jaquelliny20@hotmail.com","false"
"2026-06-19","Antônio Gabriel Marcimiano de Moraes","","false","17:00","69cab5533f4cbe4cc715f000","18:00","Civil","agendado","6a359271098a9408bcca8792","2026-06-19T19:03:13.745000","2026-06-19T19:03:13.745000","69e8bd46281c43278d0d48e9","gabrielgynh@gmail.com","false"
"2026-06-19","Isabela Arantes Mota","","false","16:00","69cab4e1f0a4c74ea03ff22a","17:00","Civil","agendado","6a358b013874a3dcbe7cf6c2","2026-06-19T18:31:29.117000","2026-06-19T18:31:29.117000","6a0caf5b87efa41f555a0b3c","arantesmotaisabela@gmail.com","false"
"2026-06-19","Denize Pommer","","false","15:00","6a1997fbb2260a52c4a8158e","16:00","Civil","agendado","6a3575b91e91becdf5485d4e","2026-06-19T17:00:41.911000","2026-06-19T17:00:41.911000","6a16e5320af1d751de266aea","pommerde@gmail.com","false"
"2026-06-19","Michelle Vitoria de Carvalho","","false","15:00","6a1d952333bdc732b32dcd93","16:00","Civil","agendado","6a357544f27e03781b5a268f","2026-06-19T16:58:44.823000","2026-06-19T16:58:44.823000","6a1985fdbfa475c3359e50e9","michellelouza51@gmail.com","false"
"2026-06-19","Felipe Junqueira Mariano","","false","17:00","69cab4fa2f92da87a7de44b0","18:00","Civil","agendado","6a3563ec3474b761d8c6fc6f","2026-06-19T15:44:44.214000","2026-06-19T15:44:44.214000","6a045784a0d5f992481b9d74","felipejmarianor@gmail.com","false"
"2026-06-19","Thiago Marques Leão","","false","13:00","69cab49382a748187c66ec50","14:00","Civil","agendado","6a3561b228ce696907e89e59","2026-06-19T15:35:14.958000","2026-06-19T15:35:14.958000","69e8b3a39df58dcdca94d144","thiagomarquesleao@gmail.com","false"
"2026-06-19","Lívia Borges de Sousa","","false","13:00","69cab53df488136327286414","14:00","Civil","agendado","6a355975761f991d037e9ba9","2026-06-19T15:00:05.113000","2026-06-19T15:00:05.113000","6a035c5eff55688ed4fcb8b0","livia.borges.333@gmail.com","false"
"2026-06-19","Raynna Pereira Neves Barros","","false","12:00","69cab483bcb9efeb569c67e1","13:00","Civil","agendado","6a35596f7c1526bee3d4cb1d","2026-06-19T14:59:59.497000","2026-06-19T14:59:59.497000","69f0aa040009751ec470fa8b","nevesraynna@gmail.com","false"
"2026-06-19","Ismael José dos Santos Filho","","false","12:00","69cab50d46c2a710ba93c1d4","13:00","Civil","agendado","6a3557b7dcf6046b4543569b","2026-06-19T14:52:39.810000","2026-06-19T14:52:39.810000","69eb714b124295d4decc3504","ismaelfilho.adv@gmail.com","false"
"2026-06-19","Vanessa Ferreira de Oliveira","","false","12:00","69cab4e3eddee6987dc1c711","13:00","Civil","agendado","6a3557440ea0d549cdec3682","2026-06-19T14:50:44.110000","2026-06-19T14:50:44.110000","6a1d949ce6e13dcecedb709f","vanessaferdoli@gmail.com","false"
"2026-06-19","Sandra Francisca Bandeira ","","false","12:00","6a16ff021e7aed126219459f","13:00","Civil","agendado","6a35530641eb640ba9c40b93","2026-06-19T14:32:38.491000","2026-06-19T14:32:38.491000","6a0caf5d2f6ef5a33a3d14c9","sandrabandeira.adv@gmail.com","false"
"2026-06-19","Guilherme Alves de Souza Araújo","","false","12:00","69cab4aecb5fa9ca033f05e8","13:00","Civil","agendado","6a3552d22f915a620b20e4b8","2026-06-19T14:31:46.217000","2026-06-19T14:31:46.217000","69efb2548749b9622136a800","gui.araujo2207@gmail.com","false"
"2026-06-19","Brenuo Victor Rodrigues Barbosa","","false","13:00","69cab5409b141921d6a9baca","14:00","Civil","agendado","6a354db9f7f0fb0ecdfa357b","2026-06-19T14:10:01.996000","2026-06-19T14:10:01.996000","6a022e0e6d475b0b2334af8e","brenuovrb@gmail.com","false"
"2026-06-19","Nádya de Sá Almeida Costa Silva","","false","12:00","69cab48b36611447155e197c","13:00","Civil","agendado","6a354d04baafb28f7d52be5c","2026-06-19T14:07:00.403000","2026-06-19T14:07:00.403000","69f09cc40b09eba29a789e8a","eng.nadyasa@gmail.com","false"
"2026-06-19","Paloma Leal Frazão","","false","12:00","6a05cb2bf126cffdabe7fbfa","13:00","Civil","agendado","6a354b81c5fa3c440eba0090","2026-06-19T14:00:33.015000","2026-06-19T14:00:33.015000","69eb7148469c445c29813e58","palomalfrazao@gmail.com","false"
"2026-06-19","Marcia Helena de Castro Moura","","false","11:00","6a16f0e791b17a9d72088566","12:00","Civil","agendado","6a3549990529c3b45215f0d2","2026-06-19T13:52:25.050000","2026-06-19T13:52:25.050000","69e8b3c8b68bbd81437e2a25","mhcastromarketing@gmail.com","false"
"2026-06-19","Ana Carolina Costa Lopes","","false","12:00","6a05cad8fdd8033d12dca29c","13:00","Civil","agendado","6a354254adfef7173f20cb0a","2026-06-19T13:21:24.469000","2026-06-19T13:21:24.469000","69f0e73466476bce7c30c689","acclopes.direito@gmail.com","false"
"2026-06-19","Kenia Gomes Rodrigues Rios","","false","11:00","69cab4a3ce9564de9486ce32","12:00","Civil","agendado","6a353e109285a1271adfdecd","2026-06-19T13:03:12.707000","2026-06-19T13:03:12.707000","69fc80be57f680cb816ca13e","keniagrrios@gmail.com","false"
"2026-06-19","Elisnara Gerstrudes da Costa e Silva ","","false","17:00","6a281e2dfb548e50d1e17ecd","18:00","Civil","agendado","6a353cea9743f44370df4c37","2026-06-19T12:58:18.215000","2026-06-19T12:58:18.215000","6a281b55d71320017656d360","elisnaracostta@gmail.com","false"
"2026-06-19","Yasmin Medeiros de Oliveira","","false","16:00","69cab4ef4a0411830b859b44","17:00","Civil","agendado","6a353cc3d393575061a6cd0b","2026-06-19T12:57:39.250000","2026-06-19T12:57:39.250000","6a103a63f80a4bf1ed8e6c76","yasmin.meira.265@gmail.com","false"
"2026-06-19","Lucas Façanha de Oliveira Carvalho","","false","11:00","69cab53f95aecd6313a1094a","12:00","Civil","agendado","6a353c64093604a3e1b74079","2026-06-19T12:56:04.839000","2026-06-19T12:56:04.839000","69e8b3d9db2701e07f3d9515","lucasoliveira.ifam@gmail.com","false"
"2026-06-19","Helder Lieberenz Camilo","","false","11:00","6a28490940b20bf445d77ea6","12:00","Civil","agendado","6a353b96a5d8de7be6bbe72d","2026-06-19T12:52:38.026000","2026-06-19T12:52:38.026000","6a28488fb42e0b4d317ef9f5","heldersecami@gmail.com","false"
"2026-06-19","Paulo Sérgio da Silva Lobo","","false","12:00","69cab4e3c3a97d05a892dabe","13:00","Civil","agendado","6a352fe42c20897a065d5674","2026-06-19T12:02:44.619000","2026-06-19T12:02:44.619000","6a1f14ca9d86f5520fc72468","pauloloboquimico@gmail.com","false"
"2026-06-19","José Porto França Neto","","false","09:00","69cab51cf59bbda43a5c5d57","10:00","Civil","agendado","6a352f38e8bad713339641c9","2026-06-19T11:59:52.928000","2026-06-19T11:59:52.928000","69eb712c92a6132bbc608daf","portobritto@gmail.com","false"
"2026-06-19","Umbelina Santana Ramos","","false","11:00","69cab52aca4d9c8a07cb419a","12:00","Civil","agendado","6a352a1089ef7314e779aa05","2026-06-19T11:37:52.548000","2026-06-19T11:37:52.548000","6a16f068b357802022f1ae94","umbelinasramos@gmail.com","false"
"2026-06-19","Ana Paula Moreira Rodrigues","","false","12:00","6a04bf891172d29085e72723","13:00","Civil","agendado","6a35282242be1ad6aee23eb7","2026-06-19T11:29:38.328000","2026-06-19T11:29:38.328000","6a04bf283d7914722c5697df","anaromoreira@gmail.com","false"
"2026-06-19","Ricardo Vilaverde de Oliveira","","false","07:00","6a0464d871ebbe3b34972e28","08:00","Civil","agendado","6a35095970184347d14fa859","2026-06-19T09:18:17.141000","2026-06-19T09:18:17.141000","69fe288d4ba4831c857c8bd5","rvilaverde@gmail.com","false"
"2026-06-19","Patrícia Gomes Fleuri Cunha","","false","07:00","6a103b0bb218f6109a5263e2","08:00","Civil","agendado","6a3507195d27f87eb85d9372","2026-06-19T09:08:41.137000","2026-06-19T09:08:41.137000","6a0caf6598b093e0931ff6a8","patricia.cunha@goias.gov.br","false"
"2026-06-19","Carlos Antônio Madalena","","false","07:00","69f1fbd2b1d8f827f1014b85","08:00","Civil","agendado","6a35065490fd8a50a1188308","2026-06-19T09:05:24.801000","2026-06-19T09:05:24.801000","69f1eb66214b21fd581ce36b","advgcarlosmadalena@gmail.com","false"
"2026-06-19","Raphael de Lima Carvalho Moraes","","false","07:00","69cab4ee1d5dca09ed497c22","08:00","Civil","agendado","6a3504d892f6b6d77e66c972","2026-06-19T08:59:04.295000","2026-06-19T08:59:04.295000","69f243fdfed1f188950d4989","raphaelmoraes019@gmail.com","false"
"2026-06-19","Ronaldo Costa Fernandes Silveira","","false","11:00","69cab50ec82236d9d8a777b4","12:00","Civil","agendado","6a34aa3f7d8d7a9882dbdec6","2026-06-19T02:32:31.835000","2026-06-19T02:32:31.835000","6a0caf604d1a53c971b1f7d8","ronaldocosta.fernandes@gmail.com","false"
"2026-06-19","MAICON DOUGLAS GOMES RODRIGUES","","false","12:00","6a1495a104b49b3be78f3da3","13:00","Civil","agendado","6a3493f981bfb87ed67856ce","2026-06-19T00:57:29.726000","2026-06-19T00:57:29.726000","69e8b3c64ccd45857400c131","douglasgynn1@gmail.com","false"
"2026-06-19","Rayanny Christinny da Silva Carmo","","false","11:00","69cab483e6e1052ce52e6988","12:00","Civil","agendado","6a348bebebda5d3ca8d84e04","2026-06-19T00:23:07.033000","2026-06-19T00:23:07.033000","6a319335edfe428978aac2ad","rayannychristinny700@gmail.com","false"
"2026-06-19","samuel da costa oliveira","","false","08:00","6a283ca8e24218a67bcb7414","09:00","Civil","agendado","6a3486ff9b755d071ae57d6e","2026-06-19T00:02:07.937000","2026-06-19T00:02:07.937000","6a27030a707a4b92e0085b31","samuca1098costa@gmail.com","false"
"2026-06-19","Geovana Monteiro da Silva","","false","13:00","69cab483f6786b7148f4c689","14:00","Civil","agendado","6a348074cc630e1d2586febf","2026-06-18T23:34:12.115000","2026-06-18T23:34:12.115000","69ec0f73c400e529d8b7c8bb","geovanamts02@gmail.com","false"
"2026-06-19","Ana Gabriela Azevedo de Carvalho","","false","13:00","69cab48362078b73df941f5f","14:00","Civil","agendado","6a347fedf007ebcfb76d4c8c","2026-06-18T23:31:57.794000","2026-06-18T23:31:57.794000","6a32dd64fa8afd91fe1039d0","ag3746498@gmail.com","false"
"2026-06-19","Matheus Oliveira Timoteo ","","false","11:00","6a15d6bf895510a04628e9e5","12:00","Civil","agendado","6a3475bab947f403891bbf32","2026-06-18T22:48:26.662000","2026-06-18T22:48:26.662000","69eb9fecf7d07564929ed82e","mathubaixista@gmail.com","false"
"2026-06-19","Lázara Tatiana Pereira de Lima","","false","07:00","69cab5409b141921d6a9bac9","08:00","Civil","agendado","6a3467c9affade3ef24b9cf8","2026-06-18T21:48:57.053000","2026-06-18T21:48:57.053000","69e8b3d7f0a0a48eb1af80d9","sesmt.publico@gmail.com","false"
"2026-06-19","Caio César Silva Oliveira","","false","17:00","69cab5528917bc7d06ec9f36","18:00","Civil","agendado","6a345fda5967c9827c8cba33","2026-06-18T21:15:06.536000","2026-06-18T21:15:06.536000","69e8b3c510a6ab1ad3da4cd2","caiooliveira92@gmail.com","false"
"2026-06-19","Danilo de Sousa Prado","","false","07:00","69cab49fb9d3a0623eb94b4a","08:00","Civil","agendado","6a3453a5fa784b73c919a3d9","2026-06-18T20:23:01.079000","2026-06-18T20:23:01.079000","69d3fe53345c29f351310df5","daniloprado.mat@gmail.com","false"
"2026-06-18","Rodrigo Antônio dos Santos","","false","18:00","69cab53cd487b55f27dea08e","19:00","Civil","agendado","6a3452f1b126ea61b48b616f","2026-06-18T20:20:01.636000","2026-06-18T20:20:01.636000","6a30396df9bfbf37c3be3e59","rads.rodrigo@gmail.com","false"
"2026-06-18","Débora Maia Escher dos Santos","","false","18:00","69fc8102efce393880145d94","19:00","Civil","agendado","6a3451bd0e2a6203361dc229","2026-06-18T20:14:53.905000","2026-06-18T20:14:53.905000","69fb76a1a9859e54ff79cc1b","deboraescher19@gmail.com","false"
"2026-06-18","Leidina Rosa dos Santos","","false","19:00","6a26c831f387ae3b671d24b0","20:00","Civil","agendado","6a34511b022686421cdad9af","2026-06-18T20:12:11.990000","2026-06-18T20:12:11.990000","6a26c3b9cff7bcba4b66e5d9","leidinasantos@gmail.com","false"
"2026-06-19","Sandy Gonçalves Santana","","false","17:00","69cab4b251341c5e34b04b2e","18:00","Civil","agendado","6a344e49bd0ed7729b833772","2026-06-18T20:00:09.986000","2026-06-18T20:00:09.986000","69eb712609a3ab9ccffc1d90","sanderas.sgs@gmail.com","false"
"2026-06-19","Márcia Santos Almeida Mota","","false","12:00","69fa286cbd89876a6edd5002","13:00","Civil","faltou","6a344db24b4a7b239cfad6ab","2026-06-18T19:57:38.754000","2026-06-19T17:19:44.727000","69e8b3ea3024a618d9bbfb4b","marsaalmo@gmail.com","false"
"2026-06-18","Gilson Pereira da Silva","","false","17:00","69cab4bbce9564de9486ce35","18:00","Civil","agendado","6a344c34857cb2fe2ba95aeb","2026-06-18T19:51:16.893000","2026-06-18T19:51:16.893000","69eb713d0daf529bb432fcf3","gilson.pereira21@gmail.com","false"
"2026-06-18","Ana Clara Barbacena Camelo","","false","19:00","69cab496d430c0cf1dbd7e72","20:00","Civil","agendado","6a344bdd29abe0fe7bff061e","2026-06-18T19:49:49.903000","2026-06-18T19:49:49.903000","69f0e732a32f7ffb33e50f1b","anaclarabarbacena@gmail.com","false"
"2026-06-18","Guilherme Gonçalves Mendonça","","false","19:00","69cab548e4c82c8b9c52b57a","20:00","Civil","agendado","6a344b2d48269828316d1314","2026-06-18T19:46:53.200000","2026-06-18T19:46:53.200000","6a3193d865bbd9d4cc19b858","ggm111106@gmail.com","false"
"2026-06-18","Gabriele Batista","","false","17:00","69cab4e300553dca6de39a7f","18:00","Civil","agendado","6a344a66dc9b9313d833d223","2026-06-18T19:43:34.926000","2026-06-18T19:43:34.926000","69f8d5031b4731838f3aa4db","gabrielecastro01@gmail.com","false"
"2026-06-18","Talíta Maria Carvalho de Lima ","","false","17:00","6a1093b55c869df7da1218e1","18:00","Civil","agendado","6a3447a2234102b87704d063","2026-06-18T19:31:46.380000","2026-06-18T19:31:46.380000","6a10924dc377ea5adc55fbdc","ttalitalima@gmail.com","false"
"2026-06-18","Douglas Fleury Parreira Barros","","false","17:00","69cab49ee29fe8dc7e61491a","18:00","Civil","agendado","6a3444c06e5717629cef2757","2026-06-18T19:19:28.403000","2026-06-18T19:19:28.403000","69e8b40f9b7ab425aa2ca185","douglas.fleury@gmail.com","false"
"2026-06-19","Mariana Albino da Silva","","false","07:00","69cab485b105230925053def","08:00","Civil","agendado","6a343fb2ce015ff95db8facc","2026-06-18T18:57:54.386000","2026-06-18T18:57:54.386000","69f1eb6197b49acac81ad46a","mariana.albinosilva85@gmail.com","false"
"2026-06-18","Antônio Gabriel Marcimiano de Moraes","","false","17:00","69cab5533f4cbe4cc715f000","18:00","Civil","agendado","6a343c9ef2524de0d6b6d86e","2026-06-18T18:44:46.426000","2026-06-18T18:44:46.426000","69e8bd46281c43278d0d48e9","gabrielgynh@gmail.com","false"
"2026-06-18","Breno Manoel de Freitas ","","false","16:00","6a0cb324fe02d307baa470e9","17:00","Civil","agendado","6a34355070657f26c078a1a6","2026-06-18T18:13:36.105000","2026-06-18T18:13:36.105000","6a0caf5e016057c6f1d41744","brenofreitas12@gmail.com","false"
"2026-06-19","Lia Rodrigues de Oliveira","","false","13:00","69cab4a03ab6550526927a0e","14:00","Civil","agendado","6a3432f42d3335db8894e88a","2026-06-18T18:03:32.518000","2026-06-18T18:03:32.518000","69eb7138fbc3eca467b8986b","liarodriguesoliveira30@gmail.com","false"
"2026-06-18","Karla Correia Mendes","","false","16:00","69cab4850c384307831324d8","17:00","Civil","agendado","6a3432ccb552b4d9cb68682f","2026-06-18T18:02:52.505000","2026-06-18T18:02:52.505000","69f0ab75971b3976ef33a57d","karlamendes1406@gmail.com","false"
"2026-06-18","Valdeir Alves Rocha","","false","15:00","6a04655919cd7e0450bcfd05","16:00","Civil","agendado","6a3430e3eb42f1478d0a2daf","2026-06-18T17:54:43.881000","2026-06-18T17:54:43.881000","69e8b3b3071542e891433aa0","valdeir.ideias@gmail.com","false"
"2026-06-19","Kenyele Naves Guimarães Borges","","false","11:00","6a31410f2dc4b83f242b38eb","12:00","Civil","agendado","6a342c2fbfb42011791f0509","2026-06-18T17:34:39.028000","2026-06-18T17:34:39.028000","6a2aea1fbc9af45a7d5e3645","kenyele.naves15@gmail.com","false"
"2026-06-19","Thaynná Melo do Nascimento","","false","11:00","6a2aeab3a61a095b45073c9a","12:00","Civil","agendado","6a342c0ebf867cb4cbf937e6","2026-06-18T17:34:06.756000","2026-06-18T17:34:06.756000","6a2ab68ac2b7298f7ea65e47","thaynna.nascimento@goias.gov.br","false"
"2026-06-19","Raingredi Sousa Mendes","","false","13:00","6a303ce8913598946bc38fe9","14:00","Civil","agendado","6a3429b9d46e14f75d10a638","2026-06-18T17:24:09.534000","2026-06-18T17:24:09.534000","6a3009d02bf70f90e9561b00","raingredi@gmail.com","false"
"2026-06-18","Guilherme Henrique Santos Chagas","","false","15:00","69cab4fdc35c29533c90564a","16:00","Civil","agendado","6a34286d779b4b543a2f8d03","2026-06-18T17:18:37.555000","2026-06-18T17:18:37.555000","6a16e8fc13f09dfcf589386e","guilherme.ts.chagas@gmail.com","false"
"2026-06-18","Denize Pommer","","false","16:00","6a1997fbb2260a52c4a8158e","17:00","Civil","agendado","6a3427a28c6f374927b7e901","2026-06-18T17:15:14.274000","2026-06-18T17:15:14.274000","6a16e5320af1d751de266aea","pommerde@gmail.com","false"
"2026-06-18","Michelle Vitoria de Carvalho","","false","16:00","6a1d952333bdc732b32dcd93","17:00","Civil","agendado","6a34276165c619aad67da417","2026-06-18T17:14:09.031000","2026-06-18T17:14:09.031000","6a1985fdbfa475c3359e50e9","michellelouza51@gmail.com","false"
"2026-06-19","Luana Cristina Vieira dos Santos ","","false","07:00","69f3405ca624697043cf5b08","08:00","Civil","agendado","6a34240048181df61ecdd7dd","2026-06-18T16:59:44.232000","2026-06-18T16:59:44.232000","69f24dcef9aa003a39e36414","luana2015gyn@gmail.com","false"
"2026-06-18","Brenuo Victor Rodrigues Barbosa","","false","16:00","69cab5409b141921d6a9baca","17:00","Civil","agendado","6a341d48a4cd4bd95897a020","2026-06-18T16:31:04.984000","2026-06-18T16:31:04.984000","6a022e0e6d475b0b2334af8e","brenuovrb@gmail.com","false"
"2026-06-18","Vitor Hugo de Sousa Soares","","false","14:00","6a0f398f99b4529be22e7d03","15:00","Civil","agendado","6a3417c1f981319723c93d91","2026-06-18T16:07:29.382000","2026-06-18T16:07:29.382000","6a0f39110da6ca477f347af0","desousavitorhugo@gmail.com","false"
"2026-06-18","Adriano Faleiro Gregório","","false","18:00","69cab526ebee4a1af29385ac","19:00","Civil","agendado","6a34170a1bdac874599e2cde","2026-06-18T16:04:26.549000","2026-06-18T16:04:26.549000","6a0712111e20cc70b7726fa4","adrianofgtrabalho@gmail.com","false"
"2026-06-18","Sophia Lannah Beatriz Ferreira de Sousa","","false","13:00","69cab498f494b0e0a3a2252c","14:00","Civil","agendado","6a34146c5008cd6f13dce281","2026-06-18T15:53:16.528000","2026-06-18T15:53:16.528000","69e8b3e3ed8dfc592768740f","sophialannah123@gmail.com","false"
"2026-06-18","Camila Costa Marinho","","false","19:00","6a304dbb6505c47b19606f12","20:00","Civil","agendado","6a3413ea1d63ab84a44f433b","2026-06-18T15:51:06.220000","2026-06-18T15:51:06.220000","6a2aea1cd0de8de3acfb63a3","camilacostamm11@gmail.com","false"
"2026-06-19","Guilherme Lima de Sena","","false","18:00","69cab51d8bf415ccbaf6955b","19:00","Civil","agendado","6a34097a0390eac550b64b5c","2026-06-18T15:06:34.807000","2026-06-19T21:20:53.021000","69f8d5070e6979860429cfd6","guisenna73@gmail.com","false"
"2026-06-18","Guilherme Lima de Sena","","false","17:00","69cab51d8bf415ccbaf6955b","18:00","Civil","agendado","6a34096d1d39f2d3dfa4036b","2026-06-18T15:06:21.923000","2026-06-18T15:06:21.923000","69f8d5070e6979860429cfd6","guisenna73@gmail.com","false"
"2026-06-18","Ismael José dos Santos Filho","","false","12:00","69cab50d46c2a710ba93c1d4","13:00","Civil","agendado","6a3405e2748ab7721d119247","2026-06-18T14:51:14.389000","2026-06-18T14:51:14.389000","69eb714b124295d4decc3504","ismaelfilho.adv@gmail.com","false"
"2026-06-19","Simone. Luzine Peixoto ","","false","12:00","6a1f207ab7d0ebfbfed88d62","13:00","Civil","agendado","6a3405addb83bfa3152bf32d","2026-06-18T14:50:21.576000","2026-06-18T14:50:21.576000","6a1f14cf38f8bc785a9ad042","simoneluzine@gmail.com","false"
"2026-06-19","Simone. Luzine Peixoto ","","false","12:00","6a1f207ab7d0ebfbfed88d62","13:00","Civil","agendado","6a3405acd057e75687c5d237","2026-06-18T14:50:20.978000","2026-06-18T14:50:20.978000","6a1f14cf38f8bc785a9ad042","simoneluzine@gmail.com","false"
"2026-06-18","Hiana Caroline dos Santos Freitas ","","false","12:00","6a199925ea037f3517301539","13:00","Civil","agendado","6a34059d983d51dddd4ab52f","2026-06-18T14:50:05.582000","2026-06-18T14:50:05.582000","6a199892b8eaf54685d729c5","hianacarolinecivil@gmail.com","false"
"2026-06-18","Ivana Cabral Oliveira Barros","","false","12:00","6a2974022b3dd13c18f053ec","13:00","Civil","agendado","6a3403f0cecba85e085cd5ca","2026-06-18T14:42:56.896000","2026-06-18T14:42:56.896000","6a28493d95b7e99c5f2c08f2","nutr.ivana@gmail.com","false"
"2026-06-18","Lilian Sousa Ribeiro ","","false","17:00","6a2ab495dd0a4b30a31fc926","18:00","Civil","faltou","6a340306e66c1c6d057dd5b5","2026-06-18T14:39:02.103000","2026-06-18T21:03:48.754000","6a16e530d523f85a83c52aa9","lilicabiologa17@gmail.com","false"
"2026-06-18","Felipe Junqueira Mariano","","false","12:00","69cab4fa2f92da87a7de44b0","13:00","Civil","agendado","6a34021dffcae2a4c68ed625","2026-06-18T14:35:09.444000","2026-06-18T14:35:09.444000","6a045784a0d5f992481b9d74","felipejmarianor@gmail.com","false"
"2026-06-18","Maria Águeda Silva","","false","12:00","6a0cb5ca9c2781a0ddd0e9d3","13:00","Civil","agendado","6a34018278a24fd2d5a59d6d","2026-06-18T14:32:34.638000","2026-06-18T14:32:34.638000","6a0caf60ce38c927e233214b","mariaaguedas@gmail.com","false"
"2026-06-18","Vanessa Ferreira de Oliveira","","false","12:00","69cab4e3eddee6987dc1c711","13:00","Civil","agendado","6a33ff201b18034262dc1806","2026-06-18T14:22:24.457000","2026-06-18T14:22:24.457000","6a1d949ce6e13dcecedb709f","vanessaferdoli@gmail.com","false"
"2026-06-18","Marcos Lopes de Souza","","false","12:00","69cab4a6d886e77a5a0bd8f9","13:00","Civil","agendado","6a33fef0224f2443abbdfb97","2026-06-18T14:21:36.608000","2026-06-18T14:21:36.608000","69efccfae228f77c31effa3e","marcos.lsouza@goias.gov.br","false"
"2026-06-18","fatima vauldimar costa silva","","false","12:00","6a303f0ecb7f36b8c0452eaf","13:00","Civil","agendado","6a33fe7159b1900a19d016eb","2026-06-18T14:19:29.763000","2026-06-18T14:19:29.763000","6a296a019f54c90c540ecf14","fatimavauldimarcostasilva@gmail.com","false"
"2026-06-18","Guilherme Alves de Souza Araújo","","false","12:00","69cab4aecb5fa9ca033f05e8","13:00","Civil","agendado","6a33fdad2c978db20dddd0eb","2026-06-18T14:16:13.559000","2026-06-18T14:16:13.559000","69efb2548749b9622136a800","gui.araujo2207@gmail.com","false"
"2026-06-18","Raphael de Lima Carvalho Moraes","","false","13:00","69cab4ee1d5dca09ed497c22","14:00","Civil","agendado","6a33fd630f89a8dd2f47c6ce","2026-06-18T14:14:59.851000","2026-06-18T14:14:59.851000","69f243fdfed1f188950d4989","raphaelmoraes019@gmail.com","false"
"2026-06-18","Clarinha Pereira da Silva Sousa","","false","17:00","69cab4bb2b75e5b3207c8b48","18:00","Civil","agendado","6a33f9b692d941c4fba32ff2","2026-06-18T13:59:18.034000","2026-06-18T21:19:53.076000","69f0e71cb680d3ecfbb47205","clarinhapereira831@gmail.com","false"
"2026-06-18","Thaís Teixeira Santos","","false","12:00","69cab5274f3dd1b5956201e6","13:00","Civil","agendado","6a33f7b37e7c8023f2d2fdb0","2026-06-18T13:50:43.870000","2026-06-18T13:50:43.870000","6a0caf640170db9a69a7bebd","thais.sejuv@gmail.com","false"
"2026-06-18","José Porto França Neto","","false","12:00","69cab51cf59bbda43a5c5d57","13:00","Civil","agendado","6a33f7b19b34e64a948cbfc9","2026-06-18T13:50:41.182000","2026-06-18T13:50:41.182000","69eb712c92a6132bbc608daf","portobritto@gmail.com","false"
"2026-06-18","Jhulli Êmily Martins Nunes","","false","13:00","69cab48cce1c3df3215b2752","14:00","Civil","agendado","6a33f4da1cc2e164324649ff","2026-06-18T13:38:34.639000","2026-06-18T13:38:34.639000","69e8b3e6578c929cf94963e6","jhulliemily2014@gmail.com","false"
"2026-06-18","Thayller Adriell Souza Garcia","","false","11:00","69cab4ee69e0c3af82747389","12:00","Civil","agendado","6a33f2b231d3bc5a0f2331e2","2026-06-18T13:29:22.823000","2026-06-18T13:29:22.823000","69fa2777a6a8382ee6b53a67","thayller.garcia@goias.gov.br","false"
"2026-06-18","Matheus Oliveira Timoteo ","","false","11:00","6a15d6bf895510a04628e9e5","12:00","Civil","agendado","6a33f23b56e999eb56b2d17a","2026-06-18T13:27:23.468000","2026-06-18T13:27:23.468000","69eb9fecf7d07564929ed82e","mathubaixista@gmail.com","false"
"2026-06-18","Marcia Helena de Castro Moura","","false","11:00","6a16f0e791b17a9d72088566","12:00","Civil","agendado","6a33f1b99fce15dc93c3495a","2026-06-18T13:25:13.109000","2026-06-18T13:25:13.109000","69e8b3c8b68bbd81437e2a25","mhcastromarketing@gmail.com","false"
"2026-06-18","Guilherme Paulino Abrão","","false","11:00","69cab4b98987e567777aa8f6","12:00","Civil","agendado","6a33eebe91d30716d908f765","2026-06-18T13:12:30.302000","2026-06-18T13:12:30.302000","69e8b3af276e0faaaaece9f3","guilherme.abr40@gmail.com","false"
"2026-06-18","Hérika Pabline Lima Veras","","false","12:00","6a15d611390b03b5280412b4","13:00","Civil","agendado","6a33edebd81638abd7306b69","2026-06-18T13:08:59.363000","2026-06-18T13:08:59.363000","6a15cb855ddae0a12bbc417c","herikapabline@gmail.com","false"
"2026-06-18","Mel Cardoso Souza","","false","11:00","69cab4844ae3b7f6a68fd705","12:00","Civil","agendado","6a33ec95b00f3b4b4513e7a2","2026-06-18T13:03:17.381000","2026-06-18T13:03:17.381000","69e8b3e718a06dc553782bd2","mel2005cardoso@gmail.com","false"
"2026-06-18","Lariza Cori Thomaz Nogueira","","false","13:00","69f1fc1f966c41d8f2d01ced","14:00","Civil","agendado","6a33ec5563502c4136bd27a7","2026-06-18T13:02:13.876000","2026-06-18T13:02:13.876000","69f3a2c6bc8b6cab6e884a64","lilariza.cori@gmail.com","false"
"2026-06-18","Umbelina Santana Ramos","","false","11:00","69cab52aca4d9c8a07cb419a","12:00","Civil","agendado","6a33e7414c7851e304f9c7cd","2026-06-18T12:40:33.567000","2026-06-18T12:40:33.567000","6a16f068b357802022f1ae94","umbelinasramos@gmail.com","false"
"2026-06-19","Antonino Batista Júnior","","false","17:00","69cab53d8efef97e8a0f03b3","18:00","Civil","agendado","6a33e66a9ab3a82c82869928","2026-06-18T12:36:58.895000","2026-06-18T12:36:58.895000","69e8b3ceaa15a6de33954e67","antoninobj@gmail.com","false"
"2026-06-18","Lívia Maria Batista da Silva","","false","11:00","69cab4ed0b51026b52fe7c88","12:00","Civil","agendado","6a33e57fe7748ad8dda81a74","2026-06-18T12:33:03.674000","2026-06-18T12:33:03.674000","69e8b3d0276e0faaaaece9f8","liviasa.cultura@gmail.com","false"
"2026-06-18","Rayanny Christinny da Silva Carmo","","false","11:00","69cab483e6e1052ce52e6988","12:00","Civil","agendado","6a33e4f71620c0830517029f","2026-06-18T12:30:47.239000","2026-06-18T12:30:47.239000","6a319335edfe428978aac2ad","rayannychristinny700@gmail.com","false"
"2026-06-18","Carlos alexandre da costa ","","false","10:00","6a0cb0c2e3d9f640adbed26b","11:00","Civil","agendado","6a33e40e43239521c1253138","2026-06-18T12:26:54.376000","2026-06-18T12:26:54.376000","6a0caf62f88ae28daf8dd133","xandy.x12@gmail.com","false"
"2026-06-18","Raniery Morais Miranda","","false","13:00","69cab5298bf415ccbaf69560","14:00","Civil","agendado","6a33dfbabf7b5b99041e52e9","2026-06-18T12:08:26.122000","2026-06-18T12:08:26.122000","69eb7130c8c6a653226322d0","mirandaraniery@gmail.com","false"
"2026-06-18","Yasmin Medeiros de Oliveira","","false","17:00","69cab4ef4a0411830b859b44","18:00","Civil","agendado","6a33dd27f0a81b28aae9bc51","2026-06-18T11:57:27.236000","2026-06-18T11:57:27.236000","6a103a63f80a4bf1ed8e6c76","yasmin.meira.265@gmail.com","false"
"2026-06-18","Daniele Serafim de Souza Kliemann","","false","11:00","6a1843cfd579775e62d16cd4","12:00","Civil","agendado","6a33da5d9029ef44c9be324c","2026-06-18T11:45:33.699000","2026-06-18T11:45:33.699000","6a172ad4172b5169721ad5d7","danieleserafim.adv@gmail.com","false"
"2026-06-18","Jucelia Mendes da Silva","","false","13:00","6a303c163272ed4fdd6817f4","14:00","Civil","agendado","6a33d4ad9f8e2a544948572e","2026-06-18T11:21:17.560000","2026-06-18T11:21:17.560000","6a3009da39c9725d4a9c2c9d","juceliajuhhhhhhh@gmail.com","false"
"2026-06-18","Giovanna Alves Guardiere ","","false","17:00","69fc846f76670092689fba5b","18:00","Civil","agendado","6a33d3189e601b1ae6416890","2026-06-18T11:14:32.968000","2026-06-18T11:14:32.968000","69f3a2bdd479a05ce50eb8df","giovannaalves978@gmail.com","false"
"2026-06-19","Rafael Santana Marinho","","false","12:00","69cab53eac828741aaea5afd","13:00","Civil","agendado","6a33d150bc2c46a44da27ab3","2026-06-18T11:06:56.326000","2026-06-18T11:06:56.326000","69fb769eb6cc56e25e03373f","rflmarinho8@gmail.com","false"
"2026-06-19","Gilvan José Meireles","","false","13:00","69cab51df127d1812d9c9585","14:00","Civil","agendado","6a33d0a6095be1df364a6306","2026-06-18T11:04:06.051000","2026-06-18T11:04:06.051000","69eb7152f8692d6e4f8926c5","gil-van-jose@hotmail.com","false"
"2026-06-18","Gilvan José Meireles","","false","13:00","69cab51df127d1812d9c9585","14:00","Civil","agendado","6a33d09b8593ca0ff43a1b93","2026-06-18T11:03:55.716000","2026-06-18T11:03:55.716000","69eb7152f8692d6e4f8926c5","gil-van-jose@hotmail.com","false"
"2026-06-19","Célia Maria da Silva Valadão","","false","11:00","6a0afdd882e5220f83455fbb","12:00","Civil","agendado","6a33d09ba19daaee2e7092b3","2026-06-18T11:03:55.445000","2026-06-18T11:03:55.445000","6a03223f9f250d7b5f325919","celia.valadao@goias.gov.br","false"
"2026-06-18","Paulo Sérgio da Silva Lobo","","false","12:00","69cab4e3c3a97d05a892dabe","13:00","Civil","agendado","6a33ced7888c34946c2b717d","2026-06-18T10:56:23.900000","2026-06-18T10:56:23.900000","6a1f14ca9d86f5520fc72468","pauloloboquimico@gmail.com","false"
"2026-06-18","Keiliane dos Santos Silva","","false","11:00","69cab4841ce56b674d36384d","12:00","Civil","agendado","6a33ce884522b9d5edeb5f96","2026-06-18T10:55:04.009000","2026-06-18T10:55:04.009000","69e8b410c23f02f059fbe081","keilineker@gmail.com","false"
"2026-06-18","Isabela Fleury Florentino","","false","08:00","6a1f1760eb6b8bcae0423bfa","09:00","Civil","agendado","6a33c221394a4162f86a7f23","2026-06-18T10:02:09.335000","2026-06-18T10:02:09.335000","6a1d949d4de3c02c5a7c9851","isabela.florentino@ueg.br","false"
"2026-06-18","Luana Cristina Vieira dos Santos ","","false","11:00","69f3405ca624697043cf5b08","12:00","Civil","agendado","6a33c1016de9c9049a7491ed","2026-06-18T09:57:21.629000","2026-06-18T09:57:21.629000","69f24dcef9aa003a39e36414","luana2015gyn@gmail.com","false"
"2026-06-19","Thays Rocha Leite","","false","11:00","69cab4bbaaffc414bef709af","12:00","Civil","agendado","6a33c0e36f52de02aa7ea91b","2026-06-18T09:56:51.052000","2026-06-18T09:56:51.052000","69f88c68187fcd638dc76bbc","tha_rleite@hotmail.com","false"
"2026-06-18","Thays Rocha Leite","","false","11:00","69cab4bbaaffc414bef709af","12:00","Civil","agendado","6a33c0dcd07140d7e6f3bff4","2026-06-18T09:56:44.366000","2026-06-18T09:56:44.366000","69f88c68187fcd638dc76bbc","tha_rleite@hotmail.com","false"
"2026-06-18","Lorena Rodrigues Leite Caixeta","","false","07:00","69cab49e1f76f85a7183b3c1","08:00","Civil","agendado","6a33be0db6620f7412097636","2026-06-18T09:44:45.411000","2026-06-18T09:44:45.411000","6a0758cb5e36a09b3ddf5b33","arquitetalorenacaixeta@gmail.com","false"
"2026-06-18","Mariana Albino da Silva","","false","07:00","69cab485b105230925053def","08:00","Civil","agendado","6a33b78fac4d475a40711e9b","2026-06-18T09:17:03.977000","2026-06-18T09:17:03.977000","69f1eb6197b49acac81ad46a","mariana.albinosilva85@gmail.com","false"
"2026-06-18","Ronaldo Costa Fernandes Silveira","","false","11:00","69cab50ec82236d9d8a777b4","12:00","Civil","agendado","6a33b74bbf72e8deae10ec55","2026-06-18T09:15:55.452000","2026-06-18T09:15:55.452000","6a0caf604d1a53c971b1f7d8","ronaldocosta.fernandes@gmail.com","false"
"2026-06-18","Patrícia Gomes Fleuri Cunha","","false","07:00","6a103b0bb218f6109a5263e2","08:00","Civil","agendado","6a33b715945e1bb00d652c02","2026-06-18T09:15:01.772000","2026-06-18T09:15:01.772000","6a0caf6598b093e0931ff6a8","patricia.cunha@goias.gov.br","false"
"2026-06-18","Carlos Antônio Madalena","","false","07:00","69f1fbd2b1d8f827f1014b85","08:00","Civil","agendado","6a33b55da9f1cfce8ab569b5","2026-06-18T09:07:41.468000","2026-06-18T09:07:41.468000","69f1eb66214b21fd581ce36b","advgcarlosmadalena@gmail.com","false"
"2026-06-18","Ricardo Vilaverde de Oliveira","","false","07:00","6a0464d871ebbe3b34972e28","08:00","Civil","agendado","6a33a9fc97c408d73eeb8f63","2026-06-18T08:19:08.634000","2026-06-18T08:19:08.634000","69fe288d4ba4831c857c8bd5","rvilaverde@gmail.com","false"
"2026-06-18","Indiara Porfírio Ribeiro","","false","16:00","69cab48c17c5690cf3d30c6d","17:00","Civil","agendado","6a335f9e8aca0b368a08bd7f","2026-06-18T03:01:50.901000","2026-06-18T03:01:50.901000","69e8b3bf55bcfeb78675459e","indiarajujuba@gmail.com","false"
"2026-06-18","Lázara Tatiana Pereira de Lima","","false","07:00","69cab5409b141921d6a9bac9","08:00","Civil","agendado","6a33498884a25e45f7dbdfb1","2026-06-18T01:27:36.155000","2026-06-18T01:27:36.155000","69e8b3d7f0a0a48eb1af80d9","sesmt.publico@gmail.com","false"
"2026-06-18","Laura Lula Ramos","","false","11:00","69cab4845646d7497cb9aa56","12:00","Civil","agendado","6a3343c0d42518b175ef9fc3","2026-06-18T01:02:56.044000","2026-06-18T01:02:56.044000","69e8b3b1c23f02f059fbe05f","lauralular@gmail.com","false"
"2026-06-19","Francislene Monteiro Lima","","false","17:00","69cab5336d09f1ead4a603b5","18:00","Civil","agendado","6a332c1fa8c915dafdad39d3","2026-06-17T23:22:07.415000","2026-06-17T23:22:07.415000","69eb71414c5a3877ecd8a887","efmonteiro04@gmail.com","false"
"2026-06-19","Andressa Kristtyna Rodrigues Oliveira","","false","17:00","69cab533705403585c687b9e","18:00","Civil","agendado","6a332707fadb298f6293037e","2026-06-17T23:00:23.795000","2026-06-17T23:00:23.795000","6a1edae225e1f39bf869001a","andressakoliveira.tur@gmail.com","false"
"2026-06-18","samuel da costa oliveira","","false","08:00","6a283ca8e24218a67bcb7414","09:00","Civil","agendado","6a332324d0d13b9acb8d714e","2026-06-17T22:43:48.139000","2026-06-17T22:43:48.139000","6a27030a707a4b92e0085b31","samuca1098costa@gmail.com","false"
"2026-06-17","Thayane Cristina Tavares da Silva","","false","19:00","69efa4149a982f6976102820","20:00","Civil","agendado","6a3314e875ec9405f3073d07","2026-06-17T21:43:04.212000","2026-06-17T21:43:04.212000","69e8b3ac72ff58fcfafa20b1","cristinathco@gmail.com","false"
"2026-06-19","Cristina Maria Costa Prado","","false","07:00","69cab4a1625c88b62a9b4704","08:00","Civil","agendado","6a33109ccf4a3e507abaa6d3","2026-06-17T21:24:44.478000","2026-06-17T21:24:44.478000","69fb76a3ee52fc9de3d098e8","cristinamcosta.arq@gmail.com","false"
"2026-06-18","Luciana Nunes do Amaral","","false","08:00","69f245f987f588dbdbc22567","09:00","Civil","agendado","6a330c1c34a5674d9a7c349a","2026-06-17T21:05:32.769000","2026-06-17T21:05:32.769000","69f200bb913a105fdf750586","lna.advogada@gmail.com","false"
"2026-06-17","Leidina Rosa dos Santos","","false","19:00","6a26c831f387ae3b671d24b0","20:00","Civil","agendado","6a33072e62bf491828141cbf","2026-06-17T20:44:30.517000","2026-06-17T20:44:30.517000","6a26c3b9cff7bcba4b66e5d9","leidinasantos@gmail.com","false"
"2026-06-17","Débora Maia Escher dos Santos","","false","18:00","69fc8102efce393880145d94","19:00","Civil","agendado","6a3305e17f490198179d980f","2026-06-17T20:38:57.613000","2026-06-17T20:38:57.613000","69fb76a1a9859e54ff79cc1b","deboraescher19@gmail.com","false"
"2026-06-17","Camila Araújo da Silva Camargo ","","false","18:00","6a1f18c59f142977ff6acbcc","19:00","Civil","agendado","6a330548b6088c53f7a4d5b0","2026-06-17T20:36:24.361000","2026-06-17T20:36:24.361000","6a1edae1ec39cbeae99f36a2","camila20araujo17@gmail.com","false"
"2026-06-17","Lilian Sousa Ribeiro ","","false","18:00","6a2ab495dd0a4b30a31fc926","19:00","Civil","agendado","6a3302ff3525516cf8361ee7","2026-06-17T20:26:39.521000","2026-06-17T23:20:34.986000","6a16e530d523f85a83c52aa9","lilicabiologa17@gmail.com","false"
"2026-06-17","Lilian Sousa Ribeiro ","","false","18:00","6a2ab495dd0a4b30a31fc926","19:00","Civil","faltou","6a3302fe03a8a0b276fbe2db","2026-06-17T20:26:38.834000","2026-06-17T22:03:48.734000","6a16e530d523f85a83c52aa9","lilicabiologa17@gmail.com","false"
"2026-06-17","Gilson Pereira da Silva","","false","18:00","69cab4bbce9564de9486ce35","19:00","Civil","agendado","6a32fdf41e0aa1513f6b5f12","2026-06-17T20:05:08.834000","2026-06-17T20:05:08.834000","69eb713d0daf529bb432fcf3","gilson.pereira21@gmail.com","false"
"2026-06-18","José Nildo da cunha gomes ","","false","11:00","6a32acbd097d7e942fa5efd2","12:00","Civil","agendado","6a32fc5c936c85243abb35e5","2026-06-17T19:58:20.192000","2026-06-17T19:58:20.192000","6a329d02a320c06349b77bfa","j.nillgyn@gmail.com","false"
"2026-06-18","Antonino Batista Júnior","","false","17:00","69cab53d8efef97e8a0f03b3","18:00","Civil","agendado","6a32f6a94beb58e7ce3ae5f0","2026-06-17T19:34:01.596000","2026-06-18T22:09:38.851000","69e8b3ceaa15a6de33954e67","antoninobj@gmail.com","false"
"2026-06-17","Antonino Batista Júnior","","false","17:00","69cab53d8efef97e8a0f03b3","18:00","Civil","agendado","6a32f69af5ce80e5eb7ca877","2026-06-17T19:33:46.622000","2026-06-17T19:33:46.622000","69e8b3ceaa15a6de33954e67","antoninobj@gmail.com","false"
"2026-06-17","Tatiane Ferreira e Silva Medeiros","","false","17:00","69cab4ae71c685e9f60324a3","18:00","Civil","agendado","6a32f4a66b1303250464fa38","2026-06-17T19:25:26.909000","2026-06-17T19:25:26.909000","69f0a7979080024735454f5b","tatianefsm2000@gmail.com","false"
"2026-06-18","Caio César Silva Oliveira","","false","17:00","69cab5528917bc7d06ec9f36","18:00","Civil","agendado","6a32f2f8dc4d917106cec833","2026-06-17T19:18:16.474000","2026-06-17T19:18:16.474000","69e8b3c510a6ab1ad3da4cd2","caiooliveira92@gmail.com","false"
"2026-06-17","Caio César Silva Oliveira","","false","17:00","69cab5528917bc7d06ec9f36","18:00","Civil","agendado","6a32f2f0973cb78db32c4f42","2026-06-17T19:18:08.124000","2026-06-17T19:18:08.124000","69e8b3c510a6ab1ad3da4cd2","caiooliveira92@gmail.com","false"
"2026-06-19","Thiago Alves Sobrinho","","false","07:00","6a32ad4ed40f8572a8d2db48","08:00","Civil","agendado","6a32eefdc75eebc68fa30b62","2026-06-17T19:01:17.380000","2026-06-17T19:01:17.380000","6a329d00d23a3aa382cbc565","th.sobrinho@gmail.com","false"
"2026-06-18","Thiago Alves Sobrinho","","false","07:00","6a32ad4ed40f8572a8d2db48","08:00","Civil","agendado","6a32eef3c36cb342401c194d","2026-06-17T19:01:07.009000","2026-06-17T19:01:07.009000","6a329d00d23a3aa382cbc565","th.sobrinho@gmail.com","false"
"2026-06-18","Taina Thome Freitas","","false","11:00","69cab4c771c685e9f60324aa","12:00","Civil","agendado","6a32eeb2ba151c26161f5db0","2026-06-17T19:00:02.105000","2026-06-17T19:00:02.105000","69e8b3a16f423e49e47411b4","taina.freitas@goias.gov.br","false"
"2026-06-17","Guilherme Lima de Sena","","false","18:00","69cab51d8bf415ccbaf6955b","19:00","Civil","agendado","6a32eb34f14696b84344b65e","2026-06-17T18:45:08.809000","2026-06-17T18:45:08.809000","69f8d5070e6979860429cfd6","guisenna73@gmail.com","false"
"2026-06-17","Lariza Cori Thomaz Nogueira","","false","17:00","69f1fc1f966c41d8f2d01ced","18:00","Civil","agendado","6a32e41d38e4141c11a6768b","2026-06-17T18:14:53.656000","2026-06-17T18:14:53.656000","69f3a2c6bc8b6cab6e884a64","lilariza.cori@gmail.com","false"
"2026-06-18","Sandy Gonçalves Santana","","false","18:00","69cab4b251341c5e34b04b2e","19:00","Civil","agendado","6a32e1b8412292c1ed5d56d8","2026-06-17T18:04:40.091000","2026-06-17T18:04:40.091000","69eb712609a3ab9ccffc1d90","sanderas.sgs@gmail.com","false"
"2026-06-17","Antônio Gabriel Marcimiano de Moraes","","false","17:00","69cab5533f4cbe4cc715f000","18:00","Civil","agendado","6a32dce5e13dcf5cd68deffd","2026-06-17T17:44:05.333000","2026-06-17T17:44:05.333000","69e8bd46281c43278d0d48e9","gabrielgynh@gmail.com","false"
"2026-06-17","Elisa Parreira de Castro Alves","","false","18:00","69cab4958987e567777aa8e9","19:00","Civil","agendado","6a32dcce718c506f03b34250","2026-06-17T17:43:42.675000","2026-06-17T17:43:42.675000","69f3539372bfccf5cae537b8","elisa.pdca@gmail.com","false"
"2026-06-17","Daniela Sales Vecchi Tomazetti","","false","17:00","69cab4ee2f92da87a7de44ac","18:00","Civil","agendado","6a32db9a14f3b422ba703e50","2026-06-17T17:38:34.107000","2026-06-17T17:38:34.107000","6a2066a0122e32a27e5ea870","dvecchi@gmail.com","false"
"2026-06-18","Raingredi Sousa Mendes","","false","13:00","6a303ce8913598946bc38fe9","14:00","Civil","agendado","6a32d919997f0ec2a8865ab5","2026-06-17T17:27:53.010000","2026-06-17T17:27:53.010000","6a3009d02bf70f90e9561b00","raingredi@gmail.com","false"
"2026-06-17","Maria dos Reis Pereira Santos","","false","17:00","69cab48b68d464d95240f964","18:00","Civil","agendado","6a32d64bbfa3a13d699db383","2026-06-17T17:15:55.038000","2026-06-17T17:15:55.038000","69f0abbe8fef09ddc7cda46c","mariadosssantosrp@gmail.com","false"
"2026-06-17","Denize Pommer","","false","16:00","6a1997fbb2260a52c4a8158e","17:00","Civil","agendado","6a32d41d1fbc9149c5833561","2026-06-17T17:06:37.124000","2026-06-17T17:06:37.124000","6a16e5320af1d751de266aea","pommerde@gmail.com","false"
"2026-06-17","Michelle Vitoria de Carvalho","","false","16:00","6a1d952333bdc732b32dcd93","17:00","Civil","agendado","6a32d28a7b54c1d5477c4149","2026-06-17T16:59:54.406000","2026-06-17T16:59:54.406000","6a1985fdbfa475c3359e50e9","michellelouza51@gmail.com","false"
"2026-06-17","Vitor Hugo de Sousa Soares","","false","14:00","6a0f398f99b4529be22e7d03","15:00","Civil","agendado","6a32d061a20d4b920510dbf5","2026-06-17T16:50:41.025000","2026-06-17T16:50:41.025000","6a0f39110da6ca477f347af0","desousavitorhugo@gmail.com","false"
"2026-06-19","Denis de Oliveira Coelho Junior","","false","12:00","6a1f186adb12b641e45a82e8","13:00","Civil","agendado","6a32c7e0033dff10131383d0","2026-06-17T16:14:24.358000","2026-06-17T16:14:24.358000","6a1edae97465ea179d7b330c","deenisjunioor@gmail.com","false"
"2026-06-18","Denis de Oliveira Coelho Junior","","false","12:00","6a1f186adb12b641e45a82e8","13:00","Civil","agendado","6a32c7d7e1d508826e1cf9ed","2026-06-17T16:14:15.835000","2026-06-17T16:14:15.835000","6a1edae97465ea179d7b330c","deenisjunioor@gmail.com","false"
"2026-06-17","Gabriele Batista","","false","17:00","69cab4e300553dca6de39a7f","18:00","Civil","agendado","6a32c54c7d327dbebacee4e4","2026-06-17T16:03:24.947000","2026-06-17T16:03:24.947000","69f8d5031b4731838f3aa4db","gabrielecastro01@gmail.com","false"
"2026-06-17","Sophia Lannah Beatriz Ferreira de Sousa","","false","13:00","69cab498f494b0e0a3a2252c","14:00","Civil","agendado","6a32c0fc10bbf5e481a4498e","2026-06-17T15:45:00.084000","2026-06-17T15:45:00.084000","69e8b3e3ed8dfc592768740f","sophialannah123@gmail.com","false"
"2026-06-18","Thayane Cristina Tavares da Silva","","false","18:00","69efa4149a982f6976102820","19:00","Civil","agendado","6a32bb6927ffd9e0acdde823","2026-06-17T15:21:13.367000","2026-06-17T15:21:13.367000","69e8b3ac72ff58fcfafa20b1","cristinathco@gmail.com","false"
"2026-06-17","Vanessa Ferreira de Oliveira","","false","13:00","69cab4e3eddee6987dc1c711","14:00","Civil","agendado","6a32b79c87e821838f271391","2026-06-17T15:05:00.825000","2026-06-17T15:05:00.825000","6a1d949ce6e13dcecedb709f","vanessaferdoli@gmail.com","false"
"2026-06-17","Jonathas Prado","","false","13:00","69cab510f59bbda43a5c5d53","14:00","Civil","agendado","6a32b40459c19a62ff973082","2026-06-17T14:49:40.419000","2026-06-17T14:49:40.419000","69f9cbc0982435c5f5ca5e3b","jotapbio@gmail.com","false"
"2026-06-17","Raniery Morais Miranda","","false","13:00","69cab5298bf415ccbaf69560","14:00","Civil","agendado","6a32b3e740f127b4670f3c6f","2026-06-17T14:49:11.684000","2026-06-17T14:49:11.684000","69eb7130c8c6a653226322d0","mirandaraniery@gmail.com","false"
"2026-06-17","Thiago Marques Leão","","false","12:00","69cab49382a748187c66ec50","13:00","Civil","agendado","6a32b22e0894411380a101c0","2026-06-17T14:41:50.573000","2026-06-17T14:41:50.573000","69e8b3a39df58dcdca94d144","thiagomarquesleao@gmail.com","false"
"2026-06-17","Thiago Marques Leão","","false","12:00","69cab49382a748187c66ec50","13:00","Civil","agendado","6a32b22e5fd88708889476c9","2026-06-17T14:41:50.113000","2026-06-17T14:41:50.113000","69e8b3a39df58dcdca94d144","thiagomarquesleao@gmail.com","false"
"2026-06-17","Jaqueline Basílio de Oliveira","","false","13:00","69f251eb95fc95ce8a1deca1","14:00","Civil","agendado","6a32b1fdb236a51d0d6c3502","2026-06-17T14:41:01.087000","2026-06-17T14:41:01.087000","69f2515f3caf2db8610694b6","jaquelliny20@hotmail.com","false"
"2026-06-17","Ismael José dos Santos Filho","","false","12:00","69cab50d46c2a710ba93c1d4","13:00","Civil","agendado","6a32b0fcf52d7a2dd5ad08c5","2026-06-17T14:36:44.272000","2026-06-17T14:36:44.272000","69eb714b124295d4decc3504","ismaelfilho.adv@gmail.com","false"
"2026-06-17","Brenuo Victor Rodrigues Barbosa","","false","13:00","69cab5409b141921d6a9baca","14:00","Civil","agendado","6a32aea96096b0a4068fc8ec","2026-06-17T14:26:49.852000","2026-06-17T14:26:49.852000","6a022e0e6d475b0b2334af8e","brenuovrb@gmail.com","false"
"2026-06-17","Talíta Maria Carvalho de Lima ","","false","12:00","6a1093b55c869df7da1218e1","13:00","Civil","agendado","6a32adaac9a2e7f74f9eb4ca","2026-06-17T14:22:34.989000","2026-06-17T14:22:34.989000","6a10924dc377ea5adc55fbdc","ttalitalima@gmail.com","false"
"2026-06-18","Kenia Gomes Rodrigues Rios","","false","10:00","69cab4a3ce9564de9486ce32","11:00","Civil","agendado","6a32ad2d049ff810bfe3b731","2026-06-17T14:20:29.726000","2026-06-17T14:20:29.726000","69fc80be57f680cb816ca13e","keniagrrios@gmail.com","false"
"2026-06-17","Uerica Agapito Pereira","","false","12:00","69cab53f1d112c5a2797d789","13:00","Civil","agendado","6a32ac823bec681001ad294f","2026-06-17T14:17:38.038000","2026-06-17T14:17:38.038000","69f09fd3ef3fe8e89a0d5919","uericaagapito.adv@gmail.com","false"
"2026-06-18","Laiz de Moraes Silva","","false","13:00","69cab4a6cb0eeca73fb0ea1f","14:00","Civil","agendado","6a32ab7432381e82d41ccff2","2026-06-17T14:13:08.786000","2026-06-17T14:13:08.786000","6a1985ff6640af2a5735033f","laiz.geaco@gmail.com","false"
"2026-06-18","Lucas Honorato Lopes","","false","11:00","6a2067c65a836c8a40fe0b2c","12:00","Civil","agendado","6a32aa4a4c13ebebcc492f4e","2026-06-17T14:08:10.261000","2026-06-17T14:08:10.261000","6a16f46d9cbce304c42cc536","lucashlopes@gmail.com","false"
"2026-06-17","Raphael de Lima Carvalho Moraes","","false","13:00","69cab4ee1d5dca09ed497c22","14:00","Civil","agendado","6a32aa06810225ae09afee29","2026-06-17T14:07:02.301000","2026-06-17T14:07:02.301000","69f243fdfed1f188950d4989","raphaelmoraes019@gmail.com","false"
"2026-06-18","Thaynná Melo do Nascimento","","false","11:00","6a2aeab3a61a095b45073c9a","12:00","Civil","agendado","6a32a9c826ff3c811a68c48f","2026-06-17T14:06:00.785000","2026-06-17T14:06:00.785000","6a2ab68ac2b7298f7ea65e47","thaynna.nascimento@goias.gov.br","false"
"2026-06-17","Thayller Adriell Souza Garcia","","false","12:00","69cab4ee69e0c3af82747389","13:00","Civil","agendado","6a32a892a0379aee88df586e","2026-06-17T14:00:50.144000","2026-06-17T14:00:50.144000","69fa2777a6a8382ee6b53a67","thayller.garcia@goias.gov.br","false"
"2026-06-17","Ana Paula Moreira Rodrigues","","false","11:00","6a04bf891172d29085e72723","12:00","Civil","agendado","6a32a8504dfb31cf58f7668f","2026-06-17T13:59:44.565000","2026-06-17T13:59:44.565000","6a04bf283d7914722c5697df","anaromoreira@gmail.com","false"
"2026-06-18","Kenyele Naves Guimarães Borges","","false","11:00","6a31410f2dc4b83f242b38eb","12:00","Civil","agendado","6a32a78d7ebb3518fec239a5","2026-06-17T13:56:29.024000","2026-06-17T13:56:29.024000","6a2aea1fbc9af45a7d5e3645","kenyele.naves15@gmail.com","false"
"2026-06-17","Giovanna Alves Guardiere ","","false","17:00","69fc846f76670092689fba5b","18:00","Civil","agendado","6a32a62f4d5398d569868713","2026-06-17T13:50:39.434000","2026-06-17T13:50:39.434000","69f3a2bdd479a05ce50eb8df","giovannaalves978@gmail.com","false"
"2026-06-17","Jheniffer dos Santos Silva","","false","13:00","69cab4a2206fd882dafd1572","14:00","Civil","agendado","6a32a596c66ca5465cef8b3c","2026-06-17T13:48:06.033000","2026-06-17T13:48:06.033000","6a174167070e9be1ca2e1fcf","jhenifferdossantossilva596@gmail.com","false"
"2026-06-17","Guilherme Alves de Souza Araújo","","false","12:00","69cab4aecb5fa9ca033f05e8","13:00","Civil","agendado","6a32a4cbea2c3b41a7fc6b65","2026-06-17T13:44:43.754000","2026-06-17T13:44:43.755000","69efb2548749b9622136a800","gui.araujo2207@gmail.com","false"
"2026-06-17","Julio Cesar de Morais Souza","","false","11:00","69cab4faeab3702f5a63795e","12:00","Civil","agendado","6a32a2b13d40dd9178b08432","2026-06-17T13:35:45.263000","2026-06-17T13:35:45.263000","69f8d5097166a59dfa38211f","juliocesar12059734@gmail.com","false"
"2026-06-17","Keiliane dos Santos Silva","","false","11:00","69cab4841ce56b674d36384d","12:00","Civil","agendado","6a32a1a45f0af9b1bb192452","2026-06-17T13:31:16.932000","2026-06-17T13:31:16.932000","69e8b410c23f02f059fbe081","keilineker@gmail.com","false"
"2026-06-17","Mel Cardoso Souza","","false","11:00","69cab4844ae3b7f6a68fd705","12:00","Civil","agendado","6a32a19fc2d46a6ab1da7e0e","2026-06-17T13:31:11.322000","2026-06-17T13:31:11.322000","69e8b3e718a06dc553782bd2","mel2005cardoso@gmail.com","false"
"2026-06-17","Joao Vitor Pedroza","","false","12:00","69cab4b25f739b9e014b59df","13:00","Civil","agendado","6a329f07efc98a2a9d3ef6d3","2026-06-17T13:20:07.957000","2026-06-17T13:20:07.957000","69e8b3d41688ab2449b6171f","joaovitorpedroza@gmail.com","false"
"2026-06-17","Fernanda Marra","","false","12:00","69cab5495f4c50dbe8cc825c","13:00","Civil","agendado","6a32984c205b85c441ab440f","2026-06-17T12:51:24.154000","2026-06-17T12:51:24.154000","6a16e5289a8726b9d9b03046","dizamarra@gmail.com","false"
"2026-06-19","Sallyan Vinhadeli Vasconcelos","","false","07:00","69cab48b4ae3b7f6a68fd706","08:00","Civil","agendado","6a32967b75f104b034be7ac1","2026-06-17T12:43:39.839000","2026-06-17T12:43:39.839000","69f1fc7d5180372f8b56f510","sallyanv@gmail.com","false"
"2026-06-17","Paulo Sérgio da Silva Lobo","","false","12:00","69cab4e3c3a97d05a892dabe","13:00","Civil","agendado","6a329618a9b6c280a1c3c58b","2026-06-17T12:42:00.086000","2026-06-17T12:42:00.086000","6a1f14ca9d86f5520fc72468","pauloloboquimico@gmail.com","false"
"2026-06-17","jhonatas dos santos lima","","false","12:00","69f35624d42a7a848cf80522","13:00","Civil","agendado","6a329553ea3c4a176bef61a1","2026-06-17T12:38:43.760000","2026-06-17T12:38:43.760000","69eb712a2f920804f5d6e002","jhonatasvideira@gmail.com","false"
"2026-06-17","Sandra Francisca Bandeira ","","false","12:00","6a16ff021e7aed126219459f","13:00","Civil","agendado","6a329319c1990124a3ea71e3","2026-06-17T12:29:13.223000","2026-06-17T12:29:13.223000","6a0caf5d2f6ef5a33a3d14c9","sandrabandeira.adv@gmail.com","false"
"2026-06-18","Rafael Santana Marinho","","false","12:00","69cab53eac828741aaea5afd","13:00","Civil","agendado","6a3290c1e0c47adf472c8e7f","2026-06-17T12:19:13.712000","2026-06-17T12:19:13.712000","69fb769eb6cc56e25e03373f","rflmarinho8@gmail.com","false"
"2026-06-17","Paloma Leal Frazão","","false","11:00","6a05cb2bf126cffdabe7fbfa","12:00","Civil","agendado","6a328fc3dd6e13ec469f0008","2026-06-17T12:14:59.879000","2026-06-17T12:14:59.879000","69eb7148469c445c29813e58","palomalfrazao@gmail.com","false"
"2026-06-17","Helder Lieberenz Camilo","","false","11:00","6a28490940b20bf445d77ea6","12:00","Civil","agendado","6a328fa237697d4d8b5be218","2026-06-17T12:14:26.810000","2026-06-17T12:14:26.810000","6a28488fb42e0b4d317ef9f5","heldersecami@gmail.com","false"
"2026-06-17","Luciana Nunes do Amaral","","false","10:00","69f245f987f588dbdbc22567","11:00","Civil","agendado","6a328ea50dbc1192a6ec4499","2026-06-17T12:10:13.424000","2026-06-17T12:10:13.424000","69f200bb913a105fdf750586","lna.advogada@gmail.com","false"
"2026-06-17","Marcos Aurélio Araújo da Silva Barros ","","false","11:00","6a05ca7c3ec8d849572a717b","12:00","Civil","agendado","6a328e052bd961fccc235446","2026-06-17T12:07:33.742000","2026-06-17T12:07:33.742000","6a05c9220348c55fa04c5d95","marcosaraujobarros1508@gmail.com","false"
"2026-06-17","Clarinha Pereira da Silva Sousa","","false","11:00","69cab4bb2b75e5b3207c8b48","12:00","Civil","agendado","6a328a39c1bb2bf1d1451c1e","2026-06-17T11:51:21.163000","2026-06-17T15:31:06.065000","69f0e71cb680d3ecfbb47205","clarinhapereira831@gmail.com","false"
"2026-06-18","Célia Maria da Silva Valadão","","false","11:00","6a0afdd882e5220f83455fbb","12:00","Civil","agendado","6a3289667af8d84d1b5acd35","2026-06-17T11:47:50.665000","2026-06-17T11:47:50.665000","6a03223f9f250d7b5f325919","celia.valadao@goias.gov.br","false"
"2026-06-17","Célia Maria da Silva Valadão","","false","11:00","6a0afdd882e5220f83455fbb","12:00","Civil","agendado","6a32895c9875c089c8413876","2026-06-17T11:47:40.923000","2026-06-17T11:47:40.923000","6a03223f9f250d7b5f325919","celia.valadao@goias.gov.br","false"
"2026-06-17","Paulo Henrique Nunes da Silva Araújo","","false","12:00","69cab4a2f74af4c7f98e624b","13:00","Civil","agendado","6a3287df54cb00dc9fe987bf","2026-06-17T11:41:19.504000","2026-06-17T11:41:19.504000","69e8b3a96c5e364f790390bf","paulonv70@gmail.com","false"
"2026-06-17","Ivana Cabral Oliveira Barros","","false","12:00","6a2974022b3dd13c18f053ec","13:00","Civil","agendado","6a3286908af30f759c6a7f24","2026-06-17T11:35:44.681000","2026-06-17T11:35:44.681000","6a28493d95b7e99c5f2c08f2","nutr.ivana@gmail.com","false"
"2026-06-18","Andrea Gonçalves Fonseca","","false","07:00","69cab51d1406725f35a35aea","08:00","Civil","agendado","6a3285ea328806476f5800bc","2026-06-17T11:32:58.658000","2026-06-17T11:32:58.658000","6a0caf6101940cd03cbfc270","andreagyn2020@gmail.com","false"
"2026-06-17","Raimunda Soronha de Oliveira dos Reis","","false","12:00","69cab4acf9e6540401a079f2","13:00","Civil","agendado","6a3283871f15ee267353b2ac","2026-06-17T11:22:47.190000","2026-06-17T11:22:47.190000","69f0ed6a8aee7b0f624a8555","soronha.reis@gmail.com","false"
"2026-06-18","Lia Rodrigues de Oliveira","","false","13:00","69cab4a03ab6550526927a0e","14:00","Civil","agendado","6a32829c192c1aad64096a65","2026-06-17T11:18:52.841000","2026-06-17T11:18:52.841000","69eb7138fbc3eca467b8986b","liarodriguesoliveira30@gmail.com","false"
"2026-06-19","Márcia de Araújo Gontijo","","false","07:00","69cab4fa6634febf001eb740","08:00","Civil","agendado","6a32826c50b41d886b29817f","2026-06-17T11:18:04.716000","2026-06-17T11:18:04.716000","69fe28955bf56f9dc34635d2","marciagontijoadv@gmail.com","false"
"2026-06-17","Jorge Luiz de Oliveira Matias","","false","11:00","69cab4e2c35c29533c905645","12:00","Civil","agendado","6a32814db704754770390be2","2026-06-17T11:13:17.904000","2026-06-17T15:41:04.657000","69f8e2fa7ba4c6c8eb1b7227","jorge.matias@discente.ufg.br","false"
"2026-06-17","Diêssa Pontes Cruz","","false","08:00","69cab547bd2926025f139df4","09:00","Civil","agendado","6a32799bc23aaa85bad056e5","2026-06-17T10:40:27.662000","2026-06-17T10:40:27.662000","69e8b41d874d2bd5ad2a947f","diessacruz@gmail.com","false"
"2026-06-18","Daniel Carlos dos Reis","","false","08:00","69efb877f2a849baa2f1590f","09:00","Civil","agendado","6a327963825f7d14cabbb6d0","2026-06-17T10:39:31.503000","2026-06-17T10:39:31.503000","69e8b3dcffadf846c595fa0c","danielreis0211@gmail.com","false"
"2026-06-18","Jheniffer dos Santos Silva","","false","13:00","69cab4a2206fd882dafd1572","14:00","Civil","agendado","6a32781d2dbe30c3ebf73199","2026-06-17T10:34:05.954000","2026-06-17T10:34:05.954000","6a174167070e9be1ca2e1fcf","jhenifferdossantossilva596@gmail.com","false"
"2026-06-17","Carlos Antônio Madalena","","false","07:00","69f1fbd2b1d8f827f1014b85","08:00","Civil","agendado","6a326c8a3638bc33a18521db","2026-06-17T09:44:42.855000","2026-06-17T11:26:44.677000","69f1eb66214b21fd581ce36b","advgcarlosmadalena@gmail.com","false"
"2026-06-17","Patrícia Gomes Fleuri Cunha","","false","07:00","6a103b0bb218f6109a5263e2","08:00","Civil","agendado","6a3266e281a8e8591f483ef9","2026-06-17T09:20:34.865000","2026-06-17T11:26:32.348000","6a0caf6598b093e0931ff6a8","patricia.cunha@goias.gov.br","false"
"2026-06-17","Jesley da Silva Sousa","","false","16:00","6a2ab18061f7a78ad0700e2f","17:00","Civil","agendado","6a3266dc7c3235ee3bc91f54","2026-06-17T09:20:28.633000","2026-06-17T09:20:28.633000","6a2aaf009ad04cdd81d57839","jesleysobral8@gmail.com","false"
"2026-06-18","Simone. Luzine Peixoto ","","false","12:00","6a1f207ab7d0ebfbfed88d62","13:00","Civil","agendado","6a3248b5c2f4020a45809e83","2026-06-17T07:11:49.234000","2026-06-17T07:11:49.234000","6a1f14cf38f8bc785a9ad042","simoneluzine@gmail.com","false"
"2026-06-18","MAICON DOUGLAS GOMES RODRIGUES","","false","12:00","6a1495a104b49b3be78f3da3","13:00","Civil","agendado","6a3211b6a4fc6e3a63e4e388","2026-06-17T03:17:10.165000","2026-06-17T03:17:10.165000","69e8b3c64ccd45857400c131","douglasgynn1@gmail.com","false"
"2026-06-17","MAICON DOUGLAS GOMES RODRIGUES","","false","12:00","6a1495a104b49b3be78f3da3","13:00","Civil","agendado","6a321177f73850c39db04569","2026-06-17T03:16:07.120000","2026-06-17T03:16:07.120000","69e8b3c64ccd45857400c131","douglasgynn1@gmail.com","false"
"2026-06-17","Jhulli Êmily Martins Nunes","","false","13:00","69cab48cce1c3df3215b2752","14:00","Civil","agendado","6a31fff1834dab7612655119","2026-06-17T02:01:21.648000","2026-06-17T02:01:21.648000","69e8b3e6578c929cf94963e6","jhulliemily2014@gmail.com","false"
"2026-06-17","Ricardo Vilaverde de Oliveira","","false","07:00","6a0464d871ebbe3b34972e28","08:00","Civil","agendado","6a31fb4b886e91fcf7c2520f","2026-06-17T01:41:31.726000","2026-06-17T11:26:39.456000","69fe288d4ba4831c857c8bd5","rvilaverde@gmail.com","false"
"2026-06-18","Clarissa dos Santos Melo Duarte","","false","17:00","69cab4b05e5de2d972aae6a0","18:00","Civil","agendado","6a31c8c2cf1b9e035876a361","2026-06-16T22:05:54.453000","2026-06-16T22:05:54.453000","6a2aaf023a2bb1378a22db13","clarissasmelo@gmail.com","false"
"2026-06-17","Clarissa dos Santos Melo Duarte","","false","17:00","69cab4b05e5de2d972aae6a0","18:00","Civil","agendado","6a31bae464a6a76f2016fa46","2026-06-16T21:06:44.641000","2026-06-16T21:06:44.641000","6a2aaf023a2bb1378a22db13","clarissasmelo@gmail.com","false"
"2026-06-16","Erika Moreno Camargo","","false","18:00","6a303b70dc2646cf423a9903","19:00","Civil","agendado","6a31b71e1e3e3d8835647ea0","2026-06-16T20:50:38.452000","2026-06-16T20:50:38.452000","6a2c04ab14388c164cc522b6","erikamcamargo@gmail.com","false"
"2026-06-16","Camila Araújo da Silva Camargo ","","false","18:00","6a1f18c59f142977ff6acbcc","19:00","Civil","agendado","6a31ae87fe83ab7aa733dc4b","2026-06-16T20:13:59.663000","2026-06-16T20:13:59.663000","6a1edae1ec39cbeae99f36a2","camila20araujo17@gmail.com","false"
"2026-06-17","Laiz de Moraes Silva","","false","13:00","69cab4a6cb0eeca73fb0ea1f","14:00","Civil","agendado","6a31ad09ab473b15407b770c","2026-06-16T20:07:37.209000","2026-06-16T20:07:37.209000","6a1985ff6640af2a5735033f","laiz.geaco@gmail.com","false"
"2026-06-18","Delma Maria Guimaraes","","false","11:00","69cab4bb4badc9d3592723d2","12:00","Civil","agendado","6a31ab31ee313865c37dddc9","2026-06-16T19:59:45.025000","2026-06-16T19:59:45.025000","69f0e717c3c33b89a2f9e02a","delmagui333@gmail.com","false"
"2026-06-17","Delma Maria Guimaraes","","false","11:00","69cab4bb4badc9d3592723d2","12:00","Civil","agendado","6a31ab0deeb682d2bf88757d","2026-06-16T19:59:09.889000","2026-06-16T19:59:09.889000","69f0e717c3c33b89a2f9e02a","delmagui333@gmail.com","false"
"2026-06-18","Helder Raimundo de Moraes","","false","12:00","69cab4fa68d464d95240f98b","13:00","Civil","agendado","6a31a6b2afa9f46e238c3d49","2026-06-16T19:40:34.848000","2026-06-16T19:40:34.848000","69f0b98c8ab0e5fe3945ffd5","hmoraes74@gmail.com","false"
"2026-06-16","Gabriele Batista","","false","17:00","69cab4e300553dca6de39a7f","18:00","Civil","agendado","6a31a312829a70e3ba22d14f","2026-06-16T19:25:06.838000","2026-06-16T19:25:06.838000","69f8d5031b4731838f3aa4db","gabrielecastro01@gmail.com","false"
"2026-06-16","Tatiane Ferreira e Silva Medeiros","","false","17:00","69cab4ae71c685e9f60324a3","18:00","Civil","agendado","6a31a2c9653a069228f88257","2026-06-16T19:23:53.617000","2026-06-16T19:23:53.617000","69f0a7979080024735454f5b","tatianefsm2000@gmail.com","false"
"2026-06-17","fatima vauldimar costa silva","","false","11:00","6a303f0ecb7f36b8c0452eaf","12:00","Civil","agendado","6a31a23d8a6dd0f7817db11d","2026-06-16T19:21:33.291000","2026-06-16T19:21:33.291000","6a296a019f54c90c540ecf14","fatimavauldimarcostasilva@gmail.com","false"
"2026-06-17","Joelma Maria Lopes","","false","14:00","69cab4862de13ff6fe9e683c","15:00","Civil","faltou","6a31a16282ad94c939376c84","2026-06-16T19:17:54.733000","2026-06-17T18:03:49.279000","69fc8834a5e1e393ab79c311","joelma.arthur@gmail.com","false"
"2026-06-16","Caio César Silva Oliveira","","false","17:00","69cab5528917bc7d06ec9f36","18:00","Civil","agendado","6a319aa7b893a9d17783340d","2026-06-16T18:49:11.360000","2026-06-16T18:49:11.360000","69e8b3c510a6ab1ad3da4cd2","caiooliveira92@gmail.com","false"
"2026-06-16","Antônio Gabriel Marcimiano de Moraes","","false","17:00","69cab5533f4cbe4cc715f000","18:00","Civil","agendado","6a319a9dbe220871c4e66ea1","2026-06-16T18:49:01.051000","2026-06-16T18:49:01.051000","69e8bd46281c43278d0d48e9","gabrielgynh@gmail.com","false"
"2026-06-16","Breno Manoel de Freitas ","","false","16:00","6a0cb324fe02d307baa470e9","17:00","Civil","agendado","6a3199aedcf2451c5d1dc57b","2026-06-16T18:45:02.582000","2026-06-16T18:45:02.582000","6a0caf5e016057c6f1d41744","brenofreitas12@gmail.com","false"
"2026-06-16","Denize Pommer","","false","16:00","6a1997fbb2260a52c4a8158e","17:00","Civil","agendado","6a3190eae2ea37ea5db9b4cc","2026-06-16T18:07:38.230000","2026-06-16T20:50:58.810000","6a16e5320af1d751de266aea","pommerde@gmail.com","false"
"2026-06-16","Douglas Fleury Parreira Barros","","false","17:00","69cab49ee29fe8dc7e61491a","18:00","Civil","agendado","6a31907f18d750ed3c5990f7","2026-06-16T18:05:51.316000","2026-06-16T18:05:51.316000","69e8b40f9b7ab425aa2ca185","douglas.fleury@gmail.com","false"
"2026-06-17","Lucas Honorato Lopes","","false","11:00","6a2067c65a836c8a40fe0b2c","12:00","Civil","agendado","6a318ffb5b32462ce6fad230","2026-06-16T18:03:39.306000","2026-06-16T18:03:39.306000","6a16f46d9cbce304c42cc536","lucashlopes@gmail.com","false"
"2026-06-16","Karla Correia Mendes","","false","16:00","69cab4850c384307831324d8","17:00","Civil","agendado","6a318d92e05218b3f5229a96","2026-06-16T17:53:22.742000","2026-06-16T17:53:22.742000","69f0ab75971b3976ef33a57d","karlamendes1406@gmail.com","false"
"2026-06-17","Andressa Kristtyna Rodrigues Oliveira","","false","18:00","69cab533705403585c687b9e","19:00","Civil","agendado","6a318a0c71e202e333b6b01d","2026-06-16T17:38:20.300000","2026-06-16T17:38:20.300000","6a1edae225e1f39bf869001a","andressakoliveira.tur@gmail.com","false"
"2026-06-16","Jhonathan Hebert Pereira Souza Silva","","false","17:00","6a1f17c025cad254d07827e1","18:00","Civil","agendado","6a3188b8d7b8b4cfd7b2193a","2026-06-16T17:32:40.095000","2026-06-16T21:19:14.565000","6a1f14cec59abaa5e126073b","jhonathan.silva@goias.gov.br","false"
"2026-06-17","Francislene Monteiro Lima","","false","18:00","69cab5336d09f1ead4a603b5","19:00","Civil","agendado","6a318817dd34fe9715e38d4f","2026-06-16T17:29:59.661000","2026-06-16T17:29:59.661000","69eb71414c5a3877ecd8a887","efmonteiro04@gmail.com","false"
"2026-06-16","Michelle Vitoria de Carvalho","","false","16:00","6a1d952333bdc732b32dcd93","17:00","Civil","agendado","6a318583e2630fdd0d91a7a9","2026-06-16T17:18:59.241000","2026-06-16T17:18:59.241000","6a1985fdbfa475c3359e50e9","michellelouza51@gmail.com","false"
"2026-06-17","Gilvan José Meireles","","false","13:00","69cab51df127d1812d9c9585","14:00","Civil","agendado","6a317aa86cc336cd29779c94","2026-06-16T16:32:40.542000","2026-06-16T16:32:40.542000","69eb7152f8692d6e4f8926c5","gil-van-jose@hotmail.com","false"
"2026-06-17","Lucas Façanha de Oliveira Carvalho","","false","12:00","69cab53f95aecd6313a1094a","13:00","Civil","agendado","6a3174b44718c395591486bd","2026-06-16T16:07:16.209000","2026-06-16T16:07:16.209000","69e8b3d9db2701e07f3d9515","lucasoliveira.ifam@gmail.com","false"
"2026-06-17","Sandy Gonçalves Santana","","false","18:00","69cab4b251341c5e34b04b2e","19:00","Civil","agendado","6a317352ddfcfd207f4ee899","2026-06-16T16:01:22.829000","2026-06-16T16:01:22.829000","69eb712609a3ab9ccffc1d90","sanderas.sgs@gmail.com","false"
"2026-06-16","Sandy Gonçalves Santana","","false","18:00","69cab4b251341c5e34b04b2e","19:00","Civil","agendado","6a317347d4d19db999473935","2026-06-16T16:01:11.996000","2026-06-16T16:01:11.996000","69eb712609a3ab9ccffc1d90","sanderas.sgs@gmail.com","false"
"2026-06-16","Lariza Cori Thomaz Nogueira","","false","16:00","69f1fc1f966c41d8f2d01ced","17:00","Civil","agendado","6a3172fe15559c62c7a21e34","2026-06-16T15:59:58.411000","2026-06-16T15:59:58.411000","69f3a2c6bc8b6cab6e884a64","lilariza.cori@gmail.com","false"
"2026-06-16","Paulo Henrique Nunes da Silva Araújo","","false","13:00","69cab4a2f74af4c7f98e624b","14:00","Civil","agendado","6a31729261d9adf299da3267","2026-06-16T15:58:10.225000","2026-06-16T15:58:10.225000","69e8b3a96c5e364f790390bf","paulonv70@gmail.com","false"
"2026-06-17","Kenia Gomes Rodrigues Rios","","false","10:00","69cab4a3ce9564de9486ce32","11:00","Civil","agendado","6a316fb520f9c349771ad426","2026-06-16T15:45:57.841000","2026-06-16T15:45:57.841000","69fc80be57f680cb816ca13e","keniagrrios@gmail.com","false"
"2026-06-16","Iriane Viana Machado","","false","16:00","69cab517cad06a1b2d719faa","17:00","Civil","agendado","6a316d9e6d58a5cf0993177d","2026-06-16T15:37:02.688000","2026-06-16T15:37:02.688000","6a1d949bb754edf215f1db40","irianemachado2013@gmail.com","false"
"2026-06-16","Vitor Hugo de Sousa Soares","","false","14:00","6a0f398f99b4529be22e7d03","15:00","Civil","agendado","6a316c620bb941241776d60a","2026-06-16T15:31:46.061000","2026-06-16T15:31:46.061000","6a0f39110da6ca477f347af0","desousavitorhugo@gmail.com","false"
"2026-06-17","Simone. Luzine Peixoto ","","false","12:00","6a1f207ab7d0ebfbfed88d62","13:00","Civil","faltou","6a3168f80c9066c59bff26eb","2026-06-16T15:17:12.643000","2026-06-17T15:56:34.883000","6a1f14cf38f8bc785a9ad042","simoneluzine@gmail.com","false"
"2026-06-16","Raniery Morais Miranda","","false","13:00","69cab5298bf415ccbaf69560","14:00","Civil","agendado","6a3167cc8337dce92943dbad","2026-06-16T15:12:12.289000","2026-06-16T15:12:12.289000","69eb7130c8c6a653226322d0","mirandaraniery@gmail.com","false"
"2026-06-16","Denis de Oliveira Coelho Junior","","false","13:00","6a1f186adb12b641e45a82e8","14:00","Civil","agendado","6a3167248f0f4a215935e068","2026-06-16T15:09:24.851000","2026-06-16T15:09:24.851000","6a1edae97465ea179d7b330c","deenisjunioor@gmail.com","false"
"2026-06-16","Guilherme Alves de Souza Araújo","","false","12:00","69cab4aecb5fa9ca033f05e8","13:00","Civil","agendado","6a316224a9b0f06bad94b99a","2026-06-16T14:48:04.175000","2026-06-16T14:48:04.175000","69efb2548749b9622136a800","gui.araujo2207@gmail.com","false"
"2026-06-16","Isidoro Tavares Rosa","","false","17:00","69cab4a035089c731a4647af","18:00","Civil","agendado","6a3161ded896597b4ee50d62","2026-06-16T14:46:54.322000","2026-06-16T14:46:54.322000","69e8b3e556cb0efc368cf481","isidorotrti@gmail.com","false"
"2026-06-16","Joao Vitor Pedroza","","false","12:00","69cab4b25f739b9e014b59df","13:00","Civil","agendado","6a315e89b9ff4b4219c8549b","2026-06-16T14:32:41.050000","2026-06-16T14:32:41.050000","69e8b3d41688ab2449b6171f","joaovitorpedroza@gmail.com","false"
"2026-06-17","Mariana Albino da Silva","","false","07:00","69cab485b105230925053def","08:00","Civil","agendado","6a315e10ca7fcfa294e3e86c","2026-06-16T14:30:40.022000","2026-06-17T11:27:29.152000","69f1eb6197b49acac81ad46a","mariana.albinosilva85@gmail.com","false"
"2026-06-17","Jucelia Mendes da Silva","","false","13:00","6a303c163272ed4fdd6817f4","14:00","Civil","agendado","6a315de303e5942ef9c1d730","2026-06-16T14:29:55.215000","2026-06-16T14:29:55.215000","6a3009da39c9725d4a9c2c9d","juceliajuhhhhhhh@gmail.com","false"
"2026-06-16","Carlos alexandre da costa ","","false","12:00","6a0cb0c2e3d9f640adbed26b","13:00","Civil","agendado","6a315b5c8baac5df577e9699","2026-06-16T14:19:08.062000","2026-06-16T14:19:08.062000","6a0caf62f88ae28daf8dd133","xandy.x12@gmail.com","false"
"2026-06-16","Daniel Vitor Naves Vieira","","false","16:00","69cab4b792bdf3f0285bbd65","17:00","Civil","agendado","6a3158769dfde60549a873f1","2026-06-16T14:06:46.898000","2026-06-16T14:06:46.898000","6a0c51d9414a3f25e668970e","dvitor68@gmail.com","false"
"2026-06-16","Yuri Fernandes Bragança de Faria","","false","16:00","6a2c0b9a1ad4d29b12693fd6","17:00","Civil","agendado","6a3157a86a4148f09dab1352","2026-06-16T14:03:20.589000","2026-06-16T14:03:20.589000","6a2c04ad5e96d0d64cbb2d65","yurifbraganca@gmail.com","false"
"2026-06-17","Hérika Pabline Lima Veras","","false","13:00","6a15d611390b03b5280412b4","14:00","Civil","agendado","6a31561984b052eadbd7378e","2026-06-16T13:56:41.816000","2026-06-16T13:56:41.816000","6a15cb855ddae0a12bbc417c","herikapabline@gmail.com","false"
"2026-06-16","Vanessa Ferreira de Oliveira","","false","13:00","69cab4e3eddee6987dc1c711","14:00","Civil","agendado","6a3155ba5c3892654f58cac8","2026-06-16T13:55:06.802000","2026-06-16T13:55:06.802000","6a1d949ce6e13dcecedb709f","vanessaferdoli@gmail.com","false"
"2026-06-16","Keiliane dos Santos Silva","","false","11:00","69cab4841ce56b674d36384d","12:00","Civil","agendado","6a3155b288a276516cb23717","2026-06-16T13:54:58.157000","2026-06-16T13:54:58.157000","69e8b410c23f02f059fbe081","keilineker@gmail.com","false"
"2026-06-16","Jaqueline Basílio de Oliveira","","false","13:00","69f251eb95fc95ce8a1deca1","14:00","Civil","faltou","6a315551b93c540f01368df9","2026-06-16T13:53:21.401000","2026-06-16T17:03:49.329000","69f2515f3caf2db8610694b6","jaquelliny20@hotmail.com","false"
"2026-06-16","Thayller Adriell Souza Garcia","","false","12:00","69cab4ee69e0c3af82747389","13:00","Civil","agendado","6a3154be8587ce1aee75cf1d","2026-06-16T13:50:54.708000","2026-06-16T13:50:54.708000","69fa2777a6a8382ee6b53a67","thayller.garcia@goias.gov.br","false"
"2026-06-16","Guilherme Paulino Abrão","","false","11:00","69cab4b98987e567777aa8f6","12:00","Civil","agendado","6a31547f9b45034add2e41b5","2026-06-16T13:49:51.035000","2026-06-16T13:49:51.035000","69e8b3af276e0faaaaece9f3","guilherme.abr40@gmail.com","false"
"2026-06-16","Talíta Maria Carvalho de Lima ","","false","12:00","6a1093b55c869df7da1218e1","13:00","Civil","agendado","6a315297a396449feac5b988","2026-06-16T13:41:43.622000","2026-06-16T13:41:43.622000","6a10924dc377ea5adc55fbdc","ttalitalima@gmail.com","false"
"2026-06-17","Thays Rocha Leite","","false","11:00","69cab4bbaaffc414bef709af","12:00","Civil","agendado","6a31527fe6534f8935d10b54","2026-06-16T13:41:19.466000","2026-06-16T13:41:19.466000","69f88c68187fcd638dc76bbc","tha_rleite@hotmail.com","false"
"2026-06-16","Julio Cesar de Morais Souza","","false","11:00","69cab4faeab3702f5a63795e","12:00","Civil","agendado","6a315096b6561dca9009496c","2026-06-16T13:33:10.707000","2026-06-16T13:33:10.707000","69f8d5097166a59dfa38211f","juliocesar12059734@gmail.com","false"
"2026-06-16","Sandra Francisca Bandeira ","","false","12:00","6a16ff021e7aed126219459f","13:00","Civil","agendado","6a31504a4bb09dc68e322d68","2026-06-16T13:31:54.388000","2026-06-16T13:31:54.388000","6a0caf5d2f6ef5a33a3d14c9","sandrabandeira.adv@gmail.com","false"
"2026-06-16","Laura Fernandes Mendes","","false","11:00","69cab5540b51026b52fe7cb7","12:00","Civil","agendado","6a314f2ce5174579729af1c6","2026-06-16T13:27:08.680000","2026-06-16T13:27:08.680000","69f8d50105e660849e08c5f6","mendes.ferlaura@gmail.com","false"
"2026-06-17","Rafael Santana Marinho","","false","12:00","69cab53eac828741aaea5afd","13:00","Civil","agendado","6a314e81d6a5b3bc54429404","2026-06-16T13:24:17.919000","2026-06-16T13:24:17.919000","69fb769eb6cc56e25e03373f","rflmarinho8@gmail.com","false"
"2026-06-16","Thaís Teixeira Santos","","false","12:00","69cab5274f3dd1b5956201e6","13:00","Civil","agendado","6a314e6f8c16ea0c905d0e45","2026-06-16T13:23:59.920000","2026-06-16T13:23:59.920000","6a0caf640170db9a69a7bebd","thais.sejuv@gmail.com","false"
"2026-06-16","Ismael José dos Santos Filho","","false","12:00","69cab50d46c2a710ba93c1d4","13:00","Civil","agendado","6a314c3e114f0483b2068da5","2026-06-16T13:14:38.013000","2026-06-16T13:14:38.013000","69eb714b124295d4decc3504","ismaelfilho.adv@gmail.com","false"
"2026-06-16","Yasmin Medeiros de Oliveira","","false","17:00","69cab4ef4a0411830b859b44","18:00","Civil","agendado","6a314b736fa356be494c48e9","2026-06-16T13:11:15.450000","2026-06-16T13:11:15.450000","6a103a63f80a4bf1ed8e6c76","yasmin.meira.265@gmail.com","false"
"2026-06-16","Ana Paula Moreira Rodrigues","","false","13:00","6a04bf891172d29085e72723","14:00","Civil","agendado","6a314b3399f59e9114405f81","2026-06-16T13:10:11.683000","2026-06-16T13:10:11.683000","6a04bf283d7914722c5697df","anaromoreira@gmail.com","false"
"2026-06-16","Laura Lula Ramos","","false","11:00","69cab4845646d7497cb9aa56","12:00","Civil","agendado","6a314b2b325c51269d037a44","2026-06-16T13:10:03.879000","2026-06-16T13:10:03.879000","69e8b3b1c23f02f059fbe05f","lauralular@gmail.com","false"
"2026-06-16","Elisa Parreira de Castro Alves","","false","19:00","69cab4958987e567777aa8e9","20:00","Civil","agendado","6a314acf61820e8956c0891d","2026-06-16T13:08:31.671000","2026-06-16T13:08:31.671000","69f3539372bfccf5cae537b8","elisa.pdca@gmail.com","false"
"2026-06-16","Jorge Luiz de Oliveira Matias","","false","16:00","69cab4e2c35c29533c905645","17:00","Civil","agendado","6a314a3c1509f7fc4be05a7f","2026-06-16T13:06:04.785000","2026-06-16T13:06:04.785000","69f8e2fa7ba4c6c8eb1b7227","jorge.matias@discente.ufg.br","false"
"2026-06-17","Thaynná Melo do Nascimento","","false","07:00","6a2aeab3a61a095b45073c9a","08:00","Civil","agendado","6a314783c85370e49d15237c","2026-06-16T12:54:27.022000","2026-06-17T11:26:25.520000","6a2ab68ac2b7298f7ea65e47","thaynna.nascimento@goias.gov.br","false"
"2026-06-17","Kenyele Naves Guimarães Borges","","false","07:00","6a31410f2dc4b83f242b38eb","08:00","Civil","agendado","6a31477995bc33a2a70dfff8","2026-06-16T12:54:17.855000","2026-06-17T11:27:42.285000","6a2aea1fbc9af45a7d5e3645","kenyele.naves15@gmail.com","false"
"2026-06-16","Raphael de Lima Carvalho Moraes","","false","11:00","69cab4ee1d5dca09ed497c22","12:00","Civil","agendado","6a314771ae5b53249a19039e","2026-06-16T12:54:09.456000","2026-06-16T12:54:09.456000","69f243fdfed1f188950d4989","raphaelmoraes019@gmail.com","false"
"2026-06-16","Lucas Façanha de Oliveira Carvalho","","false","11:00","69cab53f95aecd6313a1094a","12:00","Civil","agendado","6a31475f87fd5c1e016d4813","2026-06-16T12:53:51.990000","2026-06-16T12:53:51.990000","69e8b3d9db2701e07f3d9515","lucasoliveira.ifam@gmail.com","false"
"2026-06-16","Paloma Leal Frazão","","false","12:00","6a05cb2bf126cffdabe7fbfa","13:00","Civil","agendado","6a314672ae5b53249a190354","2026-06-16T12:49:54.363000","2026-06-16T12:49:54.363000","69eb7148469c445c29813e58","palomalfrazao@gmail.com","false"
"2026-06-17","Marcos Lopes de Souza","","false","12:00","69cab4a6d886e77a5a0bd8f9","13:00","Civil","agendado","6a3145d8a5d3fa5e685bc499","2026-06-16T12:47:20.554000","2026-06-16T12:47:20.554000","69efccfae228f77c31effa3e","marcos.lsouza@goias.gov.br","false"
"2026-06-17","Alda Pereira Ramos","","false","16:00","69cab4b14ac04518e466ae05","17:00","Civil","agendado","6a314524c0cee64df17d7b85","2026-06-16T12:44:20.884000","2026-06-16T12:44:20.884000","6a199899d94349fd53fef6e6","haldapr@gmail.com","false"
"2026-06-16","José Porto França Neto","","false","12:00","69cab51cf59bbda43a5c5d57","13:00","Civil","agendado","6a314511542c9b431520db95","2026-06-16T12:44:01.811000","2026-06-16T12:44:01.811000","69eb712c92a6132bbc608daf","portobritto@gmail.com","false"
"2026-06-16","Sallyan Vinhadeli Vasconcelos","","false","16:00","69cab48b4ae3b7f6a68fd706","17:00","Civil","agendado","6a31449c8251e91c40679d8c","2026-06-16T12:42:04.794000","2026-06-16T12:42:04.794000","69f1fc7d5180372f8b56f510","sallyanv@gmail.com","false"
"2026-06-16","Paulo Sérgio da Silva Lobo","","false","12:00","69cab4e3c3a97d05a892dabe","13:00","Civil","agendado","6a314419f290bd54414069ff","2026-06-16T12:39:53.201000","2026-06-16T12:39:53.201000","6a1f14ca9d86f5520fc72468","pauloloboquimico@gmail.com","false"
"2026-06-16","Nádya de Sá Almeida Costa Silva","","false","12:00","69cab48b36611447155e197c","13:00","Civil","agendado","6a3143736fbbfa17cf7ffd3a","2026-06-16T12:37:07.890000","2026-06-16T12:37:07.890000","69f09cc40b09eba29a789e8a","eng.nadyasa@gmail.com","false"
"2026-06-16","Kenyele Naves Guimarães Borges","","false","17:00","6a31410f2dc4b83f242b38eb","18:00","Civil","agendado","6a314290dd5ab331aa08c2bc","2026-06-16T12:33:20.075000","2026-06-16T12:33:20.075000","6a2aea1fbc9af45a7d5e3645","kenyele.naves15@gmail.com","false"
"2026-06-16","Thaynná Melo do Nascimento","","false","17:00","6a2aeab3a61a095b45073c9a","18:00","Civil","agendado","6a31422b525cadf801924e21","2026-06-16T12:31:39.181000","2026-06-16T12:31:39.181000","6a2ab68ac2b7298f7ea65e47","thaynna.nascimento@goias.gov.br","false"
"2026-06-16","Mel Cardoso Souza","","false","11:00","69cab4844ae3b7f6a68fd705","12:00","Civil","agendado","6a31410996c03fb37809a3cd","2026-06-16T12:26:49.104000","2026-06-16T12:26:49.104000","69e8b3e718a06dc553782bd2","mel2005cardoso@gmail.com","false"
"2026-06-16","Lívia Maria Batista da Silva","","false","11:00","69cab4ed0b51026b52fe7c88","12:00","Civil","agendado","6a3140fb991df81f672314e1","2026-06-16T12:26:35.858000","2026-06-16T12:26:35.858000","69e8b3d0276e0faaaaece9f8","liviasa.cultura@gmail.com","false"
"2026-06-16","Maria Águeda Silva","","false","12:00","6a0cb5ca9c2781a0ddd0e9d3","13:00","Civil","agendado","6a31405af87fe434e9a91061","2026-06-16T12:23:54.863000","2026-06-16T12:23:54.863000","6a0caf60ce38c927e233214b","mariaaguedas@gmail.com","false"
"2026-06-16","Thiago Marques Leão","","false","12:00","69cab49382a748187c66ec50","13:00","Civil","agendado","6a313fcac2e0e0c659d5232a","2026-06-16T12:21:30.241000","2026-06-16T12:21:30.241000","69e8b3a39df58dcdca94d144","thiagomarquesleao@gmail.com","false"
"2026-06-16","Helder Lieberenz Camilo","","false","11:00","6a28490940b20bf445d77ea6","12:00","Civil","agendado","6a313f9a5f2b4bbbd27edd85","2026-06-16T12:20:42.955000","2026-06-16T12:20:42.955000","6a28488fb42e0b4d317ef9f5","heldersecami@gmail.com","false"
"2026-06-16","Uerica Agapito Pereira","","false","12:00","69cab53f1d112c5a2797d789","13:00","Civil","agendado","6a313d9e3881bdab8cdd2179","2026-06-16T12:12:14.256000","2026-06-16T12:12:14.256000","69f09fd3ef3fe8e89a0d5919","uericaagapito.adv@gmail.com","false"
"2026-06-16","Ambrosiane de Sousa Leite","","false","13:00","6a04588acee8394872f618be","14:00","Civil","agendado","6a313bdcad8de5185c1a1673","2026-06-16T12:04:44.140000","2026-06-16T12:04:44.140000","69fe287cc22d6cfcf39669d0","ambrosiane.adv@gmail.com","false"
"2026-06-16","Giovanna Alves Guardiere ","","false","17:00","69fc846f76670092689fba5b","18:00","Civil","agendado","6a313bc868fd638c3a985dc5","2026-06-16T12:04:24.713000","2026-06-16T12:04:24.713000","69f3a2bdd479a05ce50eb8df","giovannaalves978@gmail.com","false"
"2026-06-17","Andrea Gonçalves Fonseca","","false","07:00","69cab51d1406725f35a35aea","08:00","Civil","agendado","6a313a1f65404e1739187b8f","2026-06-16T11:57:19.736000","2026-06-17T11:26:52.667000","6a0caf6101940cd03cbfc270","andreagyn2020@gmail.com","false"
"2026-06-16","Márcio Caiado de Castro Junior","","false","10:00","6a2ab3de254e45ba9733b25e","11:00","Civil","agendado","6a3134a7f08a8d9cfc12cac9","2026-06-16T11:33:59.197000","2026-06-16T11:33:59.197000","6a2aaefeb7a6bd1d3032373b","marciocaiadojr@gmail.com","false"
"2026-06-16","Marcia Helena de Castro Moura","","false","11:00","6a16f0e791b17a9d72088566","12:00","Civil","agendado","6a313190ea7d39ea748cf6d1","2026-06-16T11:20:48.147000","2026-06-16T11:20:48.147000","69e8b3c8b68bbd81437e2a25","mhcastromarketing@gmail.com","false"
"2026-06-16","Taina Thome Freitas","","false","11:00","69cab4c771c685e9f60324aa","12:00","Civil","agendado","6a312cfe6887cc2994984f77","2026-06-16T11:01:18.802000","2026-06-16T11:01:18.802000","69e8b3a16f423e49e47411b4","taina.freitas@goias.gov.br","false"
"2026-06-16","Marcos Aurélio Araújo da Silva Barros ","","false","11:00","6a05ca7c3ec8d849572a717b","12:00","Civil","agendado","6a312ac6779a2187d9079637","2026-06-16T10:51:50.961000","2026-06-16T10:51:50.961000","6a05c9220348c55fa04c5d95","marcosaraujobarros1508@gmail.com","false"
"2026-06-16","Jesley da Silva Sousa","","false","16:00","6a2ab18061f7a78ad0700e2f","17:00","Civil","agendado","6a3122a077bdf76481514dad","2026-06-16T10:17:04.628000","2026-06-16T10:17:04.628000","6a2aaf009ad04cdd81d57839","jesleysobral8@gmail.com","false"
"2026-06-16","Luciana Nunes do Amaral","","false","08:00","69f245f987f588dbdbc22567","09:00","Civil","agendado","6a312257c642e45f31e73d62","2026-06-16T10:15:51.846000","2026-06-16T10:15:51.846000","69f200bb913a105fdf750586","lna.advogada@gmail.com","false"
"2026-06-17","Márcia de Araújo Gontijo","","false","07:00","69cab4fa6634febf001eb740","08:00","Civil","agendado","6a3120f1cf44643b7f95cda4","2026-06-16T10:09:53.809000","2026-06-17T11:27:09.919000","69fe28955bf56f9dc34635d2","marciagontijoadv@gmail.com","false"
"2026-06-16","Carlos Antônio Madalena","","false","07:00","69f1fbd2b1d8f827f1014b85","08:00","Civil","agendado","6a31136f9437fbcc9108e62f","2026-06-16T09:12:15.203000","2026-06-16T09:12:15.203000","69f1eb66214b21fd581ce36b","advgcarlosmadalena@gmail.com","false"
"2026-06-16","ANNA KLARA MIRANDA TOBIAS","","false","07:00","6a26ac40eb84cf7fab5a719a","08:00","Civil","agendado","6a310c29c745b470ee723435","2026-06-16T08:41:13.022000","2026-06-16T08:41:13.022000","6a01c20a26bc4a721c9c5579","klaramiranda98@gmail.com","false"
"2026-06-17","Geovana Monteiro da Silva","","false","13:00","69cab483f6786b7148f4c689","14:00","Civil","agendado","6a30b874a0f4726bffda5528","2026-06-16T02:44:04.587000","2026-06-16T02:44:04.587000","69ec0f73c400e529d8b7c8bb","geovanamts02@gmail.com","false"
"2026-06-16","André Fonseca Pinto Osorio","","false","08:00","69cab498a17506f70c6237c3","09:00","Civil","agendado","6a30a7201a5b08315fc0aaf1","2026-06-16T01:30:08.785000","2026-06-16T01:30:08.785000","69eb7124b260ea0371181af3","andreosorio10@gmail.com","false"
"2026-06-16","Patrícia Gomes Fleuri Cunha","","false","07:00","6a103b0bb218f6109a5263e2","08:00","Civil","agendado","6a3092ac7cf9d92fb2320117","2026-06-16T00:02:52.437000","2026-06-16T00:02:52.437000","6a0caf6598b093e0931ff6a8","patricia.cunha@goias.gov.br","false"
"2026-06-16","MAICON DOUGLAS GOMES RODRIGUES","","false","12:00","6a1495a104b49b3be78f3da3","13:00","Civil","agendado","6a30776c822b41dd5e440b77","2026-06-15T22:06:36.411000","2026-06-15T22:06:36.411000","69e8b3c64ccd45857400c131","douglasgynn1@gmail.com","false"
"2026-06-15","Ana Clara Barbacena Camelo","","false","19:00","69cab496d430c0cf1dbd7e72","20:00","Civil","agendado","6a30756bed3f78dbd759eaab","2026-06-15T21:58:03.953000","2026-06-15T21:58:03.953000","69f0e732a32f7ffb33e50f1b","anaclarabarbacena@gmail.com","false"
"2026-06-16","samuel da costa oliveira","","false","08:00","6a283ca8e24218a67bcb7414","09:00","Civil","agendado","6a30608e15f195a0bdef516a","2026-06-15T20:29:02.091000","2026-06-15T20:29:02.091000","6a27030a707a4b92e0085b31","samuca1098costa@gmail.com","false"
"2026-06-16","LAINE SOUZA LANDIN CARDOSO","","false","07:00","6a16ecc046adce93104edc2a","08:00","Civil","agendado","6a305ab57ec4c3b175830e55","2026-06-15T20:04:05.004000","2026-06-15T20:04:05.004000","6a10a6ce0062e7cb36b6737e","lainelandin@gmail.com","false"
"2026-06-15","Leidina Rosa dos Santos","","false","19:00","6a26c831f387ae3b671d24b0","20:00","Civil","agendado","6a3058f71f907ab5d48accb6","2026-06-15T19:56:39.629000","2026-06-15T19:56:39.629000","6a26c3b9cff7bcba4b66e5d9","leidinasantos@gmail.com","false"
"2026-06-15","Camila Araújo da Silva Camargo ","","false","18:00","6a1f18c59f142977ff6acbcc","19:00","Civil","agendado","6a3058813114fa6f24610def","2026-06-15T19:54:41.309000","2026-06-15T19:54:41.309000","6a1edae1ec39cbeae99f36a2","camila20araujo17@gmail.com","false"
"2026-06-15","Lariza Cori Thomaz Nogueira","","false","17:00","69f1fc1f966c41d8f2d01ced","18:00","Civil","agendado","6a3052db24599679661e9d8a","2026-06-15T19:30:35.486000","2026-06-15T19:30:35.486000","69f3a2c6bc8b6cab6e884a64","lilariza.cori@gmail.com","false"
"2026-06-16","Camila Costa Marinho","","false","19:00","6a304dbb6505c47b19606f12","20:00","Civil","agendado","6a305017d9f101237334d4a3","2026-06-15T19:18:47.533000","2026-06-15T19:18:47.533000","6a2aea1cd0de8de3acfb63a3","camilacostamm11@gmail.com","false"
"2026-06-15","Camila Costa Marinho","","false","19:00","6a304dbb6505c47b19606f12","20:00","Civil","agendado","6a304ff2a8e9b8a32bb115e6","2026-06-15T19:18:10.598000","2026-06-15T19:18:10.598000","6a2aea1cd0de8de3acfb63a3","camilacostamm11@gmail.com","false"
"2026-06-16","Luana Cristina Vieira dos Santos ","","false","11:00","69f3405ca624697043cf5b08","12:00","Civil","agendado","6a304bed739fc751eaa3c637","2026-06-15T19:01:01.085000","2026-06-15T19:01:01.085000","69f24dcef9aa003a39e36414","luana2015gyn@gmail.com","false"
"2026-06-16","Valdeir Alves Rocha","","false","15:00","6a04655919cd7e0450bcfd05","16:00","Civil","agendado","6a304a7e71651a09ea08e387","2026-06-15T18:54:54.818000","2026-06-15T18:54:54.818000","69e8b3b3071542e891433aa0","valdeir.ideias@gmail.com","false"
"2026-06-16","Valdeir Alves Rocha","","false","15:00","6a04655919cd7e0450bcfd05","16:00","Civil","agendado","6a304a7eaf0849b3390154b1","2026-06-15T18:54:54.444000","2026-06-15T18:54:54.444000","69e8b3b3071542e891433aa0","valdeir.ideias@gmail.com","false"
"2026-06-16","Thayane Cristina Tavares da Silva","","false","19:00","69efa4149a982f6976102820","20:00","Civil","agendado","6a304a21dda6b5ecbc00a12e","2026-06-15T18:53:21.184000","2026-06-15T18:53:21.184000","69e8b3ac72ff58fcfafa20b1","cristinathco@gmail.com","false"
"2026-06-15","Thayane Cristina Tavares da Silva","","false","19:00","69efa4149a982f6976102820","20:00","Civil","agendado","6a3049e77ce75a8d58a511ed","2026-06-15T18:52:23.309000","2026-06-15T18:52:23.309000","69e8b3ac72ff58fcfafa20b1","cristinathco@gmail.com","false"
"2026-06-15","Denize Pommer","","false","16:00","6a1997fbb2260a52c4a8158e","17:00","Civil","agendado","6a3049937e1d9e5e69929254","2026-06-15T18:50:59.074000","2026-06-15T18:50:59.074000","6a16e5320af1d751de266aea","pommerde@gmail.com","false"
"2026-06-16","Mariana Albino da Silva","","false","07:00","69cab485b105230925053def","08:00","Civil","agendado","6a30450ff2499bd5e5297e23","2026-06-15T18:31:43.527000","2026-06-15T18:31:43.527000","69f1eb6197b49acac81ad46a","mariana.albinosilva85@gmail.com","false"
"2026-06-16","jhonatas dos santos lima","","false","12:00","69f35624d42a7a848cf80522","13:00","Civil","agendado","6a30425192ad7ccf2299024a","2026-06-15T18:20:01.765000","2026-06-15T18:20:01.765000","69eb712a2f920804f5d6e002","jhonatasvideira@gmail.com","false"
"2026-06-15","Fátima Vauldimar Costa Silva ","","false","16:00","6a2ab6e9479d5ea34f73b6ea","17:00","Civil","agendado","6a303ed4ad37a7a3c7467a01","2026-06-15T18:05:08.934000","2026-06-15T18:05:08.934000","6a296a019f54c90c540ecf14","fatimavauldimarcostasilva@gmail.com","false"
"2026-06-15","Daniela Sales Vecchi Tomazetti","","false","17:00","69cab4ee2f92da87a7de44ac","18:00","Civil","agendado","6a303904ad853583b18e5fdf","2026-06-15T17:40:20.331000","2026-06-15T17:40:20.331000","6a2066a0122e32a27e5ea870","dvecchi@gmail.com","false"
"2026-06-15","Gabriele Batista","","false","17:00","69cab4e300553dca6de39a7f","18:00","Civil","agendado","6a303303f9ba0f8a5a91a49f","2026-06-15T17:14:43.454000","2026-06-15T17:14:43.454000","69f8d5031b4731838f3aa4db","gabrielecastro01@gmail.com","false"
"2026-06-16","Isabela Fleury Florentino","","false","08:00","6a1f1760eb6b8bcae0423bfa","09:00","Civil","agendado","6a3032894e3ebfbabecf54d6","2026-06-15T17:12:41.826000","2026-06-15T17:12:41.826000","6a1d949d4de3c02c5a7c9851","isabela.florentino@ueg.br","false"
"2026-06-15","Yasmin Medeiros de Oliveira","","false","17:00","69cab4ef4a0411830b859b44","18:00","Civil","agendado","6a3030a7d3080978c256aaf5","2026-06-15T17:04:39.377000","2026-06-15T17:04:39.377000","6a103a63f80a4bf1ed8e6c76","yasmin.meira.265@gmail.com","false"
"2026-06-15","Michelle Vitoria de Carvalho","","false","16:00","6a1d952333bdc732b32dcd93","17:00","Civil","agendado","6a302ee9ee2187841be9d09f","2026-06-15T16:57:13.773000","2026-06-15T16:57:13.773000","6a1985fdbfa475c3359e50e9","michellelouza51@gmail.com","false"
"2026-06-15","Tatiane Ferreira e Silva Medeiros","","false","17:00","69cab4ae71c685e9f60324a3","18:00","Civil","agendado","6a302b6847cbc3d20f51de47","2026-06-15T16:42:16.481000","2026-06-15T16:42:16.481000","69f0a7979080024735454f5b","tatianefsm2000@gmail.com","false"
"2026-06-16","Antonino Batista Júnior","","false","17:00","69cab53d8efef97e8a0f03b3","18:00","Civil","agendado","6a30276945a01114e9d6608c","2026-06-15T16:25:13.807000","2026-06-15T16:25:13.807000","69e8b3ceaa15a6de33954e67","antoninobj@gmail.com","false"
"2026-06-15","Antonino Batista Júnior","","false","17:00","69cab53d8efef97e8a0f03b3","18:00","Civil","agendado","6a30274b480971f4f4b8d273","2026-06-15T16:24:43.988000","2026-06-15T16:24:43.988000","69e8b3ceaa15a6de33954e67","antoninobj@gmail.com","false"
"2026-06-16","Lia Rodrigues de Oliveira","","false","13:00","69cab4a03ab6550526927a0e","14:00","Civil","agendado","6a302580cc0d214e7ec94add","2026-06-15T16:17:04.584000","2026-06-15T16:17:04.584000","69eb7138fbc3eca467b8986b","liarodriguesoliveira30@gmail.com","false"
"2026-06-16","Gilvan José Meireles","","false","13:00","69cab51df127d1812d9c9585","14:00","Civil","agendado","6a301dc0259cd8803e177a15","2026-06-15T15:44:00.295000","2026-06-15T15:44:00.295000","69eb7152f8692d6e4f8926c5","gil-van-jose@hotmail.com","false"
"2026-06-15","Gilvan José Meireles","","false","13:00","69cab51df127d1812d9c9585","14:00","Civil","agendado","6a301dac19f9345c9a2beb7b","2026-06-15T15:43:40.682000","2026-06-15T15:43:40.682000","69eb7152f8692d6e4f8926c5","gil-van-jose@hotmail.com","false"
"2026-06-16","Cristina Maria Costa Prado","","false","17:00","69cab4a1625c88b62a9b4704","18:00","Civil","agendado","6a301bad2957a04bec1532ef","2026-06-15T15:35:09.988000","2026-06-15T15:35:09.988000","69fb76a3ee52fc9de3d098e8","cristinamcosta.arq@gmail.com","false"
"2026-06-15","Mariana Albino da Silva","","false","13:00","69cab485b105230925053def","14:00","Civil","agendado","6a301683041ecaa224b8c611","2026-06-15T15:13:07.183000","2026-06-15T15:13:07.183000","69f1eb6197b49acac81ad46a","mariana.albinosilva85@gmail.com","false"
"2026-06-15","Vanessa Ferreira de Oliveira","","false","13:00","69cab4e3eddee6987dc1c711","14:00","Civil","agendado","6a30167865e285414c255187","2026-06-15T15:12:56.722000","2026-06-15T15:12:56.722000","6a1d949ce6e13dcecedb709f","vanessaferdoli@gmail.com","false"
"2026-06-15","Iriane Viana Machado","","false","16:00","69cab517cad06a1b2d719faa","17:00","Civil","agendado","6a30157cf68891d08fa45b57","2026-06-15T15:08:44.708000","2026-06-15T15:08:44.708000","6a1d949bb754edf215f1db40","irianemachado2013@gmail.com","false"
"2026-06-15","Guilherme Henrique Santos Chagas","","false","15:00","69cab4fdc35c29533c90564a","16:00","Civil","agendado","6a3014525506af7a93707d4b","2026-06-15T15:03:46.127000","2026-06-15T15:03:46.127000","6a16e8fc13f09dfcf589386e","guilherme.ts.chagas@gmail.com","false"
"2026-06-16","Guilherme Lima de Sena","","false","18:00","69cab51d8bf415ccbaf6955b","19:00","Civil","agendado","6a30141ef02e0440d459063a","2026-06-15T15:02:54.596000","2026-06-15T15:02:54.596000","69f8d5070e6979860429cfd6","guisenna73@gmail.com","false"
"2026-06-15","Guilherme Lima de Sena","","false","18:00","69cab51d8bf415ccbaf6955b","19:00","Civil","agendado","6a3014141a06414fe68acf9c","2026-06-15T15:02:44.395000","2026-06-15T15:02:44.395000","69f8d5070e6979860429cfd6","guisenna73@gmail.com","false"
"2026-06-15","Brenuo Victor Rodrigues Barbosa","","false","13:00","69cab5409b141921d6a9baca","14:00","Civil","agendado","6a301147fabedeca647f4ad4","2026-06-15T14:50:47.859000","2026-06-15T14:50:47.859000","6a022e0e6d475b0b2334af8e","brenuovrb@gmail.com","false"
"2026-06-15","Guilherme Alves de Souza Araújo","","false","12:00","69cab4aecb5fa9ca033f05e8","13:00","Civil","agendado","6a301103bd042c8674956041","2026-06-15T14:49:39.726000","2026-06-15T14:49:39.726000","69efb2548749b9622136a800","gui.araujo2207@gmail.com","false"
"2026-06-16","Andrea Gonçalves Fonseca","","false","07:00","69cab51d1406725f35a35aea","08:00","Civil","agendado","6a300ff01ff95bd17bde6197","2026-06-15T14:45:04.136000","2026-06-16T12:07:47.323000","6a0caf6101940cd03cbfc270","andreagyn2020@gmail.com","false"
"2026-06-15","jhonatas dos santos lima","","false","12:00","69f35624d42a7a848cf80522","13:00","Civil","agendado","6a300e94ecb21e20b1242cbc","2026-06-15T14:39:16.601000","2026-06-15T14:39:16.601000","69eb712a2f920804f5d6e002","jhonatasvideira@gmail.com","false"
"2026-06-16","Rafael Santana Marinho","","false","12:00","69cab53eac828741aaea5afd","13:00","Civil","agendado","6a300c438d61d691a29301a0","2026-06-15T14:29:23.821000","2026-06-15T14:29:23.821000","69fb769eb6cc56e25e03373f","rflmarinho8@gmail.com","false"
"2026-06-15","Rafael Santana Marinho","","false","12:00","69cab53eac828741aaea5afd","13:00","Civil","agendado","6a300c39689ffc766b311801","2026-06-15T14:29:13.758000","2026-06-15T14:29:13.758000","69fb769eb6cc56e25e03373f","rflmarinho8@gmail.com","false"
"2026-06-15","Uerica Agapito Pereira","","false","12:00","69cab53f1d112c5a2797d789","13:00","Civil","agendado","6a300bf9933f2f49228d0d2b","2026-06-15T14:28:09.301000","2026-06-15T14:28:09.301000","69f09fd3ef3fe8e89a0d5919","uericaagapito.adv@gmail.com","false"
"2026-06-15","Denis de Oliveira Coelho Junior","","false","12:00","6a1f186adb12b641e45a82e8","13:00","Civil","agendado","6a300b7e9ab904b341bb3918","2026-06-15T14:26:06.365000","2026-06-15T14:26:06.365000","6a1edae97465ea179d7b330c","deenisjunioor@gmail.com","false"
"2026-06-15","Sandra Francisca Bandeira ","","false","12:00","6a16ff021e7aed126219459f","13:00","Civil","agendado","6a3009e00fd807fd5467fb7a","2026-06-15T14:19:12.943000","2026-06-15T14:19:12.943000","6a0caf5d2f6ef5a33a3d14c9","sandrabandeira.adv@gmail.com","false"
"2026-06-15","Felipe Junqueira Mariano","","false","12:00","69cab4fa2f92da87a7de44b0","13:00","Civil","agendado","6a3009a119457bda5256e833","2026-06-15T14:18:09.458000","2026-06-15T14:18:09.458000","6a045784a0d5f992481b9d74","felipejmarianor@gmail.com","false"
"2026-06-15","Thayller Adriell Souza Garcia","","false","12:00","69cab4ee69e0c3af82747389","13:00","Civil","agendado","6a30090d135f88526f1ec229","2026-06-15T14:15:41.930000","2026-06-15T14:15:41.930000","69fa2777a6a8382ee6b53a67","thayller.garcia@goias.gov.br","false"
"2026-06-15","Lívia Borges de Sousa","","false","13:00","69cab53df488136327286414","14:00","Civil","agendado","6a3008d02e55e0efff246d5c","2026-06-15T14:14:40.222000","2026-06-15T14:14:40.222000","6a035c5eff55688ed4fcb8b0","livia.borges.333@gmail.com","false"
"2026-06-15","Raynna Pereira Neves Barros","","false","12:00","69cab483bcb9efeb569c67e1","13:00","Civil","agendado","6a3008b5f9ddcfa0c0397859","2026-06-15T14:14:13.687000","2026-06-15T14:14:13.687000","69f0aa040009751ec470fa8b","nevesraynna@gmail.com","false"
"2026-06-15","Laiz de Moraes Silva","","false","13:00","69cab4a6cb0eeca73fb0ea1f","14:00","Civil","agendado","6a30065751b75cdc0b772add","2026-06-15T14:04:07.996000","2026-06-15T14:04:07.996000","6a1985ff6640af2a5735033f","laiz.geaco@gmail.com","false"
"2026-06-15","Raphael de Lima Carvalho Moraes","","false","12:00","69cab4ee1d5dca09ed497c22","13:00","Civil","agendado","6a30060724a12ea3543e485c","2026-06-15T14:02:47.823000","2026-06-15T14:02:47.823000","69f243fdfed1f188950d4989","raphaelmoraes019@gmail.com","false"
"2026-06-15","Raphael de Lima Carvalho Moraes","","false","12:00","69cab4ee1d5dca09ed497c22","13:00","Civil","agendado","6a3006079605401a04990ed6","2026-06-15T14:02:47.356000","2026-06-15T14:02:47.356000","69f243fdfed1f188950d4989","raphaelmoraes019@gmail.com","false"
"2026-06-15","Hugo Leonardo de Araújo Godinho","","false","12:00","6a2c155eb386f640b1e5948b","13:00","Civil","agendado","6a300446ed1a8126a7664f15","2026-06-15T13:55:18.066000","2026-06-15T13:55:18.066000","6a2aaefdbbb8d301bdfff035","hugo.godinho@goias.gov.br","false"
"2026-06-15","Carlos alexandre da costa ","","false","11:00","6a0cb0c2e3d9f640adbed26b","12:00","Civil","agendado","6a3003c7e318e3315d44a6ac","2026-06-15T13:53:11.565000","2026-06-15T13:53:11.565000","6a0caf62f88ae28daf8dd133","xandy.x12@gmail.com","false"
"2026-06-16","Thays Rocha Leite","","false","11:00","69cab4bbaaffc414bef709af","12:00","Civil","agendado","6a3003abb97660df76606489","2026-06-15T13:52:43.162000","2026-06-15T13:52:43.162000","69f88c68187fcd638dc76bbc","tha_rleite@hotmail.com","false"
"2026-06-15","Marcio Junio Rodrigues de Freitas","","false","13:00","69cab4fdb65777e18fa16281","14:00","Civil","agendado","6a30037df2116add6ca65eff","2026-06-15T13:51:57.858000","2026-06-15T13:51:57.858000","69e8b3cb227404cd41911786","marciosoriso@gmail.com","false"
"2026-06-15","Lucas Façanha de Oliveira Carvalho","","false","12:00","69cab53f95aecd6313a1094a","13:00","Civil","agendado","6a300139675a5f6dc3f848a4","2026-06-15T13:42:17.878000","2026-06-15T13:42:17.878000","69e8b3d9db2701e07f3d9515","lucasoliveira.ifam@gmail.com","false"
"2026-06-15","MAICON DOUGLAS GOMES RODRIGUES","","false","12:00","6a1495a104b49b3be78f3da3","13:00","Civil","agendado","6a3000a6d43ff8f3372b1034","2026-06-15T13:39:50.847000","2026-06-15T13:39:50.847000","69e8b3c64ccd45857400c131","douglasgynn1@gmail.com","false"
"2026-06-15","Talíta Maria Carvalho de Lima ","","false","12:00","6a1093b55c869df7da1218e1","13:00","Civil","agendado","6a30002b7fbe78214ed91df0","2026-06-15T13:37:47.457000","2026-06-15T13:37:47.457000","6a10924dc377ea5adc55fbdc","ttalitalima@gmail.com","false"
"2026-06-15","Hiana Caroline dos Santos Freitas ","","false","12:00","6a199925ea037f3517301539","13:00","Civil","agendado","6a2ffeb8ca9ff961607e6cf6","2026-06-15T13:31:36.387000","2026-06-15T13:31:36.387000","6a199892b8eaf54685d729c5","hianacarolinecivil@gmail.com","false"
"2026-06-15","Thiago Marques Leão","","false","12:00","69cab49382a748187c66ec50","13:00","Civil","agendado","6a2ffea7f23adb704847b632","2026-06-15T13:31:19.328000","2026-06-15T13:31:19.328000","69e8b3a39df58dcdca94d144","thiagomarquesleao@gmail.com","false"
"2026-06-15","Thaís Teixeira Santos","","false","12:00","69cab5274f3dd1b5956201e6","13:00","Civil","agendado","6a2ffdd2b0600cb23015a8a5","2026-06-15T13:27:46.387000","2026-06-15T13:27:46.387000","6a0caf640170db9a69a7bebd","thais.sejuv@gmail.com","false"
"2026-06-15","Yuri Fernandes Bragança de Faria","","false","16:00","6a2c0b9a1ad4d29b12693fd6","17:00","Civil","agendado","6a2ffda042cfe3732384115b","2026-06-15T13:26:56.983000","2026-06-15T13:26:56.983000","6a2c04ad5e96d0d64cbb2d65","yurifbraganca@gmail.com","false"
"2026-06-15","Maria Águeda Silva","","false","12:00","6a0cb5ca9c2781a0ddd0e9d3","13:00","Civil","agendado","6a2ffd6a211229b0312feb57","2026-06-15T13:26:02.758000","2026-06-15T13:26:02.758000","6a0caf60ce38c927e233214b","mariaaguedas@gmail.com","false"
"2026-06-15","Laura Fernandes Mendes","","false","11:00","69cab5540b51026b52fe7cb7","12:00","Civil","agendado","6a2ffbc88604f4a5bc211607","2026-06-15T13:19:04.169000","2026-06-15T13:19:04.169000","69f8d50105e660849e08c5f6","mendes.ferlaura@gmail.com","false"
"2026-06-15","Delma Maria Guimaraes","","false","11:00","69cab4bb4badc9d3592723d2","12:00","Civil","agendado","6a2ff8ba08696b4f0e3bf7d1","2026-06-15T13:06:02.539000","2026-06-15T13:06:02.539000","69f0e717c3c33b89a2f9e02a","delmagui333@gmail.com","false"
"2026-06-15","Nádya de Sá Almeida Costa Silva","","false","12:00","69cab48b36611447155e197c","13:00","Civil","agendado","6a2ff8907a8f416ff62acd6a","2026-06-15T13:05:20.535000","2026-06-15T13:05:20.535000","69f09cc40b09eba29a789e8a","eng.nadyasa@gmail.com","false"
"2026-06-15","Julio Cesar de Morais Souza","","false","11:00","69cab4faeab3702f5a63795e","12:00","Civil","agendado","6a2ff5f732be20d26d5499d1","2026-06-15T12:54:15.974000","2026-06-15T12:54:15.974000","69f8d5097166a59dfa38211f","juliocesar12059734@gmail.com","false"
"2026-06-15","Paloma Leal Frazão","","false","12:00","6a05cb2bf126cffdabe7fbfa","13:00","Civil","agendado","6a2ff5a34d638fb7cce7cb36","2026-06-15T12:52:51.851000","2026-06-15T12:52:51.851000","69eb7148469c445c29813e58","palomalfrazao@gmail.com","false"
"2026-06-16","Hérika Pabline Lima Veras","","false","13:00","6a15d611390b03b5280412b4","14:00","Civil","agendado","6a2ff46e6175378971e4a156","2026-06-15T12:47:42.222000","2026-06-15T12:47:42.222000","6a15cb855ddae0a12bbc417c","herikapabline@gmail.com","false"
"2026-06-15","Matheus Oliveira Timoteo ","","false","11:00","6a15d6bf895510a04628e9e5","12:00","Civil","agendado","6a2ff465927da0f47b95388f","2026-06-15T12:47:33.566000","2026-06-15T12:47:33.566000","69eb9fecf7d07564929ed82e","mathubaixista@gmail.com","false"
"2026-06-15","Maria dos Reis Pereira Santos","","false","17:00","69cab48b68d464d95240f964","18:00","Civil","agendado","6a2ff3f26cf7a2c1565a0e98","2026-06-15T12:45:38.136000","2026-06-15T12:45:38.136000","69f0abbe8fef09ddc7cda46c","mariadosssantosrp@gmail.com","false"
"2026-06-15","Michelle Calisto Ferreira","","false","17:00","69cab497891322eb46e67534","18:00","Civil","agendado","6a2ff39bfa26c99f0338052a","2026-06-15T12:44:11.651000","2026-06-15T12:44:11.651000","69e8b3bd3549f8bb642ed66f","gecat.secc@gmail.com","false"
"2026-06-15","Ivana Cabral Oliveira Barros","","false","12:00","6a2974022b3dd13c18f053ec","13:00","Civil","agendado","6a2ff383b1006fdbac2d20f0","2026-06-15T12:43:47.929000","2026-06-15T12:43:47.929000","6a28493d95b7e99c5f2c08f2","nutr.ivana@gmail.com","false"
"2026-06-16","Marcos Lopes de Souza","","false","12:00","69cab4a6d886e77a5a0bd8f9","13:00","Civil","agendado","6a2ff1ed4a234897ca3d4588","2026-06-15T12:37:01.594000","2026-06-15T12:37:01.594000","69efccfae228f77c31effa3e","marcos.lsouza@goias.gov.br","false"
"2026-06-15","Marcos Lopes de Souza","","false","12:00","69cab4a6d886e77a5a0bd8f9","13:00","Civil","agendado","6a2ff1e0b42af71773f770b6","2026-06-15T12:36:48.312000","2026-06-15T12:36:48.312000","69efccfae228f77c31effa3e","marcos.lsouza@goias.gov.br","false"
"2026-06-15","Giovanna Alves Guardiere ","","false","17:00","69fc846f76670092689fba5b","18:00","Civil","agendado","6a2ff035605aee420a9423ed","2026-06-15T12:29:41.957000","2026-06-15T12:29:41.957000","69f3a2bdd479a05ce50eb8df","giovannaalves978@gmail.com","false"
"2026-06-15","Hérika Pabline Lima Veras","","false","13:00","6a15d611390b03b5280412b4","14:00","Civil","agendado","6a2feeac4f328d8d1bc574db","2026-06-15T12:23:08.252000","2026-06-15T12:23:08.252000","6a15cb855ddae0a12bbc417c","herikapabline@gmail.com","false"
"2026-06-16","Geovana Monteiro da Silva","","false","19:00","69cab483f6786b7148f4c689","20:00","Civil","agendado","6a2fee4bedc17955aa43feb7","2026-06-15T12:21:31.493000","2026-06-15T12:21:31.493000","69ec0f73c400e529d8b7c8bb","geovanamts02@gmail.com","false"
"2026-06-16","Lázara Tatiana Pereira de Lima","","false","07:00","69cab5409b141921d6a9bac9","08:00","Civil","agendado","6a2fee0c9c5e343a9a5d8905","2026-06-15T12:20:28.607000","2026-06-15T12:20:28.607000","69e8b3d7f0a0a48eb1af80d9","sesmt.publico@gmail.com","false"
"2026-06-15","Lázara Tatiana Pereira de Lima","","false","16:00","69cab5409b141921d6a9bac9","17:00","Civil","agendado","6a2fedfa8eb52b44de947442","2026-06-15T12:20:10.893000","2026-06-15T12:20:10.893000","69e8b3d7f0a0a48eb1af80d9","sesmt.publico@gmail.com","false"
"2026-06-15","Helder Lieberenz Camilo","","false","11:00","6a28490940b20bf445d77ea6","12:00","Civil","agendado","6a2fecf7fb9eee2c0ddb8d43","2026-06-15T12:15:51.243000","2026-06-15T12:15:51.243000","6a28488fb42e0b4d317ef9f5","heldersecami@gmail.com","false"
"2026-06-15","Maria Aparecida Carneiro de Mendonça","","false","17:00","69efb8d18f7abcfc7bc5e6e0","18:00","Civil","agendado","6a2fece025c550f54ea3b501","2026-06-15T12:15:28.651000","2026-06-15T12:15:28.651000","69f8d5047166a59dfa38211e","cidamacm@gmail.com","false"
"2026-06-15","Mel Cardoso Souza","","false","11:00","69cab4844ae3b7f6a68fd705","12:00","Civil","agendado","6a2fea85410199e07843010f","2026-06-15T12:05:25.855000","2026-06-15T12:05:25.855000","69e8b3e718a06dc553782bd2","mel2005cardoso@gmail.com","false"
"2026-06-16","Célia Maria da Silva Valadão","","false","11:00","6a0afdd882e5220f83455fbb","12:00","Civil","agendado","6a2fea46be96c3747dbade14","2026-06-15T12:04:22.044000","2026-06-15T12:04:22.044000","6a03223f9f250d7b5f325919","celia.valadao@goias.gov.br","false"
"2026-06-15","Célia Maria da Silva Valadão","","false","11:00","6a0afdd882e5220f83455fbb","12:00","Civil","agendado","6a2fea3cb78985c18e50445f","2026-06-15T12:04:12.056000","2026-06-15T12:04:12.056000","6a03223f9f250d7b5f325919","celia.valadao@goias.gov.br","false"
"2026-06-15","Ambrosiane de Sousa Leite","","false","18:00","6a04588acee8394872f618be","19:00","Civil","agendado","6a2fe9f8e600420c6f4540c9","2026-06-15T12:03:04.444000","2026-06-15T12:03:04.444000","69fe287cc22d6cfcf39669d0","ambrosiane.adv@gmail.com","false"
"2026-06-15","Gilson Pereira da Silva","","false","17:00","69cab4bbce9564de9486ce35","18:00","Civil","agendado","6a2fe8ea29f2ea538a3387f8","2026-06-15T11:58:34.368000","2026-06-15T11:58:34.368000","69eb713d0daf529bb432fcf3","gilson.pereira21@gmail.com","false"
"2026-06-15","Paulo Sérgio da Silva Lobo","","false","12:00","69cab4e3c3a97d05a892dabe","13:00","Civil","faltou","6a2fe774cd5ad7132e1f5b40","2026-06-15T11:52:20.246000","2026-06-15T15:59:38.221000","6a1f14ca9d86f5520fc72468","pauloloboquimico@gmail.com","false"
"2026-06-16","Rafaela Franzoni Marques","","false","12:00","69f9cddf1e81ff14d278df5e","13:00","Civil","agendado","6a2fe65a8ce09ca49556f1dd","2026-06-15T11:47:38.870000","2026-06-15T11:47:38.870000","69f8e2f80271cf78f7858d16","rafaelafranzoni@gmail.com","false"
"2026-06-15","Rafaela Franzoni Marques","","false","12:00","69f9cddf1e81ff14d278df5e","13:00","Civil","agendado","6a2fe6527135db4bbbee9e54","2026-06-15T11:47:30.757000","2026-06-15T11:47:30.757000","69f8e2f80271cf78f7858d16","rafaelafranzoni@gmail.com","false"
"2026-06-15","Jaqueline Basílio de Oliveira","","false","13:00","69f251eb95fc95ce8a1deca1","14:00","Civil","agendado","6a2fe5530113e22b9ac35e53","2026-06-15T11:43:15.648000","2026-06-15T11:43:15.648000","69f2515f3caf2db8610694b6","jaquelliny20@hotmail.com","false"
"2026-06-15","Márcio Caiado de Castro Junior","","false","11:00","6a2ab3de254e45ba9733b25e","12:00","Civil","agendado","6a2fe4cc163674d6cf8dcdb0","2026-06-15T11:41:00.095000","2026-06-15T11:41:00.095000","6a2aaefeb7a6bd1d3032373b","marciocaiadojr@gmail.com","false"
"2026-06-15","Jhonathan Hebert Pereira Souza Silva","","false","17:00","6a1f17c025cad254d07827e1","18:00","Civil","agendado","6a2fe4a7bab9f315af11fb0f","2026-06-15T11:40:23.935000","2026-06-15T11:40:23.935000","6a1f14cec59abaa5e126073b","jhonathan.silva@goias.gov.br","false"
"2026-06-15","Elisa Parreira de Castro Alves","","false","12:00","69cab4958987e567777aa8e9","13:00","Civil","agendado","6a2fdcdc3b30f38ae03eaa47","2026-06-15T11:07:08.600000","2026-06-15T11:07:08.600000","69f3539372bfccf5cae537b8","elisa.pdca@gmail.com","false"
"2026-06-15","LAINE SOUZA LANDIN CARDOSO","","false","12:00","6a16ecc046adce93104edc2a","13:00","Civil","agendado","6a2fd898d38a2f3350d00a9f","2026-06-15T10:48:56.254000","2026-06-15T10:48:56.254000","6a10a6ce0062e7cb36b6737e","lainelandin@gmail.com","false"
"2026-06-16","Jhulli Êmily Martins Nunes","","false","13:00","69cab48cce1c3df3215b2752","14:00","Civil","agendado","6a2fd823ca5c1d3109d9dde4","2026-06-15T10:46:59.312000","2026-06-15T10:46:59.312000","69e8b3e6578c929cf94963e6","jhulliemily2014@gmail.com","false"
"2026-06-15","Jhulli Êmily Martins Nunes","","false","13:00","69cab48cce1c3df3215b2752","14:00","Civil","agendado","6a2fd7efea2321097b667b96","2026-06-15T10:46:07.759000","2026-06-15T10:46:07.759000","69e8b3e6578c929cf94963e6","jhulliemily2014@gmail.com","false"
"2026-06-16","Márcia de Araújo Gontijo","","false","07:00","69cab4fa6634febf001eb740","08:00","Civil","agendado","6a2fd740db14052ddd685eee","2026-06-15T10:43:12.944000","2026-06-16T12:07:56.441000","69fe28955bf56f9dc34635d2","marciagontijoadv@gmail.com","false"
"2026-06-15","Tatiana de Jesus Mesquita","","false","12:00","69cab527d79a982796b8d962","13:00","Civil","agendado","6a2fd4975961601cab2ef49b","2026-06-15T10:31:51.682000","2026-06-15T10:31:51.682000","69f24dca8f997ab8b9cb6aad","tatianamesquiita2020@gmail.com","false"
"2026-06-17","Ana Carolina Silva de Araujo Peixoto","","false","07:00","69cab50fec6532662ba58f05","08:00","Civil","agendado","6a2fd442311d9f43e1fe0897","2026-06-15T10:30:26.984000","2026-06-17T11:27:00.220000","69e8b3abbdd54859f2b7eadf","ana.anacarol1403@gmail.com","false"
"2026-06-16","Fernanda Marra","","false","12:00","69cab5495f4c50dbe8cc825c","13:00","Civil","agendado","6a2fd25b5419c3b112f74bbb","2026-06-15T10:22:19.255000","2026-06-15T10:22:19.255000","6a16e5289a8726b9d9b03046","dizamarra@gmail.com","false"
"2026-06-15","Patrícia Gomes Fleuri Cunha","","false","07:00","6a103b0bb218f6109a5263e2","08:00","Civil","agendado","6a2fc9a695b85ad24d8adc46","2026-06-15T09:45:10.585000","2026-06-15T09:45:10.585000","6a0caf6598b093e0931ff6a8","patricia.cunha@goias.gov.br","false"
"2026-06-15","Carlos Antônio Madalena","","false","07:00","69f1fbd2b1d8f827f1014b85","08:00","Civil","agendado","6a2fb958484350c096e75800","2026-06-15T08:35:36.856000","2026-06-15T08:35:36.856000","69f1eb66214b21fd581ce36b","advgcarlosmadalena@gmail.com","false"
"2026-06-15","Jesley da Silva Sousa","","false","16:00","6a2ab18061f7a78ad0700e2f","17:00","Civil","agendado","6a2f3af162d335f8cc27cf87","2026-06-14T23:36:17.863000","2026-06-14T23:36:17.863000","6a2aaf009ad04cdd81d57839","jesleysobral8@gmail.com","false"
"2026-06-16","Lucas Honorato Lopes","","false","11:00","6a2067c65a836c8a40fe0b2c","12:00","Civil","agendado","6a2f3777c20d588d937aace2","2026-06-14T23:21:27.478000","2026-06-14T23:21:27.478000","6a16f46d9cbce304c42cc536","lucashlopes@gmail.com","false"
"2026-06-15","Lucas Honorato Lopes","","false","11:00","6a2067c65a836c8a40fe0b2c","12:00","Civil","agendado","6a2f376ee063259f7dce041b","2026-06-14T23:21:18.277000","2026-06-14T23:21:18.277000","6a16f46d9cbce304c42cc536","lucashlopes@gmail.com","false"
"2026-06-15","Helder Raimundo de Moraes","","false","12:00","69cab4fa68d464d95240f98b","13:00","Civil","agendado","6a2f1d58a47ac806182219ea","2026-06-14T21:30:00.596000","2026-06-15T15:55:52.676000","69f0b98c8ab0e5fe3945ffd5","hmoraes74@gmail.com","false"
"2026-06-16","Simone. Luzine Peixoto ","","false","13:00","6a1f207ab7d0ebfbfed88d62","14:00","Civil","agendado","6a2ef81dd9838c2b06b61860","2026-06-14T18:51:09.081000","2026-06-14T18:51:09.081000","6a1f14cf38f8bc785a9ad042","simoneluzine@gmail.com","false"
"2026-06-15","Simone. Luzine Peixoto ","","false","13:00","6a1f207ab7d0ebfbfed88d62","14:00","Civil","agendado","6a2ef8092d7114b7912f5ee6","2026-06-14T18:50:49.215000","2026-06-14T18:50:49.215000","6a1f14cf38f8bc785a9ad042","simoneluzine@gmail.com","false"
"2026-06-15","Daniel Carlos dos Reis","","false","18:00","69efb877f2a849baa2f1590f","19:00","Civil","faltou","6a2ee8128762431c7bbf90b1","2026-06-14T17:42:42.397000","2026-06-15T22:03:48.366000","69e8b3dcffadf846c595fa0c","danielreis0211@gmail.com","false"
"2026-06-16","Alda Pereira Ramos","","false","11:00","69cab4b14ac04518e466ae05","12:00","Civil","agendado","6a2ed8d9935dbe46c67ac8be","2026-06-14T16:37:45.441000","2026-06-14T16:37:45.441000","6a199899d94349fd53fef6e6","haldapr@gmail.com","false"
"2026-06-15","Alda Pereira Ramos","","false","16:00","69cab4b14ac04518e466ae05","17:00","Civil","agendado","6a2ed8c3c0d28100cb6a5dc3","2026-06-14T16:37:23.716000","2026-06-14T16:37:23.716000","6a199899d94349fd53fef6e6","haldapr@gmail.com","false"
"2026-06-15","Andrea Gonçalves Fonseca","","false","07:00","69cab51d1406725f35a35aea","08:00","Civil","agendado","6a2ed445fb1876b4f47a3239","2026-06-14T16:18:13.688000","2026-06-14T16:18:13.688000","6a0caf6101940cd03cbfc270","andreagyn2020@gmail.com","false"
"2026-06-15","Janise Fontenelle","","false","16:00","69cab4ad6a367eee7bbc4726","17:00","Civil","agendado","6a2ec08173838402857fc38b","2026-06-14T14:53:53.526000","2026-06-14T14:53:53.526000","69f1eb67f3d081e7f412e0e1","janisefonte@gmail.com","false"
"2026-06-15","Valdeir Alves Rocha","","false","15:00","6a04655919cd7e0450bcfd05","16:00","Civil","agendado","6a2ec019563a241cb7a216b7","2026-06-14T14:52:09.958000","2026-06-14T14:52:09.958000","69e8b3b3071542e891433aa0","valdeir.ideias@gmail.com","false"
"2026-06-12","Débora Maia Escher dos Santos","","false","17:00","69fc8102efce393880145d94","18:00","Civil","agendado","6a2c6512293a118280b144e0","2026-06-12T19:59:14.566000","2026-06-12T19:59:14.566000","69fb76a1a9859e54ff79cc1b","deboraescher19@gmail.com","false"
"2026-06-12","Camila Araújo da Silva Camargo ","","false","18:00","6a1f18c59f142977ff6acbcc","19:00","Civil","agendado","6a2c5eb8ad70b77edf740caa","2026-06-12T19:32:08.344000","2026-06-12T19:32:08.344000","6a1edae1ec39cbeae99f36a2","camila20araujo17@gmail.com","false"
"2026-06-12","Jhonathan Hebert Pereira Souza Silva","","false","17:00","6a1f17c025cad254d07827e1","18:00","Civil","agendado","6a2c517d4187232541d730b6","2026-06-12T18:35:41.985000","2026-06-12T21:06:25.596000","6a1f14cec59abaa5e126073b","jhonathan.silva@goias.gov.br","false"
"2026-06-12","Karla Correia Mendes","","false","16:00","69cab4850c384307831324d8","17:00","Civil","agendado","6a2c43d314fe065ccea7e073","2026-06-12T17:37:23.661000","2026-06-12T17:37:23.661000","69f0ab75971b3976ef33a57d","karlamendes1406@gmail.com","false"
"2026-06-12","Isidoro Tavares Rosa","","false","17:00","69cab4a035089c731a4647af","18:00","Civil","agendado","6a2c420cfc5a510e7d4f4ffa","2026-06-12T17:29:48.287000","2026-06-12T17:29:48.287000","69e8b3e556cb0efc368cf481","isidorotrti@gmail.com","false"
"2026-06-12","Antonino Batista Júnior","","false","16:00","69cab53d8efef97e8a0f03b3","17:00","Civil","agendado","6a2c3364b88b5059d730bb15","2026-06-12T16:27:16.050000","2026-06-12T16:27:16.050000","69e8b3ceaa15a6de33954e67","antoninobj@gmail.com","false"
"2026-06-12","Gabriele Batista","","false","14:00","69cab4e300553dca6de39a7f","15:00","Civil","agendado","6a2c32de14d743a46a2bccc9","2026-06-12T16:25:02.078000","2026-06-12T16:25:02.078000","69f8d5031b4731838f3aa4db","gabrielecastro01@gmail.com","false"
"2026-06-12","Jaqueline Basílio de Oliveira","","false","13:00","69f251eb95fc95ce8a1deca1","14:00","Civil","agendado","6a2c2a46d8dc9fa2961078fa","2026-06-12T15:48:22.211000","2026-06-12T17:19:19.787000","69f2515f3caf2db8610694b6","jaquelliny20@hotmail.com","false"
"2026-06-12","Ana Paula Moreira Rodrigues","","false","16:00","6a04bf891172d29085e72723","17:00","Civil","agendado","6a2c220ce2814a6ad7c6b801","2026-06-12T15:13:16.707000","2026-06-12T15:13:16.707000","6a04bf283d7914722c5697df","anaromoreira@gmail.com","false"
"2026-06-12","Vanessa Ferreira de Oliveira","","false","13:00","69cab4e3eddee6987dc1c711","14:00","Civil","faltou","6a2c19d880a48b7b0889a514","2026-06-12T14:38:16.682000","2026-06-12T17:03:49.190000","6a1d949ce6e13dcecedb709f","vanessaferdoli@gmail.com","false"
"2026-06-12","Raphael de Lima Carvalho Moraes","","false","17:00","69cab4ee1d5dca09ed497c22","18:00","Civil","agendado","6a2c1874f2eb9535aa80fcc0","2026-06-12T14:32:20.380000","2026-06-12T14:32:20.380000","69f243fdfed1f188950d4989","raphaelmoraes019@gmail.com","false"
"2026-06-12","Guilherme Alves de Souza Araújo","","false","12:00","69cab4aecb5fa9ca033f05e8","13:00","Civil","agendado","6a2c186178501f209244087e","2026-06-12T14:32:01.154000","2026-06-12T14:32:01.154000","69efb2548749b9622136a800","gui.araujo2207@gmail.com","false"
"2026-06-12","Marcos Lopes de Souza","","false","12:00","69cab4a6d886e77a5a0bd8f9","13:00","Civil","agendado","6a2c1665a1870db4d276ed3e","2026-06-12T14:23:33.873000","2026-06-12T14:23:33.873000","69efccfae228f77c31effa3e","marcos.lsouza@goias.gov.br","false"
"2026-06-12","Hugo Leonardo de Araújo Godinho","","false","12:00","6a2c155eb386f640b1e5948b","13:00","Civil","agendado","6a2c164d38e41e3c94844a65","2026-06-12T14:23:09.431000","2026-06-12T14:23:09.431000","6a2aaefdbbb8d301bdfff035","hugo.godinho@goias.gov.br","false"
"2026-06-12","Elisnara Gerstrudes da Costa e Silva ","","false","13:00","6a281e2dfb548e50d1e17ecd","14:00","Civil","agendado","6a2c161f85c993e511d03225","2026-06-12T14:22:23.311000","2026-06-12T14:22:23.311000","6a281b55d71320017656d360","elisnaracostta@gmail.com","false"
"2026-06-12","Hiana Caroline dos Santos Freitas ","","false","12:00","6a199925ea037f3517301539","13:00","Civil","agendado","6a2c1091401944811efa120d","2026-06-12T13:58:41.357000","2026-06-12T13:58:41.357000","6a199892b8eaf54685d729c5","hianacarolinecivil@gmail.com","false"
"2026-06-12","Maria Águeda Silva","","false","12:00","6a0cb5ca9c2781a0ddd0e9d3","13:00","Civil","faltou","6a2c0d866692496997365cf2","2026-06-12T13:45:42.325000","2026-06-12T16:03:48.903000","6a0caf60ce38c927e233214b","mariaaguedas@gmail.com","false"
"2026-06-12","José Porto França Neto","","false","12:00","69cab51cf59bbda43a5c5d57","13:00","Civil","agendado","6a2c0d267dfb9f525bbbfb2d","2026-06-12T13:44:06.088000","2026-06-12T13:44:06.088000","69eb712c92a6132bbc608daf","portobritto@gmail.com","false"
"2026-06-12","Lucas Façanha de Oliveira Carvalho","","false","12:00","69cab53f95aecd6313a1094a","13:00","Civil","agendado","6a2c0b941b183e5ffda96d98","2026-06-12T13:37:24.955000","2026-06-12T13:37:24.955000","69e8b3d9db2701e07f3d9515","lucasoliveira.ifam@gmail.com","false"
"2026-06-12","Sandy Gonçalves Santana","","false","17:00","69cab4b251341c5e34b04b2e","18:00","Civil","agendado","6a2c08f504b19200e727014a","2026-06-12T13:26:13.118000","2026-06-12T13:26:13.118000","69eb712609a3ab9ccffc1d90","sanderas.sgs@gmail.com","false"
"2026-06-12","Mel Cardoso Souza","","false","11:00","69cab4844ae3b7f6a68fd705","12:00","Civil","agendado","6a2c06811063db1e89123b9a","2026-06-12T13:15:45.551000","2026-06-12T13:15:45.551000","69e8b3e718a06dc553782bd2","mel2005cardoso@gmail.com","false"
"2026-06-12","Pâmella Batista Fernandez Silva ","","false","11:00","6a26c49fee808fe228bcbc9a","12:00","Civil","agendado","6a2c041b7bffe5b6ea2b8aee","2026-06-12T13:05:31.870000","2026-06-12T13:05:31.870000","69e8b3ae9b7ab425aa2ca160","fernandezpam52@gmail.com","false"
"2026-06-12","Matheus Oliveira Timoteo ","","false","11:00","6a15d6bf895510a04628e9e5","12:00","Civil","agendado","6a2c04199fed953e250aa03f","2026-06-12T13:05:29.060000","2026-06-12T13:05:29.060000","69eb9fecf7d07564929ed82e","mathubaixista@gmail.com","false"
"2026-06-12","Ivana Cabral Oliveira Barros","","false","12:00","6a2974022b3dd13c18f053ec","13:00","Civil","agendado","6a2c01e6709b57143443d1bd","2026-06-12T12:56:06.193000","2026-06-12T12:56:06.193000","6a28493d95b7e99c5f2c08f2","nutr.ivana@gmail.com","false"
"2026-06-12","Nádya de Sá Almeida Costa Silva","","false","12:00","69cab48b36611447155e197c","13:00","Civil","agendado","6a2bf4732c7e29c959fd2e19","2026-06-12T11:58:43.760000","2026-06-12T11:58:43.760000","69f09cc40b09eba29a789e8a","eng.nadyasa@gmail.com","false"
"2026-06-12","Carlos alexandre da costa ","","false","09:00","6a0cb0c2e3d9f640adbed26b","10:00","Civil","agendado","6a2bf3803f1d4c584fe0940a","2026-06-12T11:54:40.176000","2026-06-12T13:16:17.051000","6a0caf62f88ae28daf8dd133","xandy.x12@gmail.com","false"
"2026-06-12","Diêssa Pontes Cruz","","false","08:00","69cab547bd2926025f139df4","09:00","Civil","agendado","6a2be65197720cb65eade516","2026-06-12T10:58:25.742000","2026-06-12T10:58:25.742000","69e8b41d874d2bd5ad2a947f","diessacruz@gmail.com","false"
"2026-06-12","Jhulli Êmily Martins Nunes","","false","13:00","69cab48cce1c3df3215b2752","14:00","Civil","agendado","6a2bda9efce04a5b1144069e","2026-06-12T10:08:30.637000","2026-06-12T10:08:30.637000","69e8b3e6578c929cf94963e6","jhulliemily2014@gmail.com","false"
"2026-06-12","Patrícia Gomes Fleuri Cunha","","false","07:00","6a103b0bb218f6109a5263e2","08:00","Civil","agendado","6a2bca44b215373fa2d5ac8f","2026-06-12T08:58:44.394000","2026-06-12T08:58:44.394000","6a0caf6598b093e0931ff6a8","patricia.cunha@goias.gov.br","false"
"2026-06-12","Carlos Antônio Madalena","","false","07:00","69f1fbd2b1d8f827f1014b85","08:00","Civil","agendado","6a2bc029ee62d4a0435a4661","2026-06-12T08:15:37.061000","2026-06-12T08:15:37.061000","69f1eb66214b21fd581ce36b","advgcarlosmadalena@gmail.com","false"
"2026-06-12","Danilo de Sousa Prado","","false","08:00","69cab49fb9d3a0623eb94b4a","09:00","Civil","agendado","6a2b652d79a45bb721b689de","2026-06-12T01:47:25.902000","2026-06-12T01:47:25.902000","69d3fe53345c29f351310df5","daniloprado.mat@gmail.com","false"
"2026-06-12","Janise Fontenelle","","false","16:00","69cab4ad6a367eee7bbc4726","17:00","Civil","agendado","6a2b45f1039ebc0763061fbd","2026-06-11T23:34:09.783000","2026-06-11T23:34:09.783000","69f1eb67f3d081e7f412e0e1","janisefonte@gmail.com","false"
"2026-06-12","Lázara Tatiana Pereira de Lima","","false","07:00","69cab5409b141921d6a9bac9","08:00","Civil","agendado","6a2b294a33e259158ea23b68","2026-06-11T21:31:54.544000","2026-06-11T21:31:54.544000","69e8b3d7f0a0a48eb1af80d9","sesmt.publico@gmail.com","false"
"2026-06-12","Márcio Caiado de Castro Junior","","false","11:00","6a2ab3de254e45ba9733b25e","12:00","Civil","agendado","6a2b22877728901a0ceb98ba","2026-06-11T21:03:03.828000","2026-06-11T21:03:03.828000","6a2aaefeb7a6bd1d3032373b","marciocaiadojr@gmail.com","false"
"2026-06-12","MAICON DOUGLAS GOMES RODRIGUES","","false","12:00","6a1495a104b49b3be78f3da3","13:00","Civil","agendado","6a2b1fbd7b2107a3bc07ea3c","2026-06-11T20:51:09.092000","2026-06-11T20:51:09.092000","69e8b3c64ccd45857400c131","douglasgynn1@gmail.com","false"
"2026-06-12","Jonathas Prado","","false","12:00","69cab510f59bbda43a5c5d53","13:00","Civil","faltou","6a2b138fd744bb18dd816cf9","2026-06-11T19:59:11.031000","2026-06-12T16:03:49.172000","69f9cbc0982435c5f5ca5e3b","jotapbio@gmail.com","false"
"2026-06-11","Marcos Vinicius Arantes de Morais","","false","17:00","69cab4b1aa8b91b9733ba71e","18:00","Civil","agendado","6a2b10fc4e61437690537e39","2026-06-11T19:48:12.210000","2026-06-11T19:48:12.210000","69e8b42097a92473c7834626","marcosviniciusarantesmorais@gmail.com","false"
"2026-06-11","Gabriele Batista","","false","17:00","69cab4e300553dca6de39a7f","18:00","Civil","agendado","6a2b102829300260e263b272","2026-06-11T19:44:40.706000","2026-06-11T19:44:40.706000","69f8d5031b4731838f3aa4db","gabrielecastro01@gmail.com","false"
"2026-06-11","Breno Manoel de Freitas ","","false","17:00","6a0cb324fe02d307baa470e9","18:00","Civil","agendado","6a2b06bee329c427073268da","2026-06-11T19:04:30.067000","2026-06-11T19:04:30.067000","6a0caf5e016057c6f1d41744","brenofreitas12@gmail.com","false"
"2026-06-11","Patrícia Gomes Fleuri Cunha","","false","17:00","6a103b0bb218f6109a5263e2","18:00","Civil","agendado","6a2b050e3450d9fd3b0d53e2","2026-06-11T18:57:18.479000","2026-06-11T18:57:18.479000","6a0caf6598b093e0931ff6a8","patricia.cunha@goias.gov.br","false"
"2026-06-11","Karla Correia Mendes","","false","16:00","69cab4850c384307831324d8","17:00","Civil","agendado","6a2b01343924640885f06b6a","2026-06-11T18:40:52.589000","2026-06-11T18:40:52.589000","69f0ab75971b3976ef33a57d","karlamendes1406@gmail.com","false"
"2026-06-12","Helder Lieberenz Camilo","","false","11:00","6a28490940b20bf445d77ea6","12:00","Civil","agendado","6a2afda3725989f262637748","2026-06-11T18:25:39.811000","2026-06-11T18:25:39.811000","6a28488fb42e0b4d317ef9f5","heldersecami@gmail.com","false"
"2026-06-11","Michelle Vitoria de Carvalho","","false","16:00","6a1d952333bdc732b32dcd93","17:00","Civil","agendado","6a2afca0f20c2f79e301b16d","2026-06-11T18:21:20.539000","2026-06-11T18:21:20.539000","6a1985fdbfa475c3359e50e9","michellelouza51@gmail.com","false"
"2026-06-11","Tatiane Ferreira e Silva Medeiros","","false","17:00","69cab4ae71c685e9f60324a3","18:00","Civil","agendado","6a2af17356a40950ba118b91","2026-06-11T17:33:39.075000","2026-06-11T17:33:39.075000","69f0a7979080024735454f5b","tatianefsm2000@gmail.com","false"
"2026-06-12","Hérika Pabline Lima Veras","","false","13:00","6a15d611390b03b5280412b4","14:00","Civil","agendado","6a2aeef943be1a7e82538f68","2026-06-11T17:23:05.689000","2026-06-11T17:23:05.689000","6a15cb855ddae0a12bbc417c","herikapabline@gmail.com","false"
"2026-06-12","Mariana Albino da Silva","","false","07:00","69cab485b105230925053def","08:00","Civil","agendado","6a2aec97f4e1b0636ffe38f3","2026-06-11T17:12:55.131000","2026-06-11T17:12:55.131000","69f1eb6197b49acac81ad46a","mariana.albinosilva85@gmail.com","false"
"2026-06-11","Marcio Junio Rodrigues de Freitas","","false","14:00","69cab4fdb65777e18fa16281","15:00","Civil","agendado","6a2adc49288d3ac39d979851","2026-06-11T16:03:21.461000","2026-06-11T16:03:21.461000","69e8b3cb227404cd41911786","marciosoriso@gmail.com","false"
"2026-06-12","Marcia da Silva Coutinho","","false","13:00","69cab53186a8212571cbebfa","14:00","Civil","agendado","6a2ad99d37ebae1c212dc1de","2026-06-11T15:51:57.211000","2026-06-11T15:51:57.211000","69f1eb6d936f80ebdd9a578e","marcinhacoutinho.foto@gmail.com","false"
"2026-06-11","Nilton Barbosa Coelho","","false","13:00","69cab49682d361e5e28db07c","14:00","Civil","agendado","6a2ad91c1216435afb5e20a7","2026-06-11T15:49:48.193000","2026-06-11T15:49:48.193000","69e8b3b4c17154e6b5f73e0c","nilton.sead@gmail.com","false"
"2026-06-12","Daniel Carlos dos Reis","","false","08:00","69efb877f2a849baa2f1590f","09:00","Civil","agendado","6a2ad4995b69c84ab74cc9cc","2026-06-11T15:30:33.906000","2026-06-11T15:30:33.906000","69e8b3dcffadf846c595fa0c","danielreis0211@gmail.com","false"
"2026-06-11","Vanessa Ferreira de Oliveira","","false","13:00","69cab4e3eddee6987dc1c711","14:00","Civil","agendado","6a2acef7528fbfa4d31ad9db","2026-06-11T15:06:31.271000","2026-06-11T15:06:31.271000","6a1d949ce6e13dcecedb709f","vanessaferdoli@gmail.com","false"
"2026-06-11","jhonatas dos santos lima","","false","12:00","69f35624d42a7a848cf80522","13:00","Civil","agendado","6a2acb1411999edefc8b2a46","2026-06-11T14:49:56.242000","2026-06-11T14:49:56.242000","69eb712a2f920804f5d6e002","jhonatasvideira@gmail.com","false"
"2026-06-12","Rafael Santana Marinho","","false","12:00","69cab53eac828741aaea5afd","13:00","Civil","agendado","6a2aca36812aab5031dc0a2f","2026-06-11T14:46:14.150000","2026-06-11T14:46:14.150000","69fb769eb6cc56e25e03373f","rflmarinho8@gmail.com","false"
"2026-06-11","Guilherme Alves de Souza Araújo","","false","12:00","69cab4aecb5fa9ca033f05e8","13:00","Civil","agendado","6a2aca068cfe97c18e3c5548","2026-06-11T14:45:26.193000","2026-06-11T14:45:26.193000","69efb2548749b9622136a800","gui.araujo2207@gmail.com","false"
"2026-06-11","Raniery Morais Miranda","","false","12:00","69cab5298bf415ccbaf69560","13:00","Civil","agendado","6a2ac9f7ab616d0f25499e2d","2026-06-11T14:45:11.389000","2026-06-11T14:45:11.389000","69eb7130c8c6a653226322d0","mirandaraniery@gmail.com","false"
"2026-06-11","Isabella Maria Londe Sampaio","","false","12:00","6a032b0fa526d01f6d3ef8fb","13:00","Civil","agendado","6a2ac9cfc7cd87b65c1b091d","2026-06-11T14:44:31.311000","2026-06-11T14:44:31.311000","6a035c60907e0c31ea51ed55","londefotografia@gmail.com","false"
"2026-06-11","Hérika Pabline Lima Veras","","false","13:00","6a15d611390b03b5280412b4","14:00","Civil","agendado","6a2ac8155f76c8317cf569a3","2026-06-11T14:37:09.902000","2026-06-11T14:37:09.902000","6a15cb855ddae0a12bbc417c","herikapabline@gmail.com","false"
"2026-06-11","Uerica Agapito Pereira","","false","12:00","69cab53f1d112c5a2797d789","13:00","Civil","agendado","6a2ac625218b15448b5606b0","2026-06-11T14:28:53.710000","2026-06-11T14:28:53.710000","69f09fd3ef3fe8e89a0d5919","uericaagapito.adv@gmail.com","false"
"2026-06-11","Talíta Maria Carvalho de Lima ","","false","12:00","6a1093b55c869df7da1218e1","13:00","Civil","agendado","6a2ac4819b59773e77cda7e0","2026-06-11T14:21:53.599000","2026-06-11T14:21:53.599000","6a10924dc377ea5adc55fbdc","ttalitalima@gmail.com","false"
"2026-06-12","ANNA KLARA MIRANDA TOBIAS","","false","07:00","6a26ac40eb84cf7fab5a719a","08:00","Civil","agendado","6a2ac227ef3eeadfd5cad690","2026-06-11T14:11:51.246000","2026-06-11T14:11:51.246000","6a01c20a26bc4a721c9c5579","klaramiranda98@gmail.com","false"
"2026-06-11","Márcio Caiado de Castro Junior","","false","11:00","6a2ab3de254e45ba9733b25e","12:00","Civil","agendado","6a2abd031e00490569326469","2026-06-11T13:49:55.749000","2026-06-11T13:49:55.749000","6a2aaefeb7a6bd1d3032373b","marciocaiadojr@gmail.com","false"
"2026-06-11","Maria dos Reis Pereira Santos","","false","17:00","69cab48b68d464d95240f964","18:00","Civil","agendado","6a2ab998fac3e1a19967953a","2026-06-11T13:35:20.907000","2026-06-11T13:35:20.907000","69f0abbe8fef09ddc7cda46c","mariadosssantosrp@gmail.com","false"
"2026-06-11","Lucas Façanha de Oliveira Carvalho","","false","17:00","69cab53f95aecd6313a1094a","18:00","Civil","faltou","6a2ab5b01b0060870dc9a217","2026-06-11T13:18:40.431000","2026-06-11T20:34:57.615000","69e8b3d9db2701e07f3d9515","lucasoliveira.ifam@gmail.com","false"
"2026-06-11","Adriana Nascimento Damascena","","false","11:00","69cab54aba0b7b3f017ab41b","12:00","Civil","agendado","6a2ab55408d4401f2ffea0c0","2026-06-11T13:17:08.245000","2026-06-11T13:17:08.245000","69fe2888f5ab4b90269bc1b0","85383884dri@gmail.com","false"
"2026-06-11","Helder Lieberenz Camilo","","false","11:00","6a28490940b20bf445d77ea6","12:00","Civil","agendado","6a2ab0d6293ea2c6bfecf785","2026-06-11T12:57:58.721000","2026-06-11T12:57:58.721000","6a28488fb42e0b4d317ef9f5","heldersecami@gmail.com","false"
"2026-06-11","Pâmella Batista Fernandez Silva ","","false","12:00","6a26c49fee808fe228bcbc9a","13:00","Civil","agendado","6a2aaea7aa137a4be19a9f5c","2026-06-11T12:48:39.736000","2026-06-11T12:48:39.736000","69e8b3ae9b7ab425aa2ca160","fernandezpam52@gmail.com","false"
"2026-06-11","Raphael de Lima Carvalho Moraes","","false","11:00","69cab4ee1d5dca09ed497c22","12:00","Civil","agendado","6a2aab4b72741a3ae1a2fe1b","2026-06-11T12:34:19.720000","2026-06-11T12:34:19.720000","69f243fdfed1f188950d4989","raphaelmoraes019@gmail.com","false"
"2026-06-11","Daniele Serafim de Souza Kliemann","","false","12:00","6a1843cfd579775e62d16cd4","13:00","Civil","agendado","6a2aa93ac21091dc2670b51b","2026-06-11T12:25:30.180000","2026-06-11T12:25:30.180000","6a172ad4172b5169721ad5d7","danieleserafim.adv@gmail.com","false"
"2026-06-11","Paloma Leal Frazão","","false","11:00","6a05cb2bf126cffdabe7fbfa","12:00","Civil","agendado","6a2aa6a255c5234ccb673f50","2026-06-11T12:14:26.630000","2026-06-11T12:14:26.630000","69eb7148469c445c29813e58","palomalfrazao@gmail.com","false"
"2026-06-12","Laiz de Moraes Silva","","false","13:00","69cab4a6cb0eeca73fb0ea1f","14:00","Civil","faltou","6a2aa5ad9180af7df87f44ca","2026-06-11T12:10:21.550000","2026-06-12T17:03:49.487000","6a1985ff6640af2a5735033f","laiz.geaco@gmail.com","false"
"2026-06-12","Célia Maria da Silva Valadão","","false","11:00","6a0afdd882e5220f83455fbb","12:00","Civil","agendado","6a2aa11f3a3c78194403d34b","2026-06-11T11:50:55.209000","2026-06-11T11:50:55.209000","6a03223f9f250d7b5f325919","celia.valadao@goias.gov.br","false"
"2026-06-11","Célia Maria da Silva Valadão","","false","11:00","6a0afdd882e5220f83455fbb","12:00","Civil","agendado","6a2aa105aab4542bca1d5ac2","2026-06-11T11:50:29.817000","2026-06-11T11:50:29.817000","6a03223f9f250d7b5f325919","celia.valadao@goias.gov.br","false"
"2026-06-11","José Porto França Neto","","false","11:00","69cab51cf59bbda43a5c5d57","12:00","Civil","agendado","6a2a9c45c9d21f6712bd8a75","2026-06-11T11:30:13.956000","2026-06-11T11:30:13.956000","69eb712c92a6132bbc608daf","portobritto@gmail.com","false"
"2026-06-12","Umbelina Santana Ramos","","false","11:00","69cab52aca4d9c8a07cb419a","12:00","Civil","agendado","6a2a9a8e00915d7297c47b75","2026-06-11T11:22:54.015000","2026-06-11T11:22:54.015000","6a16f068b357802022f1ae94","umbelinasramos@gmail.com","false"
"2026-06-11","Marcos Aurélio Araújo da Silva Barros ","","false","11:00","6a05ca7c3ec8d849572a717b","12:00","Civil","agendado","6a2a92f3d2d0dd6ab6c50365","2026-06-11T10:50:27.619000","2026-06-11T10:50:27.619000","6a05c9220348c55fa04c5d95","marcosaraujobarros1508@gmail.com","false"
"2026-06-11","Taina Thome Freitas","","false","08:00","69cab4c771c685e9f60324aa","09:00","Civil","agendado","6a2a92d9f8856550e94dd47e","2026-06-11T10:50:01.586000","2026-06-11T10:50:01.586000","69e8b3a16f423e49e47411b4","taina.freitas@goias.gov.br","false"
"2026-06-11","Mariana Albino da Silva","","false","08:00","69cab485b105230925053def","09:00","Civil","agendado","6a2a8f3bebc7be5ec26936fb","2026-06-11T10:34:35.149000","2026-06-11T10:34:35.149000","69f1eb6197b49acac81ad46a","mariana.albinosilva85@gmail.com","false"
"2026-06-11","Lázara Tatiana Pereira de Lima","","false","16:00","69cab5409b141921d6a9bac9","17:00","Civil","agendado","6a2a87f4967ec17944f9e78c","2026-06-11T10:03:32.208000","2026-06-11T10:03:32.208000","69e8b3d7f0a0a48eb1af80d9","sesmt.publico@gmail.com","false"
"2026-06-11","Alda Pereira Ramos","","false","11:00","69cab4b14ac04518e466ae05","12:00","Civil","agendado","6a2a85d4168969fa33702af1","2026-06-11T09:54:28.726000","2026-06-11T09:54:28.726000","6a199899d94349fd53fef6e6","haldapr@gmail.com","false"
"2026-06-11","Diêssa Pontes Cruz","","false","08:00","69cab547bd2926025f139df4","09:00","Civil","agendado","6a2a78f2b84d5fcc82cab701","2026-06-11T08:59:30.070000","2026-06-11T08:59:30.070000","69e8b41d874d2bd5ad2a947f","diessacruz@gmail.com","false"
"2026-06-11","ANNA KLARA MIRANDA TOBIAS","","false","07:00","6a26ac40eb84cf7fab5a719a","08:00","Civil","agendado","6a2a77fa11925ff0ac72d065","2026-06-11T08:55:22.073000","2026-06-11T11:05:40.202000","6a01c20a26bc4a721c9c5579","klaramiranda98@gmail.com","false"
"2026-06-11","Carlos Antônio Madalena","","false","07:00","69f1fbd2b1d8f827f1014b85","08:00","Civil","agendado","6a2a6010d68d7ed4ceab4427","2026-06-11T07:13:20.689000","2026-06-11T11:07:44.783000","69f1eb66214b21fd581ce36b","advgcarlosmadalena@gmail.com","false"
"2026-06-11","MAICON DOUGLAS GOMES RODRIGUES","","false","12:00","6a1495a104b49b3be78f3da3","13:00","Civil","agendado","6a2a0a6525c531bd274d5907","2026-06-11T01:07:49.308000","2026-06-11T01:07:49.308000","69e8b3c64ccd45857400c131","douglasgynn1@gmail.com","false"
"2026-06-11","Ronaldo Costa Fernandes Silveira","","false","11:00","69cab50ec82236d9d8a777b4","12:00","Civil","agendado","6a2a08916f19f508887d561b","2026-06-11T01:00:01.354000","2026-06-11T01:00:01.354000","6a0caf604d1a53c971b1f7d8","ronaldocosta.fernandes@gmail.com","false"
"2026-06-12","Morian Scussel Malburg","","false","08:00","69cab53deddee6987dc1c800","09:00","Civil","agendado","6a29cefe8b77e2dd2a958a3c","2026-06-10T20:54:22.584000","2026-06-10T20:54:22.584000","69e8b3dfc275cae65aee1aa2","morianmalburg@gmail.com","false"
"2026-06-10","Isabella Maria Londe Sampaio","","false","18:00","6a032b0fa526d01f6d3ef8fb","19:00","Civil","agendado","6a29cd3d018358102e8d3a34","2026-06-10T20:46:53.481000","2026-06-10T20:46:53.481000","6a035c60907e0c31ea51ed55","londefotografia@gmail.com","false"
"2026-06-11","Laiz de Moraes Silva","","false","13:00","69cab4a6cb0eeca73fb0ea1f","14:00","Civil","agendado","6a29b7347a64aa31cc404dbb","2026-06-10T19:12:52.315000","2026-06-10T19:12:52.315000","6a1985ff6640af2a5735033f","laiz.geaco@gmail.com","false"
"2026-06-11","Marcia da Silva Coutinho","","false","13:00","69cab53186a8212571cbebfa","14:00","Civil","agendado","6a29b1e444e1e92a81e52822","2026-06-10T18:50:12.316000","2026-06-10T18:50:12.316000","69f1eb6d936f80ebdd9a578e","marcinhacoutinho.foto@gmail.com","false"
"2026-06-11","Antonino Batista Júnior","","false","17:00","69cab53d8efef97e8a0f03b3","18:00","Civil","agendado","6a29b057c9c890b4b58fa520","2026-06-10T18:43:35.673000","2026-06-10T18:43:35.673000","69e8b3ceaa15a6de33954e67","antoninobj@gmail.com","false"
"2026-06-10","Brenuo Victor Rodrigues Barbosa","","false","16:00","69cab5409b141921d6a9baca","17:00","Civil","agendado","6a29ae8322ed081626dd2f4b","2026-06-10T18:35:47.574000","2026-06-10T18:35:47.574000","6a022e0e6d475b0b2334af8e","brenuovrb@gmail.com","false"
"2026-06-10","Maria Aparecida Carneiro de Mendonça","","false","17:00","69efb8d18f7abcfc7bc5e6e0","18:00","Civil","agendado","6a29a8a97c44822635ecbdb2","2026-06-10T18:10:49.147000","2026-06-10T18:10:49.147000","69f8d5047166a59dfa38211e","cidamacm@gmail.com","false"
"2026-06-10","Michelle Calisto Ferreira","","false","17:00","69cab497891322eb46e67534","18:00","Civil","agendado","6a29a89df042fa5b858b2d29","2026-06-10T18:10:37.513000","2026-06-10T18:10:37.513000","69e8b3bd3549f8bb642ed66f","gecat.secc@gmail.com","false"
"2026-06-12","Lucas Honorato Lopes","","false","11:00","6a2067c65a836c8a40fe0b2c","12:00","Civil","agendado","6a299efbdce0b1e48eccea07","2026-06-10T17:29:31.556000","2026-06-10T17:29:31.556000","6a16f46d9cbce304c42cc536","lucashlopes@gmail.com","false"
"2026-06-11","Lucas Honorato Lopes","","false","11:00","6a2067c65a836c8a40fe0b2c","12:00","Civil","agendado","6a299ef09cd9b2a82521b4d9","2026-06-10T17:29:20.025000","2026-06-10T17:29:20.025000","6a16f46d9cbce304c42cc536","lucashlopes@gmail.com","false"
"2026-06-10","Michelle Vitoria de Carvalho","","false","16:00","6a1d952333bdc732b32dcd93","17:00","Civil","agendado","6a2998c3b76e95fc053cd1cd","2026-06-10T17:02:59.817000","2026-06-10T17:02:59.817000","6a1985fdbfa475c3359e50e9","michellelouza51@gmail.com","false"
"2026-06-11","Laura Fernandes Mendes","","false","11:00","69cab5540b51026b52fe7cb7","12:00","Civil","agendado","6a299768c529dfcc4ebb1bc4","2026-06-10T16:57:12.220000","2026-06-10T16:57:12.220000","69f8d50105e660849e08c5f6","mendes.ferlaura@gmail.com","false"
"2026-06-11","Daniela Sales Vecchi Tomazetti","","false","17:00","69cab4ee2f92da87a7de44ac","18:00","Civil","agendado","6a29892878fa3aaf67773169","2026-06-10T15:56:24.398000","2026-06-10T15:56:24.398000","6a2066a0122e32a27e5ea870","dvecchi@gmail.com","false"
"2026-06-10","Daniel Vitor Naves Vieira","","false","15:00","69cab4b792bdf3f0285bbd65","16:00","Civil","agendado","6a2986b1018968dbe032177c","2026-06-10T15:45:53.422000","2026-06-10T15:45:53.422000","6a0c51d9414a3f25e668970e","dvitor68@gmail.com","false"
"2026-06-11","Andrea Gonçalves Fonseca","","false","07:00","69cab51d1406725f35a35aea","08:00","Civil","agendado","6a2981169e694f9852153f54","2026-06-10T15:21:58.245000","2026-06-11T11:08:10.874000","6a0caf6101940cd03cbfc270","andreagyn2020@gmail.com","false"
"2026-06-10","Lucas Façanha de Oliveira Carvalho","","false","17:00","69cab53f95aecd6313a1094a","18:00","Civil","agendado","6a297c0be4abb04dc9c8ddec","2026-06-10T15:00:27.810000","2026-06-10T15:00:27.810000","69e8b3d9db2701e07f3d9515","lucasoliveira.ifam@gmail.com","false"
"2026-06-12","Simone. Luzine Peixoto ","","false","07:00","6a1f207ab7d0ebfbfed88d62","08:00","Civil","agendado","6a297a8851addb3879c2f7e2","2026-06-10T14:54:00.198000","2026-06-10T14:54:00.198000","6a1f14cf38f8bc785a9ad042","simoneluzine@gmail.com","false"
"2026-06-11","Simone. Luzine Peixoto ","","false","07:00","6a1f207ab7d0ebfbfed88d62","08:00","Civil","agendado","6a297a593f38e26ad0751a5f","2026-06-10T14:53:13.299000","2026-06-11T11:07:34.454000","6a1f14cf38f8bc785a9ad042","simoneluzine@gmail.com","false"
"2026-06-10","Ivana Cabral Oliveira Barros","","false","12:00","6a2974022b3dd13c18f053ec","13:00","Civil","agendado","6a29759fb88daf810f5124a3","2026-06-10T14:33:03.022000","2026-06-10T14:33:03.022000","6a28493d95b7e99c5f2c08f2","nutr.ivana@gmail.com","false"
"2026-06-10","Talíta Maria Carvalho de Lima ","","false","12:00","6a1093b55c869df7da1218e1","13:00","Civil","agendado","6a2973bb510c044f1f385893","2026-06-10T14:24:59.448000","2026-06-10T14:24:59.448000","6a10924dc377ea5adc55fbdc","ttalitalima@gmail.com","false"
"2026-06-10","jhonatas dos santos lima","","false","13:00","69f35624d42a7a848cf80522","14:00","Civil","agendado","6a29736947008aacc532ce4a","2026-06-10T14:23:37.781000","2026-06-10T14:23:37.781000","69eb712a2f920804f5d6e002","jhonatasvideira@gmail.com","false"
"2026-06-11","Marcia Helena de Castro Moura","","false","08:00","6a16f0e791b17a9d72088566","09:00","Civil","agendado","6a2970a5e81dccb5f0d381b2","2026-06-10T14:11:49.284000","2026-06-10T14:11:49.284000","69e8b3c8b68bbd81437e2a25","mhcastromarketing@gmail.com","false"
"2026-06-10","Mel Cardoso Souza","","false","12:00","69cab4844ae3b7f6a68fd705","13:00","Civil","agendado","6a297087e0f4df4db7842306","2026-06-10T14:11:19.935000","2026-06-10T14:11:19.935000","69e8b3e718a06dc553782bd2","mel2005cardoso@gmail.com","false"
"2026-06-10","Mel Cardoso Souza","","false","12:00","69cab4844ae3b7f6a68fd705","13:00","Civil","agendado","6a297087006603ac19c0b201","2026-06-10T14:11:19.868000","2026-06-10T14:11:19.868000","69e8b3e718a06dc553782bd2","mel2005cardoso@gmail.com","false"
"2026-06-10","Carlos Henrique Ferreira Santos","","false","12:00","69cab4ac0916e78eed2006b2","13:00","Civil","agendado","6a296f59fba294064132c8fc","2026-06-10T14:06:17.752000","2026-06-10T14:06:17.752000","69eb815a6faab5200f1325b9","carlohenrysanto@gmail.com","false"
"2026-06-10","Raimunda Soronha de Oliveira dos Reis","","false","12:00","69cab4acf9e6540401a079f2","13:00","Civil","agendado","6a296eea6da467e6ad0cd55f","2026-06-10T14:04:26.848000","2026-06-10T14:04:26.848000","69f0ed6a8aee7b0f624a8555","soronha.reis@gmail.com","false"
"2026-06-10","Carlos alexandre da costa ","","false","12:00","6a0cb0c2e3d9f640adbed26b","13:00","Civil","agendado","6a296ed760579e627e693107","2026-06-10T14:04:07.423000","2026-06-10T14:04:07.423000","6a0caf62f88ae28daf8dd133","xandy.x12@gmail.com","false"
"2026-06-10","Guilherme Alves de Souza Araújo","","false","12:00","69cab4aecb5fa9ca033f05e8","13:00","Civil","agendado","6a296df3d947af5350fbc936","2026-06-10T14:00:19.111000","2026-06-10T14:00:19.111000","69efb2548749b9622136a800","gui.araujo2207@gmail.com","false"
"2026-06-10","Jorge Luiz de Oliveira Matias","","false","15:00","69cab4e2c35c29533c905645","16:00","Civil","agendado","6a296cac222a8a714a91d68a","2026-06-10T13:54:52.071000","2026-06-10T13:54:52.071000","69f8e2fa7ba4c6c8eb1b7227","jorge.matias@discente.ufg.br","false"
"2026-06-10","Helder Lieberenz Camilo","","false","16:00","6a28490940b20bf445d77ea6","17:00","Civil","agendado","6a296a9fb65f91ae1e0be28c","2026-06-10T13:46:07.594000","2026-06-10T13:46:07.594000","6a28488fb42e0b4d317ef9f5","heldersecami@gmail.com","false"
"2026-06-10","Laura Lula Ramos","","false","12:00","69cab4845646d7497cb9aa56","13:00","Civil","agendado","6a29693c348fc2902d2388af","2026-06-10T13:40:12.813000","2026-06-10T13:40:12.813000","69e8b3b1c23f02f059fbe05f","lauralular@gmail.com","false"
"2026-06-10","Sandra Francisca Bandeira ","","false","12:00","6a16ff021e7aed126219459f","13:00","Civil","agendado","6a2968e133940068cc76036d","2026-06-10T13:38:41.920000","2026-06-10T13:38:41.920000","6a0caf5d2f6ef5a33a3d14c9","sandrabandeira.adv@gmail.com","false"
"2026-06-10","Pâmella Batista Fernandez Silva ","","false","11:00","6a26c49fee808fe228bcbc9a","12:00","Civil","agendado","6a2968723365e99414cc84cf","2026-06-10T13:36:50.058000","2026-06-10T13:36:50.058000","69e8b3ae9b7ab425aa2ca160","fernandezpam52@gmail.com","false"
"2026-06-10","Jhonathan Hebert Pereira Souza Silva","","false","12:00","6a1f17c025cad254d07827e1","13:00","Civil","agendado","6a296700a05ec813848a990e","2026-06-10T13:30:40.220000","2026-06-10T13:30:40.220000","6a1f14cec59abaa5e126073b","jhonathan.silva@goias.gov.br","false"
"2026-06-11","Rafael Santana Marinho","","false","12:00","69cab53eac828741aaea5afd","13:00","Civil","agendado","6a29618540a0337602f29a56","2026-06-10T13:07:17.057000","2026-06-10T13:07:17.057000","69fb769eb6cc56e25e03373f","rflmarinho8@gmail.com","false"
"2026-06-10","Rafael Santana Marinho","","false","12:00","69cab53eac828741aaea5afd","13:00","Civil","agendado","6a2960a8aa446d2eaff527e2","2026-06-10T13:03:36.294000","2026-06-10T13:03:36.294000","69fb769eb6cc56e25e03373f","rflmarinho8@gmail.com","false"
"2026-06-10","Laura Fernandes Mendes","","false","11:00","69cab5540b51026b52fe7cb7","12:00","Civil","agendado","6a295e819c454fcb1048568b","2026-06-10T12:54:25.060000","2026-06-10T12:54:25.060000","69f8d50105e660849e08c5f6","mendes.ferlaura@gmail.com","false"
"2026-06-10","Paloma Leal Frazão","","false","11:00","6a05cb2bf126cffdabe7fbfa","12:00","Civil","agendado","6a295abcdc20dd36bf8cedb4","2026-06-10T12:38:20.489000","2026-06-10T12:38:20.489000","69eb7148469c445c29813e58","palomalfrazao@gmail.com","false"
"2026-06-10","Isabela Arantes Mota","","false","11:00","69cab4e1f0a4c74ea03ff22a","12:00","Civil","agendado","6a29509e2a579856abc958b3","2026-06-10T11:55:10.022000","2026-06-10T11:55:10.022000","6a0caf5b87efa41f555a0b3c","arantesmotaisabela@gmail.com","false"
"2026-06-11","samuel da costa oliveira","","false","08:00","6a283ca8e24218a67bcb7414","09:00","Civil","agendado","6a29500381515247ed829946","2026-06-10T11:52:35.648000","2026-06-10T11:52:35.648000","6a27030a707a4b92e0085b31","samuca1098costa@gmail.com","false"
"2026-06-10","Raphael de Lima Carvalho Moraes","","false","13:00","69cab4ee1d5dca09ed497c22","14:00","Civil","agendado","6a294e363d6d5e525dd405b6","2026-06-10T11:44:54.291000","2026-06-10T11:44:54.291000","69f243fdfed1f188950d4989","raphaelmoraes019@gmail.com","false"
"2026-06-10","Hiana Caroline dos Santos Freitas ","","false","12:00","6a199925ea037f3517301539","13:00","Civil","agendado","6a294d7de240895bb05be76f","2026-06-10T11:41:49.889000","2026-06-10T11:41:49.889000","6a199892b8eaf54685d729c5","hianacarolinecivil@gmail.com","false"
"2026-06-10","Paulo Sérgio da Silva Lobo","","false","12:00","69cab4e3c3a97d05a892dabe","13:00","Civil","agendado","6a29497abca6ab27d38f6b26","2026-06-10T11:24:42.775000","2026-06-10T11:24:42.775000","6a1f14ca9d86f5520fc72468","pauloloboquimico@gmail.com","false"
"2026-06-11","Lia Rodrigues de Oliveira","","false","13:00","69cab4a03ab6550526927a0e","14:00","Civil","agendado","6a29493ffc2127272e625647","2026-06-10T11:23:43.234000","2026-06-10T11:23:43.234000","69eb7138fbc3eca467b8986b","liarodriguesoliveira30@gmail.com","false"
"2026-06-10","Jaqueline Basílio de Oliveira","","false","13:00","69f251eb95fc95ce8a1deca1","14:00","Civil","agendado","6a2948e5015ecbbc9099ce1d","2026-06-10T11:22:13.147000","2026-06-10T11:22:13.147000","69f2515f3caf2db8610694b6","jaquelliny20@hotmail.com","false"
"2026-06-10","Isidoro Tavares Rosa","","false","12:00","69cab4a035089c731a4647af","13:00","Civil","agendado","6a294548beef910062787f2e","2026-06-10T11:06:48.213000","2026-06-10T11:06:48.213000","69e8b3e556cb0efc368cf481","isidorotrti@gmail.com","false"
"2026-06-10","Jhulli Êmily Martins Nunes","","false","13:00","69cab48cce1c3df3215b2752","14:00","Civil","agendado","6a2943f982b77886a8cb3873","2026-06-10T11:01:13.790000","2026-06-10T11:01:13.790000","69e8b3e6578c929cf94963e6","jhulliemily2014@gmail.com","false"
"2026-06-10","Diêssa Pontes Cruz","","false","08:00","69cab547bd2926025f139df4","09:00","Civil","agendado","6a293fa398a317b5d9936bf5","2026-06-10T10:42:43.739000","2026-06-10T12:18:59.247000","69e8b41d874d2bd5ad2a947f","diessacruz@gmail.com","false"
"2026-06-11","Márcia de Araújo Gontijo","","false","07:00","69cab4fa6634febf001eb740","08:00","Civil","agendado","6a293c7f68817a19b6e449f0","2026-06-10T10:29:19.295000","2026-06-11T11:08:19.807000","69fe28955bf56f9dc34635d2","marciagontijoadv@gmail.com","false"
"2026-06-10","Lázara Tatiana Pereira de Lima","","false","16:00","69cab5409b141921d6a9bac9","17:00","Civil","agendado","6a2935e428c8d047082eb7c0","2026-06-10T10:01:08.118000","2026-06-10T10:01:08.118000","69e8b3d7f0a0a48eb1af80d9","sesmt.publico@gmail.com","false"
"2026-06-11","Léa Rosane Barcelos","","false","11:00","69cab555f127d1812d9c958f","12:00","Civil","agendado","6a2934bf9459024e4fbb092b","2026-06-10T09:56:15.774000","2026-06-10T09:56:15.774000","69eb7145a368132a1e810354","learosane@gmail.com","false"
"2026-06-10","Luana Cristina Vieira dos Santos ","","false","11:00","69f3405ca624697043cf5b08","12:00","Civil","agendado","6a29342147eaeedacc855954","2026-06-10T09:53:37.653000","2026-06-10T09:53:37.653000","69f24dcef9aa003a39e36414","luana2015gyn@gmail.com","false"
"2026-06-11","Laura Lula Ramos","","false","11:00","69cab4845646d7497cb9aa56","12:00","Civil","agendado","6a291c7d8ffd7c7a97ec902f","2026-06-10T08:12:45.097000","2026-06-10T08:12:45.097000","69e8b3b1c23f02f059fbe05f","lauralular@gmail.com","false"
"2026-06-10","MAICON DOUGLAS GOMES RODRIGUES","","false","12:00","6a1495a104b49b3be78f3da3","13:00","Civil","agendado","6a289cd5a87c8cd49bc86edd","2026-06-09T23:08:05.675000","2026-06-09T23:08:05.675000","69e8b3c64ccd45857400c131","douglasgynn1@gmail.com","false"
"2026-06-10","Carlos Antônio Madalena","","false","07:00","69f1fbd2b1d8f827f1014b85","08:00","Civil","agendado","6a289b0500edb2064f6a0bed","2026-06-09T23:00:21.007000","2026-06-09T23:00:21.007000","69f1eb66214b21fd581ce36b","advgcarlosmadalena@gmail.com","false"
"2026-06-09","Jhonathan Hebert Pereira Souza Silva","","false","20:00","6a1f17c025cad254d07827e1","21:00","Civil","agendado","6a288d5d590846d29e0a2d05","2026-06-09T22:02:05.779000","2026-06-09T22:02:05.779000","6a1f14cec59abaa5e126073b","jhonathan.silva@goias.gov.br","false"
"2026-06-09","Isabella Maria Londe Sampaio","","false","18:00","6a032b0fa526d01f6d3ef8fb","19:00","Civil","agendado","6a287b9fb1fdaf88ae223e4f","2026-06-09T20:46:23.581000","2026-06-09T20:46:23.581000","6a035c60907e0c31ea51ed55","londefotografia@gmail.com","false"
"2026-06-09","José Porto França Neto","","false","18:00","69cab51cf59bbda43a5c5d57","19:00","Civil","agendado","6a28783109f9ed75389670fd","2026-06-09T20:31:45.858000","2026-06-09T20:31:45.858000","69eb712c92a6132bbc608daf","portobritto@gmail.com","false"
"2026-06-09","Anna Luisa Jaques M. M.","","false","18:00","6a109317aa9da3732c8032aa","19:00","Civil","agendado","6a28725c6edd9470afb204d2","2026-06-09T20:06:52.125000","2026-06-09T20:06:52.125000","6a1067037b827259e11eea8c","anninhajaques@gmail.com","false"
"2026-06-10","LAINE SOUZA LANDIN CARDOSO","","false","07:00","6a16ecc046adce93104edc2a","08:00","Civil","agendado","6a28717842054cb1debbee3c","2026-06-09T20:03:04.144000","2026-06-09T20:03:04.144000","6a10a6ce0062e7cb36b6737e","lainelandin@gmail.com","false"
"2026-06-09","Douglas Fleury Parreira Barros","","false","17:00","69cab49ee29fe8dc7e61491a","18:00","Civil","agendado","6a2870389126df212eea81d9","2026-06-09T19:57:44.699000","2026-06-09T19:57:44.699000","69e8b40f9b7ab425aa2ca185","douglas.fleury@gmail.com","false"
"2026-06-10","Joelma Maria Lopes","","false","15:00","69cab4862de13ff6fe9e683c","16:00","Civil","agendado","6a286ea0b5751a24f484220c","2026-06-09T19:50:56.709000","2026-06-09T19:50:56.709000","69fc8834a5e1e393ab79c311","joelma.arthur@gmail.com","false"
"2026-06-09","Antonino Batista Júnior","","false","17:00","69cab53d8efef97e8a0f03b3","18:00","Civil","agendado","6a286dca364998d43e122692","2026-06-09T19:47:22.726000","2026-06-09T19:47:22.726000","69e8b3ceaa15a6de33954e67","antoninobj@gmail.com","false"
"2026-06-09","Henrique Hideaki Matsutani","","false","17:00","69cab518038f3fca852b8f1b","18:00","Civil","agendado","6a286d0467734311ac33ee1f","2026-06-09T19:44:04.122000","2026-06-09T19:44:04.122000","69eb71284e1e0f50e35a8fd2","hideakimatsutani@gmail.com","false"
"2026-06-09","Camila Araújo da Silva Camargo ","","false","18:00","6a1f18c59f142977ff6acbcc","19:00","Civil","agendado","6a286beaab13285f8e504b49","2026-06-09T19:39:22.589000","2026-06-09T19:39:22.589000","6a1edae1ec39cbeae99f36a2","camila20araujo17@gmail.com","false"
"2026-06-09","Yasmin Medeiros de Oliveira","","false","17:00","69cab4ef4a0411830b859b44","18:00","Civil","agendado","6a2868bfb437e467354374e3","2026-06-09T19:25:51.607000","2026-06-09T19:25:51.607000","6a103a63f80a4bf1ed8e6c76","yasmin.meira.265@gmail.com","false"
"2026-06-09","Karla Correia Mendes","","false","17:00","69cab4850c384307831324d8","18:00","Civil","agendado","6a2862df7561e7526daba347","2026-06-09T19:00:47.665000","2026-06-09T19:00:47.665000","69f0ab75971b3976ef33a57d","karlamendes1406@gmail.com","false"
"2026-06-10","Gilvan José Meireles","","false","13:00","69cab51df127d1812d9c9585","14:00","Civil","agendado","6a2861baab5f796ff4451499","2026-06-09T18:55:54.066000","2026-06-09T18:55:54.066000","69eb7152f8692d6e4f8926c5","gil-van-jose@hotmail.com","false"
"2026-06-10","Sandy Gonçalves Santana","","false","18:00","69cab4b251341c5e34b04b2e","19:00","Civil","agendado","6a285c8beda43d6bd636e792","2026-06-09T18:33:47.544000","2026-06-09T18:33:47.544000","69eb712609a3ab9ccffc1d90","sanderas.sgs@gmail.com","false"
"2026-06-11","Edirene Silva Mendes","","false","07:00","69cab53444dabb56e3aef606","08:00","Civil","agendado","6a285bbea104430d75a0beeb","2026-06-09T18:30:22.160000","2026-06-11T11:08:00.249000","6a28493ca016db521dd332b1","edirenemendes909@gmail.com","false"
"2026-06-10","Edirene Silva Mendes","","false","07:00","69cab53444dabb56e3aef606","08:00","Civil","agendado","6a285bb375ba36cec4106dc8","2026-06-09T18:30:11.510000","2026-06-10T11:06:28.623000","6a28493ca016db521dd332b1","edirenemendes909@gmail.com","false"
"2026-06-10","Leidina Rosa dos Santos","","false","18:00","6a26c831f387ae3b671d24b0","19:00","Civil","agendado","6a284c3c303398e629419f65","2026-06-09T17:24:12.036000","2026-06-09T17:24:12.036000","6a26c3b9cff7bcba4b66e5d9","leidinasantos@gmail.com","false"
"2026-06-09","Helder Lieberenz Camilo","","false","17:00","6a28490940b20bf445d77ea6","18:00","Civil","agendado","6a284b0cd12acd3741658674","2026-06-09T17:19:08.543000","2026-06-09T17:19:08.543000","6a28488fb42e0b4d317ef9f5","heldersecami@gmail.com","false"
"2026-06-11","Elisnara Gerstrudes da Costa e Silva ","","false","11:00","6a281e2dfb548e50d1e17ecd","12:00","Civil","agendado","6a28498945f3229191be37ab","2026-06-09T17:12:41.664000","2026-06-09T17:12:41.664000","6a281b55d71320017656d360","elisnaracostta@gmail.com","false"
"2026-06-09","Sophia Lannah Beatriz Ferreira de Sousa","","false","18:00","69cab498f494b0e0a3a2252c","19:00","Civil","agendado","6a2848fdb100bda382a28d69","2026-06-09T17:10:21.881000","2026-06-09T17:10:21.881000","69e8b3e3ed8dfc592768740f","sophialannah123@gmail.com","false"
"2026-06-09","Tatiane Ferreira e Silva Medeiros","","false","17:00","69cab4ae71c685e9f60324a3","18:00","Civil","agendado","6a2847b3ea36ce5a8c64b279","2026-06-09T17:04:51.125000","2026-06-09T17:04:51.125000","69f0a7979080024735454f5b","tatianefsm2000@gmail.com","false"
"2026-06-10","Indiara Porfírio Ribeiro","","false","15:00","69cab48c17c5690cf3d30c6d","16:00","Civil","agendado","6a28423bf8e0e32d8ce4b230","2026-06-09T16:41:31.777000","2026-06-09T16:41:31.777000","69e8b3bf55bcfeb78675459e","indiarajujuba@gmail.com","false"
"2026-06-09","Daniel Vitor Naves Vieira","","false","16:00","69cab4b792bdf3f0285bbd65","17:00","Civil","agendado","6a283df9e5d89ce8e07a505e","2026-06-09T16:23:21.208000","2026-06-09T16:23:21.208000","6a0c51d9414a3f25e668970e","dvitor68@gmail.com","false"
"2026-06-09","Giovanna Alves Guardiere ","","false","17:00","69fc846f76670092689fba5b","18:00","Civil","agendado","6a283c52ec50e3a186429546","2026-06-09T16:16:18.561000","2026-06-09T16:16:18.561000","69f3a2bdd479a05ce50eb8df","giovannaalves978@gmail.com","false"
"2026-06-11","Delma Maria Guimaraes","","false","11:00","69cab4bb4badc9d3592723d2","12:00","Civil","agendado","6a2838f3e4371ee3ef7b9799","2026-06-09T16:01:55.267000","2026-06-09T16:01:55.267000","69f0e717c3c33b89a2f9e02a","delmagui333@gmail.com","false"
"2026-06-10","Matheus Oliveira Timoteo ","","false","11:00","6a15d6bf895510a04628e9e5","12:00","Civil","agendado","6a2835f30b54f815498d0d62","2026-06-09T15:49:07.207000","2026-06-09T15:49:07.207000","69eb9fecf7d07564929ed82e","mathubaixista@gmail.com","false"
"2026-06-09","Nilton Barbosa Coelho","","false","13:00","69cab49682d361e5e28db07c","14:00","Civil","agendado","6a283412c9f0f4d128b00036","2026-06-09T15:41:06.385000","2026-06-09T15:41:06.385000","69e8b3b4c17154e6b5f73e0c","nilton.sead@gmail.com","false"
"2026-06-09","Vanessa Ferreira de Oliveira","","false","14:00","69cab4e3eddee6987dc1c711","15:00","Civil","agendado","6a2833cb32684f85650a3958","2026-06-09T15:39:55.711000","2026-06-09T15:39:55.711000","6a1d949ce6e13dcecedb709f","vanessaferdoli@gmail.com","false"
"2026-06-09","Nádya de Sá Almeida Costa Silva","","false","13:00","69cab48b36611447155e197c","14:00","Civil","agendado","6a2832f5bb20d4acc7ba6342","2026-06-09T15:36:21.201000","2026-06-09T15:36:21.201000","69f09cc40b09eba29a789e8a","eng.nadyasa@gmail.com","false"
"2026-06-11","Thays Rocha Leite","","false","11:00","69cab4bbaaffc414bef709af","12:00","Civil","agendado","6a2832462f790b01d7bd6303","2026-06-09T15:33:26.847000","2026-06-09T15:33:26.847000","69f88c68187fcd638dc76bbc","tha_rleite@hotmail.com","false"
"2026-06-09","Laura Fernandes Mendes","","false","16:00","69cab5540b51026b52fe7cb7","17:00","Civil","agendado","6a28312532d5d1f22d6e908e","2026-06-09T15:28:37.634000","2026-06-09T15:28:37.634000","69f8d50105e660849e08c5f6","mendes.ferlaura@gmail.com","false"
"2026-06-11","Helder Raimundo de Moraes","","false","12:00","69cab4fa68d464d95240f98b","13:00","Civil","agendado","6a282ec14487d948def777f9","2026-06-09T15:18:25.241000","2026-06-09T15:18:25.241000","69f0b98c8ab0e5fe3945ffd5","hmoraes74@gmail.com","false"
"2026-06-09","Raniery Morais Miranda","","false","13:00","69cab5298bf415ccbaf69560","14:00","Civil","agendado","6a282c31aedc1b8f741d9593","2026-06-09T15:07:29.027000","2026-06-09T15:07:29.027000","69eb7130c8c6a653226322d0","mirandaraniery@gmail.com","false"
"2026-06-09","Rafael Santana Marinho","","false","13:00","69cab53eac828741aaea5afd","14:00","Civil","agendado","6a282ade464a9a059390e205","2026-06-09T15:01:50.290000","2026-06-09T15:01:50.290000","69fb769eb6cc56e25e03373f","rflmarinho8@gmail.com","false"
"2026-06-09","Felipe Junqueira Mariano","","false","18:00","69cab4fa2f92da87a7de44b0","19:00","Civil","agendado","6a2829f5979da42bdb5d92bd","2026-06-09T14:57:57.335000","2026-06-09T14:57:57.335000","6a045784a0d5f992481b9d74","felipejmarianor@gmail.com","false"
"2026-06-09","Raphael de Lima Carvalho Moraes","","false","13:00","69cab4ee1d5dca09ed497c22","14:00","Civil","agendado","6a28299f0c7bfb09edfd415d","2026-06-09T14:56:31.532000","2026-06-09T14:56:31.532000","69f243fdfed1f188950d4989","raphaelmoraes019@gmail.com","false"
"2026-06-09","Ismael José dos Santos Filho","","false","12:00","69cab50d46c2a710ba93c1d4","13:00","Civil","agendado","6a28299a85a97302f4fffe47","2026-06-09T14:56:26.484000","2026-06-09T14:56:26.484000","69eb714b124295d4decc3504","ismaelfilho.adv@gmail.com","false"
"2026-06-10","Mariana Albino da Silva","","false","07:00","69cab485b105230925053def","08:00","Civil","agendado","6a282855f225e9cd42109e4d","2026-06-09T14:51:01.442000","2026-06-09T14:51:01.442000","69f1eb6197b49acac81ad46a","mariana.albinosilva85@gmail.com","false"
"2026-06-10","Marcia da Silva Coutinho","","false","13:00","69cab53186a8212571cbebfa","14:00","Civil","agendado","6a282752ac0be3ba4b32fbcd","2026-06-09T14:46:42.102000","2026-06-09T14:46:42.102000","69f1eb6d936f80ebdd9a578e","marcinhacoutinho.foto@gmail.com","false"
"2026-06-09","Marcia da Silva Coutinho","","false","13:00","69cab53186a8212571cbebfa","14:00","Civil","agendado","6a2827444b6127bfcc4f4f39","2026-06-09T14:46:28.461000","2026-06-09T14:46:28.461000","69f1eb6d936f80ebdd9a578e","marcinhacoutinho.foto@gmail.com","false"
"2026-06-09","Lucas Façanha de Oliveira Carvalho","","false","12:00","69cab53f95aecd6313a1094a","13:00","Civil","agendado","6a2819ecac6a215ccaa43d65","2026-06-09T13:49:32.532000","2026-06-09T13:49:32.532000","69e8b3d9db2701e07f3d9515","lucasoliveira.ifam@gmail.com","false"
"2026-06-09","Lucas Gabriel Souza Ribeiro","","false","11:00","69cab532ba0b7b3f017ab3af","12:00","Civil","agendado","6a2818a3f79ed2c913cdfcbc","2026-06-09T13:44:03.162000","2026-06-09T13:44:03.162000","69e8b3da0727cf73320d3bc0","lucasgabrielsouzaribeiro@gmail.com","false"
"2026-06-09","Thaís Teixeira Santos","","false","12:00","69cab5274f3dd1b5956201e6","13:00","Civil","agendado","6a2817d22cc343effe45499a","2026-06-09T13:40:34.811000","2026-06-09T13:40:34.811000","6a0caf640170db9a69a7bebd","thais.sejuv@gmail.com","false"
"2026-06-10","Guilherme Lima de Sena","","false","18:00","69cab51d8bf415ccbaf6955b","19:00","Civil","faltou","6a2816a6753cd16326d83a61","2026-06-09T13:35:34.393000","2026-06-10T22:00:41.899000","69f8d5070e6979860429cfd6","guisenna73@gmail.com","false"
"2026-06-09","Guilherme Lima de Sena","","false","18:00","69cab51d8bf415ccbaf6955b","19:00","Civil","agendado","6a28169b6e1a5b23e0588cff","2026-06-09T13:35:23.229000","2026-06-09T13:35:23.229000","69f8d5070e6979860429cfd6","guisenna73@gmail.com","false"
"2026-06-09","Breno Manoel de Freitas ","","false","16:00","6a0cb324fe02d307baa470e9","17:00","Civil","agendado","6a28168a1a58a2d1ad5b7933","2026-06-09T13:35:06.063000","2026-06-09T13:35:06.063000","6a0caf5e016057c6f1d41744","brenofreitas12@gmail.com","false"
"2026-06-09","Hiana Caroline dos Santos Freitas ","","false","12:00","6a199925ea037f3517301539","13:00","Civil","agendado","6a2812eb072c66a40e1b0b9c","2026-06-09T13:19:39.431000","2026-06-09T13:19:39.431000","6a199892b8eaf54685d729c5","hianacarolinecivil@gmail.com","false"
"2026-06-09","Débora Maia Escher dos Santos","","false","11:00","69fc8102efce393880145d94","12:00","Civil","agendado","6a28109f23d2846f1f20f776","2026-06-09T13:09:51.165000","2026-06-09T13:09:51.165000","69fb76a1a9859e54ff79cc1b","deboraescher19@gmail.com","false"
"2026-06-09","Talíta Maria Carvalho de Lima ","","false","12:00","6a1093b55c869df7da1218e1","13:00","Civil","agendado","6a280f6045e3cc3fb75dc472","2026-06-09T13:04:32.609000","2026-06-09T13:04:32.609000","6a10924dc377ea5adc55fbdc","ttalitalima@gmail.com","false"
"2026-06-09","Paulo Henrique Nunes da Silva Araújo","","false","11:00","69cab4a2f74af4c7f98e624b","12:00","Civil","agendado","6a280f157505697a0a0851aa","2026-06-09T13:03:17.890000","2026-06-09T13:03:17.890000","69e8b3a96c5e364f790390bf","paulonv70@gmail.com","false"
"2026-06-09","Carolina Assis Silva","","false","12:00","69cab528f140868323584a5f","13:00","Civil","agendado","6a280f09aa8eda544ccca185","2026-06-09T13:03:05.409000","2026-06-09T13:03:05.409000","6a047b2155dbffe1bf6746cf","carolasullivan5@gmail.com","false"
"2026-06-09","Jorge Luiz de Oliveira Matias","","false","16:00","69cab4e2c35c29533c905645","17:00","Civil","faltou","6a280ecb5ff525a9ed895174","2026-06-09T13:02:03.678000","2026-06-09T20:03:48.586000","69f8e2fa7ba4c6c8eb1b7227","jorge.matias@discente.ufg.br","false"
"2026-06-09","Ana Paula Moreira Rodrigues","","false","17:00","6a04bf891172d29085e72723","18:00","Civil","agendado","6a280b48cda83e4e641d833b","2026-06-09T12:47:04.280000","2026-06-09T12:47:04.280000","6a04bf283d7914722c5697df","anaromoreira@gmail.com","false"
"2026-06-10","Andrea Gonçalves Fonseca","","false","07:00","69cab51d1406725f35a35aea","08:00","Civil","agendado","6a280aafbc63e7b320af1616","2026-06-09T12:44:31.157000","2026-06-10T11:06:38.475000","6a0caf6101940cd03cbfc270","andreagyn2020@gmail.com","false"
"2026-06-09","Raimunda Soronha de Oliveira dos Reis","","false","12:00","69cab4acf9e6540401a079f2","13:00","Civil","agendado","6a280a6bc9541d995ece9fb9","2026-06-09T12:43:23.791000","2026-06-09T12:43:23.791000","69f0ed6a8aee7b0f624a8555","soronha.reis@gmail.com","false"
"2026-06-09","Hérika Pabline Lima Veras","","false","17:00","6a15d611390b03b5280412b4","18:00","Civil","agendado","6a2807d8acc0ecf680418c44","2026-06-09T12:32:24.583000","2026-06-09T12:32:24.583000","6a15cb855ddae0a12bbc417c","herikapabline@gmail.com","false"
"2026-06-11","André Fonseca Pinto Osorio","","false","08:00","69cab498a17506f70c6237c3","09:00","Civil","agendado","6a280793e3aa04cbec5102db","2026-06-09T12:31:15.110000","2026-06-09T12:31:15.110000","69eb7124b260ea0371181af3","andreosorio10@gmail.com","false"
"2026-06-09","Thiago Marques Leão","","false","12:00","69cab49382a748187c66ec50","13:00","Civil","agendado","6a280711144508d6f80b5f36","2026-06-09T12:29:05.232000","2026-06-09T12:29:05.232000","69e8b3a39df58dcdca94d144","thiagomarquesleao@gmail.com","false"
"2026-06-09","Natalya Rodrigues Pereira","","false","18:00","69cab4965bbd1a25efdeafad","19:00","Civil","agendado","6a2805f7ae77fdd5dcdcb5f2","2026-06-09T12:24:23.549000","2026-06-09T12:24:23.549000","6a0c58b654f54b7a89655155","natalyarodrigues174@gmail.com","false"
"2026-06-10","Daniel Carlos dos Reis","","false","08:00","69efb877f2a849baa2f1590f","09:00","Civil","agendado","6a28000ca0c8a0026b9cd304","2026-06-09T11:59:08.220000","2026-06-10T13:34:05.875000","69e8b3dcffadf846c595fa0c","danielreis0211@gmail.com","false"
"2026-06-09","Isabela Arantes Mota","","false","11:00","69cab4e1f0a4c74ea03ff22a","12:00","Civil","agendado","6a27fe0e9a47a07a4ad4e923","2026-06-09T11:50:38.624000","2026-06-09T11:50:38.624000","6a0caf5b87efa41f555a0b3c","arantesmotaisabela@gmail.com","false"
"2026-06-09","Marcio Junio Rodrigues de Freitas","","false","13:00","69cab4fdb65777e18fa16281","14:00","Civil","agendado","6a27fdf3e60b48521f5cb05c","2026-06-09T11:50:11.744000","2026-06-09T11:50:11.744000","69e8b3cb227404cd41911786","marciosoriso@gmail.com","false"
"2026-06-09","jhonatas dos santos lima","","false","12:00","69f35624d42a7a848cf80522","13:00","Civil","agendado","6a27fa4bdf7f274564d2d260","2026-06-09T11:34:35.233000","2026-06-09T11:34:35.233000","69eb712a2f920804f5d6e002","jhonatasvideira@gmail.com","false"
"2026-06-09","Paulo Sérgio da Silva Lobo","","false","12:00","69cab4e3c3a97d05a892dabe","13:00","Civil","agendado","6a27f586849ab2df5c63b89d","2026-06-09T11:14:14.673000","2026-06-09T11:14:14.673000","6a1f14ca9d86f5520fc72468","pauloloboquimico@gmail.com","false"
"2026-06-10","Thayane Cristina Tavares da Silva","","false","19:00","69efa4149a982f6976102820","20:00","Civil","agendado","6a27f4aea68697b127f20125","2026-06-09T11:10:38.168000","2026-06-09T11:10:38.168000","69e8b3ac72ff58fcfafa20b1","cristinathco@gmail.com","false"
"2026-06-09","Marcos Aurélio Araújo da Silva Barros ","","false","11:00","6a05ca7c3ec8d849572a717b","12:00","Civil","agendado","6a27f2cf177cdd647c4cb40d","2026-06-09T11:02:39.404000","2026-06-09T11:02:39.404000","6a05c9220348c55fa04c5d95","marcosaraujobarros1508@gmail.com","false"
"2026-06-09","Indiara Porfírio Ribeiro","","false","16:00","69cab48c17c5690cf3d30c6d","17:00","Civil","agendado","6a27f109a267eb7134ad1a65","2026-06-09T10:55:05.249000","2026-06-09T10:55:05.249000","69e8b3bf55bcfeb78675459e","indiarajujuba@gmail.com","false"
"2026-06-09","Luana Cristina Vieira dos Santos ","","false","11:00","69f3405ca624697043cf5b08","12:00","Civil","agendado","6a27ebfe2f2686f52d0f8798","2026-06-09T10:33:34.407000","2026-06-09T10:33:34.407000","69f24dcef9aa003a39e36414","luana2015gyn@gmail.com","false"
"2026-06-10","Léa Rosane Barcelos","","false","11:00","69cab555f127d1812d9c958f","12:00","Civil","agendado","6a27e74d42effe774dc8a7d9","2026-06-09T10:13:33.968000","2026-06-09T10:13:33.968000","69eb7145a368132a1e810354","learosane@gmail.com","false"
"2026-06-09","Patrícia Gomes Fleuri Cunha","","false","07:00","6a103b0bb218f6109a5263e2","08:00","Civil","agendado","6a27d718e53a04dfc1adc687","2026-06-09T09:04:24.654000","2026-06-09T09:04:24.654000","6a0caf6598b093e0931ff6a8","patricia.cunha@goias.gov.br","false"
"2026-06-09","Danilo de Sousa Prado","","false","08:00","69cab49fb9d3a0623eb94b4a","09:00","Civil","agendado","6a278321fdda61b9a0b2066e","2026-06-09T03:06:09.427000","2026-06-09T03:06:09.427000","69d3fe53345c29f351310df5","daniloprado.mat@gmail.com","false"
"2026-06-09","Mariana Albino da Silva","","false","07:00","69cab485b105230925053def","08:00","Civil","agendado","6a27794e0ac41cd9641f02f1","2026-06-09T02:24:14.492000","2026-06-09T02:24:14.492000","69f1eb6197b49acac81ad46a","mariana.albinosilva85@gmail.com","false"
"2026-06-09","Thayane Cristina Tavares da Silva","","false","19:00","69efa4149a982f6976102820","20:00","Civil","agendado","6a2726eb371bd358491f5669","2026-06-08T20:32:43.201000","2026-06-08T20:32:43.201000","69e8b3ac72ff58fcfafa20b1","cristinathco@gmail.com","false"
"2026-06-08","Thayane Cristina Tavares da Silva","","false","19:00","69efa4149a982f6976102820","20:00","Civil","agendado","6a2726dc92aea6bc8c86688d","2026-06-08T20:32:28.782000","2026-06-08T20:32:28.782000","69e8b3ac72ff58fcfafa20b1","cristinathco@gmail.com","false"
"2026-06-09","Simone. Luzine Peixoto ","","false","07:00","6a1f207ab7d0ebfbfed88d62","08:00","Civil","agendado","6a271c7e4d9d311636a0ce01","2026-06-08T19:48:14.675000","2026-06-08T19:48:14.675000","6a1f14cf38f8bc785a9ad042","simoneluzine@gmail.com","false"
"2026-06-08","Anna Luisa Jaques M. M.","","false","17:00","6a109317aa9da3732c8032aa","18:00","Civil","agendado","6a271a7969fe43925f8dcfa4","2026-06-08T19:39:37.811000","2026-06-08T19:39:37.811000","6a1067037b827259e11eea8c","anninhajaques@gmail.com","false"
"2026-06-08","Raphael de Lima Carvalho Moraes","","false","17:00","69cab4ee1d5dca09ed497c22","18:00","Civil","agendado","6a27197b1edd0f903412ea70","2026-06-08T19:35:23.557000","2026-06-08T19:35:23.557000","69f243fdfed1f188950d4989","raphaelmoraes019@gmail.com","false"
"2026-06-09","Ana Clara Barbacena Camelo","","false","18:00","69cab496d430c0cf1dbd7e72","19:00","Civil","faltou","6a2716bd830ec382e76a5db9","2026-06-08T19:23:41.386000","2026-06-09T22:03:48.521000","69f0e732a32f7ffb33e50f1b","anaclarabarbacena@gmail.com","false"
"2026-06-09","Pâmella Batista Fernandez Silva ","","false","11:00","6a26c49fee808fe228bcbc9a","12:00","Civil","agendado","6a271535d7f365c8f07d4c1b","2026-06-08T19:17:09.545000","2026-06-08T19:17:09.545000","69e8b3ae9b7ab425aa2ca160","fernandezpam52@gmail.com","false"
"2026-06-09","Matheus Oliveira Timoteo ","","false","11:00","6a15d6bf895510a04628e9e5","12:00","Civil","agendado","6a271485929ef6c4f5dfa0fd","2026-06-08T19:14:13.111000","2026-06-08T19:14:13.111000","69eb9fecf7d07564929ed82e","mathubaixista@gmail.com","false"
"2026-06-09","Sallyan Vinhadeli Vasconcelos","","false","16:00","69cab48b4ae3b7f6a68fd706","17:00","Civil","agendado","6a2710eedde5d8676e627db2","2026-06-08T18:58:54.007000","2026-06-08T18:58:54.007000","69f1fc7d5180372f8b56f510","sallyanv@gmail.com","false"
"2026-06-10","Denis de Oliveira Coelho Junior","","false","12:00","6a1f186adb12b641e45a82e8","13:00","Civil","agendado","6a270ba704fa6b9ba68381ab","2026-06-08T18:36:23.947000","2026-06-08T18:36:23.947000","6a1edae97465ea179d7b330c","deenisjunioor@gmail.com","false"
"2026-06-09","Denis de Oliveira Coelho Junior","","false","12:00","6a1f186adb12b641e45a82e8","13:00","Civil","agendado","6a270b93644419371acde507","2026-06-08T18:36:03.453000","2026-06-08T18:36:03.453000","6a1edae97465ea179d7b330c","deenisjunioor@gmail.com","false"
"2026-06-09","Gabriele Batista","","false","17:00","69cab4e300553dca6de39a7f","18:00","Civil","agendado","6a270933a4c931006664ac81","2026-06-08T18:25:55.169000","2026-06-08T18:25:55.169000","69f8d5031b4731838f3aa4db","gabrielecastro01@gmail.com","false"
"2026-06-08","Gabriele Batista","","false","17:00","69cab4e300553dca6de39a7f","18:00","Civil","agendado","6a27092bfe917201c32be634","2026-06-08T18:25:47.286000","2026-06-08T18:25:47.286000","69f8d5031b4731838f3aa4db","gabrielecastro01@gmail.com","false"
"2026-06-09","Ronaldo Costa Fernandes Silveira","","false","11:00","69cab50ec82236d9d8a777b4","12:00","Civil","agendado","6a270396b1e0373691fdfd4d","2026-06-08T18:01:58.217000","2026-06-08T18:01:58.217000","6a0caf604d1a53c971b1f7d8","ronaldocosta.fernandes@gmail.com","false"
"2026-06-08","Paulo Henrique Nunes da Silva Araújo","","false","16:00","69cab4a2f74af4c7f98e624b","17:00","Civil","agendado","6a270146663d0c59f4e9dc14","2026-06-08T17:52:06.302000","2026-06-08T17:52:06.302000","69e8b3a96c5e364f790390bf","paulonv70@gmail.com","false"
"2026-06-08","Karla Correia Mendes","","false","16:00","69cab4850c384307831324d8","17:00","Civil","agendado","6a27007d45bc92511fa3abf6","2026-06-08T17:48:45.479000","2026-06-08T17:48:45.479000","69f0ab75971b3976ef33a57d","karlamendes1406@gmail.com","false"
"2026-06-09","LAINE SOUZA LANDIN CARDOSO","","false","07:00","6a16ecc046adce93104edc2a","08:00","Civil","agendado","6a2700764902cc525e45a7d9","2026-06-08T17:48:38.449000","2026-06-08T17:48:38.449000","6a10a6ce0062e7cb36b6737e","lainelandin@gmail.com","false"
"2026-06-09","Rafaela Franzoni Marques","","false","12:00","69f9cddf1e81ff14d278df5e","13:00","Civil","agendado","6a26fcd1c458485bc93ae617","2026-06-08T17:33:05.930000","2026-06-08T17:33:05.930000","69f8e2f80271cf78f7858d16","rafaelafranzoni@gmail.com","false"
"2026-06-09","Andrea Gonçalves Fonseca","","false","07:00","69cab51d1406725f35a35aea","08:00","Civil","agendado","6a26fcaea36035dfe2366e65","2026-06-08T17:32:30.343000","2026-06-08T17:32:30.343000","6a0caf6101940cd03cbfc270","andreagyn2020@gmail.com","false"
"2026-06-09","Umbelina Santana Ramos","","false","11:00","69cab52aca4d9c8a07cb419a","12:00","Civil","agendado","6a26fb8b8e58a014462e18d9","2026-06-08T17:27:39.569000","2026-06-08T17:27:39.569000","6a16f068b357802022f1ae94","umbelinasramos@gmail.com","false"
"2026-06-09","Daniela Sales Vecchi Tomazetti","","false","17:00","69cab4ee2f92da87a7de44ac","18:00","Civil","agendado","6a26fa03b93426c4ab772151","2026-06-08T17:21:07.915000","2026-06-08T17:21:07.915000","6a2066a0122e32a27e5ea870","dvecchi@gmail.com","false"
"2026-06-08","Vitor Hugo de Sousa Soares","","false","14:00","6a0f398f99b4529be22e7d03","15:00","Civil","agendado","6a26f2b28b8272b3de554e13","2026-06-08T16:49:54.160000","2026-06-08T18:13:09.054000","6a0f39110da6ca477f347af0","desousavitorhugo@gmail.com","false"
"2026-06-08","Nilton Barbosa Coelho","","false","17:00","69cab49682d361e5e28db07c","18:00","Civil","agendado","6a26ef2c72480236c7981e4c","2026-06-08T16:34:52.732000","2026-06-08T16:34:52.732000","69e8b3b4c17154e6b5f73e0c","nilton.sead@gmail.com","false"
"2026-06-08","Ádina Lorraíne Souza da Silva Coêlho","","false","17:00","69cab49326fbff187dc4d24d","18:00","Civil","agendado","6a26eed003ea1f0ce981666f","2026-06-08T16:33:20.332000","2026-06-08T16:33:20.332000","69e8b3bb5dd93ff3b5be8375","adinalorraine.bio@gmail.com","false"
"2026-06-08","Guilherme Alves de Souza Araújo","","false","17:00","69cab4aecb5fa9ca033f05e8","18:00","Civil","agendado","6a26e83caf0cbcf99fe94cac","2026-06-08T16:05:16.017000","2026-06-08T16:05:16.017000","69efb2548749b9622136a800","gui.araujo2207@gmail.com","false"
"2026-06-08","Camila Araújo da Silva Camargo ","","false","17:00","6a1f18c59f142977ff6acbcc","18:00","Civil","agendado","6a26e838835fed4fb08b4e8f","2026-06-08T16:05:12.058000","2026-06-08T16:05:12.058000","6a1edae1ec39cbeae99f36a2","camila20araujo17@gmail.com","false"
"2026-06-08","Sophia Lannah Beatriz Ferreira de Sousa","","false","13:00","69cab498f494b0e0a3a2252c","14:00","Civil","agendado","6a26e4ebd1cb5776ed210e52","2026-06-08T15:51:07.485000","2026-06-08T15:51:07.485000","69e8b3e3ed8dfc592768740f","sophialannah123@gmail.com","false"
"2026-06-08","jhonatas dos santos lima","","false","13:00","69f35624d42a7a848cf80522","14:00","Civil","agendado","6a26e43154d9865a7cd6fd51","2026-06-08T15:48:01.917000","2026-06-08T15:48:01.917000","69eb712a2f920804f5d6e002","jhonatasvideira@gmail.com","false"
"2026-06-08","Yasmin Medeiros de Oliveira","","false","17:00","69cab4ef4a0411830b859b44","18:00","Civil","agendado","6a26e371150892f8ab053648","2026-06-08T15:44:49.051000","2026-06-08T15:44:49.051000","6a103a63f80a4bf1ed8e6c76","yasmin.meira.265@gmail.com","false"
"2026-06-09","Laiz de Moraes Silva","","false","13:00","69cab4a6cb0eeca73fb0ea1f","14:00","Civil","agendado","6a26e33264309d9787ad3102","2026-06-08T15:43:46.575000","2026-06-08T15:43:46.575000","6a1985ff6640af2a5735033f","laiz.geaco@gmail.com","false"
"2026-06-09","Alda Pereira Ramos","","false","16:00","69cab4b14ac04518e466ae05","17:00","Civil","agendado","6a26dd7a8a117b562af4904a","2026-06-08T15:19:22.867000","2026-06-08T15:19:22.867000","6a199899d94349fd53fef6e6","haldapr@gmail.com","false"
"2026-06-09","Joelma Maria Lopes","","false","16:00","69cab4862de13ff6fe9e683c","17:00","Civil","agendado","6a26dce6ba583b94ae4ccb0e","2026-06-08T15:16:54.813000","2026-06-08T15:16:54.813000","69fc8834a5e1e393ab79c311","joelma.arthur@gmail.com","false"
"2026-06-10","Célia Maria da Silva Valadão","","false","11:00","6a0afdd882e5220f83455fbb","12:00","Civil","agendado","6a26dadc34b460d1609c1cb7","2026-06-08T15:08:12.322000","2026-06-08T15:08:12.322000","6a03223f9f250d7b5f325919","celia.valadao@goias.gov.br","false"
"2026-06-08","Thiago Marques Leão","","false","12:00","69cab49382a748187c66ec50","13:00","Civil","agendado","6a26d5dc5cf2380894738fe0","2026-06-08T14:46:52.149000","2026-06-08T14:46:52.149000","69e8b3a39df58dcdca94d144","thiagomarquesleao@gmail.com","false"
"2026-06-08","Rafaela Franzoni Marques","","false","12:00","69f9cddf1e81ff14d278df5e","13:00","Civil","agendado","6a26d0834e3108525eb7f6ce","2026-06-08T14:24:03.301000","2026-06-08T14:24:03.301000","69f8e2f80271cf78f7858d16","rafaelafranzoni@gmail.com","false"
"2026-06-09","Lia Rodrigues de Oliveira","","false","13:00","69cab4a03ab6550526927a0e","14:00","Civil","agendado","6a26d01bf132ea3cfb4ab1c8","2026-06-08T14:22:19.707000","2026-06-08T14:22:19.707000","69eb7138fbc3eca467b8986b","liarodriguesoliveira30@gmail.com","false"
"2026-06-08","Raynna Pereira Neves Barros","","false","12:00","69cab483bcb9efeb569c67e1","13:00","Civil","agendado","6a26cfc54dca2cde80d1a484","2026-06-08T14:20:53.480000","2026-06-08T14:20:53.480000","69f0aa040009751ec470fa8b","nevesraynna@gmail.com","false"
"2026-06-08","MAICON DOUGLAS GOMES RODRIGUES","","false","13:00","6a1495a104b49b3be78f3da3","14:00","Civil","agendado","6a26cf99f077542d5bb0f049","2026-06-08T14:20:09.933000","2026-06-08T14:20:09.933000","69e8b3c64ccd45857400c131","douglasgynn1@gmail.com","false"
"2026-06-08","Marcia da Silva Coutinho","","false","13:00","69cab53186a8212571cbebfa","14:00","Civil","agendado","6a26cedf28b5fa5f8ae15b79","2026-06-08T14:17:03.963000","2026-06-08T17:34:14.661000","69f1eb6d936f80ebdd9a578e","marcinhacoutinho.foto@gmail.com","false"
"2026-06-09","Marcos Lopes de Souza","","false","12:00","69cab4a6d886e77a5a0bd8f9","13:00","Civil","agendado","6a26c8c37306b3d5c47cd52a","2026-06-08T13:50:59.763000","2026-06-08T13:50:59.763000","69efccfae228f77c31effa3e","marcos.lsouza@goias.gov.br","false"
"2026-06-08","Marcos Lopes de Souza","","false","11:00","69cab4a6d886e77a5a0bd8f9","12:00","Civil","agendado","6a26c8a804c9fc7c1ae1b7c8","2026-06-08T13:50:32.803000","2026-06-08T13:50:32.803000","69efccfae228f77c31effa3e","marcos.lsouza@goias.gov.br","false"
"2026-06-08","Célia Maria da Silva Valadão","","false","11:00","6a0afdd882e5220f83455fbb","12:00","Civil","agendado","6a26c85bd1694d92e1510029","2026-06-08T13:49:15.316000","2026-06-08T13:49:15.316000","6a03223f9f250d7b5f325919","celia.valadao@goias.gov.br","false"
"2026-06-08","Ana Paula Moreira Rodrigues","","false","17:00","6a04bf891172d29085e72723","18:00","Civil","agendado","6a26c8019725beef9d467bdb","2026-06-08T13:47:45.357000","2026-06-08T13:47:45.357000","6a04bf283d7914722c5697df","anaromoreira@gmail.com","false"
"2026-06-08","Vanessa Ferreira de Oliveira","","false","13:00","69cab4e3eddee6987dc1c711","14:00","Civil","faltou","6a26c679f387ae3b671d2379","2026-06-08T13:41:13.236000","2026-06-08T17:03:49.449000","6a1d949ce6e13dcecedb709f","vanessaferdoli@gmail.com","false"
"2026-06-08","Carlos alexandre da costa ","","false","12:00","6a0cb0c2e3d9f640adbed26b","13:00","Civil","agendado","6a26c63ee36a15947e630216","2026-06-08T13:40:14.031000","2026-06-08T13:40:14.031000","6a0caf62f88ae28daf8dd133","xandy.x12@gmail.com","false"
"2026-06-08","Laura Fernandes Mendes","","false","11:00","69cab5540b51026b52fe7cb7","12:00","Civil","agendado","6a26c43d642c0b8715464587","2026-06-08T13:31:41.049000","2026-06-08T13:31:41.049000","69f8d50105e660849e08c5f6","mendes.ferlaura@gmail.com","false"
"2026-06-08","Isabela Arantes Mota","","false","11:00","69cab4e1f0a4c74ea03ff22a","12:00","Civil","agendado","6a26c2ab942e8858797208c1","2026-06-08T13:24:59.280000","2026-06-08T13:24:59.280000","6a0caf5b87efa41f555a0b3c","arantesmotaisabela@gmail.com","false"
"2026-06-08","Talíta Maria Carvalho de Lima ","","false","12:00","6a1093b55c869df7da1218e1","13:00","Civil","agendado","6a26c286087994e8b8e4cb26","2026-06-08T13:24:22.365000","2026-06-08T13:24:22.365000","6a10924dc377ea5adc55fbdc","ttalitalima@gmail.com","false"
"2026-06-08","Lucas Façanha de Oliveira Carvalho","","false","12:00","69cab53f95aecd6313a1094a","13:00","Civil","agendado","6a26c1240827fbc0b7695584","2026-06-08T13:18:28.255000","2026-06-08T13:18:28.255000","69e8b3d9db2701e07f3d9515","lucasoliveira.ifam@gmail.com","false"
"2026-06-08","Jhonathan Hebert Pereira Souza Silva","","false","17:00","6a1f17c025cad254d07827e1","18:00","Civil","agendado","6a26c0edfbd6f101ed6a66b6","2026-06-08T13:17:33.769000","2026-06-08T13:17:33.769000","6a1f14cec59abaa5e126073b","jhonathan.silva@goias.gov.br","false"
"2026-06-08","Raquel Caroline Ribeiro D e Lima","","false","11:00","69cab51b4b8ed336c11dff65","12:00","Civil","agendado","6a26c0df9e8c89f63f03e473","2026-06-08T13:17:19.356000","2026-06-08T13:17:19.356000","69fe289475c7fd5b9a27c574","raquelcribeiro.adv@gmail.com","false"
"2026-06-09","Cristina Maria Costa Prado","","false","17:00","69cab4a1625c88b62a9b4704","18:00","Civil","agendado","6a26c06e159ed32440b82862","2026-06-08T13:15:26.411000","2026-06-08T13:15:26.411000","69fb76a3ee52fc9de3d098e8","cristinamcosta.arq@gmail.com","false"
"2026-06-08","Jorge Luiz de Oliveira Matias","","false","16:00","69cab4e2c35c29533c905645","17:00","Civil","faltou","6a26bfe5634b62a8c7d44a30","2026-06-08T13:13:09.963000","2026-06-08T20:03:48.347000","69f8e2fa7ba4c6c8eb1b7227","jorge.matias@discente.ufg.br","false"
"2026-06-08","Thaís Teixeira Santos","","false","12:00","69cab5274f3dd1b5956201e6","13:00","Civil","agendado","6a26bf5daba4ad4e0aa77c3e","2026-06-08T13:10:53.326000","2026-06-08T13:10:53.326000","6a0caf640170db9a69a7bebd","thais.sejuv@gmail.com","false"
"2026-06-08","Maria Aparecida Carneiro de Mendonça","","false","17:00","69efb8d18f7abcfc7bc5e6e0","18:00","Civil","agendado","6a26bd6b3cfd3301c671ecc7","2026-06-08T13:02:35.278000","2026-06-08T13:02:35.278000","69f8d5047166a59dfa38211e","cidamacm@gmail.com","false"
"2026-06-08","Michelle Calisto Ferreira","","false","17:00","69cab497891322eb46e67534","18:00","Civil","agendado","6a26bd6a01aaa670bd336830","2026-06-08T13:02:34.633000","2026-06-08T13:02:34.633000","69e8b3bd3549f8bb642ed66f","gecat.secc@gmail.com","false"
"2026-06-08","Ismael José dos Santos Filho","","false","12:00","69cab50d46c2a710ba93c1d4","13:00","Civil","agendado","6a26bd48ec012b2eefb6423b","2026-06-08T13:02:00.089000","2026-06-08T13:02:00.089000","69eb714b124295d4decc3504","ismaelfilho.adv@gmail.com","false"
"2026-06-08","Felipe Junqueira Mariano","","false","12:00","69cab4fa2f92da87a7de44b0","13:00","Civil","agendado","6a26bac5535b5674458766ac","2026-06-08T12:51:17.077000","2026-06-08T12:51:17.077000","6a045784a0d5f992481b9d74","felipejmarianor@gmail.com","false"
"2026-06-09","Uerica Agapito Pereira","","false","12:00","69cab53f1d112c5a2797d789","13:00","Civil","agendado","6a26b73229dfe712ce036f96","2026-06-08T12:36:02.100000","2026-06-08T12:36:02.100000","69f09fd3ef3fe8e89a0d5919","uericaagapito.adv@gmail.com","false"
"2026-06-08","Uerica Agapito Pereira","","false","12:00","69cab53f1d112c5a2797d789","13:00","Civil","agendado","6a26b7285a189e19f1f46894","2026-06-08T12:35:52.323000","2026-06-08T12:35:52.323000","69f09fd3ef3fe8e89a0d5919","uericaagapito.adv@gmail.com","false"
"2026-06-08","Carlos Henrique Ferreira Santos","","false","12:00","69cab4ac0916e78eed2006b2","13:00","Civil","agendado","6a26b70130eba24f4c8c97c4","2026-06-08T12:35:13.617000","2026-06-08T12:35:13.617000","69eb815a6faab5200f1325b9","carlohenrysanto@gmail.com","false"
"2026-06-08","Guilherme Henrique Silva Costa","","false","18:00","69cab4a6d780b67cefdd205b","19:00","Civil","agendado","6a26b6af1c0e451ca9c61fb2","2026-06-08T12:33:51.379000","2026-06-08T12:33:51.379000","69f35391594eba71f28fb6ad","guilhermeembuscadoepeg@gmail.com","false"
"2026-06-08","Rafael Santana Marinho","","false","12:00","69cab53eac828741aaea5afd","13:00","Civil","agendado","6a26b65ab50a213c5e13c85a","2026-06-08T12:32:26.794000","2026-06-08T12:32:26.794000","69fb769eb6cc56e25e03373f","rflmarinho8@gmail.com","false"
"2026-06-08","Maria Águeda Silva","","false","12:00","6a0cb5ca9c2781a0ddd0e9d3","13:00","Civil","agendado","6a26b5432d955a29884c209f","2026-06-08T12:27:47.324000","2026-06-08T12:27:47.324000","6a0caf60ce38c927e233214b","mariaaguedas@gmail.com","false"
"2026-06-08","Paloma Leal Frazão","","false","12:00","6a05cb2bf126cffdabe7fbfa","13:00","Civil","agendado","6a26b46d7ab901d9b23d002e","2026-06-08T12:24:13.112000","2026-06-08T12:24:13.112000","69eb7148469c445c29813e58","palomalfrazao@gmail.com","false"
"2026-06-08","Natalya Rodrigues Pereira","","false","18:00","69cab4965bbd1a25efdeafad","19:00","Civil","agendado","6a26b2c87a843b3422ff4c6a","2026-06-08T12:17:12.586000","2026-06-08T12:17:12.586000","6a0c58b654f54b7a89655155","natalyarodrigues174@gmail.com","false"
"2026-06-08","Sandra Francisca Bandeira ","","false","12:00","6a16ff021e7aed126219459f","13:00","Civil","agendado","6a26b1fe66d91abbd01520ae","2026-06-08T12:13:50.412000","2026-06-08T12:13:50.412000","6a0caf5d2f6ef5a33a3d14c9","sandrabandeira.adv@gmail.com","false"
"2026-06-08","Nádya de Sá Almeida Costa Silva","","false","12:00","69cab48b36611447155e197c","13:00","Civil","agendado","6a26b148429864819a0e0f7f","2026-06-08T12:10:48.582000","2026-06-08T12:10:48.582000","69f09cc40b09eba29a789e8a","eng.nadyasa@gmail.com","false"
"2026-06-09","André Fonseca Pinto Osorio","","false","08:00","69cab498a17506f70c6237c3","09:00","Civil","agendado","6a26b0aa7c8f50281ba4a1d9","2026-06-08T12:08:10.830000","2026-06-08T12:08:10.830000","69eb7124b260ea0371181af3","andreosorio10@gmail.com","false"
"2026-06-09","Sandy Gonçalves Santana","","false","18:00","69cab4b251341c5e34b04b2e","19:00","Civil","agendado","6a26b048ed985ae494db7a28","2026-06-08T12:06:32.975000","2026-06-08T12:06:32.975000","69eb712609a3ab9ccffc1d90","sanderas.sgs@gmail.com","false"
"2026-06-08","Sandy Gonçalves Santana","","false","18:00","69cab4b251341c5e34b04b2e","19:00","Civil","agendado","6a26b02e805b9c0bfcaf9822","2026-06-08T12:06:06.910000","2026-06-08T12:06:06.910000","69eb712609a3ab9ccffc1d90","sanderas.sgs@gmail.com","false"
"2026-06-08","Mel Cardoso Souza","","false","11:00","69cab4844ae3b7f6a68fd705","12:00","Civil","agendado","6a26b00c4b5a8706f374b98d","2026-06-08T12:05:32.551000","2026-06-08T12:05:32.551000","69e8b3e718a06dc553782bd2","mel2005cardoso@gmail.com","false"
"2026-06-08","Taina Thome Freitas","","false","12:00","69cab4c771c685e9f60324aa","13:00","Civil","agendado","6a26aff300f49b914c101cd8","2026-06-08T12:05:07.091000","2026-06-08T12:05:07.091000","69e8b3a16f423e49e47411b4","taina.freitas@goias.gov.br","false"
"2026-06-09","ANNA KLARA MIRANDA TOBIAS","","false","07:00","6a26ac40eb84cf7fab5a719a","08:00","Civil","agendado","6a26ae012870aacb30ccba08","2026-06-08T11:56:49.224000","2026-06-08T11:56:49.224000","6a01c20a26bc4a721c9c5579","klaramiranda98@gmail.com","false"
"2026-06-09","Daniel Carlos dos Reis","","false","18:00","69efb877f2a849baa2f1590f","19:00","Civil","agendado","6a26aa9a1732509ca149f076","2026-06-08T11:42:18.631000","2026-06-08T11:42:18.631000","69e8b3dcffadf846c595fa0c","danielreis0211@gmail.com","false"
"2026-06-08","Isidoro Tavares Rosa","","false","12:00","69cab4a035089c731a4647af","13:00","Civil","agendado","6a26aa5c6789d39363d8ca30","2026-06-08T11:41:16.838000","2026-06-08T11:41:16.838000","69e8b3e556cb0efc368cf481","isidorotrti@gmail.com","false"
"2026-06-08","Patrícia Gomes Fleuri Cunha","","false","17:00","6a103b0bb218f6109a5263e2","18:00","Civil","agendado","6a26a8a298fa509c9c8cbd5a","2026-06-08T11:33:54.245000","2026-06-08T11:33:54.245000","6a0caf6598b093e0931ff6a8","patricia.cunha@goias.gov.br","false"
"2026-06-09","Isabela Fleury Florentino","","false","08:00","6a1f1760eb6b8bcae0423bfa","09:00","Civil","agendado","6a26a805ddea9ec1714d5c30","2026-06-08T11:31:17.218000","2026-06-08T11:31:17.218000","6a1d949d4de3c02c5a7c9851","isabela.florentino@ueg.br","false"
"2026-06-08","Marcio Junio Rodrigues de Freitas","","false","13:00","69cab4fdb65777e18fa16281","14:00","Civil","agendado","6a26a5b46b0891d45a28f2f6","2026-06-08T11:21:24.462000","2026-06-08T11:21:24.462000","69e8b3cb227404cd41911786","marciosoriso@gmail.com","false"
"2026-06-08","Luciana Nunes do Amaral","","false","08:00","69f245f987f588dbdbc22567","09:00","Civil","agendado","6a269b3afc6d7f0e4d293340","2026-06-08T10:36:42.717000","2026-06-08T10:36:42.717000","69f200bb913a105fdf750586","lna.advogada@gmail.com","false"
"2026-06-08","Raimunda Soronha de Oliveira dos Reis","","false","12:00","69cab4acf9e6540401a079f2","13:00","Civil","agendado","6a269910f7ad401f50343495","2026-06-08T10:27:28.679000","2026-06-08T10:27:28.679000","69f0ed6a8aee7b0f624a8555","soronha.reis@gmail.com","false"
"2026-06-09","Jhulli Êmily Martins Nunes","","false","13:00","69cab48cce1c3df3215b2752","14:00","Civil","agendado","6a26973e104ab8303068fd92","2026-06-08T10:19:42.035000","2026-06-08T10:19:42.035000","69e8b3e6578c929cf94963e6","jhulliemily2014@gmail.com","false"
"2026-06-08","Jhulli Êmily Martins Nunes","","false","13:00","69cab48cce1c3df3215b2752","14:00","Civil","agendado","6a2696ea0b417c0eb3dc749b","2026-06-08T10:18:18.376000","2026-06-08T10:18:18.376000","69e8b3e6578c929cf94963e6","jhulliemily2014@gmail.com","false"
"2026-06-08","Luana Cristina Vieira dos Santos ","","false","11:00","69f3405ca624697043cf5b08","12:00","Civil","agendado","6a2693c770fe2c43aeaf8f9a","2026-06-08T10:04:55.975000","2026-06-08T10:04:55.975000","69f24dcef9aa003a39e36414","luana2015gyn@gmail.com","false"
"2026-06-10","Márcia de Araújo Gontijo","","false","07:00","69cab4fa6634febf001eb740","08:00","Civil","agendado","6a2692f9295fc44c50dc0af3","2026-06-08T10:01:29.314000","2026-06-10T11:06:48.296000","69fe28955bf56f9dc34635d2","marciagontijoadv@gmail.com","false"
"2026-06-08","Carlos Antônio Madalena","","false","07:00","69f1fbd2b1d8f827f1014b85","08:00","Civil","agendado","6a268a18970884941d22d89f","2026-06-08T09:23:36.038000","2026-06-08T09:23:36.038000","69f1eb66214b21fd581ce36b","advgcarlosmadalena@gmail.com","false"
"2026-06-08","Thays Rocha Leite","","false","11:00","69cab4bbaaffc414bef709af","12:00","Civil","agendado","6a267f38bc28fe8c38be4f03","2026-06-08T08:37:12.361000","2026-06-08T08:37:12.361000","69f88c68187fcd638dc76bbc","tha_rleite@hotmail.com","false"
"2026-06-09","Laura Lula Ramos","","false","11:00","69cab4845646d7497cb9aa56","12:00","Civil","agendado","6a26209c494f3b386593843f","2026-06-08T01:53:32.455000","2026-06-08T01:53:32.455000","69e8b3b1c23f02f059fbe05f","lauralular@gmail.com","false"
"2026-06-08","Laura Lula Ramos","","false","11:00","69cab4845646d7497cb9aa56","12:00","Civil","agendado","6a2620932b34a2556930ef36","2026-06-08T01:53:23.558000","2026-06-08T01:53:23.558000","69e8b3b1c23f02f059fbe05f","lauralular@gmail.com","false"
"2026-06-09","Daniele Serafim de Souza Kliemann","","false","11:00","6a1843cfd579775e62d16cd4","12:00","Civil","agendado","6a261f617909b3c7aa2580b1","2026-06-08T01:48:17.039000","2026-06-08T01:48:17.039000","6a172ad4172b5169721ad5d7","danieleserafim.adv@gmail.com","false"
"2026-06-08","Daniele Serafim de Souza Kliemann","","false","11:00","6a1843cfd579775e62d16cd4","12:00","Civil","agendado","6a261f50ac06664211c385fa","2026-06-08T01:48:00.468000","2026-06-08T01:48:00.468000","6a172ad4172b5169721ad5d7","danieleserafim.adv@gmail.com","false"
"2026-06-09","Ricardo Vilaverde de Oliveira","","false","07:00","6a0464d871ebbe3b34972e28","08:00","Civil","agendado","6a2609a6288fbb84eb34638f","2026-06-08T00:15:34.296000","2026-06-08T00:15:34.296000","69fe288d4ba4831c857c8bd5","rvilaverde@gmail.com","false"
"2026-06-08","Ricardo Vilaverde de Oliveira","","false","07:00","6a0464d871ebbe3b34972e28","08:00","Civil","agendado","6a2609702655572285d9a40b","2026-06-08T00:14:40.328000","2026-06-08T00:14:40.328000","69fe288d4ba4831c857c8bd5","rvilaverde@gmail.com","false"
"2026-06-08","Ana Clara Barbacena Camelo","","false","19:00","69cab496d430c0cf1dbd7e72","20:00","Civil","faltou","6a2608a574b99701b9a5f120","2026-06-08T00:11:17.714000","2026-06-08T22:52:58.467000","69f0e732a32f7ffb33e50f1b","anaclarabarbacena@gmail.com","false"
"2026-06-08","Laiz de Moraes Silva","","false","13:00","69cab4a6cb0eeca73fb0ea1f","14:00","Civil","agendado","6a25f8e86a36cb199d4aac33","2026-06-07T23:04:08.160000","2026-06-07T23:04:08.160000","6a1985ff6640af2a5735033f","laiz.geaco@gmail.com","false"
"2026-06-08","Andrea Gonçalves Fonseca","","false","07:00","69cab51d1406725f35a35aea","08:00","Civil","agendado","6a25d505ad07496469225005","2026-06-07T20:31:01.405000","2026-06-07T20:31:01.405000","6a0caf6101940cd03cbfc270","andreagyn2020@gmail.com","false"
"2026-06-08","Mariana Albino da Silva","","false","07:00","69cab485b105230925053def","08:00","Civil","agendado","6a25c8b899b512819a037ba1","2026-06-07T19:38:32.178000","2026-06-07T19:38:32.178000","69f1eb6197b49acac81ad46a","mariana.albinosilva85@gmail.com","false"
"2026-06-09","Valdeir Alves Rocha","","false","15:00","6a04655919cd7e0450bcfd05","16:00","Civil","agendado","6a25bf1c54a0959b45d8252a","2026-06-07T18:57:32.430000","2026-06-07T18:57:32.430000","69e8b3b3071542e891433aa0","valdeir.ideias@gmail.com","false"
"2026-06-08","Valdeir Alves Rocha","","false","15:00","6a04655919cd7e0450bcfd05","16:00","Civil","agendado","6a25bf00a0d09dec38bf184f","2026-06-07T18:57:04.747000","2026-06-07T18:57:04.747000","69e8b3b3071542e891433aa0","valdeir.ideias@gmail.com","false"
"2026-06-08","Janise Fontenelle","","false","16:00","69cab4ad6a367eee7bbc4726","17:00","Civil","agendado","6a25abb2be2e793fce1838f7","2026-06-07T17:34:42.035000","2026-06-07T17:34:42.036000","69f1eb67f3d081e7f412e0e1","janisefonte@gmail.com","false"
"2026-06-09","Léa Rosane Barcelos","","false","11:00","69cab555f127d1812d9c958f","12:00","Civil","agendado","6a258478fafba21723dbabf4","2026-06-07T14:47:20.568000","2026-06-07T14:47:20.568000","69eb7145a368132a1e810354","learosane@gmail.com","false"
"2026-06-08","Léa Rosane Barcelos","","false","11:00","69cab555f127d1812d9c958f","12:00","Civil","agendado","6a25846ce82d2076eebffde1","2026-06-07T14:47:08.376000","2026-06-07T14:47:08.376000","69eb7145a368132a1e810354","learosane@gmail.com","false"
"2026-06-09","Lucas Honorato Lopes","","false","11:00","6a2067c65a836c8a40fe0b2c","12:00","Civil","agendado","6a257ac247f3f885a42bd199","2026-06-07T14:05:54.316000","2026-06-07T14:05:54.316000","6a16f46d9cbce304c42cc536","lucashlopes@gmail.com","false"
"2026-06-08","Lucas Honorato Lopes","","false","11:00","6a2067c65a836c8a40fe0b2c","12:00","Civil","agendado","6a257ab866a7e43f4ccbf7eb","2026-06-07T14:05:44.019000","2026-06-07T14:05:44.019000","6a16f46d9cbce304c42cc536","lucashlopes@gmail.com","false"
"2026-06-09","Lázara Tatiana Pereira de Lima","","false","07:00","69cab5409b141921d6a9bac9","08:00","Civil","agendado","6a25776ccd5071bd4caf107a","2026-06-07T13:51:40.732000","2026-06-07T13:51:40.732000","69e8b3d7f0a0a48eb1af80d9","sesmt.publico@gmail.com","false"
"2026-06-08","Lázara Tatiana Pereira de Lima","","false","07:00","69cab5409b141921d6a9bac9","08:00","Civil","agendado","6a257764441c195067f949ce","2026-06-07T13:51:32.081000","2026-06-07T13:51:32.081000","69e8b3d7f0a0a48eb1af80d9","sesmt.publico@gmail.com","false"
"2026-06-08","Ana Carolina Silva de Araujo Peixoto","","false","07:00","69cab50fec6532662ba58f05","08:00","Civil","agendado","6a25685695802e543aab566b","2026-06-07T12:47:18.597000","2026-06-07T12:47:18.597000","69e8b3abbdd54859f2b7eadf","ana.anacarol1403@gmail.com","false"
"2026-06-08","Indiara Porfírio Ribeiro","","false","16:00","69cab48c17c5690cf3d30c6d","17:00","Civil","agendado","6a25615a917abeaae55f2952","2026-06-07T12:17:30.037000","2026-06-07T12:17:30.037000","69e8b3bf55bcfeb78675459e","indiarajujuba@gmail.com","false"
"2026-06-08","Daniel Carlos dos Reis","","false","08:00","69efb877f2a849baa2f1590f","09:00","Civil","agendado","6a255483dfb5eb0e281d6982","2026-06-07T11:22:43.975000","2026-06-07T11:22:43.975000","69e8b3dcffadf846c595fa0c","danielreis0211@gmail.com","false"
"2026-06-08","Márcia de Araújo Gontijo","","false","07:00","69cab4fa6634febf001eb740","08:00","Civil","agendado","6a242ea1d764555d9a130f18","2026-06-06T14:28:49.767000","2026-06-06T14:28:49.767000","69fe28955bf56f9dc34635d2","marciagontijoadv@gmail.com","false"
"2026-06-08","Helder Raimundo de Moraes","","false","11:00","69cab4fa68d464d95240f98b","12:00","Civil","agendado","6a242c86e27a1ce1c6f0a470","2026-06-06T14:19:50.080000","2026-06-06T14:19:50.080000","69f0b98c8ab0e5fe3945ffd5","hmoraes74@gmail.com","false"
"2026-06-03","Edjane Martins Silva","","false","18:00","69cab5525a1b6e998a75de7e","19:00","Civil","agendado","6a20934cfe73b69103aeb0e2","2026-06-03T20:49:16.298000","2026-06-03T20:49:16.298000","6a0c51d521231d4a1ef3e01f","edjanemartins14@gmail.com","false"
"2026-06-03","Antônio Gabriel Marcimiano de Moraes","","false","18:00","69cab5533f4cbe4cc715f000","19:00","Civil","agendado","6a2086c68725d8b1633053d4","2026-06-03T19:55:50.645000","2026-06-03T19:55:50.645000","69e8bd46281c43278d0d48e9","gabrielgynh@gmail.com","false"
"2026-06-03","Caio César Silva Oliveira","","false","18:00","69cab5528917bc7d06ec9f36","19:00","Civil","agendado","6a2086947752ff7373a31ca6","2026-06-03T19:55:00.635000","2026-06-03T19:55:00.635000","69e8b3c510a6ab1ad3da4cd2","caiooliveira92@gmail.com","false"
"2026-06-03","Guilherme Lima de Sena","","false","18:00","69cab51d8bf415ccbaf6955b","19:00","Civil","agendado","6a2085cbd645127aaf8ababd","2026-06-03T19:51:39.679000","2026-06-03T19:51:39.679000","69f8d5070e6979860429cfd6","guisenna73@gmail.com","false"
"2026-06-03","Ana Clara Barbacena Camelo","","false","19:00","69cab496d430c0cf1dbd7e72","20:00","Civil","agendado","6a2083844959903f0d6e4e46","2026-06-03T19:41:56.133000","2026-06-03T22:31:36.110000","69f0e732a32f7ffb33e50f1b","anaclarabarbacena@gmail.com","false"
"2026-06-03","José Porto França Neto","","false","18:00","69cab51cf59bbda43a5c5d57","19:00","Civil","agendado","6a2077bd31371b808b88ae46","2026-06-03T18:51:41.003000","2026-06-03T18:51:41.003000","69eb712c92a6132bbc608daf","portobritto@gmail.com","false"
"2026-06-03","Sophia Lannah Beatriz Ferreira de Sousa","","false","18:00","69cab498f494b0e0a3a2252c","19:00","Civil","agendado","6a206c151f1a925dcf027102","2026-06-03T18:01:57.246000","2026-06-03T18:01:57.246000","69e8b3e3ed8dfc592768740f","sophialannah123@gmail.com","false"
"2026-06-03","Daniel Vitor Naves Vieira","","false","16:00","69cab4b792bdf3f0285bbd65","17:00","Civil","agendado","6a2061d06994e6f705e11cf7","2026-06-03T17:18:08.765000","2026-06-03T17:18:08.765000","6a0c51d9414a3f25e668970e","dvitor68@gmail.com","false"
"2026-06-03","Adriana Nascimento Damascena","","false","17:00","69cab54aba0b7b3f017ab41b","18:00","Civil","agendado","6a204de02218d25b28dded54","2026-06-03T15:53:04.187000","2026-06-03T15:53:04.187000","69fe2888f5ab4b90269bc1b0","85383884dri@gmail.com","false"
"2026-06-03","Sandra Francisca Bandeira ","","false","13:00","6a16ff021e7aed126219459f","14:00","Civil","agendado","6a2045c47e76deefb744676d","2026-06-03T15:18:28.995000","2026-06-03T15:18:28.995000","6a0caf5d2f6ef5a33a3d14c9","sandrabandeira.adv@gmail.com","false"
"2026-06-03","Lucas Façanha de Oliveira Carvalho","","false","13:00","69cab53f95aecd6313a1094a","14:00","Civil","agendado","6a2044218d44831b7ab11bb5","2026-06-03T15:11:29.775000","2026-06-03T15:11:29.775000","69e8b3d9db2701e07f3d9515","lucasoliveira.ifam@gmail.com","false"
"2026-06-03","Karla Correia Mendes","","false","16:00","69cab4850c384307831324d8","17:00","Civil","agendado","6a203e9a32858d18f957d7da","2026-06-03T14:47:54.702000","2026-06-03T14:47:54.702000","69f0ab75971b3976ef33a57d","karlamendes1406@gmail.com","false"
"2026-06-03","Jhonathan Hebert Pereira Souza Silva","","false","17:00","6a1f17c025cad254d07827e1","18:00","Civil","agendado","6a203de7969e7c2ec607c244","2026-06-03T14:44:55.023000","2026-06-03T14:44:55.023000","6a1f14cec59abaa5e126073b","jhonathan.silva@goias.gov.br","false"
"2026-06-03","Elisa Parreira de Castro Alves","","false","18:00","69cab4958987e567777aa8e9","19:00","Civil","agendado","6a20367c801f3558d14ab83a","2026-06-03T14:13:16.975000","2026-06-03T14:13:16.975000","69f3539372bfccf5cae537b8","elisa.pdca@gmail.com","false"
"2026-06-03","Hérika Pabline Lima Veras","","false","12:00","6a15d611390b03b5280412b4","13:00","Civil","agendado","6a2033f1eec951050b532967","2026-06-03T14:02:25.405000","2026-06-03T14:02:25.405000","6a15cb855ddae0a12bbc417c","herikapabline@gmail.com","false"
"2026-06-03","Vanessa Pereira de Carvalho","","false","12:00","69cab510bf777218eaaa8d8f","13:00","Civil","agendado","6a2033ea2a7b33443fe878e3","2026-06-03T14:02:18.423000","2026-06-03T14:02:18.423000","69f3a2c36e4365ec9df1c914","vanessapereiraluz@gmail.com","false"
"2026-06-03","Keiliane dos Santos Silva","","false","11:00","69cab4841ce56b674d36384d","12:00","Civil","agendado","6a2032973e7c3ae5a349bd7a","2026-06-03T13:56:39.902000","2026-06-03T13:56:39.902000","69e8b410c23f02f059fbe081","keilineker@gmail.com","false"
"2026-06-03","Mel Cardoso Souza","","false","11:00","69cab4844ae3b7f6a68fd705","12:00","Civil","agendado","6a20328f9c2ae25cda46709b","2026-06-03T13:56:31.337000","2026-06-03T13:56:31.337000","69e8b3e718a06dc553782bd2","mel2005cardoso@gmail.com","false"
"2026-06-03","Marcia da Silva Coutinho","","false","13:00","69cab53186a8212571cbebfa","14:00","Civil","agendado","6a2031d33fe300a32d099e9b","2026-06-03T13:53:23.964000","2026-06-03T13:53:23.964000","69f1eb6d936f80ebdd9a578e","marcinhacoutinho.foto@gmail.com","false"
"2026-06-03","Guilherme Henrique Santos Chagas","","false","14:00","69cab4fdc35c29533c90564a","15:00","Civil","agendado","6a20316e1a1c9c7d6130a2a7","2026-06-03T13:51:42.928000","2026-06-03T13:51:42.928000","6a16e8fc13f09dfcf589386e","guilherme.ts.chagas@gmail.com","false"
"2026-06-03","Brenuo Victor Rodrigues Barbosa","","false","13:00","69cab5409b141921d6a9baca","14:00","Civil","agendado","6a20306aa085766143b51b70","2026-06-03T13:47:22.114000","2026-06-03T13:47:22.114000","6a022e0e6d475b0b2334af8e","brenuovrb@gmail.com","false"
"2026-06-03","MAICON DOUGLAS GOMES RODRIGUES","","false","12:00","6a1495a104b49b3be78f3da3","13:00","Civil","agendado","6a202f5cd12a0711ab66a695","2026-06-03T13:42:52.773000","2026-06-03T16:26:19.134000","69e8b3c64ccd45857400c131","douglasgynn1@gmail.com","false"
"2026-06-03","Raniery Morais Miranda","","false","12:00","69cab5298bf415ccbaf69560","13:00","Civil","agendado","6a202d932bcdc0ca5ce2bf7b","2026-06-03T13:35:15.176000","2026-06-03T16:11:23.716000","69eb7130c8c6a653226322d0","mirandaraniery@gmail.com","false"
"2026-06-03","Julio Cesar de Morais Souza","","false","11:00","69cab4faeab3702f5a63795e","12:00","Civil","agendado","6a202ce609101a922fde043a","2026-06-03T13:32:22.858000","2026-06-03T13:32:22.858000","69f8d5097166a59dfa38211f","juliocesar12059734@gmail.com","false"
"2026-06-03","Débora Maia Escher dos Santos","","false","11:00","69fc8102efce393880145d94","12:00","Civil","agendado","6a202c1fb860a2ddb3856d6d","2026-06-03T13:29:03.108000","2026-06-03T13:29:03.108000","69fb76a1a9859e54ff79cc1b","deboraescher19@gmail.com","false"
"2026-06-03","Ismael José dos Santos Filho","","false","12:00","69cab50d46c2a710ba93c1d4","13:00","Civil","agendado","6a2026560e38c58582a624de","2026-06-03T13:04:22.227000","2026-06-03T13:04:22.227000","69eb714b124295d4decc3504","ismaelfilho.adv@gmail.com","false"
"2026-06-03","Isidoro Tavares Rosa","","false","12:00","69cab4a035089c731a4647af","13:00","Civil","agendado","6a2021c2d266ea42b034f134","2026-06-03T12:44:50.991000","2026-06-03T12:44:50.991000","69e8b3e556cb0efc368cf481","isidorotrti@gmail.com","false"
"2026-06-03","jhonatas dos santos lima","","false","12:00","69f35624d42a7a848cf80522","13:00","Civil","agendado","6a201fbd5f32922b0e2c7f29","2026-06-03T12:36:13.769000","2026-06-03T12:36:13.769000","69eb712a2f920804f5d6e002","jhonatasvideira@gmail.com","false"
"2026-06-03","Ana Paula Moreira Rodrigues","","false","11:00","6a04bf891172d29085e72723","12:00","Civil","agendado","6a200f2dab9713a9d5e1c15e","2026-06-03T11:25:33.387000","2026-06-03T11:25:33.387000","6a04bf283d7914722c5697df","anaromoreira@gmail.com","false"
"2026-06-03","Jorge Luiz de Oliveira Matias","","false","16:00","69cab4e2c35c29533c905645","17:00","Civil","agendado","6a200d3ddc58a88aa7ea906c","2026-06-03T11:17:17.072000","2026-06-03T11:17:17.072000","69f8e2fa7ba4c6c8eb1b7227","jorge.matias@discente.ufg.br","false"
"2026-06-03","Jhulli Êmily Martins Nunes","","false","17:00","69cab48cce1c3df3215b2752","18:00","Civil","agendado","6a200c3004d17b1f4479672f","2026-06-03T11:12:48.711000","2026-06-03T11:12:48.711000","69e8b3e6578c929cf94963e6","jhulliemily2014@gmail.com","false"
"2026-06-03","Raimunda Soronha de Oliveira dos Reis","","false","12:00","69cab4acf9e6540401a079f2","13:00","Civil","agendado","6a200b4747db2a86dc0b4634","2026-06-03T11:08:55.461000","2026-06-03T11:08:55.461000","69f0ed6a8aee7b0f624a8555","soronha.reis@gmail.com","false"
"2026-06-03","Carlos Henrique Ferreira Santos","","false","12:00","69cab4ac0916e78eed2006b2","13:00","Civil","agendado","6a200b42adf4a772c05696e5","2026-06-03T11:08:50.939000","2026-06-03T11:08:50.939000","69eb815a6faab5200f1325b9","carlohenrysanto@gmail.com","false"
"2026-06-03","Célia Maria da Silva Valadão","","false","11:00","6a0afdd882e5220f83455fbb","12:00","Civil","agendado","6a20092f6091eb7ee025c175","2026-06-03T10:59:59.832000","2026-06-03T10:59:59.832000","6a03223f9f250d7b5f325919","celia.valadao@goias.gov.br","false"
"2026-06-03","Gabriele Batista","","false","17:00","69cab4e300553dca6de39a7f","18:00","Civil","agendado","6a2004b534afeb3edee57f44","2026-06-03T10:40:53.315000","2026-06-03T10:40:53.315000","69f8d5031b4731838f3aa4db","gabrielecastro01@gmail.com","false"
"2026-06-03","Carlos Antônio Madalena","","false","07:00","69f1fbd2b1d8f827f1014b85","08:00","Civil","agendado","6a1feb0b7ad43cebd0428702","2026-06-03T08:51:23.765000","2026-06-03T08:51:23.765000","69f1eb66214b21fd581ce36b","advgcarlosmadalena@gmail.com","false"
"2026-06-03","Patrícia Gomes Fleuri Cunha","","false","07:00","6a103b0bb218f6109a5263e2","08:00","Civil","agendado","6a1fe8f4090628c26ae2edb1","2026-06-03T08:42:28.151000","2026-06-03T11:04:53.546000","6a0caf6598b093e0931ff6a8","patricia.cunha@goias.gov.br","false"
"2026-06-03","Anna Klara Miranda Tobias","","false","07:00","69cab4b0e2406c3364a5c7bc","08:00","Civil","agendado","6a1f8277276fe377f29f0f43","2026-06-03T01:25:11.871000","2026-06-03T01:25:11.871000","6a01c20a26bc4a721c9c5579","klaramiranda98@gmail.com","false"
"2026-06-03","Laura Fernandes Mendes","","false","11:00","69cab5540b51026b52fe7cb7","12:00","Civil","agendado","6a1f4fe601f50edbd9d53aa5","2026-06-02T21:49:26.471000","2026-06-02T21:49:26.471000","69f8d50105e660849e08c5f6","mendes.ferlaura@gmail.com","false"
"2026-06-02","Thayane Cristina Tavares da Silva","","false","19:00","69efa4149a982f6976102820","20:00","Civil","agendado","6a1f412db5caec3518c3719c","2026-06-02T20:46:37.383000","2026-06-02T20:46:37.383000","69e8b3ac72ff58fcfafa20b1","cristinathco@gmail.com","false"
"2026-06-03","Danilo de Sousa Prado","","false","08:00","69cab49fb9d3a0623eb94b4a","09:00","Civil","agendado","6a1f3ec876823c285abfca00","2026-06-02T20:36:24.533000","2026-06-02T20:36:24.533000","69d3fe53345c29f351310df5","daniloprado.mat@gmail.com","false"
"2026-06-02","Douglas Fleury Parreira Barros","","false","17:00","69cab49ee29fe8dc7e61491a","18:00","Civil","agendado","6a1f3170cd70e575b9298c81","2026-06-02T19:39:28.846000","2026-06-02T19:39:28.846000","69e8b40f9b7ab425aa2ca185","douglas.fleury@gmail.com","false"
"2026-06-02","Antônio Gabriel Marcimiano de Moraes","","false","17:00","69cab5533f4cbe4cc715f000","18:00","Civil","agendado","6a1f2f70590532bd0dc73ac5","2026-06-02T19:30:56.430000","2026-06-02T19:30:56.430000","69e8bd46281c43278d0d48e9","gabrielgynh@gmail.com","false"
"2026-06-03","Iriane Viana Machado","","false","16:00","69cab517cad06a1b2d719faa","17:00","Civil","agendado","6a1f2e6691805e05c11254a8","2026-06-02T19:26:30.449000","2026-06-03T20:25:05.594000","6a1d949bb754edf215f1db40","irianemachado2013@gmail.com","false"
"2026-06-03","LAINE SOUZA LANDIN CARDOSO","","false","07:00","6a16ecc046adce93104edc2a","08:00","Civil","agendado","6a1f2b2cc76598bb34e4da43","2026-06-02T19:12:44.688000","2026-06-02T19:12:44.688000","6a10a6ce0062e7cb36b6737e","lainelandin@gmail.com","false"
"2026-06-03","Alana Fernandes Moraes","","false","16:00","6a15ccd8859bf2eacc6d0c3e","17:00","Civil","faltou","6a1f294d6e7b1e6d90e9c2ac","2026-06-02T19:04:45.609000","2026-06-03T20:03:48.517000","6a15a1177c946f89a4e3deb6","alanafernandesmoraes@gmail.com","false"
"2026-06-02","Brenuo Victor Rodrigues Barbosa","","false","16:00","69cab5409b141921d6a9baca","17:00","Civil","agendado","6a1f26020295c7db16e02a20","2026-06-02T18:50:42.928000","2026-06-02T18:50:42.928000","6a022e0e6d475b0b2334af8e","brenuovrb@gmail.com","false"
"2026-06-02","Ambrosiane de Sousa Leite","","false","17:00","6a04588acee8394872f618be","18:00","Civil","agendado","6a1f25eab747e9e23521c440","2026-06-02T18:50:18.723000","2026-06-02T18:50:18.723000","69fe287cc22d6cfcf39669d0","ambrosiane.adv@gmail.com","false"
"2026-06-03","Indiara Porfírio Ribeiro","","false","16:00","69cab48c17c5690cf3d30c6d","17:00","Civil","agendado","6a1f1f625d2d9159f6c24e12","2026-06-02T18:22:26.579000","2026-06-02T18:22:26.579000","69e8b3bf55bcfeb78675459e","indiarajujuba@gmail.com","false"
"2026-06-02","Denize Pommer","","false","16:00","6a1997fbb2260a52c4a8158e","17:00","Civil","agendado","6a1f190143323f611a4b12c3","2026-06-02T17:55:13.121000","2026-06-02T17:55:13.121000","6a16e5320af1d751de266aea","pommerde@gmail.com","false"
"2026-06-02","Michelle Vitoria de Carvalho","","false","16:00","6a1d952333bdc732b32dcd93","17:00","Civil","agendado","6a1f18eef1d8d92f34a3c9cd","2026-06-02T17:54:54.034000","2026-06-02T17:54:54.034000","6a1985fdbfa475c3359e50e9","michellelouza51@gmail.com","false"
"2026-06-03","Marcos Rodrigo da Silva","","false","13:00","69cab4a3c1c42a0056c3ec30","14:00","Civil","agendado","6a1f10027b90c285bd28cb00","2026-06-02T17:16:50.407000","2026-06-02T17:16:50.407000","6a0caf5d34356254fca6261c","rodrigo.marcos81@gmail.com","false"
"2026-06-02","Tatiane Ferreira e Silva Medeiros","","false","17:00","69cab4ae71c685e9f60324a3","18:00","Civil","agendado","6a1f08630cb5e7e5ce09c47e","2026-06-02T16:44:19.266000","2026-06-02T16:44:19.266000","69f0a7979080024735454f5b","tatianefsm2000@gmail.com","false"
"2026-06-03","Helena de Castro Côrtes","","false","12:00","6a16e9a8f78a8dd4bceafe2a","13:00","Civil","agendado","6a1f05c36d1303f34e9d0981","2026-06-02T16:33:07.780000","2026-06-02T16:33:07.780000","6a16e52b80d218340615bc21","helena.gegeo@gmail.com","false"
"2026-06-02","Sophia Lannah Beatriz Ferreira de Sousa","","false","13:00","69cab498f494b0e0a3a2252c","14:00","Civil","agendado","6a1efb6a6bd42c7b1897c94d","2026-06-02T15:48:58.921000","2026-06-02T15:48:58.921000","69e8b3e3ed8dfc592768740f","sophialannah123@gmail.com","false"
"2026-06-02","Raphael de Lima Carvalho Moraes","","false","13:00","69cab4ee1d5dca09ed497c22","14:00","Civil","agendado","6a1ef5f297b2cfa2ac71801e","2026-06-02T15:25:38.129000","2026-06-02T15:25:38.129000","69f243fdfed1f188950d4989","raphaelmoraes019@gmail.com","false"
"2026-06-02","Marcio Junio Rodrigues de Freitas","","false","17:00","69cab4fdb65777e18fa16281","18:00","Civil","agendado","6a1ef57140f03afb248e64b7","2026-06-02T15:23:29.582000","2026-06-02T15:23:29.582000","69e8b3cb227404cd41911786","marciosoriso@gmail.com","false"
"2026-06-02","Gabriele Batista","","false","17:00","69cab4e300553dca6de39a7f","18:00","Civil","agendado","6a1ef5296b8b06313f57a1de","2026-06-02T15:22:17.366000","2026-06-02T15:22:17.366000","69f8d5031b4731838f3aa4db","gabrielecastro01@gmail.com","false"
"2026-06-03","Cristina Maria Costa Prado","","false","17:00","69cab4a1625c88b62a9b4704","18:00","Civil","agendado","6a1eeff4d204287bf5cfec0a","2026-06-02T15:00:04.661000","2026-06-02T15:00:04.661000","69fb76a3ee52fc9de3d098e8","cristinamcosta.arq@gmail.com","false"
"2026-06-02","MAICON DOUGLAS GOMES RODRIGUES","","false","13:00","6a1495a104b49b3be78f3da3","14:00","Civil","agendado","6a1eedbb2d87cfa43ba5b4c2","2026-06-02T14:50:35.060000","2026-06-02T18:01:21.267000","69e8b3c64ccd45857400c131","douglasgynn1@gmail.com","false"
"2026-06-02","Ismael José dos Santos Filho","","false","12:00","69cab50d46c2a710ba93c1d4","13:00","Civil","agendado","6a1eea5773875ca6bb429bfa","2026-06-02T14:36:07.230000","2026-06-02T14:36:07.230000","69eb714b124295d4decc3504","ismaelfilho.adv@gmail.com","false"
"2026-06-02","Isabella Maria Londe Sampaio","","false","12:00","6a032b0fa526d01f6d3ef8fb","13:00","Civil","agendado","6a1ee8cc403de07feaaa4c91","2026-06-02T14:29:32.655000","2026-06-02T14:29:32.655000","6a035c60907e0c31ea51ed55","londefotografia@gmail.com","false"
"2026-06-02","jhonatas dos santos lima","","false","12:00","69f35624d42a7a848cf80522","13:00","Civil","faltou","6a1ee746560f5e1a6800a609","2026-06-02T14:23:02.345000","2026-06-02T16:03:48.548000","69eb712a2f920804f5d6e002","jhonatasvideira@gmail.com","false"
"2026-06-02","Giovanna Alves Guardiere ","","false","17:00","69fc846f76670092689fba5b","18:00","Civil","agendado","6a1ee4bdc6da45e09acb6148","2026-06-02T14:12:13.502000","2026-06-02T14:12:13.502000","69f3a2bdd479a05ce50eb8df","giovannaalves978@gmail.com","false"
"2026-06-02","LAINE SOUZA LANDIN CARDOSO","","false","12:00","6a16ecc046adce93104edc2a","13:00","Civil","agendado","6a1ee35d3115bcd5e9b7e7e0","2026-06-02T14:06:21.088000","2026-06-02T14:06:21.088000","6a10a6ce0062e7cb36b6737e","lainelandin@gmail.com","false"
"2026-06-02","Thiago Marques Leão","","false","12:00","69cab49382a748187c66ec50","13:00","Civil","agendado","6a1ee0b48aff2d6b30a52f52","2026-06-02T13:55:00.680000","2026-06-02T13:55:00.680000","69e8b3a39df58dcdca94d144","thiagomarquesleao@gmail.com","false"
"2026-06-02","Carolina Assis Silva","","false","12:00","69cab528f140868323584a5f","13:00","Civil","agendado","6a1edf2794b50db13c35474c","2026-06-02T13:48:23.847000","2026-06-02T13:48:23.847000","6a047b2155dbffe1bf6746cf","carolasullivan5@gmail.com","false"
"2026-06-02","Marcia da Silva Coutinho","","false","13:00","69cab53186a8212571cbebfa","14:00","Civil","agendado","6a1edb950925fae008a25ab8","2026-06-02T13:33:09.358000","2026-06-02T18:02:01.775000","69f1eb6d936f80ebdd9a578e","marcinhacoutinho.foto@gmail.com","false"
"2026-06-02","Mel Cardoso Souza","","false","11:00","69cab4844ae3b7f6a68fd705","12:00","Civil","agendado","6a1ed7d3842ac503adf5a96b","2026-06-02T13:17:07.611000","2026-06-02T13:17:07.611000","69e8b3e718a06dc553782bd2","mel2005cardoso@gmail.com","false"
"2026-06-02","Keiliane dos Santos Silva","","false","11:00","69cab4841ce56b674d36384d","12:00","Civil","agendado","6a1ed7cb2aeb48cadcc0e3b2","2026-06-02T13:16:59.391000","2026-06-02T13:16:59.391000","69e8b410c23f02f059fbe081","keilineker@gmail.com","false"
"2026-06-02","Carlos Henrique Ferreira Santos","","false","12:00","69cab4ac0916e78eed2006b2","13:00","Civil","agendado","6a1ed7c1459c1910105ad59c","2026-06-02T13:16:49.123000","2026-06-02T13:16:49.123000","69eb815a6faab5200f1325b9","carlohenrysanto@gmail.com","false"
"2026-06-02","Julio Cesar de Morais Souza","","false","11:00","69cab4faeab3702f5a63795e","12:00","Civil","agendado","6a1ed64614488af31c226381","2026-06-02T13:10:30.921000","2026-06-02T13:10:30.921000","69f8d5097166a59dfa38211f","juliocesar12059734@gmail.com","false"
"2026-06-03","Johnathan Pereira de Sousa","","false","13:00","69f88df9ff9cd30a3a32d365","14:00","Civil","agendado","6a1ed440c5b79fa0254a79d0","2026-06-02T13:01:52.333000","2026-06-02T13:01:52.333000","69f1eb63dbe15fae1934137c","johnathan515@gmail.com","false"
"2026-06-02","Hiana Caroline dos Santos Freitas ","","false","17:00","6a199925ea037f3517301539","18:00","Civil","agendado","6a1ed254adb51c50a13f76a8","2026-06-02T12:53:40.986000","2026-06-02T12:53:40.986000","6a199892b8eaf54685d729c5","hianacarolinecivil@gmail.com","false"
"2026-06-02","Camila Amâncio Araújo Valadares","","false","17:00","69cab528ab7b73583ccff6f6","18:00","Civil","agendado","6a1eceef5a9ab0b17a964c01","2026-06-02T12:39:11.948000","2026-06-02T12:39:11.948000","69e8b3cd699596113662a7d8","camilaavaladares@gmail.com","false"
"2026-06-02","Thaís Teixeira Santos","","false","12:00","69cab5274f3dd1b5956201e6","13:00","Civil","agendado","6a1eced1d7246cc2d908d399","2026-06-02T12:38:41.386000","2026-06-02T12:38:41.386000","6a0caf640170db9a69a7bebd","thais.sejuv@gmail.com","false"
"2026-06-02","Jorge Luiz de Oliveira Matias","","false","16:00","69cab4e2c35c29533c905645","17:00","Civil","agendado","6a1ece199f6668535cd38e93","2026-06-02T12:35:37.673000","2026-06-02T12:35:37.673000","69f8e2fa7ba4c6c8eb1b7227","jorge.matias@discente.ufg.br","false"
"2026-06-03","Rafaela Franzoni Marques","","false","12:00","69f9cddf1e81ff14d278df5e","13:00","Civil","agendado","6a1ecd4fffd6a16f2eefee2b","2026-06-02T12:32:15.839000","2026-06-02T12:32:15.839000","69f8e2f80271cf78f7858d16","rafaelafranzoni@gmail.com","false"
"2026-06-02","Elisa Parreira de Castro Alves","","false","18:00","69cab4958987e567777aa8e9","19:00","Civil","faltou","6a1ec6cfc76850fce415bcd6","2026-06-02T12:04:31.886000","2026-06-02T23:18:48.337000","69f3539372bfccf5cae537b8","elisa.pdca@gmail.com","false"
"2026-06-02","Nádya de Sá Almeida Costa Silva","","false","12:00","69cab48b36611447155e197c","13:00","Civil","agendado","6a1ec56071dade806897139b","2026-06-02T11:58:24.824000","2026-06-02T11:58:24.824000","69f09cc40b09eba29a789e8a","eng.nadyasa@gmail.com","false"
"2026-06-02","Maria dos Reis Pereira Santos","","false","17:00","69cab48b68d464d95240f964","18:00","Civil","agendado","6a1ec417e0b7d240b331df8e","2026-06-02T11:52:55.116000","2026-06-02T11:52:55.116000","69f0abbe8fef09ddc7cda46c","mariadosssantosrp@gmail.com","false"
"2026-06-02","Daniel Vitor Naves Vieira","","false","16:00","69cab4b792bdf3f0285bbd65","17:00","Civil","agendado","6a1ec37e4d2353160a0c1711","2026-06-02T11:50:22.754000","2026-06-02T11:50:22.754000","6a0c51d9414a3f25e668970e","dvitor68@gmail.com","false"
"2026-06-03","Luciana Nunes do Amaral","","false","07:00","69f245f987f588dbdbc22567","08:00","Civil","agendado","6a1ec2a1714d401b14db0e54","2026-06-02T11:46:41.997000","2026-06-02T11:46:41.997000","69f200bb913a105fdf750586","lna.advogada@gmail.com","false"
"2026-06-02","Raquel Caroline Ribeiro D e Lima","","false","10:00","69cab51b4b8ed336c11dff65","11:00","Civil","agendado","6a1ebf6ed5b0ca7629030919","2026-06-02T11:33:02.192000","2026-06-02T11:33:02.192000","69fe289475c7fd5b9a27c574","raquelcribeiro.adv@gmail.com","false"
"2026-06-02","Lucas Façanha de Oliveira Carvalho","","false","11:00","69cab53f95aecd6313a1094a","12:00","Civil","agendado","6a1ebf498ec0ce193c6d942e","2026-06-02T11:32:25.716000","2026-06-02T11:32:25.716000","69e8b3d9db2701e07f3d9515","lucasoliveira.ifam@gmail.com","false"
"2026-06-02","Raimunda Soronha de Oliveira dos Reis","","false","12:00","69cab4acf9e6540401a079f2","13:00","Civil","agendado","6a1ebf15b63b110ac50dec0b","2026-06-02T11:31:33.848000","2026-06-02T11:31:33.848000","69f0ed6a8aee7b0f624a8555","soronha.reis@gmail.com","false"
"2026-06-02","Natalya Rodrigues Pereira","","false","18:00","69cab4965bbd1a25efdeafad","19:00","Civil","agendado","6a1ebeec9edea4bff0300d7f","2026-06-02T11:30:52.212000","2026-06-02T11:30:52.212000","6a0c58b654f54b7a89655155","natalyarodrigues174@gmail.com","false"
"2026-06-02","Carlos alexandre da costa ","","false","09:00","6a0cb0c2e3d9f640adbed26b","10:00","Civil","agendado","6a1ebee891a38a27769ad958","2026-06-02T11:30:48.173000","2026-06-02T11:30:48.173000","6a0caf62f88ae28daf8dd133","xandy.x12@gmail.com","false"
"2026-06-03","Laiz de Moraes Silva","","false","13:00","69cab4a6cb0eeca73fb0ea1f","14:00","Civil","agendado","6a1ebe99d163314e55db7af6","2026-06-02T11:29:29.934000","2026-06-02T11:29:29.934000","6a1985ff6640af2a5735033f","laiz.geaco@gmail.com","false"
"2026-06-02","Isabela Arantes Mota","","false","11:00","69cab4e1f0a4c74ea03ff22a","12:00","Civil","agendado","6a1ebdb5eba56a3d132fe23e","2026-06-02T11:25:41.621000","2026-06-02T11:25:41.621000","6a0caf5b87efa41f555a0b3c","arantesmotaisabela@gmail.com","false"
"2026-06-03","Andrea Gonçalves Fonseca","","false","07:00","69cab51d1406725f35a35aea","08:00","Civil","agendado","6a1ebc8aa67b883d010a235d","2026-06-02T11:20:42.140000","2026-06-02T11:20:42.140000","6a0caf6101940cd03cbfc270","andreagyn2020@gmail.com","false"
"2026-06-03","Mariana Albino da Silva","","false","07:00","69cab485b105230925053def","08:00","Civil","agendado","6a1eb80e488ce5540608d5cd","2026-06-02T11:01:34.985000","2026-06-02T11:01:34.985000","69f1eb6197b49acac81ad46a","mariana.albinosilva85@gmail.com","false"
"2026-06-02","Karla Correia Mendes","","false","16:00","69cab4850c384307831324d8","17:00","Civil","agendado","6a1eb7f8c6e58539d235088f","2026-06-02T11:01:12.363000","2026-06-02T11:01:12.363000","69f0ab75971b3976ef33a57d","karlamendes1406@gmail.com","false"
"2026-06-02","Breno Manoel de Freitas ","","false","16:00","6a0cb324fe02d307baa470e9","17:00","Civil","agendado","6a1eb771645eb608a8a9dbce","2026-06-02T10:58:57.582000","2026-06-02T10:58:57.582000","6a0caf5e016057c6f1d41744","brenofreitas12@gmail.com","false"
"2026-06-02","Paloma Leal Frazão","","false","11:00","6a05cb2bf126cffdabe7fbfa","12:00","Civil","agendado","6a1eb50d87b7e0517b6b6052","2026-06-02T10:48:45.030000","2026-06-02T10:48:45.030000","69eb7148469c445c29813e58","palomalfrazao@gmail.com","false"
"2026-06-02","Marcos Aurélio Araújo da Silva Barros ","","false","11:00","6a05ca7c3ec8d849572a717b","12:00","Civil","agendado","6a1eb422a33444a1b39f320a","2026-06-02T10:44:50.686000","2026-06-02T10:44:50.686000","6a05c9220348c55fa04c5d95","marcosaraujobarros1508@gmail.com","false"
"2026-06-03","Fernanda Marra","","false","12:00","69cab5495f4c50dbe8cc825c","13:00","Civil","agendado","6a1eaf0433112213f4feb71d","2026-06-02T10:23:00.583000","2026-06-02T10:23:00.583000","6a16e5289a8726b9d9b03046","dizamarra@gmail.com","false"
"2026-06-02","Mariana Albino da Silva","","false","08:00","69cab485b105230925053def","09:00","Civil","agendado","6a1ead041931d818c450f4da","2026-06-02T10:14:28.040000","2026-06-02T10:14:28.040000","69f1eb6197b49acac81ad46a","mariana.albinosilva85@gmail.com","false"
"2026-06-03","Lázara Tatiana Pereira de Lima","","false","07:00","69cab5409b141921d6a9bac9","08:00","Civil","agendado","6a1eab6af9596165621deeb7","2026-06-02T10:07:38.672000","2026-06-02T10:07:38.672000","69e8b3d7f0a0a48eb1af80d9","sesmt.publico@gmail.com","false"
"2026-06-02","Lázara Tatiana Pereira de Lima","","false","08:00","69cab5409b141921d6a9bac9","09:00","Civil","agendado","6a1eab5fb4b8429d4d50074e","2026-06-02T10:07:27.731000","2026-06-02T10:07:27.731000","69e8b3d7f0a0a48eb1af80d9","sesmt.publico@gmail.com","false"
"2026-06-02","Sallyan Vinhadeli Vasconcelos","","false","16:00","69cab48b4ae3b7f6a68fd706","17:00","Civil","agendado","6a1eaacd26fd22aac5addd70","2026-06-02T10:05:01.710000","2026-06-02T10:05:01.710000","69f1fc7d5180372f8b56f510","sallyanv@gmail.com","false"
"2026-06-03","Léa Rosane Barcelos","","false","11:00","69cab555f127d1812d9c958f","12:00","Civil","agendado","6a1ea92e29c92292fc5f19e1","2026-06-02T09:58:06.723000","2026-06-02T09:58:06.723000","69eb7145a368132a1e810354","learosane@gmail.com","false"
"2026-06-02","Ana Paula Moreira Rodrigues","","false","13:00","6a04bf891172d29085e72723","14:00","Civil","agendado","6a1ea468cc91472e174a989c","2026-06-02T09:37:44.906000","2026-06-02T09:37:44.906000","6a04bf283d7914722c5697df","anaromoreira@gmail.com","false"
"2026-06-02","Carlos Antônio Madalena","","false","07:00","69f1fbd2b1d8f827f1014b85","08:00","Civil","agendado","6a1ea2990b9fa92d7de85d16","2026-06-02T09:30:01.277000","2026-06-02T09:30:01.277000","69f1eb66214b21fd581ce36b","advgcarlosmadalena@gmail.com","false"
"2026-06-02","Patrícia Gomes Fleuri Cunha","","false","07:00","6a103b0bb218f6109a5263e2","08:00","Civil","agendado","6a1e961652b4ab3ccb68e99e","2026-06-02T08:36:38.037000","2026-06-02T08:36:38.038000","6a0caf6598b093e0931ff6a8","patricia.cunha@goias.gov.br","false"
"2026-06-02","Anna Klara Miranda Tobias","","false","07:00","69cab4b0e2406c3364a5c7bc","08:00","Civil","agendado","6a1e33633ce2927aab4f844a","2026-06-02T01:35:31.911000","2026-06-02T01:35:31.911000","6a01c20a26bc4a721c9c5579","klaramiranda98@gmail.com","false"
"2026-06-02","Danilo de Sousa Prado","","false","08:00","69cab49fb9d3a0623eb94b4a","09:00","Civil","agendado","6a1e0f44c9f543fdcb841f53","2026-06-01T23:01:24.412000","2026-06-01T23:01:24.412000","69d3fe53345c29f351310df5","daniloprado.mat@gmail.com","false"
"2026-06-03","Jheniffer dos Santos Silva","","false","13:00","69cab4a2206fd882dafd1572","14:00","Civil","agendado","6a1e0a7cfe5743830da8849b","2026-06-01T22:41:00.914000","2026-06-01T22:41:00.914000","6a174167070e9be1ca2e1fcf","jhenifferdossantossilva596@gmail.com","false"
"2026-06-02","Jheniffer dos Santos Silva","","false","13:00","69cab4a2206fd882dafd1572","14:00","Civil","faltou","6a1e0a46623b32b1f3b34e66","2026-06-01T22:40:06.903000","2026-06-02T17:03:49.704000","6a174167070e9be1ca2e1fcf","jhenifferdossantossilva596@gmail.com","false"
"2026-06-03","Sandy Gonçalves Santana","","false","18:00","69cab4b251341c5e34b04b2e","19:00","Civil","agendado","6a1df6a88ca42e27f4dfe2dc","2026-06-01T21:16:24.669000","2026-06-01T21:16:24.669000","69eb712609a3ab9ccffc1d90","sanderas.sgs@gmail.com","false"
"2026-06-02","André Fonseca Pinto Osorio","","false","08:00","69cab498a17506f70c6237c3","09:00","Civil","agendado","6a1dea7c9b62dd9f06265236","2026-06-01T20:24:28.727000","2026-06-01T20:24:28.727000","69eb7124b260ea0371181af3","andreosorio10@gmail.com","false"
"2026-06-01","Lariza Cori Thomaz Nogueira","","false","17:00","69f1fc1f966c41d8f2d01ced","18:00","Civil","agendado","6a1ddfe243a59e805352b043","2026-06-01T19:39:14.516000","2026-06-01T19:39:14.516000","69f3a2c6bc8b6cab6e884a64","lilariza.cori@gmail.com","false"
"2026-06-02","Laura Fernandes Mendes","","false","11:00","69cab5540b51026b52fe7cb7","12:00","Civil","agendado","6a1ddf87a9b85560fa7481ce","2026-06-01T19:37:43.694000","2026-06-01T19:37:43.694000","69f8d50105e660849e08c5f6","mendes.ferlaura@gmail.com","false"
"2026-06-01","Douglas Fleury Parreira Barros","","false","17:00","69cab49ee29fe8dc7e61491a","18:00","Civil","agendado","6a1ddbaf12d8ccb67548b486","2026-06-01T19:21:19.807000","2026-06-01T19:21:19.807000","69e8b40f9b7ab425aa2ca185","douglas.fleury@gmail.com","false"
"2026-06-01","Ádina Lorraíne Souza da Silva Coêlho","","false","17:00","69cab49326fbff187dc4d24d","18:00","Civil","agendado","6a1dda5b06c5c81b0dcc1c39","2026-06-01T19:15:39.302000","2026-06-01T19:15:39.302000","69e8b3bb5dd93ff3b5be8375","adinalorraine.bio@gmail.com","false"
"2026-06-02","Andrea Gonçalves Fonseca","","false","07:00","69cab51d1406725f35a35aea","08:00","Civil","agendado","6a1dd432ad681961cf9b105e","2026-06-01T18:49:22.853000","2026-06-01T18:49:22.853000","6a0caf6101940cd03cbfc270","andreagyn2020@gmail.com","false"
"2026-06-01","Nilton Barbosa Coelho","","false","17:00","69cab49682d361e5e28db07c","18:00","Civil","agendado","6a1dd4069a556c4dd4802979","2026-06-01T18:48:38.415000","2026-06-01T18:48:38.415000","69e8b3b4c17154e6b5f73e0c","nilton.sead@gmail.com","false"
"2026-06-03","Valdeir Alves Rocha","","false","15:00","6a04655919cd7e0450bcfd05","16:00","Civil","agendado","6a1dd255b8bdc866161d44d6","2026-06-01T18:41:25.181000","2026-06-01T18:41:25.181000","69e8b3b3071542e891433aa0","valdeir.ideias@gmail.com","false"
"2026-06-02","Daniel Carlos dos Reis","","false","08:00","69efb877f2a849baa2f1590f","09:00","Civil","agendado","6a1dcfbe1319f2832e68de6d","2026-06-01T18:30:22.363000","2026-06-01T18:30:22.363000","69e8b3dcffadf846c595fa0c","danielreis0211@gmail.com","false"
"2026-06-02","Edjane Martins Silva","","false","12:00","69cab5525a1b6e998a75de7e","13:00","Civil","faltou","6a1dc5eb9ff95e48b304b98f","2026-06-01T17:48:27.622000","2026-06-02T16:03:48.777000","6a0c51d521231d4a1ef3e01f","edjanemartins14@gmail.com","false"
"2026-06-03","Márcia de Araújo Gontijo","","false","07:00","69cab4fa6634febf001eb740","08:00","Civil","agendado","6a1dbe2b8c145cdfa80fbd94","2026-06-01T17:15:23.846000","2026-06-03T11:05:21.851000","69fe28955bf56f9dc34635d2","marciagontijoadv@gmail.com","false"
"2026-06-02","Felipe Junqueira Mariano","","false","12:00","69cab4fa2f92da87a7de44b0","13:00","Civil","agendado","6a1dbd345996809318ed7a30","2026-06-01T17:11:16.768000","2026-06-01T17:11:16.768000","6a045784a0d5f992481b9d74","felipejmarianor@gmail.com","false"
"2026-06-01","Tatiane Ferreira e Silva Medeiros","","false","17:00","69cab4ae71c685e9f60324a3","18:00","Civil","agendado","6a1dbb410cfadf9acd4d46fb","2026-06-01T17:02:57.810000","2026-06-01T17:02:57.810000","69f0a7979080024735454f5b","tatianefsm2000@gmail.com","false"
"2026-06-02","Débora Maia Escher dos Santos","","false","11:00","69fc8102efce393880145d94","12:00","Civil","agendado","6a1dba97d0d6e702f9f65b60","2026-06-01T17:00:07.676000","2026-06-01T17:00:07.676000","69fb76a1a9859e54ff79cc1b","deboraescher19@gmail.com","false"
"2026-06-02","Marcos Rodrigo da Silva","","false","13:00","69cab4a3c1c42a0056c3ec30","14:00","Civil","agendado","6a1db9d884bea8c71e4d20b7","2026-06-01T16:56:56.693000","2026-06-01T16:56:56.693000","6a0caf5d34356254fca6261c","rodrigo.marcos81@gmail.com","false"
"2026-06-02","Helena de Castro Côrtes","","false","12:00","6a16e9a8f78a8dd4bceafe2a","13:00","Civil","agendado","6a1db86dfba206e42157dc1f","2026-06-01T16:50:53.100000","2026-06-01T16:50:53.100000","6a16e52b80d218340615bc21","helena.gegeo@gmail.com","false"
"2026-06-03","Clarinha Pereira da Silva Sousa","","false","11:00","69cab4bb2b75e5b3207c8b48","12:00","Civil","agendado","6a1db729ef0de81356ac3da2","2026-06-01T16:45:29.307000","2026-06-01T16:45:29.307000","69f0e71cb680d3ecfbb47205","clarinhapereira831@gmail.com","false"
"2026-06-02","Clarinha Pereira da Silva Sousa","","false","11:00","69cab4bb2b75e5b3207c8b48","12:00","Civil","agendado","6a1db6fd15ce94cb3f7d7ada","2026-06-01T16:44:45.851000","2026-06-01T16:44:45.851000","69f0e71cb680d3ecfbb47205","clarinhapereira831@gmail.com","false"
"2026-06-01","Ana Paula Moreira Rodrigues","","false","17:00","6a04bf891172d29085e72723","18:00","Civil","agendado","6a1db6207177de6b7df08e42","2026-06-01T16:41:04.400000","2026-06-01T16:41:04.400000","6a04bf283d7914722c5697df","anaromoreira@gmail.com","false"
"2026-06-01","Yasmin Medeiros de Oliveira","","false","17:00","69cab4ef4a0411830b859b44","18:00","Civil","agendado","6a1db5c40b607086856930a4","2026-06-01T16:39:32.102000","2026-06-01T16:39:32.102000","6a103a63f80a4bf1ed8e6c76","yasmin.meira.265@gmail.com","false"
"2026-06-03","Umbelina Santana Ramos","","false","11:00","69cab52aca4d9c8a07cb419a","12:00","Civil","agendado","6a1db2625ca2739f596f6ddb","2026-06-01T16:25:06.636000","2026-06-01T16:25:06.636000","6a16f068b357802022f1ae94","umbelinasramos@gmail.com","false"
"2026-06-02","Antonino Batista Júnior","","false","17:00","69cab53d8efef97e8a0f03b3","18:00","Civil","agendado","6a1dae2f1142f1e6115eae36","2026-06-01T16:07:11.823000","2026-06-01T16:07:11.823000","69e8b3ceaa15a6de33954e67","antoninobj@gmail.com","false"
"2026-06-01","Antonino Batista Júnior","","false","16:00","69cab53d8efef97e8a0f03b3","17:00","Civil","agendado","6a1dae25374fa472704b9247","2026-06-01T16:07:01.670000","2026-06-01T16:07:01.670000","69e8b3ceaa15a6de33954e67","antoninobj@gmail.com","false"
"2026-06-02","Johnathan Pereira de Sousa","","false","13:00","69f88df9ff9cd30a3a32d365","14:00","Civil","agendado","6a1dac58b3c38353228e251c","2026-06-01T15:59:20.128000","2026-06-01T15:59:20.128000","69f1eb63dbe15fae1934137c","johnathan515@gmail.com","false"
"2026-06-01","Johnathan Pereira de Sousa","","false","13:00","69f88df9ff9cd30a3a32d365","14:00","Civil","agendado","6a1dac4dd800cd721bae9489","2026-06-01T15:59:09.210000","2026-06-01T15:59:09.210000","69f1eb63dbe15fae1934137c","johnathan515@gmail.com","false"
"2026-06-01","Guilherme Lima de Sena","","false","18:00","69cab51d8bf415ccbaf6955b","19:00","Civil","agendado","6a1da9ece5a6121b009a4ff2","2026-06-01T15:49:00.680000","2026-06-01T15:49:00.680000","69f8d5070e6979860429cfd6","guisenna73@gmail.com","false"
"2026-06-03","Morian Scussel Malburg","","false","08:00","69cab53deddee6987dc1c800","09:00","Civil","agendado","6a1da61b4ec9981f13913f03","2026-06-01T15:32:43.939000","2026-06-01T15:32:43.939000","69e8b3dfc275cae65aee1aa2","morianmalburg@gmail.com","false"
"2026-06-02","Gilvan José Meireles","","false","13:00","69cab51df127d1812d9c9585","14:00","Civil","agendado","6a1da475d73e1bc1fc99662e","2026-06-01T15:25:41.620000","2026-06-01T15:25:41.620000","69eb7152f8692d6e4f8926c5","gil-van-jose@hotmail.com","false"
"2026-06-01","Gilvan José Meireles","","false","13:00","69cab51df127d1812d9c9585","14:00","Civil","agendado","6a1da4693aad770fa915f9ca","2026-06-01T15:25:29.794000","2026-06-01T15:25:29.794000","69eb7152f8692d6e4f8926c5","gil-van-jose@hotmail.com","false"
"2026-06-01","Marília da Silva Oliveira ","","false","18:00","6a15d57c344b691a4877ca97","19:00","Civil","agendado","6a1da3d0ae9791a045738457","2026-06-01T15:22:56.832000","2026-06-01T15:22:56.832000","6a103a6242a03e3f6e05eccd","marilia7@gmail.com","false"
"2026-06-01","Lívia Borges de Sousa","","false","13:00","69cab53df488136327286414","14:00","Civil","agendado","6a1d9febc210db06cee3ff05","2026-06-01T15:06:19.946000","2026-06-01T15:06:19.946000","6a035c5eff55688ed4fcb8b0","livia.borges.333@gmail.com","false"
"2026-06-01","Hérika Pabline Lima Veras","","false","16:00","6a15d611390b03b5280412b4","17:00","Civil","agendado","6a1d9ed299204a1d8bd1f317","2026-06-01T15:01:38.389000","2026-06-01T15:01:38.389000","6a15cb855ddae0a12bbc417c","herikapabline@gmail.com","false"
"2026-06-01","Hérika Pabline Lima Veras","","false","16:00","6a15d611390b03b5280412b4","17:00","Civil","agendado","6a1d9ed1b9a41ed1d13c2652","2026-06-01T15:01:37.774000","2026-06-01T15:01:37.774000","6a15cb855ddae0a12bbc417c","herikapabline@gmail.com","false"
"2026-06-01","Thaís Teixeira Santos","","false","12:00","69cab5274f3dd1b5956201e6","13:00","Civil","agendado","6a1d9e2ce899c569143be7c8","2026-06-01T14:58:52.780000","2026-06-01T14:58:52.780000","6a0caf640170db9a69a7bebd","thais.sejuv@gmail.com","false"
"2026-06-02","Ana Clara Barbacena Camelo","","false","19:00","69cab496d430c0cf1dbd7e72","20:00","Civil","agendado","6a1d9d7d59195b7cd01586f4","2026-06-01T14:55:57.304000","2026-06-01T14:55:57.304000","69f0e732a32f7ffb33e50f1b","anaclarabarbacena@gmail.com","false"
"2026-06-01","Ana Clara Barbacena Camelo","","false","19:00","69cab496d430c0cf1dbd7e72","20:00","Civil","agendado","6a1d9d740b4321f0dac64024","2026-06-01T14:55:48.403000","2026-06-01T14:55:48.403000","69f0e732a32f7ffb33e50f1b","anaclarabarbacena@gmail.com","false"
"2026-06-01","Denize Pommer","","false","16:00","6a1997fbb2260a52c4a8158e","17:00","Civil","agendado","6a1d9c1e8ed3f532f0074870","2026-06-01T14:50:06.271000","2026-06-01T14:50:06.271000","6a16e5320af1d751de266aea","pommerde@gmail.com","false"
"2026-06-01","Isabella Maria Londe Sampaio","","false","12:00","6a032b0fa526d01f6d3ef8fb","13:00","Civil","agendado","6a1d9b728882f5fbf19a6ed4","2026-06-01T14:47:14.945000","2026-06-01T14:47:14.945000","6a035c60907e0c31ea51ed55","londefotografia@gmail.com","false"
"2026-06-01","Ismael José dos Santos Filho","","false","12:00","69cab50d46c2a710ba93c1d4","13:00","Civil","agendado","6a1d9aee3ea560cdc2c8d328","2026-06-01T14:45:02.292000","2026-06-01T14:45:02.292000","69eb714b124295d4decc3504","ismaelfilho.adv@gmail.com","false"
"2026-06-01","Michelle Vitoria de Carvalho","","false","16:00","6a1d952333bdc732b32dcd93","17:00","Civil","agendado","6a1d9a153ac5b59c2555cafe","2026-06-01T14:41:25.473000","2026-06-01T14:41:25.473000","6a1985fdbfa475c3359e50e9","michellelouza51@gmail.com","false"
"2026-06-01","Helena de Castro Côrtes","","false","12:00","6a16e9a8f78a8dd4bceafe2a","13:00","Civil","agendado","6a1d99c089e564c25ee30223","2026-06-01T14:40:00.316000","2026-06-01T14:40:00.316000","6a16e52b80d218340615bc21","helena.gegeo@gmail.com","false"
"2026-06-02","Lia Rodrigues de Oliveira","","false","13:00","69cab4a03ab6550526927a0e","14:00","Civil","agendado","6a1d99a381f73322756bcd6f","2026-06-01T14:39:31.186000","2026-06-01T14:39:31.186000","69eb7138fbc3eca467b8986b","liarodriguesoliveira30@gmail.com","false"
"2026-06-01","Raniery Morais Miranda","","false","13:00","69cab5298bf415ccbaf69560","14:00","Civil","agendado","6a1d9800d2bfeba50d1bb708","2026-06-01T14:32:32.627000","2026-06-01T14:32:32.627000","69eb7130c8c6a653226322d0","mirandaraniery@gmail.com","false"
"2026-06-01","Carlos Antonio da Silva Vieira","","false","12:00","69cab50cf5516a154093aa81","13:00","Civil","agendado","6a1d9304b98a1a288e7cc931","2026-06-01T14:11:16.901000","2026-06-01T14:11:16.901000","69e8b419aec854d1886962c7","carlaoaudiodesigner@gmail.com","false"
"2026-06-01","Brenuo Victor Rodrigues Barbosa","","false","13:00","69cab5409b141921d6a9baca","14:00","Civil","agendado","6a1d9268f7d60f4343327f84","2026-06-01T14:08:40.746000","2026-06-01T14:08:40.746000","6a022e0e6d475b0b2334af8e","brenuovrb@gmail.com","false"
"2026-06-01","Talíta Maria Carvalho de Lima ","","false","12:00","6a1093b55c869df7da1218e1","13:00","Civil","agendado","6a1d9224189ee7dff13622d5","2026-06-01T14:07:32.448000","2026-06-01T14:07:32.448000","6a10924dc377ea5adc55fbdc","ttalitalima@gmail.com","false"
"2026-06-01","Débora Maia Escher dos Santos","","false","12:00","69fc8102efce393880145d94","13:00","Civil","agendado","6a1d916338406b3e89fda86f","2026-06-01T14:04:19.324000","2026-06-01T14:04:19.324000","69fb76a1a9859e54ff79cc1b","deboraescher19@gmail.com","false"
"2026-06-02","Delma Maria Guimaraes","","false","11:00","69cab4bb4badc9d3592723d2","12:00","Civil","agendado","6a1d90e0ee76ed6c4da7de0e","2026-06-01T14:02:08.124000","2026-06-01T14:02:08.124000","69f0e717c3c33b89a2f9e02a","delmagui333@gmail.com","false"
"2026-06-01","Delma Maria Guimaraes","","false","12:00","69cab4bb4badc9d3592723d2","13:00","Civil","agendado","6a1d90d097ec19e085eb026b","2026-06-01T14:01:52.077000","2026-06-01T14:01:52.077000","69f0e717c3c33b89a2f9e02a","delmagui333@gmail.com","false"
"2026-06-01","Jaqueline Basílio de Oliveira","","false","13:00","69f251eb95fc95ce8a1deca1","14:00","Civil","agendado","6a1d8e609c7b21548d323cde","2026-06-01T13:51:28.586000","2026-06-01T13:51:28.586000","69f2515f3caf2db8610694b6","jaquelliny20@hotmail.com","false"
"2026-06-01","Sandra Francisca Bandeira ","","false","12:00","6a16ff021e7aed126219459f","13:00","Civil","agendado","6a1d8e3596ca787104cf6344","2026-06-01T13:50:45.362000","2026-06-01T13:50:45.362000","6a0caf5d2f6ef5a33a3d14c9","sandrabandeira.adv@gmail.com","false"
"2026-06-01","MAICON DOUGLAS GOMES RODRIGUES","","false","12:00","6a1495a104b49b3be78f3da3","13:00","Civil","agendado","6a1d8da0665fb67f68e8582f","2026-06-01T13:48:16.307000","2026-06-01T13:48:16.307000","69e8b3c64ccd45857400c131","douglasgynn1@gmail.com","false"
"2026-06-02","Marcos Lopes de Souza","","false","12:00","69cab4a6d886e77a5a0bd8f9","13:00","Civil","agendado","6a1d8d87396195d013d8a45a","2026-06-01T13:47:51.589000","2026-06-01T13:47:51.589000","69efccfae228f77c31effa3e","marcos.lsouza@goias.gov.br","false"
"2026-06-01","Marcos Lopes de Souza","","false","12:00","69cab4a6d886e77a5a0bd8f9","13:00","Civil","agendado","6a1d8d7e9aa42f9913ca8a8c","2026-06-01T13:47:42.036000","2026-06-01T13:47:42.036000","69efccfae228f77c31effa3e","marcos.lsouza@goias.gov.br","false"
"2026-06-01","Marcia da Silva Coutinho","","false","16:00","69cab53186a8212571cbebfa","17:00","Civil","agendado","6a1d8cc39d1d2fcf1dc0afe9","2026-06-01T13:44:35.128000","2026-06-01T13:44:35.128000","69f1eb6d936f80ebdd9a578e","marcinhacoutinho.foto@gmail.com","false"
"2026-06-01","Michelle Calisto Ferreira","","false","17:00","69cab497891322eb46e67534","18:00","Civil","agendado","6a1d8c26808c755bd7b42004","2026-06-01T13:41:58.522000","2026-06-01T13:41:58.522000","69e8b3bd3549f8bb642ed66f","gecat.secc@gmail.com","false"
"2026-06-01","Maria Aparecida Carneiro de Mendonça","","false","17:00","69efb8d18f7abcfc7bc5e6e0","18:00","Civil","agendado","6a1d8bfbaca94ee34d0c0ee7","2026-06-01T13:41:15.263000","2026-06-01T13:41:15.263000","69f8d5047166a59dfa38211e","cidamacm@gmail.com","false"
"2026-06-01","Julio Cesar de Morais Souza","","false","11:00","69cab4faeab3702f5a63795e","12:00","Civil","agendado","6a1d8be36ebe76d43713303a","2026-06-01T13:40:51.904000","2026-06-01T13:40:51.904000","69f8d5097166a59dfa38211f","juliocesar12059734@gmail.com","false"
"2026-06-01","Lucas Façanha de Oliveira Carvalho","","false","12:00","69cab53f95aecd6313a1094a","13:00","Civil","agendado","6a1d897f5f6ce07a7df258ba","2026-06-01T13:30:39.321000","2026-06-01T13:30:39.321000","69e8b3d9db2701e07f3d9515","lucasoliveira.ifam@gmail.com","false"
"2026-06-02","Vanessa Pereira de Carvalho","","false","13:00","69cab510bf777218eaaa8d8f","14:00","Civil","agendado","6a1d887d601b1bfa5ebd9b37","2026-06-01T13:26:21.004000","2026-06-01T13:26:21.004000","69f3a2c36e4365ec9df1c914","vanessapereiraluz@gmail.com","false"
"2026-06-01","Vanessa Pereira de Carvalho","","false","13:00","69cab510bf777218eaaa8d8f","14:00","Civil","agendado","6a1d886e5ca98aae67c63ba6","2026-06-01T13:26:06.325000","2026-06-01T13:26:06.325000","69f3a2c36e4365ec9df1c914","vanessapereiraluz@gmail.com","false"
"2026-06-02","Laiz de Moraes Silva","","false","13:00","69cab4a6cb0eeca73fb0ea1f","14:00","Civil","faltou","6a1d875ba2c836a46aaf6be5","2026-06-01T13:21:31.367000","2026-06-02T17:03:49.903000","6a1985ff6640af2a5735033f","laiz.geaco@gmail.com","false"
"2026-06-01","Joao Vitor Pedroza","","false","11:00","69cab4b25f739b9e014b59df","12:00","Civil","agendado","6a1d831daecdb3c8d3c99263","2026-06-01T13:03:25.659000","2026-06-01T13:03:25.659000","69e8b3d41688ab2449b6171f","joaovitorpedroza@gmail.com","false"
"2026-06-01","Paloma Leal Frazão","","false","11:00","6a05cb2bf126cffdabe7fbfa","12:00","Civil","agendado","6a1d831ccfc05ef636a07f96","2026-06-01T13:03:24.615000","2026-06-01T13:03:24.615000","69eb7148469c445c29813e58","palomalfrazao@gmail.com","false"
"2026-06-01","Laura Fernandes Mendes","","false","11:00","69cab5540b51026b52fe7cb7","12:00","Civil","agendado","6a1d82cd4296d8216076c475","2026-06-01T13:02:05.185000","2026-06-01T13:02:05.185000","69f8d50105e660849e08c5f6","mendes.ferlaura@gmail.com","false"
"2026-06-01","Nádya de Sá Almeida Costa Silva","","false","12:00","69cab48b36611447155e197c","13:00","Civil","agendado","6a1d8106c4c721c8cabffc7d","2026-06-01T12:54:30.427000","2026-06-01T12:54:30.427000","69f09cc40b09eba29a789e8a","eng.nadyasa@gmail.com","false"
"2026-06-02","Rafaela Franzoni Marques","","false","12:00","69f9cddf1e81ff14d278df5e","13:00","Civil","agendado","6a1d7e888890d911a7423207","2026-06-01T12:43:52.484000","2026-06-01T12:43:52.484000","69f8e2f80271cf78f7858d16","rafaelafranzoni@gmail.com","false"
"2026-06-01","Thiago Marques Leão","","false","12:00","69cab49382a748187c66ec50","13:00","Civil","agendado","6a1d7c2624eaf6f8d837181e","2026-06-01T12:33:42.773000","2026-06-01T12:33:42.773000","69e8b3a39df58dcdca94d144","thiagomarquesleao@gmail.com","false"
"2026-06-01","Maria Águeda Silva","","false","12:00","6a0cb5ca9c2781a0ddd0e9d3","13:00","Civil","agendado","6a1d7b316a4b8ce367c7fb84","2026-06-01T12:29:37.500000","2026-06-01T12:29:37.500000","6a0caf60ce38c927e233214b","mariaaguedas@gmail.com","false"
"2026-06-01","Uerica Agapito Pereira","","false","12:00","69cab53f1d112c5a2797d789","13:00","Civil","agendado","6a1d7afc539e6f9bfe08174a","2026-06-01T12:28:44.948000","2026-06-01T12:28:44.948000","69f09fd3ef3fe8e89a0d5919","uericaagapito.adv@gmail.com","false"
"2026-06-01","Rafaela Franzoni Marques","","false","12:00","69f9cddf1e81ff14d278df5e","13:00","Civil","agendado","6a1d7a5f402c22fe87afbb54","2026-06-01T12:26:07.908000","2026-06-01T12:26:07.908000","69f8e2f80271cf78f7858d16","rafaelafranzoni@gmail.com","false"
"2026-06-01","Carolina Assis Silva","","false","12:00","69cab528f140868323584a5f","13:00","Civil","agendado","6a1d7a42f43aee030dcfb6ad","2026-06-01T12:25:38.496000","2026-06-01T12:25:38.496000","6a047b2155dbffe1bf6746cf","carolasullivan5@gmail.com","false"
"2026-06-01","Marcos Rodrigo da Silva","","false","13:00","69cab4a3c1c42a0056c3ec30","14:00","Civil","agendado","6a1d7a41b87757ad19fec361","2026-06-01T12:25:37.214000","2026-06-01T12:25:37.214000","6a0caf5d34356254fca6261c","rodrigo.marcos81@gmail.com","false"
"2026-06-01","Giovanna Alves Guardiere ","","false","17:00","69fc846f76670092689fba5b","18:00","Civil","agendado","6a1d79ef25a184d27ec3d557","2026-06-01T12:24:15.690000","2026-06-01T12:24:15.690000","69f3a2bdd479a05ce50eb8df","giovannaalves978@gmail.com","false"
"2026-06-03","Ana Carolina Silva de Araujo Peixoto","","false","07:00","69cab50fec6532662ba58f05","08:00","Civil","agendado","6a1d7895d7de272768ac9096","2026-06-01T12:18:29.212000","2026-06-01T12:18:29.212000","69e8b3abbdd54859f2b7eadf","ana.anacarol1403@gmail.com","false"
"2026-06-01","Carlos Henrique Ferreira Santos","","false","12:00","69cab4ac0916e78eed2006b2","13:00","Civil","agendado","6a1d715b9229336a504b493d","2026-06-01T11:47:39.707000","2026-06-01T11:47:39.707000","69eb815a6faab5200f1325b9","carlohenrysanto@gmail.com","false"
"2026-06-01","Raimunda Soronha de Oliveira dos Reis","","false","12:00","69cab4acf9e6540401a079f2","13:00","Civil","agendado","6a1d7117b4b8ef7b2d7f1ae6","2026-06-01T11:46:31.559000","2026-06-01T11:46:31.559000","69f0ed6a8aee7b0f624a8555","soronha.reis@gmail.com","false"
"2026-06-02","José Porto França Neto","","false","12:00","69cab51cf59bbda43a5c5d57","13:00","Civil","agendado","6a1d6f50a237a4c3af05528f","2026-06-01T11:38:56.101000","2026-06-01T11:38:56.101000","69eb712c92a6132bbc608daf","portobritto@gmail.com","false"
"2026-06-01","José Porto França Neto","","false","12:00","69cab51cf59bbda43a5c5d57","13:00","Civil","agendado","6a1d6f474544cd49b541984c","2026-06-01T11:38:47.927000","2026-06-01T11:38:47.927000","69eb712c92a6132bbc608daf","portobritto@gmail.com","false"
"2026-06-01","Raphael de Lima Carvalho Moraes","","false","13:00","69cab4ee1d5dca09ed497c22","14:00","Civil","agendado","6a1d6d6bd28434e843e5d454","2026-06-01T11:30:51.509000","2026-06-01T11:30:51.509000","69f243fdfed1f188950d4989","raphaelmoraes019@gmail.com","false"
"2026-06-01","Natalya Rodrigues Pereira","","false","18:00","69cab4965bbd1a25efdeafad","19:00","Civil","agendado","6a1d68ae3120402e8967800b","2026-06-01T11:10:38.691000","2026-06-01T11:10:38.691000","6a0c58b654f54b7a89655155","natalyarodrigues174@gmail.com","false"
"2026-06-02","Umbelina Santana Ramos","","false","11:00","69cab52aca4d9c8a07cb419a","12:00","Civil","agendado","6a1d687472bf4110495f86cc","2026-06-01T11:09:40.502000","2026-06-01T11:09:40.502000","6a16f068b357802022f1ae94","umbelinasramos@gmail.com","false"
"2026-06-01","Elisa Parreira de Castro Alves","","false","12:00","69cab4958987e567777aa8e9","13:00","Civil","agendado","6a1d667ed6c88246bb110fe7","2026-06-01T11:01:18.604000","2026-06-01T11:01:18.604000","69f3539372bfccf5cae537b8","elisa.pdca@gmail.com","false"
"2026-06-01","Isidoro Tavares Rosa","","false","12:00","69cab4a035089c731a4647af","13:00","Civil","agendado","6a1d6606ba68667c4eb0c880","2026-06-01T10:59:18.219000","2026-06-01T10:59:18.219000","69e8b3e556cb0efc368cf481","isidorotrti@gmail.com","false"
"2026-06-01","LAINE SOUZA LANDIN CARDOSO","","false","12:00","6a16ecc046adce93104edc2a","13:00","Civil","agendado","6a1d656b2339c9dea4f7d481","2026-06-01T10:56:43.976000","2026-06-01T10:56:43.976000","6a10a6ce0062e7cb36b6737e","lainelandin@gmail.com","false"
"2026-06-01","Antônio Gabriel Marcimiano de Moraes","","false","17:00","69cab5533f4cbe4cc715f000","18:00","Civil","agendado","6a1d609cfcf2ab5b0de838a7","2026-06-01T10:36:12.614000","2026-06-01T10:36:12.614000","69e8bd46281c43278d0d48e9","gabrielgynh@gmail.com","false"
"2026-06-01","Mel Cardoso Souza","","false","11:00","69cab4844ae3b7f6a68fd705","12:00","Civil","agendado","6a1d5ec55d09cc852e2c79a4","2026-06-01T10:28:21.883000","2026-06-01T10:28:21.883000","69e8b3e718a06dc553782bd2","mel2005cardoso@gmail.com","false"
"2026-06-02","Jhulli Êmily Martins Nunes","","false","13:00","69cab48cce1c3df3215b2752","14:00","Civil","agendado","6a1d5ebab788f86258733165","2026-06-01T10:28:10.631000","2026-06-01T10:28:10.631000","69e8b3e6578c929cf94963e6","jhulliemily2014@gmail.com","false"
"2026-06-01","Jhulli Êmily Martins Nunes","","false","13:00","69cab48cce1c3df3215b2752","14:00","Civil","agendado","6a1d5eafae1d3419fab31cfe","2026-06-01T10:27:59.021000","2026-06-01T10:27:59.021000","69e8b3e6578c929cf94963e6","jhulliemily2014@gmail.com","false"
"2026-06-01","Fernanda Marra","","false","11:00","69cab5495f4c50dbe8cc825c","12:00","Civil","agendado","6a1d5e9c326e318f20235a2b","2026-06-01T10:27:40.273000","2026-06-01T10:27:40.273000","6a16e5289a8726b9d9b03046","dizamarra@gmail.com","false"
"2026-06-02","Célia Maria da Silva Valadão","","false","11:00","6a0afdd882e5220f83455fbb","12:00","Civil","agendado","6a1d5bf91ce9d28a7fda5b31","2026-06-01T10:16:25.141000","2026-06-01T10:16:25.141000","6a03223f9f250d7b5f325919","celia.valadao@goias.gov.br","false"
"2026-06-01","Célia Maria da Silva Valadão","","false","11:00","6a0afdd882e5220f83455fbb","12:00","Civil","agendado","6a1d5bbd29fd1a0595ec69cb","2026-06-01T10:15:25.326000","2026-06-01T10:15:25.326000","6a03223f9f250d7b5f325919","celia.valadao@goias.gov.br","false"
"2026-06-01","Keiliane dos Santos Silva","","false","11:00","69cab4841ce56b674d36384d","12:00","Civil","agendado","6a1d5945f5ff08a6fb9502ee","2026-06-01T10:04:53.691000","2026-06-01T10:04:53.691000","69e8b410c23f02f059fbe081","keilineker@gmail.com","false"
"2026-06-01","Luciana Nunes do Amaral","","false","07:00","69f245f987f588dbdbc22567","08:00","Civil","agendado","6a1d4728a85b0a2c3af726b7","2026-06-01T08:47:36.322000","2026-06-01T08:47:36.322000","69f200bb913a105fdf750586","lna.advogada@gmail.com","false"
"2026-06-01","Carlos Antônio Madalena","","false","07:00","69f1fbd2b1d8f827f1014b85","08:00","Civil","agendado","6a1d42b97455fd09060acfec","2026-06-01T08:28:41.637000","2026-06-01T08:28:41.637000","69f1eb66214b21fd581ce36b","advgcarlosmadalena@gmail.com","false"
"2026-06-01","Patrícia Gomes Fleuri Cunha","","false","07:00","6a103b0bb218f6109a5263e2","08:00","Civil","agendado","6a1d3f2158204f753a6c8328","2026-06-01T08:13:21.175000","2026-06-01T08:13:21.175000","6a0caf6598b093e0931ff6a8","patricia.cunha@goias.gov.br","false"
"2026-06-01","Andrea Gonçalves Fonseca","","false","07:00","69cab51d1406725f35a35aea","08:00","Civil","agendado","6a1d29c14fff3e16995bfa6a","2026-06-01T06:42:09.551000","2026-06-01T11:33:49.355000","6a0caf6101940cd03cbfc270","andreagyn2020@gmail.com","false"
"2026-06-02","Laura Lula Ramos","","false","11:00","69cab4845646d7497cb9aa56","12:00","Civil","agendado","6a1cf5dced1cd55de49f03eb","2026-06-01T03:00:44.094000","2026-06-01T03:00:44.094000","69e8b3b1c23f02f059fbe05f","lauralular@gmail.com","false"
"2026-06-01","Laura Lula Ramos","","false","11:00","69cab4845646d7497cb9aa56","12:00","Civil","agendado","6a1cf5d4f4bff6e235ed04c6","2026-06-01T03:00:36.130000","2026-06-01T03:00:36.130000","69e8b3b1c23f02f059fbe05f","lauralular@gmail.com","false"
"2026-06-01","Anna Klara Miranda Tobias","","false","07:00","69cab4b0e2406c3364a5c7bc","08:00","Civil","agendado","6a1cee0f96df2de712f2a034","2026-06-01T02:27:27.632000","2026-06-01T02:27:27.632000","6a01c20a26bc4a721c9c5579","klaramiranda98@gmail.com","false"
"2026-06-02","Sandy Gonçalves Santana","","false","18:00","69cab4b251341c5e34b04b2e","19:00","Civil","agendado","6a1cdcb659524ccf62683246","2026-06-01T01:13:26.645000","2026-06-01T01:13:26.645000","69eb712609a3ab9ccffc1d90","sanderas.sgs@gmail.com","false"
"2026-06-01","Ricardo Vilaverde de Oliveira","","false","07:00","6a0464d871ebbe3b34972e28","08:00","Civil","agendado","6a1cce9cf8af828b94d88e65","2026-06-01T00:13:16.275000","2026-06-01T11:07:45.947000","69fe288d4ba4831c857c8bd5","rvilaverde@gmail.com","false"
"2026-06-01","Mariana Albino da Silva","","false","07:00","69cab485b105230925053def","08:00","Civil","agendado","6a1ccc3501241b3ec26964e4","2026-06-01T00:03:01.466000","2026-06-01T00:03:01.466000","69f1eb6197b49acac81ad46a","mariana.albinosilva85@gmail.com","false"
"2026-06-02","Caio César Silva Oliveira","","false","17:00","69cab5528917bc7d06ec9f36","18:00","Civil","agendado","6a1cc97d3406e670c343c765","2026-05-31T23:51:25.458000","2026-05-31T23:51:25.458000","69e8b3c510a6ab1ad3da4cd2","caiooliveira92@gmail.com","false"
"2026-06-02","Léa Rosane Barcelos","","false","11:00","69cab555f127d1812d9c958f","12:00","Civil","agendado","6a1cafa466d0eb14563e7638","2026-05-31T22:01:08.466000","2026-05-31T22:01:08.466000","69eb7145a368132a1e810354","learosane@gmail.com","false"
"2026-06-01","Léa Rosane Barcelos","","false","11:00","69cab555f127d1812d9c958f","12:00","Civil","agendado","6a1caf9460f18dd8a9db079d","2026-05-31T22:00:52.387000","2026-05-31T22:00:52.387000","69eb7145a368132a1e810354","learosane@gmail.com","false"
"2026-06-02","Lorena Rodrigues Leite Caixeta","","false","11:00","69cab49e1f76f85a7183b3c1","12:00","Civil","agendado","6a1c99b42163223ec635e1c7","2026-05-31T20:27:32.926000","2026-05-31T20:27:32.926000","6a0758cb5e36a09b3ddf5b33","arquitetalorenacaixeta@gmail.com","false"
"2026-06-02","Valdeir Alves Rocha","","false","15:00","6a04655919cd7e0450bcfd05","16:00","Civil","agendado","6a1c7fa0ccb26b06fa6e8d62","2026-05-31T18:36:16.807000","2026-05-31T18:36:16.807000","69e8b3b3071542e891433aa0","valdeir.ideias@gmail.com","false"
"2026-06-01","Thayane Cristina Tavares da Silva","","false","18:00","69efa4149a982f6976102820","19:00","Civil","agendado","6a1c7c857e8b71d82d67ae0b","2026-05-31T18:23:01.995000","2026-05-31T18:23:01.995000","69e8b3ac72ff58fcfafa20b1","cristinathco@gmail.com","false"
"2026-06-01","Daniel Carlos dos Reis","","false","08:00","69efb877f2a849baa2f1590f","09:00","Civil","agendado","6a1c64f8ebeb3f0eadf90c49","2026-05-31T16:42:32.336000","2026-05-31T16:42:32.336000","69e8b3dcffadf846c595fa0c","danielreis0211@gmail.com","false"
"2026-06-02","Daniele Serafim de Souza Kliemann","","false","11:00","6a1843cfd579775e62d16cd4","12:00","Civil","agendado","6a1c6322295548f3d083e4a6","2026-05-31T16:34:42.730000","2026-05-31T16:34:42.730000","6a172ad4172b5169721ad5d7","danieleserafim.adv@gmail.com","false"
"2026-06-01","Helder Raimundo de Moraes","","false","12:00","69cab4fa68d464d95240f98b","13:00","Civil","agendado","6a1c5c96d19e66b86249d6da","2026-05-31T16:06:46.833000","2026-05-31T16:06:46.833000","69f0b98c8ab0e5fe3945ffd5","hmoraes74@gmail.com","false"
"2026-06-02","Morian Scussel Malburg","","false","08:00","69cab53deddee6987dc1c800","09:00","Civil","agendado","6a1c242ad7015ecbd583e897","2026-05-31T12:06:02.223000","2026-05-31T12:06:02.223000","69e8b3dfc275cae65aee1aa2","morianmalburg@gmail.com","false"
"2026-06-01","Márcia de Araújo Gontijo","","false","07:00","69cab4fa6634febf001eb740","08:00","Civil","agendado","6a1baa0a364233dce44879d7","2026-05-31T03:24:58.967000","2026-06-01T11:17:55.636000","69fe28955bf56f9dc34635d2","marciagontijoadv@gmail.com","false"
"2026-06-01","Caio César Silva Oliveira","","false","17:00","69cab5528917bc7d06ec9f36","18:00","Civil","agendado","6a1b9288b2c559aa8f2a653f","2026-05-31T01:44:40.299000","2026-05-31T01:44:40.299000","69e8b3c510a6ab1ad3da4cd2","caiooliveira92@gmail.com","false"
"2026-06-01","Lázara Tatiana Pereira de Lima","","false","07:00","69cab5409b141921d6a9bac9","08:00","Civil","agendado","6a1b48e9958c2d3c20472861","2026-05-30T20:30:33.325000","2026-06-01T12:10:52.502000","69e8b3d7f0a0a48eb1af80d9","sesmt.publico@gmail.com","false"
"2026-06-01","Ana Carolina Silva de Araujo Peixoto","","false","07:00","69cab50fec6532662ba58f05","08:00","Civil","agendado","6a1b1264be22699f8c1a914d","2026-05-30T16:37:56.939000","2026-06-01T11:07:16.327000","69e8b3abbdd54859f2b7eadf","ana.anacarol1403@gmail.com","false"
"2026-05-29","Carlos Antonio da Silva Vieira","","false","17:00","69cab50cf5516a154093aa81","18:00","Civil","agendado","6a19e8e58e5098cf2a99591e","2026-05-29T19:28:37.004000","2026-05-29T19:28:37.004000","69e8b419aec854d1886962c7","carlaoaudiodesigner@gmail.com","false"
"2026-05-29","Gabriele Batista","","false","15:00","69cab4e300553dca6de39a7f","16:00","Civil","confirmado","6a19d3a29a7ca585d2daef16","2026-05-29T17:57:54.736000","2026-05-29T18:04:21.140000","69f8d5031b4731838f3aa4db","gabrielecastro01@gmail.com","false"
"2026-05-29","Joao Vitor Pedroza","","false","16:00","69cab4b25f739b9e014b59df","17:00","Civil","confirmado","6a19cff0e81fe58c8f03879c","2026-05-29T17:42:08.722000","2026-05-29T19:07:09.302000","69e8b3d41688ab2449b6171f","joaovitorpedroza@gmail.com","false"
"2026-05-29","Thiago Marques Leão","","false","16:00","69cab49382a748187c66ec50","17:00","Civil","confirmado","6a19cb25eb5332e81d4738cf","2026-05-29T17:21:41.032000","2026-05-29T19:22:03.281000","69e8b3a39df58dcdca94d144","thiagomarquesleao@gmail.com","false"
"2026-05-29","Marília da Silva Oliveira ","","false","18:00","6a15d57c344b691a4877ca97","19:00","Civil","agendado","6a19c5b54f907bdca26eb876","2026-05-29T16:58:29.820000","2026-05-29T16:58:29.820000","6a103a6242a03e3f6e05eccd","marilia7@gmail.com","false"
"2026-05-29","Danilo de Sousa Prado","","false","18:00","69cab49fb9d3a0623eb94b4a","19:00","Civil","agendado","6a19c0426b90746f606771ec","2026-05-29T16:35:14.643000","2026-05-29T22:13:42.828000","69d3fe53345c29f351310df5","daniloprado.mat@gmail.com","false"
"2026-05-29","Antonino Batista Júnior","","false","17:00","69cab53d8efef97e8a0f03b3","18:00","Civil","agendado","6a19b2516f91f6494c5b29a0","2026-05-29T15:35:45.376000","2026-05-29T15:35:45.376000","69e8b3ceaa15a6de33954e67","antoninobj@gmail.com","false"
"2026-05-29","Sandra Francisca Bandeira ","","false","12:00","6a16ff021e7aed126219459f","13:00","Civil","confirmado","6a19a95c5e1a8c4bdc104012","2026-05-29T14:57:32.878000","2026-05-29T15:05:48.640000","6a0caf5d2f6ef5a33a3d14c9","sandrabandeira.adv@gmail.com","false"
"2026-05-29","Isabella Maria Londe Sampaio","","false","12:00","6a032b0fa526d01f6d3ef8fb","13:00","Civil","agendado","6a19a5bf5fc8c9f749e4b990","2026-05-29T14:42:07.928000","2026-05-29T14:42:07.928000","6a035c60907e0c31ea51ed55","londefotografia@gmail.com","false"
"2026-05-29","Rafael Londe Hagen","","false","12:00","69c2d3ee87aec14ce3dd0d68","13:00","Civil","agendado","6a19a5625644674cdc64c3eb","2026-05-29T14:40:34.900000","2026-05-29T14:40:34.900000","69c3d34b532ba9674f7d28c5","rafaelhagen@hotmail.com","false"
"2026-05-29","Thayller Adriell Souza Garcia","","false","12:00","69cab4ee69e0c3af82747389","13:00","Civil","agendado","6a19a287eea493d46ef92bed","2026-05-29T14:28:23.571000","2026-05-29T14:28:23.571000","69fa2777a6a8382ee6b53a67","thayller.garcia@goias.gov.br","false"
"2026-05-29","Carlos Henrique Ferreira Santos","","false","12:00","69cab4ac0916e78eed2006b2","13:00","Civil","agendado","6a19a144361ffa25d591d493","2026-05-29T14:23:00.096000","2026-05-29T14:23:00.096000","69eb815a6faab5200f1325b9","carlohenrysanto@gmail.com","false"
"2026-05-29","Raniery Morais Miranda","","false","13:00","69cab5298bf415ccbaf69560","14:00","Civil","agendado","6a19a044ddf7b1c022c06802","2026-05-29T14:18:44.939000","2026-05-29T14:18:44.939000","69eb7130c8c6a653226322d0","mirandaraniery@gmail.com","false"
"2026-05-29","Vitor Hugo de Sousa Soares","","false","14:00","6a0f398f99b4529be22e7d03","15:00","Civil","agendado","6a199f67c8cb25e2a71c2914","2026-05-29T14:15:03.741000","2026-05-29T14:15:03.741000","6a0f39110da6ca477f347af0","desousavitorhugo@gmail.com","false"
"2026-05-29","Talíta Maria Carvalho de Lima ","","false","12:00","6a1093b55c869df7da1218e1","13:00","Civil","agendado","6a199c9db5e7bcab80c0272f","2026-05-29T14:03:09.557000","2026-05-29T14:03:09.557000","6a10924dc377ea5adc55fbdc","ttalitalima@gmail.com","false"
"2026-05-29","Yasmin Medeiros de Oliveira","","false","17:00","69cab4ef4a0411830b859b44","18:00","Civil","agendado","6a19999509efb185e51f63fa","2026-05-29T13:50:13.565000","2026-05-29T13:50:13.565000","6a103a63f80a4bf1ed8e6c76","yasmin.meira.265@gmail.com","false"
"2026-05-29","Paulo Henrique Nunes da Silva Araújo","","false","16:00","69cab4a2f74af4c7f98e624b","17:00","Civil","confirmado","6a1998c97534a9ba393ef05b","2026-05-29T13:46:49.499000","2026-05-29T18:58:37.235000","69e8b3a96c5e364f790390bf","paulonv70@gmail.com","false"
"2026-05-29","Célia Maria da Silva Valadão","","false","11:00","6a0afdd882e5220f83455fbb","12:00","Civil","agendado","6a19976e4e90ceddacd412db","2026-05-29T13:41:02.592000","2026-05-29T13:41:02.592000","6a03223f9f250d7b5f325919","celia.valadao@goias.gov.br","false"
"2026-05-29","Nádya de Sá Almeida Costa Silva","","false","12:00","69cab48b36611447155e197c","13:00","Civil","agendado","6a199741b0ba6e5ca635473a","2026-05-29T13:40:17.071000","2026-05-29T13:40:17.071000","69f09cc40b09eba29a789e8a","eng.nadyasa@gmail.com","false"
"2026-05-29","Carlos alexandre da costa ","","false","12:00","6a0cb0c2e3d9f640adbed26b","13:00","Civil","agendado","6a198f4a38631ac1acf05151","2026-05-29T13:06:18.847000","2026-05-29T13:06:18.847000","6a0caf62f88ae28daf8dd133","xandy.x12@gmail.com","false"
"2026-05-29","Marcia da Silva Coutinho","","false","13:00","69cab53186a8212571cbebfa","14:00","Civil","confirmado","6a1988fe373f3055fb3e9f1b","2026-05-29T12:39:26.034000","2026-05-29T16:15:32.690000","69f1eb6d936f80ebdd9a578e","marcinhacoutinho.foto@gmail.com","false"
"2026-05-29","Laura Fernandes Mendes","","false","11:00","69cab5540b51026b52fe7cb7","12:00","Civil","agendado","6a1985460bdd290e36a6c56a","2026-05-29T12:23:34.014000","2026-05-29T12:23:34.014000","69f8d50105e660849e08c5f6","mendes.ferlaura@gmail.com","false"
"2026-05-29","Maria dos Reis Pereira Santos","","false","17:00","69cab48b68d464d95240f964","18:00","Civil","faltou","6a1982f8f3778fab0b91b6bb","2026-05-29T12:13:44.020000","2026-05-29T20:43:53.240000","69f0abbe8fef09ddc7cda46c","mariadosssantosrp@gmail.com","false"
"2026-05-29","Guilherme Lima de Sena","","false","12:00","69cab51d8bf415ccbaf6955b","13:00","Civil","agendado","6a19812dbff8f22f87896ea7","2026-05-29T12:06:05.891000","2026-05-29T12:06:05.891000","69f8d5070e6979860429cfd6","guisenna73@gmail.com","false"
"2026-05-29","Sandy Gonçalves Santana","","false","11:00","69cab4b251341c5e34b04b2e","12:00","Civil","agendado","6a197d190b55813c72df79b4","2026-05-29T11:48:41.884000","2026-05-29T11:48:41.884000","69eb712609a3ab9ccffc1d90","sanderas.sgs@gmail.com","false"
"2026-05-29","Isabela Arantes Mota","","false","11:00","69cab4e1f0a4c74ea03ff22a","12:00","Civil","agendado","6a197be6504ba0bba2bb8d8d","2026-05-29T11:43:34.397000","2026-05-29T11:43:34.397000","6a0caf5b87efa41f555a0b3c","arantesmotaisabela@gmail.com","false"
"2026-05-29","Jorge Luiz de Oliveira Matias","","false","16:00","69cab4e2c35c29533c905645","17:00","Civil","agendado","6a19759c7d495b539afa5888","2026-05-29T11:16:44.128000","2026-05-29T11:16:44.128000","69f8e2fa7ba4c6c8eb1b7227","jorge.matias@discente.ufg.br","false"
"2026-05-29","Raphael de Lima Carvalho Moraes","","false","13:00","69cab4ee1d5dca09ed497c22","14:00","Civil","agendado","6a196f0227c9a4ac557530f9","2026-05-29T10:48:34.579000","2026-05-29T10:48:34.579000","69f243fdfed1f188950d4989","raphaelmoraes019@gmail.com","false"
"2026-05-29","Paloma Leal Frazão","","false","12:00","6a05cb2bf126cffdabe7fbfa","13:00","Civil","agendado","6a196e420210678495a75ac3","2026-05-29T10:45:22.842000","2026-05-29T10:45:22.842000","69eb7148469c445c29813e58","palomalfrazao@gmail.com","false"
"2026-05-29","Ana Paula Moreira Rodrigues","","false","11:00","6a04bf891172d29085e72723","12:00","Civil","agendado","6a196080563e1f7a5be2952d","2026-05-29T09:46:40.557000","2026-05-29T09:46:40.557000","6a04bf283d7914722c5697df","anaromoreira@gmail.com","false"
"2026-05-29","Carlos Antônio Madalena","","false","07:00","69f1fbd2b1d8f827f1014b85","08:00","Civil","agendado","6a195ebbaaa62ecba50ecc7f","2026-05-29T09:39:07.473000","2026-05-29T09:39:07.473000","69f1eb66214b21fd581ce36b","advgcarlosmadalena@gmail.com","false"
"2026-05-29","Hérika Pabline Lima Veras","","false","16:00","6a15d611390b03b5280412b4","17:00","Civil","confirmado","6a18f6896725fc34191af716","2026-05-29T02:14:33.274000","2026-05-29T19:04:11.617000","6a15cb855ddae0a12bbc417c","herikapabline@gmail.com","false"
"2026-05-29","Anna Luisa Jaques M. M.","","false","07:00","6a109317aa9da3732c8032aa","08:00","Civil","agendado","6a18eed44e6b727f0f398499","2026-05-29T01:41:40.882000","2026-05-29T01:41:40.882000","6a1067037b827259e11eea8c","anninhajaques@gmail.com","false"
"2026-05-29","Anna Klara Miranda Tobias","","false","07:00","69cab4b0e2406c3364a5c7bc","08:00","Civil","agendado","6a18be2029f053cb05d7ba99","2026-05-28T22:13:52.771000","2026-05-28T22:13:52.771000","6a01c20a26bc4a721c9c5579","klaramiranda98@gmail.com","false"
"2026-05-28","Ana Clara Barbacena Camelo","","false","19:00","69cab496d430c0cf1dbd7e72","20:00","Civil","confirmado","6a18b9bac1b740975fd4f71e","2026-05-28T21:55:06.832000","2026-05-28T21:57:03.987000","69f0e732a32f7ffb33e50f1b","anaclarabarbacena@gmail.com","false"
"2026-05-29","Marcos Rodrigo da Silva","","false","13:00","69cab4a3c1c42a0056c3ec30","14:00","Civil","agendado","6a1897692418688210580efb","2026-05-28T19:28:41.059000","2026-05-28T19:28:41.059000","6a0caf5d34356254fca6261c","rodrigo.marcos81@gmail.com","false"
"2026-05-28","Sophia Lannah Beatriz Ferreira de Sousa","","false","18:00","69cab498f494b0e0a3a2252c","19:00","Civil","agendado","6a18973d248fab3ecb998df6","2026-05-28T19:27:57.154000","2026-05-28T19:27:57.154000","69e8b3e3ed8dfc592768740f","sophialannah123@gmail.com","false"
"2026-05-29","Luana Cristina Vieira dos Santos ","","false","07:00","69f3405ca624697043cf5b08","08:00","Civil","agendado","6a189047ba4dd4f9c5f75667","2026-05-28T18:58:15.489000","2026-05-28T18:58:15.489000","69f24dcef9aa003a39e36414","luana2015gyn@gmail.com","false"
"2026-05-29","Lázara Tatiana Pereira de Lima","","false","07:00","69cab5409b141921d6a9bac9","08:00","Civil","agendado","6a18903921b42b5443bd8863","2026-05-28T18:58:01.192000","2026-05-28T18:58:01.192000","69e8b3d7f0a0a48eb1af80d9","sesmt.publico@gmail.com","false"
"2026-05-28","Jorge Luiz de Oliveira Matias","","false","17:00","69cab4e2c35c29533c905645","18:00","Civil","agendado","6a188f06d94758401772c1c7","2026-05-28T18:52:54.509000","2026-05-28T18:52:54.509000","69f8e2fa7ba4c6c8eb1b7227","jorge.matias@discente.ufg.br","false"
"2026-05-29","Mariana Albino da Silva","","false","07:00","69cab485b105230925053def","08:00","Civil","agendado","6a1886e3ac9806f5be969d51","2026-05-28T18:18:11.880000","2026-05-28T18:18:11.880000","69f1eb6197b49acac81ad46a","mariana.albinosilva85@gmail.com","false"
"2026-05-29","Jussara Veloso Soares","","false","11:00","6a1068229af4569714fb8756","12:00","Civil","agendado","6a1884cfc03156c052fc747f","2026-05-28T18:09:19.757000","2026-05-28T18:09:19.757000","6a103a6a1a3bfb3d4318b2ea","jussara.vs@gmail.com","false"
"2026-05-28","Brenuo Victor Rodrigues Barbosa","","false","16:00","69cab5409b141921d6a9baca","17:00","Civil","agendado","6a18800a502fac89279506bf","2026-05-28T17:48:58.340000","2026-05-28T17:48:58.340000","6a022e0e6d475b0b2334af8e","brenuovrb@gmail.com","false"
"2026-05-29","Ismael José dos Santos Filho","","false","12:00","69cab50d46c2a710ba93c1d4","13:00","Civil","confirmado","6a18779e57387f3aafd3dbc0","2026-05-28T17:13:02.363000","2026-05-29T15:04:08.701000","69eb714b124295d4decc3504","ismaelfilho.adv@gmail.com","false"
"2026-05-28","Douglas Fleury Parreira Barros","","false","17:00","69cab49ee29fe8dc7e61491a","18:00","Civil","agendado","6a1874614688f541c5ca0f38","2026-05-28T16:59:13.010000","2026-05-28T16:59:13.010000","69e8b40f9b7ab425aa2ca185","douglas.fleury@gmail.com","false"
"2026-05-29","Helena de Castro Côrtes","","false","12:00","6a16e9a8f78a8dd4bceafe2a","13:00","Civil","agendado","6a18714167d7100f7f1b5fa5","2026-05-28T16:45:53.734000","2026-05-28T16:45:53.734000","6a16e52b80d218340615bc21","helena.gegeo@gmail.com","false"
"2026-05-29","Gilvan José Meireles","","false","13:00","69cab51df127d1812d9c9585","14:00","Civil","agendado","6a186b1c47a35eb535bc53ef","2026-05-28T16:19:40.773000","2026-05-28T16:19:40.773000","69eb7152f8692d6e4f8926c5","gil-van-jose@hotmail.com","false"
"2026-05-28","Gilvan José Meireles","","false","14:00","69cab51df127d1812d9c9585","15:00","Civil","agendado","6a186b042fc6edad95a9d84c","2026-05-28T16:19:16.998000","2026-05-28T16:19:16.998000","69eb7152f8692d6e4f8926c5","gil-van-jose@hotmail.com","false"
"2026-05-29","Johnathan Pereira de Sousa","","false","13:00","69f88df9ff9cd30a3a32d365","14:00","Civil","confirmado","6a1866b37f65b4552c25e6fa","2026-05-28T16:00:51.167000","2026-05-29T16:09:21.017000","69f1eb63dbe15fae1934137c","johnathan515@gmail.com","false"
"2026-05-28","Carlos Antonio da Silva Vieira","","false","12:00","69cab50cf5516a154093aa81","13:00","Civil","confirmado","6a18557c31dfd3cd41320397","2026-05-28T14:47:24.851000","2026-05-28T15:07:23.991000","69e8b419aec854d1886962c7","carlaoaudiodesigner@gmail.com","false"
"2026-05-28","Marcio Junio Rodrigues de Freitas","","false","13:00","69cab4fdb65777e18fa16281","14:00","Civil","agendado","6a184f1bf79e1265e8b3d374","2026-05-28T14:20:11.931000","2026-05-28T14:20:11.931000","69e8b3cb227404cd41911786","marciosoriso@gmail.com","false"
"2026-05-28","Maria Águeda Silva","","false","12:00","6a0cb5ca9c2781a0ddd0e9d3","13:00","Civil","agendado","6a184d569c551e235a1b3ca9","2026-05-28T14:12:38.882000","2026-05-28T14:12:38.882000","6a0caf60ce38c927e233214b","mariaaguedas@gmail.com","false"
"2026-05-28","Talíta Maria Carvalho de Lima ","","false","12:00","6a1093b55c869df7da1218e1","13:00","Civil","agendado","6a184cd81f56716e0991fe19","2026-05-28T14:10:32.050000","2026-05-28T14:10:32.050000","6a10924dc377ea5adc55fbdc","ttalitalima@gmail.com","false"
"2026-05-28","Adriel Simões de Mendonça","","false","17:00","69cab499a4016fdcc7a67982","18:00","Civil","agendado","6a184b8d8af3b450766d3584","2026-05-28T14:05:01.137000","2026-05-28T14:05:01.137000","69e8b412c600b78d79b1891c","adriel.mendonzza@gmail.com","false"
"2026-05-29","Indiara Porfírio Ribeiro","","false","16:00","69cab48c17c5690cf3d30c6d","17:00","Civil","confirmado","6a184af637b828f9fe98646a","2026-05-28T14:02:30","2026-05-29T19:04:03.372000","69e8b3bf55bcfeb78675459e","indiarajujuba@gmail.com","false"
"2026-05-28","Nádya de Sá Almeida Costa Silva","","false","12:00","69cab48b36611447155e197c","13:00","Civil","agendado","6a184a2a43c9052e40dfe6bb","2026-05-28T13:59:06.774000","2026-05-28T13:59:06.774000","69f09cc40b09eba29a789e8a","eng.nadyasa@gmail.com","false"
"2026-05-28","Thayller Adriell Souza Garcia","","false","12:00","69cab4ee69e0c3af82747389","13:00","Civil","agendado","6a18483593c196b007cb8253","2026-05-28T13:50:45.067000","2026-05-28T13:50:45.067000","69fa2777a6a8382ee6b53a67","thayller.garcia@goias.gov.br","false"
"2026-05-28","Débora Maia Escher dos Santos","","false","11:00","69fc8102efce393880145d94","12:00","Civil","confirmado","6a18482089b86917a2ad88bd","2026-05-28T13:50:24.131000","2026-05-28T14:01:41.591000","69fb76a1a9859e54ff79cc1b","deboraescher19@gmail.com","false"
"2026-05-28","Vitor Hugo de Sousa Soares","","false","14:00","6a0f398f99b4529be22e7d03","15:00","Civil","agendado","6a18464fe7722d510271c5bb","2026-05-28T13:42:39.073000","2026-05-28T13:42:39.073000","6a0f39110da6ca477f347af0","desousavitorhugo@gmail.com","false"
"2026-05-28","Raphael de Lima Carvalho Moraes","","false","13:00","69cab4ee1d5dca09ed497c22","14:00","Civil","agendado","6a1845115db9f7e5167319bc","2026-05-28T13:37:21.063000","2026-05-28T13:37:21.063000","69f243fdfed1f188950d4989","raphaelmoraes019@gmail.com","false"
"2026-05-28","Marília da Silva Oliveira ","","false","18:00","6a15d57c344b691a4877ca97","19:00","Civil","agendado","6a1843f54c312dbabe1ef804","2026-05-28T13:32:37.562000","2026-05-28T13:32:37.562000","6a103a6242a03e3f6e05eccd","marilia7@gmail.com","false"
"2026-05-28","Julio Cesar de Morais Souza","","false","11:00","69cab4faeab3702f5a63795e","12:00","Civil","agendado","6a1843492107a6369d0f057f","2026-05-28T13:29:45.017000","2026-05-28T13:29:45.017000","69f8d5097166a59dfa38211f","juliocesar12059734@gmail.com","false"
"2026-05-28","Maria dos Reis Pereira Santos","","false","17:00","69cab48b68d464d95240f964","18:00","Civil","agendado","6a183e2d8eb63a90983c0aef","2026-05-28T13:07:57.421000","2026-05-28T13:07:57.421000","69f0abbe8fef09ddc7cda46c","mariadosssantosrp@gmail.com","false"
"2026-05-29","Jhulli Êmily Martins Nunes","","false","17:00","69cab48cce1c3df3215b2752","18:00","Civil","agendado","6a183df55ba8f05fc4f0118a","2026-05-28T13:07:01.146000","2026-05-28T13:07:01.146000","69e8b3e6578c929cf94963e6","jhulliemily2014@gmail.com","false"
"2026-05-28","Rafael Londe Hagen","","false","11:00","69c2d3ee87aec14ce3dd0d68","12:00","Civil","agendado","6a183d3307b054b85ac42283","2026-05-28T13:03:47.240000","2026-05-28T13:03:47.240000","69c3d34b532ba9674f7d28c5","rafaelhagen@hotmail.com","false"
"2026-05-28","Rafael Santana Marinho","","false","12:00","69cab53eac828741aaea5afd","13:00","Civil","agendado","6a183aeb48fa3215aa25df0d","2026-05-28T12:54:03.736000","2026-05-28T12:54:03.736000","69fb769eb6cc56e25e03373f","rflmarinho8@gmail.com","false"
"2026-05-28","Raimunda Soronha de Oliveira dos Reis","","false","12:00","69cab4acf9e6540401a079f2","13:00","Civil","agendado","6a183aa367db662bc99d0dfa","2026-05-28T12:52:51.282000","2026-05-28T12:52:51.282000","69f0ed6a8aee7b0f624a8555","soronha.reis@gmail.com","false"
"2026-05-28","Ismael José dos Santos Filho","","false","12:00","69cab50d46c2a710ba93c1d4","13:00","Civil","agendado","6a183a054a592fa3973a4a5c","2026-05-28T12:50:13.984000","2026-05-28T12:50:13.984000","69eb714b124295d4decc3504","ismaelfilho.adv@gmail.com","false"
"2026-05-28","Danilo de Sousa Prado","","false","18:00","69cab49fb9d3a0623eb94b4a","19:00","Civil","agendado","6a183a043faa4ee7a8b072e6","2026-05-28T12:50:12.091000","2026-05-28T12:50:12.091000","69d3fe53345c29f351310df5","daniloprado.mat@gmail.com","false"
"2026-05-28","Giovanna Alves Guardiere ","","false","17:00","69fc846f76670092689fba5b","18:00","Civil","agendado","6a1839ff52cc1932f1287b13","2026-05-28T12:50:07.634000","2026-05-28T12:50:07.634000","69f3a2bdd479a05ce50eb8df","giovannaalves978@gmail.com","false"
"2026-05-29","Lucas Façanha de Oliveira Carvalho","","false","12:00","69cab53f95aecd6313a1094a","13:00","Civil","faltou","6a1838d32a574571d82b9d11","2026-05-28T12:45:07.780000","2026-05-29T16:03:49.192000","69e8b3d9db2701e07f3d9515","lucasoliveira.ifam@gmail.com","false"
"2026-05-28","Lucas Façanha de Oliveira Carvalho","","false","12:00","69cab53f95aecd6313a1094a","13:00","Civil","agendado","6a1838c94c6f0f5874646b6e","2026-05-28T12:44:57.754000","2026-05-28T12:44:57.754000","69e8b3d9db2701e07f3d9515","lucasoliveira.ifam@gmail.com","false"
"2026-05-28","Mel Cardoso Souza","","false","11:00","69cab4844ae3b7f6a68fd705","12:00","Civil","agendado","6a183753b5b82cde02243ebb","2026-05-28T12:38:43.912000","2026-05-28T12:38:43.912000","69e8b3e718a06dc553782bd2","mel2005cardoso@gmail.com","false"
"2026-05-28","Ambrosiane de Sousa Leite","","false","13:00","6a04588acee8394872f618be","14:00","Civil","agendado","6a18323e72d8092fb87018d2","2026-05-28T12:17:02.943000","2026-05-28T12:17:02.943000","69fe287cc22d6cfcf39669d0","ambrosiane.adv@gmail.com","false"
"2026-05-29","Jonathas Prado","","false","12:00","69cab510f59bbda43a5c5d53","13:00","Civil","agendado","6a1830f4d175d25bc5431749","2026-05-28T12:11:32.328000","2026-05-28T12:11:32.328000","69f9cbc0982435c5f5ca5e3b","jotapbio@gmail.com","false"
"2026-05-28","Raniery Morais Miranda","","false","12:00","69cab5298bf415ccbaf69560","13:00","Civil","agendado","6a182ff959abfd3b80b0d666","2026-05-28T12:07:21.540000","2026-05-28T12:07:21.540000","69eb7130c8c6a653226322d0","mirandaraniery@gmail.com","false"
"2026-05-29","Lucas Gabriel Souza Ribeiro","","false","12:00","69cab532ba0b7b3f017ab3af","13:00","Civil","faltou","6a182f68539627e3f4d661af","2026-05-28T12:04:56.841000","2026-05-29T16:03:49.451000","69e8b3da0727cf73320d3bc0","lucasgabrielsouzaribeiro@gmail.com","false"
"2026-05-28","Lucas Gabriel Souza Ribeiro","","false","12:00","69cab532ba0b7b3f017ab3af","13:00","Civil","confirmado","6a182f5cbbcbd1f6e13fe7e1","2026-05-28T12:04:44.747000","2026-05-28T14:55:47.674000","69e8b3da0727cf73320d3bc0","lucasgabrielsouzaribeiro@gmail.com","false"
"2026-05-28","Paulo Henrique Nunes da Silva Araújo","","false","11:00","69cab4a2f74af4c7f98e624b","12:00","Civil","confirmado","6a182edcec283be82dc38a9d","2026-05-28T12:02:36.574000","2026-05-28T13:50:50.612000","69e8b3a96c5e364f790390bf","paulonv70@gmail.com","false"
"2026-05-28","Isidoro Tavares Rosa","","false","12:00","69cab4a035089c731a4647af","13:00","Civil","agendado","6a182cc0af0cced7b2e478be","2026-05-28T11:53:36.596000","2026-05-28T11:53:36.596000","69e8b3e556cb0efc368cf481","isidorotrti@gmail.com","false"
"2026-05-28","Ana Paula Moreira Rodrigues","","false","17:00","6a04bf891172d29085e72723","18:00","Civil","agendado","6a182cbbcfe2f9fc9e06b9d0","2026-05-28T11:53:31.016000","2026-05-28T11:53:31.016000","6a04bf283d7914722c5697df","anaromoreira@gmail.com","false"
"2026-05-28","Guilherme Henrique Silva Costa","","false","13:00","69cab4a6d780b67cefdd205b","14:00","Civil","agendado","6a182a1cf3b2edf6e99c6cb6","2026-05-28T11:42:20.887000","2026-05-28T11:42:20.887000","69f35391594eba71f28fb6ad","guilhermeembuscadoepeg@gmail.com","false"
"2026-05-29","José Porto França Neto","","false","12:00","69cab51cf59bbda43a5c5d57","13:00","Civil","agendado","6a182978080911b4b9d6a549","2026-05-28T11:39:36.870000","2026-05-28T11:39:36.870000","69eb712c92a6132bbc608daf","portobritto@gmail.com","false"
"2026-05-29","Sallyan Vinhadeli Vasconcelos","","false","16:00","69cab48b4ae3b7f6a68fd706","17:00","Civil","confirmado","6a18250f573281e344ca627b","2026-05-28T11:20:47.489000","2026-05-29T19:04:06.365000","69f1fc7d5180372f8b56f510","sallyanv@gmail.com","false"
"2026-05-28","Sallyan Vinhadeli Vasconcelos","","false","16:00","69cab48b4ae3b7f6a68fd706","17:00","Civil","agendado","6a1823013e4179d848066222","2026-05-28T11:12:01.822000","2026-05-28T11:12:01.822000","69f1fc7d5180372f8b56f510","sallyanv@gmail.com","false"
"2026-05-28","Diêssa Pontes Cruz","","false","08:00","69cab547bd2926025f139df4","09:00","Civil","confirmado","6a181f94781de5d190601a58","2026-05-28T10:57:24.734000","2026-05-28T11:18:24.579000","69e8b41d874d2bd5ad2a947f","diessacruz@gmail.com","false"
"2026-05-28","Carlos Antônio Madalena","","false","07:00","69f1fbd2b1d8f827f1014b85","08:00","Civil","agendado","6a180b677bc4993d51d858f1","2026-05-28T09:31:19.852000","2026-05-28T09:31:19.852000","69f1eb66214b21fd581ce36b","advgcarlosmadalena@gmail.com","false"
"2026-05-29","Thayane Cristina Tavares da Silva","","false","18:00","69efa4149a982f6976102820","19:00","Civil","agendado","6a17eb7926b4fada6f80a623","2026-05-28T07:15:05.566000","2026-05-29T22:13:35.152000","69e8b3ac72ff58fcfafa20b1","cristinathco@gmail.com","false"
"2026-05-29","Antônio Gabriel Marcimiano de Moraes","","false","17:00","69cab5533f4cbe4cc715f000","18:00","Civil","agendado","6a175e8ffaa3d33d5f7a301c","2026-05-27T21:13:51.396000","2026-05-27T21:13:51.396000","69e8bd46281c43278d0d48e9","gabrielgynh@gmail.com","false"
"2026-05-29","Caio César Silva Oliveira","","false","17:00","69cab5528917bc7d06ec9f36","18:00","Civil","agendado","6a175e55e75ac4daece685ee","2026-05-27T21:12:53.704000","2026-05-27T21:12:53.704000","69e8b3c510a6ab1ad3da4cd2","caiooliveira92@gmail.com","false"
"2026-05-27","Raynna Pereira Neves Barros","","false","18:00","69cab483bcb9efeb569c67e1","19:00","Civil","agendado","6a1750dd355a79b25c38ad7f","2026-05-27T20:15:25.433000","2026-05-27T20:15:25.433000","69f0aa040009751ec470fa8b","nevesraynna@gmail.com","false"
"2026-05-28","Mariana Albino da Silva","","false","07:00","69cab485b105230925053def","08:00","Civil","agendado","6a174a07f48fd1b67fdf51eb","2026-05-27T19:46:15.728000","2026-05-27T19:46:15.728000","69f1eb6197b49acac81ad46a","mariana.albinosilva85@gmail.com","false"
"2026-05-29","Morian Scussel Malburg","","false","08:00","69cab53deddee6987dc1c800","09:00","Civil","agendado","6a174711e7d290ecd7b9048b","2026-05-27T19:33:37.638000","2026-05-27T19:33:37.638000","69e8b3dfc275cae65aee1aa2","morianmalburg@gmail.com","false"
"2026-05-28","Antonino Batista Júnior","","false","17:00","69cab53d8efef97e8a0f03b3","18:00","Civil","agendado","6a173f3c222886b27588627e","2026-05-27T19:00:12.251000","2026-05-27T19:00:12.251000","69e8b3ceaa15a6de33954e67","antoninobj@gmail.com","false"
"2026-05-28","Marcia da Silva Coutinho","","false","13:00","69cab53186a8212571cbebfa","14:00","Civil","agendado","6a17390bd2ca17fb88c40ec3","2026-05-27T18:33:47.976000","2026-05-27T18:33:47.976000","69f1eb6d936f80ebdd9a578e","marcinhacoutinho.foto@gmail.com","false"
"2026-05-27","Ambrosiane de Sousa Leite","","false","17:00","6a04588acee8394872f618be","18:00","Civil","confirmado","6a1735a7299ced7f57b7ecf7","2026-05-27T18:19:19.530000","2026-05-27T20:12:30.680000","69fe287cc22d6cfcf39669d0","ambrosiane.adv@gmail.com","false"
"2026-05-28","LAINE SOUZA LANDIN CARDOSO","","false","07:00","6a16ecc046adce93104edc2a","08:00","Civil","agendado","6a173276ae7ec43cb72925bf","2026-05-27T18:05:42.494000","2026-05-27T18:05:42.494000","6a10a6ce0062e7cb36b6737e","lainelandin@gmail.com","false"
"2026-05-27","Amanda Kele Rodrigues","","false","18:00","69cab49505c9d4dc04304c60","19:00","Civil","agendado","6a172fc215887996df97136d","2026-05-27T17:54:10.103000","2026-05-27T17:54:10.103000","6a10397e24c24f2be15b66d6","amandakelleyr@gmail.com","false"
"2026-05-27","Karla Correia Mendes","","false","16:00","69cab4850c384307831324d8","17:00","Civil","agendado","6a172d5376d87c5466c8fe38","2026-05-27T17:43:47.308000","2026-05-27T17:43:47.308000","69f0ab75971b3976ef33a57d","karlamendes1406@gmail.com","false"
"2026-05-28","Karla Correia Mendes","","false","16:00","69cab4850c384307831324d8","17:00","Civil","agendado","6a172d43e2342f491480cdaf","2026-05-27T17:43:31.503000","2026-05-27T17:43:31.503000","69f0ab75971b3976ef33a57d","karlamendes1406@gmail.com","false"
"2026-05-27","Marcos Vinicius Arantes de Morais","","false","17:00","69cab4b1aa8b91b9733ba71e","18:00","Civil","agendado","6a172c2cc6ccf6ea091c39e2","2026-05-27T17:38:52.332000","2026-05-27T17:38:52.332000","69e8b42097a92473c7834626","marcosviniciusarantesmorais@gmail.com","false"
"2026-05-29","Lia Rodrigues de Oliveira","","false","13:00","69cab4a03ab6550526927a0e","14:00","Civil","agendado","6a172a8533e22ce848b10609","2026-05-27T17:31:49.188000","2026-05-27T17:31:49.188000","69eb7138fbc3eca467b8986b","liarodriguesoliveira30@gmail.com","false"
"2026-05-28","MAICON DOUGLAS GOMES RODRIGUES","","false","12:00","6a1495a104b49b3be78f3da3","13:00","Civil","agendado","6a1727c6c40a8b4fd5adea91","2026-05-27T17:20:06.632000","2026-05-27T17:20:06.632000","69e8b3c64ccd45857400c131","douglasgynn1@gmail.com","false"
"2026-05-28","Luana Cristina Vieira dos Santos ","","false","11:00","69f3405ca624697043cf5b08","12:00","Civil","confirmado","6a171b6764f43c55ca08fb00","2026-05-27T16:27:19.066000","2026-05-28T14:02:37.535000","69f24dcef9aa003a39e36414","luana2015gyn@gmail.com","false"
"2026-05-28","Umbelina Santana Ramos","","false","11:00","69cab52aca4d9c8a07cb419a","12:00","Civil","agendado","6a171969e1c6fe65e77b91ea","2026-05-27T16:18:49.982000","2026-05-27T16:18:49.982000","6a16f068b357802022f1ae94","umbelinasramos@gmail.com","false"
"2026-05-27","Nádya de Sá Almeida Costa Silva","","false","13:00","69cab48b36611447155e197c","14:00","Civil","agendado","6a17117e37546e41497d46be","2026-05-27T15:45:02.881000","2026-05-27T15:45:02.881000","69f09cc40b09eba29a789e8a","eng.nadyasa@gmail.com","false"
"2026-05-28","Rafaela Franzoni Marques","","false","12:00","69f9cddf1e81ff14d278df5e","13:00","Civil","confirmado","6a17113c64dfc3d0804f2cb6","2026-05-27T15:43:56.516000","2026-05-28T15:08:43.414000","69f8e2f80271cf78f7858d16","rafaelafranzoni@gmail.com","false"
"2026-05-27","LAINE SOUZA LANDIN CARDOSO","","false","17:00","6a16ecc046adce93104edc2a","18:00","Civil","agendado","6a170b7d55b8274402df3306","2026-05-27T15:19:25.064000","2026-05-27T15:19:25.064000","6a10a6ce0062e7cb36b6737e","lainelandin@gmail.com","false"
"2026-05-27","Brenuo Victor Rodrigues Barbosa","","false","13:00","69cab5409b141921d6a9baca","14:00","Civil","agendado","6a170afd494761b18353eb6c","2026-05-27T15:17:17.339000","2026-05-27T15:17:17.339000","6a022e0e6d475b0b2334af8e","brenuovrb@gmail.com","false"
"2026-05-27","Vitor Hugo de Sousa Soares","","false","13:00","6a0f398f99b4529be22e7d03","14:00","Civil","agendado","6a170ad422516c3876a54fe4","2026-05-27T15:16:36.580000","2026-05-27T15:16:36.580000","6a0f39110da6ca477f347af0","desousavitorhugo@gmail.com","false"
"2026-05-27","Thayller Adriell Souza Garcia","","false","12:00","69cab4ee69e0c3af82747389","13:00","Civil","agendado","6a17065ab523c5c789fcb3c7","2026-05-27T14:57:30.180000","2026-05-27T14:57:30.180000","69fa2777a6a8382ee6b53a67","thayller.garcia@goias.gov.br","false"
"2026-05-27","José Porto França Neto","","false","13:00","69cab51cf59bbda43a5c5d57","14:00","Civil","agendado","6a1704bc57b3209fe9d324a0","2026-05-27T14:50:36.334000","2026-05-27T14:50:36.334000","69eb712c92a6132bbc608daf","portobritto@gmail.com","false"
"2026-05-28","Anna Klara Miranda Tobias","","false","07:00","69cab4b0e2406c3364a5c7bc","08:00","Civil","agendado","6a17041ed159bb22cd44d230","2026-05-27T14:47:58.304000","2026-05-27T14:47:58.304000","6a01c20a26bc4a721c9c5579","klaramiranda98@gmail.com","false"
"2026-05-27","Raphael de Lima Carvalho Moraes","","false","12:00","69cab4ee1d5dca09ed497c22","13:00","Civil","agendado","6a1702d397d4ffa751ec3fde","2026-05-27T14:42:27.843000","2026-05-27T14:42:27.843000","69f243fdfed1f188950d4989","raphaelmoraes019@gmail.com","false"
"2026-05-27","Joao Vitor Pedroza","","false","12:00","69cab4b25f739b9e014b59df","13:00","Civil","agendado","6a17026d2e42e04ba6440a25","2026-05-27T14:40:45.149000","2026-05-27T14:40:45.149000","69e8b3d41688ab2449b6171f","joaovitorpedroza@gmail.com","false"
"2026-05-27","Ismael José dos Santos Filho","","false","12:00","69cab50d46c2a710ba93c1d4","13:00","Civil","agendado","6a17010abfcca7cc91080c41","2026-05-27T14:34:50.823000","2026-05-27T14:34:50.823000","69eb714b124295d4decc3504","ismaelfilho.adv@gmail.com","false"
"2026-05-28","Fernanda Marra","","false","11:00","69cab5495f4c50dbe8cc825c","12:00","Civil","agendado","6a170058acb39e9a0680beb3","2026-05-27T14:31:52.911000","2026-05-27T14:31:52.911000","6a16e5289a8726b9d9b03046","dizamarra@gmail.com","false"
"2026-05-28","Hérika Pabline Lima Veras","","false","12:00","6a15d611390b03b5280412b4","13:00","Civil","agendado","6a16ffb281860f3518b5d19f","2026-05-27T14:29:06.198000","2026-05-27T14:29:06.198000","6a15cb855ddae0a12bbc417c","herikapabline@gmail.com","false"
"2026-05-27","Sandra Francisca Bandeira ","","false","12:00","6a16ff021e7aed126219459f","13:00","Civil","faltou","6a16ff6bcb9a246ac507f6fc","2026-05-27T14:27:55.728000","2026-05-27T16:03:48.991000","6a0caf5d2f6ef5a33a3d14c9","sandrabandeira.adv@gmail.com","false"
"2026-05-28","Breno Manoel de Freitas ","","false","16:00","6a0cb324fe02d307baa470e9","17:00","Civil","agendado","6a16fdba3c0261313676fe34","2026-05-27T14:20:42.185000","2026-05-27T14:20:42.185000","6a0caf5e016057c6f1d41744","brenofreitas12@gmail.com","false"
"2026-05-27","Marcia da Silva Coutinho","","false","13:00","69cab53186a8212571cbebfa","14:00","Civil","agendado","6a16fd05ce424f2f86724d63","2026-05-27T14:17:41.939000","2026-05-27T14:17:41.939000","69f1eb6d936f80ebdd9a578e","marcinhacoutinho.foto@gmail.com","false"
"2026-05-27","Uerica Agapito Pereira","","false","12:00","69cab53f1d112c5a2797d789","13:00","Civil","agendado","6a16fc964800d1f2a41072ef","2026-05-27T14:15:50.186000","2026-05-27T14:15:50.186000","69f09fd3ef3fe8e89a0d5919","uericaagapito.adv@gmail.com","false"
"2026-05-28","Raquel Caroline Ribeiro D e Lima","","false","11:00","69cab51b4b8ed336c11dff65","12:00","Civil","agendado","6a16fb9effcbae8746c80a5d","2026-05-27T14:11:42.237000","2026-05-27T14:11:42.237000","69fe289475c7fd5b9a27c574","raquelcribeiro.adv@gmail.com","false"
"2026-05-28","Clarinha Pereira da Silva Sousa","","false","11:00","69cab4bb2b75e5b3207c8b48","12:00","Civil","agendado","6a16f9ba33f00edcd2f972ab","2026-05-27T14:03:38.851000","2026-05-27T14:03:38.851000","69f0e71cb680d3ecfbb47205","clarinhapereira831@gmail.com","false"
"2026-05-27","Clarinha Pereira da Silva Sousa","","false","12:00","69cab4bb2b75e5b3207c8b48","13:00","Civil","agendado","6a16f98ec7c89b7a60025654","2026-05-27T14:02:54.913000","2026-05-27T14:02:54.913000","69f0e71cb680d3ecfbb47205","clarinhapereira831@gmail.com","false"
"2026-05-27","Débora Maia Escher dos Santos","","false","17:00","69fc8102efce393880145d94","18:00","Civil","agendado","6a16f878767d2e451fb89aa2","2026-05-27T13:58:16.721000","2026-05-27T13:58:16.721000","69fb76a1a9859e54ff79cc1b","deboraescher19@gmail.com","false"
"2026-05-29","André Fonseca Pinto Osorio","","false","08:00","69cab498a17506f70c6237c3","09:00","Civil","confirmado","6a16f7651be56267fd95def0","2026-05-27T13:53:41.799000","2026-05-29T10:51:38.401000","69eb7124b260ea0371181af3","andreosorio10@gmail.com","false"
"2026-05-28","Felipe Junqueira Mariano","","false","12:00","69cab4fa2f92da87a7de44b0","13:00","Civil","agendado","6a16f7074bb53a5a1d76a36b","2026-05-27T13:52:07.892000","2026-05-27T13:52:07.892000","6a045784a0d5f992481b9d74","felipejmarianor@gmail.com","false"
"2026-05-27","Felipe Junqueira Mariano","","false","12:00","69cab4fa2f92da87a7de44b0","13:00","Civil","agendado","6a16f60a57b4a01118a7ede6","2026-05-27T13:47:54.159000","2026-05-27T13:47:54.159000","6a045784a0d5f992481b9d74","felipejmarianor@gmail.com","false"
"2026-05-27","Yasmin Medeiros de Oliveira","","false","17:00","69cab4ef4a0411830b859b44","18:00","Civil","agendado","6a16f5e69826b2e572b793c8","2026-05-27T13:47:18.664000","2026-05-27T13:47:18.664000","6a103a63f80a4bf1ed8e6c76","yasmin.meira.265@gmail.com","false"
"2026-05-27","Marcio Junio Rodrigues de Freitas","","false","13:00","69cab4fdb65777e18fa16281","14:00","Civil","agendado","6a16f263eb771e6a40f1abc4","2026-05-27T13:32:19.816000","2026-05-27T13:32:19.816000","69e8b3cb227404cd41911786","marciosoriso@gmail.com","false"
"2026-05-28","Guilherme Lima de Sena","","false","17:00","69cab51d8bf415ccbaf6955b","18:00","Civil","agendado","6a16f1e5f11586cdec4ea029","2026-05-27T13:30:13.187000","2026-05-28T20:57:17.708000","69f8d5070e6979860429cfd6","guisenna73@gmail.com","false"
"2026-05-27","Guilherme Lima de Sena","","false","18:00","69cab51d8bf415ccbaf6955b","19:00","Civil","agendado","6a16f1da7f8511f6cc316273","2026-05-27T13:30:02.211000","2026-05-27T13:30:02.211000","69f8d5070e6979860429cfd6","guisenna73@gmail.com","false"
"2026-05-28","Helena de Castro Côrtes","","false","12:00","6a16e9a8f78a8dd4bceafe2a","13:00","Civil","agendado","6a16ef0ed0b53eb4c2d71e98","2026-05-27T13:18:06.700000","2026-05-27T13:18:06.700000","6a16e52b80d218340615bc21","helena.gegeo@gmail.com","false"
"2026-05-28","Michelle Calisto Ferreira","","false","17:00","69cab497891322eb46e67534","18:00","Civil","agendado","6a16eed2d692a08eafecffaf","2026-05-27T13:17:06.541000","2026-05-27T13:17:06.541000","69e8b3bd3549f8bb642ed66f","gecat.secc@gmail.com","false"
"2026-05-28","Maria Aparecida Carneiro de Mendonça","","false","17:00","69efb8d18f7abcfc7bc5e6e0","18:00","Civil","agendado","6a16eed16726bc592491a764","2026-05-27T13:17:05.184000","2026-05-27T13:17:05.184000","69f8d5047166a59dfa38211e","cidamacm@gmail.com","false"
"2026-05-27","Jorge Luiz de Oliveira Matias","","false","16:00","69cab4e2c35c29533c905645","17:00","Civil","agendado","6a16ee678f3ab05b1838bb20","2026-05-27T13:15:19.015000","2026-05-27T13:15:19.015000","69f8e2fa7ba4c6c8eb1b7227","jorge.matias@discente.ufg.br","false"
"2026-05-28","Thiago Marques Leão","","false","12:00","69cab49382a748187c66ec50","13:00","Civil","agendado","6a16ebedd704119c652cdc2b","2026-05-27T13:04:45.621000","2026-05-27T13:04:45.621000","69e8b3a39df58dcdca94d144","thiagomarquesleao@gmail.com","false"
"2026-05-27","Thiago Marques Leão","","false","12:00","69cab49382a748187c66ec50","13:00","Civil","agendado","6a16ebb95bd6bcab417bae25","2026-05-27T13:03:53.484000","2026-05-27T13:03:53.484000","69e8b3a39df58dcdca94d144","thiagomarquesleao@gmail.com","false"
"2026-05-28","Jhulli Êmily Martins Nunes","","false","17:00","69cab48cce1c3df3215b2752","18:00","Civil","agendado","6a16e822d5ba70b6348b6c97","2026-05-27T12:48:34.147000","2026-05-27T12:48:34.147000","69e8b3e6578c929cf94963e6","jhulliemily2014@gmail.com","false"
"2026-05-27","Marília da Silva Oliveira ","","false","18:00","6a15d57c344b691a4877ca97","19:00","Civil","agendado","6a16e81d47ad661f8ef588d4","2026-05-27T12:48:29.365000","2026-05-27T12:48:29.365000","6a103a6242a03e3f6e05eccd","marilia7@gmail.com","false"
"2026-05-28","Thayane Cristina Tavares da Silva","","false","18:00","69efa4149a982f6976102820","19:00","Civil","agendado","6a16e3e6acf0c6521e5bf570","2026-05-27T12:30:30.833000","2026-05-27T12:30:30.833000","69e8b3ac72ff58fcfafa20b1","cristinathco@gmail.com","false"
"2026-05-27","Mel Cardoso Souza","","false","11:00","69cab4844ae3b7f6a68fd705","12:00","Civil","agendado","6a16e3e3cc3ae7240f53018f","2026-05-27T12:30:27.856000","2026-05-27T12:30:27.856000","69e8b3e718a06dc553782bd2","mel2005cardoso@gmail.com","false"
"2026-05-27","Rafael Santana Marinho","","false","12:00","69cab53eac828741aaea5afd","13:00","Civil","agendado","6a16e18bbc104265e7bb3900","2026-05-27T12:20:27.079000","2026-05-27T12:20:27.079000","69fb769eb6cc56e25e03373f","rflmarinho8@gmail.com","false"
"2026-05-27","Daniel Vitor Naves Vieira","","false","16:00","69cab4b792bdf3f0285bbd65","17:00","Civil","agendado","6a16df39e2fdd66e0f7abfc5","2026-05-27T12:10:33.783000","2026-05-27T12:10:33.783000","6a0c51d9414a3f25e668970e","dvitor68@gmail.com","false"
"2026-05-27","Dalvania Maria de Paula","","false","11:00","69cab4988b4364504b50edb9","12:00","Civil","agendado","6a16dd66846a98a08abbe73c","2026-05-27T12:02:46.929000","2026-05-27T12:02:46.929000","69e8b3d69a28df9075eaf0c3","daldepaula@hotmail.com","false"
"2026-05-27","Giovanna Alves Guardiere ","","false","17:00","69fc846f76670092689fba5b","18:00","Civil","agendado","6a16dcac51c5b9a3531f7d69","2026-05-27T11:59:40.517000","2026-05-27T11:59:40.517000","69f3a2bdd479a05ce50eb8df","giovannaalves978@gmail.com","false"
"2026-05-29","Daniel Carlos dos Reis","","false","08:00","69efb877f2a849baa2f1590f","09:00","Civil","agendado","6a16d9d799f7934ca2805a0e","2026-05-27T11:47:35.745000","2026-05-27T11:47:35.745000","69e8b3dcffadf846c595fa0c","danielreis0211@gmail.com","false"
"2026-05-28","José Porto França Neto","","false","12:00","69cab51cf59bbda43a5c5d57","13:00","Civil","agendado","6a16d926d3ceb9bda256d002","2026-05-27T11:44:38.104000","2026-05-27T11:44:38.104000","69eb712c92a6132bbc608daf","portobritto@gmail.com","false"
"2026-05-28","Andrea Gonçalves Fonseca","","false","07:00","69cab51d1406725f35a35aea","08:00","Civil","agendado","6a16d3ae4f73e4e45e45e8f4","2026-05-27T11:21:18.067000","2026-05-27T11:21:18.067000","6a0caf6101940cd03cbfc270","andreagyn2020@gmail.com","false"
"2026-05-27","Raimunda Soronha de Oliveira dos Reis","","false","12:00","69cab4acf9e6540401a079f2","13:00","Civil","agendado","6a16d239e8b26276f3a76597","2026-05-27T11:15:05.301000","2026-05-27T11:15:05.301000","69f0ed6a8aee7b0f624a8555","soronha.reis@gmail.com","false"
"2026-05-27","Adriel Simões de Mendonça","","false","17:00","69cab499a4016fdcc7a67982","18:00","Civil","agendado","6a16d21dc323542443f9b17a","2026-05-27T11:14:37.660000","2026-05-27T11:14:37.660000","69e8b412c600b78d79b1891c","adriel.mendonzza@gmail.com","false"
"2026-05-27","Carlos Henrique Ferreira Santos","","false","12:00","69cab4ac0916e78eed2006b2","13:00","Civil","agendado","6a16d19f987866318acba6c6","2026-05-27T11:12:31.307000","2026-05-27T11:12:31.307000","69eb815a6faab5200f1325b9","carlohenrysanto@gmail.com","false"
"2026-05-27","Marcos Lopes de Souza","","false","12:00","69cab4a6d886e77a5a0bd8f9","13:00","Civil","agendado","6a16d19ccd2411e7112c8342","2026-05-27T11:12:28.461000","2026-05-27T11:12:28.461000","69efccfae228f77c31effa3e","marcos.lsouza@goias.gov.br","false"
"2026-05-27","Paloma Leal Frazão","","false","11:00","6a05cb2bf126cffdabe7fbfa","12:00","Civil","agendado","6a16cd692a5efa14d69c09b4","2026-05-27T10:54:33.954000","2026-05-27T10:54:33.954000","69eb7148469c445c29813e58","palomalfrazao@gmail.com","false"
"2026-05-28","Célia Maria da Silva Valadão","","false","11:00","6a0afdd882e5220f83455fbb","12:00","Civil","confirmado","6a16cd1efaeca8c3e586d079","2026-05-27T10:53:18.560000","2026-05-28T13:57:56.080000","6a03223f9f250d7b5f325919","celia.valadao@goias.gov.br","false"
"2026-05-27","Célia Maria da Silva Valadão","","false","11:00","6a0afdd882e5220f83455fbb","12:00","Civil","agendado","6a16ccfb58c7f311cabf38c0","2026-05-27T10:52:43.205000","2026-05-27T10:52:43.205000","6a03223f9f250d7b5f325919","celia.valadao@goias.gov.br","false"
"2026-05-27","Julio Cesar de Morais Souza","","false","11:00","69cab4faeab3702f5a63795e","12:00","Civil","agendado","6a16cce7eaeab312b79ccf2a","2026-05-27T10:52:23.537000","2026-05-27T10:52:23.537000","69f8d5097166a59dfa38211f","juliocesar12059734@gmail.com","false"
"2026-05-27","Valdeir Alves Rocha","","false","15:00","6a04655919cd7e0450bcfd05","16:00","Civil","agendado","6a16cc3839f12749cd6876a6","2026-05-27T10:49:28.408000","2026-05-27T10:49:28.408000","69e8b3b3071542e891433aa0","valdeir.ideias@gmail.com","false"
"2026-05-28","Ana Kássia Souza Frota","","false","12:00","69cab4c7e7844c08c870606b","13:00","Civil","agendado","6a16cc16d9952c5be8b3b960","2026-05-27T10:48:54.955000","2026-05-27T10:48:54.955000","6a0712136f0f2ba1f5e4f435","kassiafrotasf@gmail.com","false"
"2026-05-27","Marcos Aurélio Araújo da Silva Barros ","","false","11:00","6a05ca7c3ec8d849572a717b","12:00","Civil","agendado","6a16cbc87f1b852a06deecaa","2026-05-27T10:47:36.612000","2026-05-27T10:47:36.612000","6a05c9220348c55fa04c5d95","marcosaraujobarros1508@gmail.com","false"
"2026-05-29","Márcia de Araújo Gontijo","","false","07:00","69cab4fa6634febf001eb740","08:00","Civil","agendado","6a16c940eb28faa688227579","2026-05-27T10:36:48.348000","2026-05-27T10:36:48.348000","69fe28955bf56f9dc34635d2","marciagontijoadv@gmail.com","false"
"2026-05-28","Léa Rosane Barcelos","","false","11:00","69cab555f127d1812d9c958f","12:00","Civil","agendado","6a16c1574a8150fe9d1ec33a","2026-05-27T10:03:03.971000","2026-05-27T10:03:03.971000","69eb7145a368132a1e810354","learosane@gmail.com","false"
"2026-05-28","Indiara Porfírio Ribeiro","","false","16:00","69cab48c17c5690cf3d30c6d","17:00","Civil","agendado","6a16c0ab52b9590d069ec589","2026-05-27T10:00:11.418000","2026-05-27T10:00:11.418000","69e8b3bf55bcfeb78675459e","indiarajujuba@gmail.com","false"
"2026-05-27","Carlos Antônio Madalena","","false","07:00","69f1fbd2b1d8f827f1014b85","08:00","Civil","agendado","6a16b23db239f1d9773220c4","2026-05-27T08:58:37.902000","2026-05-27T08:58:37.902000","69f1eb66214b21fd581ce36b","advgcarlosmadalena@gmail.com","false"
"2026-05-28","Laura Lula Ramos","","false","11:00","69cab4845646d7497cb9aa56","12:00","Civil","agendado","6a16a5b454ccabbcc5b2db71","2026-05-27T08:05:08.617000","2026-05-27T08:05:08.617000","69e8b3b1c23f02f059fbe05f","lauralular@gmail.com","false"
"2026-05-28","Gabriele Batista","","false","17:00","69cab4e300553dca6de39a7f","18:00","Civil","agendado","6a162c23b55d4e656d1a6c36","2026-05-26T23:26:27.776000","2026-05-26T23:26:27.776000","69f8d5031b4731838f3aa4db","gabrielecastro01@gmail.com","false"
"2026-05-27","Gabriele Batista","","false","17:00","69cab4e300553dca6de39a7f","18:00","Civil","agendado","6a162bfc211f88455143d124","2026-05-26T23:25:48.234000","2026-05-26T23:25:48.234000","69f8d5031b4731838f3aa4db","gabrielecastro01@gmail.com","false"
"2026-05-27","Patrícia Gomes Fleuri Cunha","","false","07:00","6a103b0bb218f6109a5263e2","08:00","Civil","agendado","6a16173fc8c7a3494fc024eb","2026-05-26T21:57:19.236000","2026-05-26T21:57:19.236000","6a0caf6598b093e0931ff6a8","patricia.cunha@goias.gov.br","false"
"2026-05-27","Antônio Gabriel Marcimiano de Moraes","","false","17:00","69cab5533f4cbe4cc715f000","18:00","Civil","agendado","6a1613f05acfb2271a02bf2d","2026-05-26T21:43:12.541000","2026-05-26T21:43:12.541000","69e8bd46281c43278d0d48e9","gabrielgynh@gmail.com","false"
"2026-05-26","Diêssa Pontes Cruz","","false","18:00","69cab547bd2926025f139df4","19:00","Civil","agendado","6a160613645f7e086b144bad","2026-05-26T20:44:03.010000","2026-05-26T20:44:03.010000","69e8b41d874d2bd5ad2a947f","diessacruz@gmail.com","false"
"2026-05-26","Guilherme Alves de Souza Araújo","","false","18:00","69cab4aecb5fa9ca033f05e8","19:00","Civil","agendado","6a15fd312853b1a49e520713","2026-05-26T20:06:09.464000","2026-05-26T20:06:09.464000","69efb2548749b9622136a800","gui.araujo2207@gmail.com","false"
"2026-05-27","Marcos Rodrigo da Silva","","false","13:00","69cab4a3c1c42a0056c3ec30","14:00","Civil","agendado","6a15fb7926b81e359b98789d","2026-05-26T19:58:49.475000","2026-05-26T19:58:49.475000","6a0caf5d34356254fca6261c","rodrigo.marcos81@gmail.com","false"
"2026-05-27","Guilherme Henrique Silva Costa","","false","13:00","69cab4a6d780b67cefdd205b","14:00","Civil","agendado","6a15f50729353b0645e48245","2026-05-26T19:31:19.042000","2026-05-26T19:31:19.042000","69f35391594eba71f28fb6ad","guilhermeembuscadoepeg@gmail.com","false"
"2026-05-28","Johnathan Pereira de Sousa","","false","13:00","69f88df9ff9cd30a3a32d365","14:00","Civil","agendado","6a15f3d886b3caaee2e54e80","2026-05-26T19:26:16.411000","2026-05-26T19:26:16.411000","69f1eb63dbe15fae1934137c","johnathan515@gmail.com","false"
"2026-05-26","Felipe Junqueira Mariano","","false","17:00","69cab4fa2f92da87a7de44b0","18:00","Civil","agendado","6a15f2e3262c0acc6e9fbe35","2026-05-26T19:22:11.863000","2026-05-26T19:22:11.863000","6a045784a0d5f992481b9d74","felipejmarianor@gmail.com","false"
"2026-05-26","Brenuo Victor Rodrigues Barbosa","","false","16:00","69cab5409b141921d6a9baca","17:00","Civil","agendado","6a15ebffcc17361b4d46f983","2026-05-26T18:52:47.104000","2026-05-26T18:52:47.104000","6a022e0e6d475b0b2334af8e","brenuovrb@gmail.com","false"
"2026-05-27","Jhulli Êmily Martins Nunes","","false","13:00","69cab48cce1c3df3215b2752","14:00","Civil","agendado","6a15e985bd4d871cc24d5420","2026-05-26T18:42:13.031000","2026-05-26T18:42:13.031000","69e8b3e6578c929cf94963e6","jhulliemily2014@gmail.com","false"
"2026-05-27","Luana Cristina Vieira dos Santos ","","false","11:00","69f3405ca624697043cf5b08","12:00","Civil","agendado","6a15e764cf0264e2618e4069","2026-05-26T18:33:08.474000","2026-05-26T18:33:08.474000","69f24dcef9aa003a39e36414","luana2015gyn@gmail.com","false"
"2026-05-26","Jorge Luiz de Oliveira Matias","","false","16:00","69cab4e2c35c29533c905645","17:00","Civil","agendado","6a15e4f25f383c3673dddbc5","2026-05-26T18:22:42.984000","2026-05-26T18:22:42.984000","69f8e2fa7ba4c6c8eb1b7227","jorge.matias@discente.ufg.br","false"
"2026-05-28","Lia Rodrigues de Oliveira","","false","13:00","69cab4a03ab6550526927a0e","14:00","Civil","agendado","6a15df8bf3438e676810ca67","2026-05-26T17:59:39.697000","2026-05-26T17:59:39.697000","69eb7138fbc3eca467b8986b","liarodriguesoliveira30@gmail.com","false"
"2026-05-27","Ana Clara Barbacena Camelo","","false","19:00","69cab496d430c0cf1dbd7e72","20:00","Civil","agendado","6a15dec3d186ace1fc70d1f2","2026-05-26T17:56:19.700000","2026-05-26T17:56:19.700000","69f0e732a32f7ffb33e50f1b","anaclarabarbacena@gmail.com","false"
"2026-05-26","Ana Clara Barbacena Camelo","","false","19:00","69cab496d430c0cf1dbd7e72","20:00","Civil","agendado","6a15deb5332d46b7d8ab47e9","2026-05-26T17:56:05.606000","2026-05-26T17:56:05.606000","69f0e732a32f7ffb33e50f1b","anaclarabarbacena@gmail.com","false"
"2026-05-28","Thays Rocha Leite","","false","11:00","69cab4bbaaffc414bef709af","12:00","Civil","agendado","6a15d55d7f5b0190c511556f","2026-05-26T17:16:13.913000","2026-05-26T17:16:13.913000","69f88c68187fcd638dc76bbc","tha_rleite@hotmail.com","false"
"2026-05-26","Tatiane Ferreira e Silva Medeiros","","false","17:00","69cab4ae71c685e9f60324a3","18:00","Civil","agendado","6a15d368d2f284fe5719207d","2026-05-26T17:07:52.873000","2026-05-26T17:07:52.873000","69f0a7979080024735454f5b","tatianefsm2000@gmail.com","false"
"2026-05-26","Vitor Hugo de Sousa Soares","","false","14:00","6a0f398f99b4529be22e7d03","15:00","Civil","agendado","6a15cfb281a1d84a86757f78","2026-05-26T16:52:02.279000","2026-05-26T16:52:02.279000","6a0f39110da6ca477f347af0","desousavitorhugo@gmail.com","false"
"2026-05-28","Delma Maria Guimaraes","","false","11:00","69cab4bb4badc9d3592723d2","12:00","Civil","confirmado","6a15cec52473276b128b76eb","2026-05-26T16:48:05.014000","2026-05-28T14:05:52.716000","69f0e717c3c33b89a2f9e02a","delmagui333@gmail.com","false"
"2026-05-26","Marcio Junio Rodrigues de Freitas","","false","13:00","69cab4fdb65777e18fa16281","14:00","Civil","agendado","6a15c342d230dbf6d4ffb8e8","2026-05-26T15:58:58.592000","2026-05-26T15:58:58.592000","69e8b3cb227404cd41911786","marciosoriso@gmail.com","false"
"2026-05-28","Helder Raimundo de Moraes","","false","12:00","69cab4fa68d464d95240f98b","13:00","Civil","agendado","6a15bcbefa19e2c6b9df7bd8","2026-05-26T15:31:10.930000","2026-05-26T15:31:10.930000","69f0b98c8ab0e5fe3945ffd5","hmoraes74@gmail.com","false"
"2026-05-27","Léa Rosane Barcelos","","false","11:00","69cab555f127d1812d9c958f","12:00","Civil","agendado","6a15ba8d504953edcea390cd","2026-05-26T15:21:49.749000","2026-05-26T15:21:49.749000","69eb7145a368132a1e810354","learosane@gmail.com","false"
"2026-05-26","Ana Carolina Costa Lopes","","false","13:00","6a05cad8fdd8033d12dca29c","14:00","Civil","faltou","6a15b9319403505130023a4b","2026-05-26T15:16:01.088000","2026-05-26T17:03:48.949000","69f0e73466476bce7c30c689","acclopes.direito@gmail.com","false"
"2026-05-27","Johnathan Pereira de Sousa","","false","13:00","69f88df9ff9cd30a3a32d365","14:00","Civil","agendado","6a15b63bc5747480ea1cd547","2026-05-26T15:03:23.856000","2026-05-26T15:03:23.856000","69f1eb63dbe15fae1934137c","johnathan515@gmail.com","false"
"2026-05-27","Cristina Maria Costa Prado","","false","17:00","69cab4a1625c88b62a9b4704","18:00","Civil","confirmado","6a15b4366ead4077d797f3fb","2026-05-26T14:54:46.604000","2026-05-27T20:12:10.611000","69fb76a3ee52fc9de3d098e8","cristinamcosta.arq@gmail.com","false"
"2026-05-26","Isabella Maria Londe Sampaio","","false","12:00","6a032b0fa526d01f6d3ef8fb","13:00","Civil","agendado","6a15b36164294804bbd68e2d","2026-05-26T14:51:13.038000","2026-05-26T14:51:13.038000","6a035c60907e0c31ea51ed55","londefotografia@gmail.com","false"
"2026-05-26","Ismael José dos Santos Filho","","false","12:00","69cab50d46c2a710ba93c1d4","13:00","Civil","agendado","6a15ade4bab2f278de5502c3","2026-05-26T14:27:48.494000","2026-05-26T14:27:48.494000","69eb714b124295d4decc3504","ismaelfilho.adv@gmail.com","false"
"2026-05-26","Thayller Adriell Souza Garcia","","false","12:00","69cab4ee69e0c3af82747389","13:00","Civil","confirmado","6a15ac06ba5dde1e9f24790d","2026-05-26T14:19:50.534000","2026-05-26T15:13:51.468000","69fa2777a6a8382ee6b53a67","thayller.garcia@goias.gov.br","false"
"2026-05-26","Rafael Londe Hagen","","false","12:00","69c2d3ee87aec14ce3dd0d68","13:00","Civil","confirmado","6a15aa8ab1f5767430679f34","2026-05-26T14:13:30.694000","2026-05-26T14:32:45.395000","69c3d34b532ba9674f7d28c5","rafaelhagen@hotmail.com","false"
"2026-05-27","Maria Águeda Silva","","false","12:00","6a0cb5ca9c2781a0ddd0e9d3","13:00","Civil","agendado","6a15a92e69c2cdb6786c2af0","2026-05-26T14:07:42.904000","2026-05-26T14:07:42.904000","6a0caf60ce38c927e233214b","mariaaguedas@gmail.com","false"
"2026-05-26","Jonathas Prado","","false","12:00","69cab510f59bbda43a5c5d53","13:00","Civil","agendado","6a15a512f46658413eaa0ef1","2026-05-26T13:50:10.797000","2026-05-26T13:50:10.797000","69f9cbc0982435c5f5ca5e3b","jotapbio@gmail.com","false"
"2026-05-26","Antônio Gabriel Marcimiano de Moraes","","false","17:00","69cab5533f4cbe4cc715f000","18:00","Civil","agendado","6a15a466212d36b3ae13ad60","2026-05-26T13:47:18.652000","2026-05-26T13:47:18.652000","69e8bd46281c43278d0d48e9","gabrielgynh@gmail.com","false"
"2026-05-27","Antonino Batista Júnior","","false","17:00","69cab53d8efef97e8a0f03b3","18:00","Civil","confirmado","6a15a3fd7b37aab49aad9ded","2026-05-26T13:45:33.663000","2026-05-27T20:03:31.718000","69e8b3ceaa15a6de33954e67","antoninobj@gmail.com","false"
"2026-05-26","Antonino Batista Júnior","","false","11:00","69cab53d8efef97e8a0f03b3","12:00","Civil","agendado","6a15a3e86c73cba99d85590f","2026-05-26T13:45:12.600000","2026-05-26T13:45:12.600000","69e8b3ceaa15a6de33954e67","antoninobj@gmail.com","false"
"2026-05-26","Carlos alexandre da costa ","","false","12:00","6a0cb0c2e3d9f640adbed26b","13:00","Civil","agendado","6a159f6fb5d5b4fd1f99c89a","2026-05-26T13:26:07.057000","2026-05-26T13:26:07.057000","6a0caf62f88ae28daf8dd133","xandy.x12@gmail.com","false"
"2026-05-26","Mel Cardoso Souza","","false","11:00","69cab4844ae3b7f6a68fd705","12:00","Civil","agendado","6a159cc51adf0ad930764c1e","2026-05-26T13:14:45.191000","2026-05-26T13:14:45.191000","69e8b3e718a06dc553782bd2","mel2005cardoso@gmail.com","false"
"2026-05-27","Delma Maria Guimaraes","","false","11:00","69cab4bb4badc9d3592723d2","12:00","Civil","agendado","6a159a4205dc6661c05eabf3","2026-05-26T13:04:02.769000","2026-05-26T13:04:02.769000","69f0e717c3c33b89a2f9e02a","delmagui333@gmail.com","false"
"2026-05-26","Lucas Façanha de Oliveira Carvalho","","false","12:00","69cab53f95aecd6313a1094a","13:00","Civil","agendado","6a15955f9938d40ae764d70e","2026-05-26T12:43:11.583000","2026-05-26T12:43:11.583000","69e8b3d9db2701e07f3d9515","lucasoliveira.ifam@gmail.com","false"
"2026-05-26","Yasmin Medeiros de Oliveira","","false","17:00","69cab4ef4a0411830b859b44","18:00","Civil","agendado","6a15940739df76b92674ee51","2026-05-26T12:37:27.409000","2026-05-26T12:37:27.409000","6a103a63f80a4bf1ed8e6c76","yasmin.meira.265@gmail.com","false"
"2026-05-27","Mariana Albino da Silva","","false","07:00","69cab485b105230925053def","08:00","Civil","agendado","6a15924eb67660a99a67af13","2026-05-26T12:30:06.013000","2026-05-26T12:30:06.013000","69f1eb6197b49acac81ad46a","mariana.albinosilva85@gmail.com","false"
"2026-05-27","Sandy Gonçalves Santana","","false","18:00","69cab4b251341c5e34b04b2e","19:00","Civil","agendado","6a1590eb82c747fa8c8ab861","2026-05-26T12:24:11.495000","2026-05-26T12:24:11.495000","69eb712609a3ab9ccffc1d90","sanderas.sgs@gmail.com","false"
"2026-05-26","Larissa Lorrayne Alves da Silva","","false","12:00","69cab5270fc456ed86b144bb","13:00","Civil","agendado","6a1590e043fa77024bdac143","2026-05-26T12:24:00.503000","2026-05-26T12:24:00.503000","6a0afc5e31801c9d02d0413d","larissa.lorraynee@gmail.com","false"
"2026-05-26","Thiago Marques Leão","","false","12:00","69cab49382a748187c66ec50","13:00","Civil","agendado","6a158e8a05ce2c0776e64f28","2026-05-26T12:14:02.996000","2026-05-26T12:14:02.996000","69e8b3a39df58dcdca94d144","thiagomarquesleao@gmail.com","false"
"2026-05-26","Daniel Vitor Naves Vieira","","false","16:00","69cab4b792bdf3f0285bbd65","17:00","Civil","agendado","6a158e7f6c73cba99d85511b","2026-05-26T12:13:51.153000","2026-05-26T12:13:51.153000","6a0c51d9414a3f25e668970e","dvitor68@gmail.com","false"
"2026-05-26","Maria dos Reis Pereira Santos","","false","17:00","69cab48b68d464d95240f964","18:00","Civil","agendado","6a158d3585956732562ba52c","2026-05-26T12:08:21.068000","2026-05-26T12:08:21.068000","69f0abbe8fef09ddc7cda46c","mariadosssantosrp@gmail.com","false"
"2026-05-27","Thayane Cristina Tavares da Silva","","false","18:00","69efa4149a982f6976102820","19:00","Civil","agendado","6a158d34afdf5b83158a5edd","2026-05-26T12:08:20.214000","2026-05-26T12:08:20.214000","69e8b3ac72ff58fcfafa20b1","cristinathco@gmail.com","false"
"2026-05-26","Marcia da Silva Coutinho","","false","13:00","69cab53186a8212571cbebfa","14:00","Civil","agendado","6a158d157d4753c0902d8084","2026-05-26T12:07:49.202000","2026-05-26T12:07:49.202000","69f1eb6d936f80ebdd9a578e","marcinhacoutinho.foto@gmail.com","false"
"2026-05-26","Iracy Maria Marinho","","false","15:00","69cab4b09d4550a5367fa605","16:00","Civil","agendado","6a158aaf8c41bbf143a8f6f3","2026-05-26T11:57:35.361000","2026-05-26T11:57:35.361000","6a020e37b60fef97178bbd4d","iracym605@gmail.com","false"
"2026-05-28","Luciana Nunes do Amaral","","false","07:00","69f245f987f588dbdbc22567","08:00","Civil","agendado","6a158a4f04572f0b1aa24732","2026-05-26T11:55:59.320000","2026-05-26T11:55:59.320000","69f200bb913a105fdf750586","lna.advogada@gmail.com","false"
"2026-05-26","Débora Maia Escher dos Santos","","false","11:00","69fc8102efce393880145d94","12:00","Civil","agendado","6a1589bfe6b9e49a9b5527e4","2026-05-26T11:53:35.519000","2026-05-26T11:53:35.519000","69fb76a1a9859e54ff79cc1b","deboraescher19@gmail.com","false"
"2026-05-26","Julio Cesar de Morais Souza","","false","11:00","69cab4faeab3702f5a63795e","12:00","Civil","agendado","6a15899264e490cc769cec72","2026-05-26T11:52:50.112000","2026-05-26T11:52:50.112000","69f8d5097166a59dfa38211f","juliocesar12059734@gmail.com","false"
"2026-05-26","Lariza Cori Thomaz Nogueira","","false","16:00","69f1fc1f966c41d8f2d01ced","17:00","Civil","agendado","6a1588dfb7890dffabbcf16c","2026-05-26T11:49:51.785000","2026-05-26T11:49:51.785000","69f3a2c6bc8b6cab6e884a64","lilariza.cori@gmail.com","false"
"2026-05-26","Rafaela Franzoni Marques","","false","12:00","69f9cddf1e81ff14d278df5e","13:00","Civil","agendado","6a1588986eb406881ba8ce3e","2026-05-26T11:48:40.291000","2026-05-26T11:48:40.291000","69f8e2f80271cf78f7858d16","rafaelafranzoni@gmail.com","false"
"2026-05-26","Rafael Santana Marinho","","false","12:00","69cab53eac828741aaea5afd","13:00","Civil","agendado","6a1587f1a59233278e461718","2026-05-26T11:45:53.828000","2026-05-26T11:45:53.828000","69fb769eb6cc56e25e03373f","rflmarinho8@gmail.com","false"
"2026-05-27","Laura Lula Ramos","","false","11:00","69cab4845646d7497cb9aa56","12:00","Civil","agendado","6a158773e0c5c5578fe18ab5","2026-05-26T11:43:47.337000","2026-05-26T11:43:47.337000","69e8b3b1c23f02f059fbe05f","lauralular@gmail.com","false"
"2026-05-27","Edjane Martins Silva","","false","17:00","69cab5525a1b6e998a75de7e","18:00","Civil","agendado","6a1586cba24971f26b5b3bc0","2026-05-26T11:40:59.058000","2026-05-26T11:40:59.058000","6a0c51d521231d4a1ef3e01f","edjanemartins14@gmail.com","false"
"2026-05-26","Edjane Martins Silva","","false","17:00","69cab5525a1b6e998a75de7e","18:00","Civil","agendado","6a1586bc6a9d65d4b1f20602","2026-05-26T11:40:44.126000","2026-05-26T11:40:44.126000","6a0c51d521231d4a1ef3e01f","edjanemartins14@gmail.com","false"
"2026-05-27","Caio César Silva Oliveira","","false","17:00","69cab5528917bc7d06ec9f36","18:00","Civil","agendado","6a1586b66c61556b9d5441b3","2026-05-26T11:40:38.863000","2026-05-26T11:40:38.863000","69e8b3c510a6ab1ad3da4cd2","caiooliveira92@gmail.com","false"
"2026-05-26","Isabela Arantes Mota","","false","11:00","69cab4e1f0a4c74ea03ff22a","12:00","Civil","agendado","6a15864be89d39c6701be788","2026-05-26T11:38:51.247000","2026-05-26T11:38:51.247000","6a0caf5b87efa41f555a0b3c","arantesmotaisabela@gmail.com","false"
"2026-05-26","Maria Águeda Silva","","false","12:00","6a0cb5ca9c2781a0ddd0e9d3","13:00","Civil","agendado","6a158637d41069ad1e819e8c","2026-05-26T11:38:31.282000","2026-05-26T11:38:31.282000","6a0caf60ce38c927e233214b","mariaaguedas@gmail.com","false"
"2026-05-26","Carolina Assis Silva","","false","12:00","69cab528f140868323584a5f","13:00","Civil","agendado","6a1585d9d4adec1b544da4b0","2026-05-26T11:36:57.932000","2026-05-26T11:36:57.932000","6a047b2155dbffe1bf6746cf","carolasullivan5@gmail.com","false"
"2026-05-26","Giovanna Alves Guardiere ","","false","17:00","69fc846f76670092689fba5b","18:00","Civil","agendado","6a1585b892a2e72b85bbc6e0","2026-05-26T11:36:24.235000","2026-05-26T11:36:24.235000","69f3a2bdd479a05ce50eb8df","giovannaalves978@gmail.com","false"
"2026-05-26","Ana Paula Moreira Rodrigues","","false","17:00","6a04bf891172d29085e72723","18:00","Civil","agendado","6a1585382b374d0c4e700f79","2026-05-26T11:34:16.372000","2026-05-26T11:34:16.372000","6a04bf283d7914722c5697df","anaromoreira@gmail.com","false"
"2026-05-26","Paloma Leal Frazão","","false","12:00","6a05cb2bf126cffdabe7fbfa","13:00","Civil","confirmado","6a158522ed69c77a43439a7d","2026-05-26T11:33:54.368000","2026-05-26T15:15:13.654000","69eb7148469c445c29813e58","palomalfrazao@gmail.com","false"
"2026-05-28","Morian Scussel Malburg","","false","08:00","69cab53deddee6987dc1c800","09:00","Civil","agendado","6a158382a927873c33813c30","2026-05-26T11:26:58.508000","2026-05-26T11:26:58.508000","69e8b3dfc275cae65aee1aa2","morianmalburg@gmail.com","false"
"2026-05-26","Patrícia Gomes Fleuri Cunha","","false","15:00","6a103b0bb218f6109a5263e2","16:00","Civil","agendado","6a157ee454867db3192d9d75","2026-05-26T11:07:16.082000","2026-05-26T11:07:16.082000","6a0caf6598b093e0931ff6a8","patricia.cunha@goias.gov.br","false"
"2026-05-26","Nádya de Sá Almeida Costa Silva","","false","12:00","69cab48b36611447155e197c","13:00","Civil","agendado","6a157ed658c52013969acf2a","2026-05-26T11:07:02.613000","2026-05-26T11:07:02.613000","69f09cc40b09eba29a789e8a","eng.nadyasa@gmail.com","false"
"2026-05-27","Gilvan José Meireles","","false","13:00","69cab51df127d1812d9c9585","14:00","Civil","agendado","6a157d127a41672a02a31113","2026-05-26T10:59:30.898000","2026-05-26T10:59:30.898000","69eb7152f8692d6e4f8926c5","gil-van-jose@hotmail.com","false"
"2026-05-27","Vanessa Pereira de Carvalho","","false","12:00","69cab510bf777218eaaa8d8f","13:00","Civil","agendado","6a1578df456ad401f07a434d","2026-05-26T10:41:35.671000","2026-05-26T10:41:35.671000","69f3a2c36e4365ec9df1c914","vanessapereiraluz@gmail.com","false"
"2026-05-26","Luana Cristina Vieira dos Santos ","","false","11:00","69f3405ca624697043cf5b08","12:00","Civil","agendado","6a1575a3a37b1d66d0bf2fb1","2026-05-26T10:27:47.810000","2026-05-26T10:27:47.810000","69f24dcef9aa003a39e36414","luana2015gyn@gmail.com","false"
"2026-05-27","Lázara Tatiana Pereira de Lima","","false","07:00","69cab5409b141921d6a9bac9","08:00","Civil","agendado","6a156ff1c4ae9055bd448da1","2026-05-26T10:03:29.742000","2026-05-26T10:03:29.742000","69e8b3d7f0a0a48eb1af80d9","sesmt.publico@gmail.com","false"
"2026-05-26","Carlos Antônio Madalena","","false","07:00","69f1fbd2b1d8f827f1014b85","08:00","Civil","agendado","6a156cdc77fafb7c066fff80","2026-05-26T09:50:20.854000","2026-05-26T09:50:20.854000","69f1eb66214b21fd581ce36b","advgcarlosmadalena@gmail.com","false"
"2026-05-26","Rodolfo Marcel Ghannam","","false","07:00","6a0465b9d9ab1a7712410472","08:00","Civil","faltou","6a155e6b48cabc8898419e3e","2026-05-26T08:48:43.128000","2026-05-26T11:03:48.365000","6a03223d162491b1998bac2c","rodolfoghannam58@gmail.com","false"
"2026-05-26","Mariana Albino da Silva","","false","07:00","69cab485b105230925053def","08:00","Civil","agendado","6a15096be3b61102bc698364","2026-05-26T02:46:03.261000","2026-05-26T02:46:03.261000","69f1eb6197b49acac81ad46a","mariana.albinosilva85@gmail.com","false"
"2026-05-26","Lázara Tatiana Pereira de Lima","","false","11:00","69cab5409b141921d6a9bac9","12:00","Civil","agendado","6a14dc5050f3475dbd848444","2026-05-25T23:33:36.070000","2026-05-25T23:33:36.070000","69e8b3d7f0a0a48eb1af80d9","sesmt.publico@gmail.com","false"
"2026-05-27","Ana Carolina Silva de Araujo Peixoto","","false","07:00","69cab50fec6532662ba58f05","08:00","Civil","agendado","6a14cf0f357b55159469b0e4","2026-05-25T22:37:03.776000","2026-05-25T22:37:03.776000","69e8b3abbdd54859f2b7eadf","ana.anacarol1403@gmail.com","false"
"2026-05-26","Natalya Rodrigues Pereira","","false","18:00","69cab4965bbd1a25efdeafad","19:00","Civil","agendado","6a14ced050481dc99e70290c","2026-05-25T22:36:00.679000","2026-05-25T22:36:00.679000","6a0c58b654f54b7a89655155","natalyarodrigues174@gmail.com","false"
"2026-05-26","Anna Klara Miranda Tobias","","false","07:00","69cab4b0e2406c3364a5c7bc","08:00","Civil","agendado","6a14aa1a655567a7b08cf9be","2026-05-25T19:59:22.864000","2026-05-25T19:59:22.864000","6a01c20a26bc4a721c9c5579","klaramiranda98@gmail.com","false"
"2026-05-25","Guilherme Alves de Souza Araújo","","false","17:00","69cab4aecb5fa9ca033f05e8","18:00","Civil","agendado","6a14a91e8b7e2b7168b0a008","2026-05-25T19:55:10.475000","2026-05-25T19:55:10.475000","69efb2548749b9622136a800","gui.araujo2207@gmail.com","false"
"2026-05-27","Daniel Carlos dos Reis","","false","08:00","69efb877f2a849baa2f1590f","09:00","Civil","agendado","6a14a7db4d2b687c75d4774f","2026-05-25T19:49:47.583000","2026-05-25T19:49:47.583000","69e8b3dcffadf846c595fa0c","danielreis0211@gmail.com","false"
"2026-05-26","Marcos Aurélio Araújo da Silva Barros ","","false","11:00","6a05ca7c3ec8d849572a717b","12:00","Civil","agendado","6a14a5678181f0a0be6e8835","2026-05-25T19:39:19.350000","2026-05-25T19:39:19.350000","6a05c9220348c55fa04c5d95","marcosaraujobarros1508@gmail.com","false"
"2026-05-25","Rafael Londe Hagen","","false","17:00","69c2d3ee87aec14ce3dd0d68","18:00","Civil","confirmado","6a14a1d3200fedfb6c2de0f4","2026-05-25T19:24:03.649000","2026-05-25T19:38:45.067000","69c3d34b532ba9674f7d28c5","rafaelhagen@hotmail.com","false"
"2026-05-26","Marcos Rodrigo da Silva","","false","13:00","69cab4a3c1c42a0056c3ec30","14:00","Civil","confirmado","6a149e06a6cd30bb6f84708f","2026-05-25T19:07:50.315000","2026-05-26T16:02:26.952000","6a0caf5d34356254fca6261c","rodrigo.marcos81@gmail.com","false"
"2026-05-25","Lariza Cori Thomaz Nogueira","","false","17:00","69f1fc1f966c41d8f2d01ced","18:00","Civil","agendado","6a149d1433db43eb0dbe9274","2026-05-25T19:03:48.613000","2026-05-25T19:03:48.613000","69f3a2c6bc8b6cab6e884a64","lilariza.cori@gmail.com","false"
"2026-05-25","Patrícia Gomes Fleuri Cunha","","false","17:00","6a103b0bb218f6109a5263e2","18:00","Civil","agendado","6a149c286baf92fa981ce1eb","2026-05-25T18:59:52.698000","2026-05-25T18:59:52.698000","6a0caf6598b093e0931ff6a8","patricia.cunha@goias.gov.br","false"
"2026-05-26","Thaís Teixeira Santos","","false","12:00","69cab5274f3dd1b5956201e6","13:00","Civil","agendado","6a14955896b33d49e2e26630","2026-05-25T18:30:48.919000","2026-05-25T18:30:48.919000","6a0caf640170db9a69a7bebd","thais.sejuv@gmail.com","false"
"2026-05-26","Talíta Maria Carvalho de Lima ","","false","12:00","6a1093b55c869df7da1218e1","13:00","Civil","agendado","6a14950ac5772ecb29090b92","2026-05-25T18:29:30.878000","2026-05-25T18:29:30.878000","6a10924dc377ea5adc55fbdc","ttalitalima@gmail.com","false"
"2026-05-27","Andrea Gonçalves Fonseca","","false","07:00","69cab51d1406725f35a35aea","08:00","Civil","agendado","6a14902fd716e78ca6155965","2026-05-25T18:08:47.378000","2026-05-25T18:08:47.378000","6a0caf6101940cd03cbfc270","andreagyn2020@gmail.com","false"
"2026-05-26","Andrea Gonçalves Fonseca","","false","07:00","69cab51d1406725f35a35aea","08:00","Civil","agendado","6a1490199058303080b1662e","2026-05-25T18:08:25.600000","2026-05-25T18:08:25.600000","6a0caf6101940cd03cbfc270","andreagyn2020@gmail.com","false"
"2026-05-25","Carlos Antonio da Silva Vieira","","false","15:00","69cab50cf5516a154093aa81","16:00","Civil","agendado","6a148dc510d31a4e1e38398e","2026-05-25T17:58:29.236000","2026-05-25T17:58:29.236000","69e8b419aec854d1886962c7","carlaoaudiodesigner@gmail.com","false"
"2026-05-25","Yasmin Medeiros de Oliveira","","false","17:00","69cab4ef4a0411830b859b44","18:00","Civil","agendado","6a14818b10698e56ede9568e","2026-05-25T17:06:19.794000","2026-05-25T17:06:19.794000","6a103a63f80a4bf1ed8e6c76","yasmin.meira.265@gmail.com","false"
"2026-05-25","Vitor Hugo de Sousa Soares","","false","14:00","6a0f398f99b4529be22e7d03","15:00","Civil","agendado","6a147f93cd2d2ebd9ef095a1","2026-05-25T16:57:55.742000","2026-05-25T16:57:55.742000","6a0f39110da6ca477f347af0","desousavitorhugo@gmail.com","false"
"2026-05-25","Indiara Porfírio Ribeiro","","false","15:00","69cab48c17c5690cf3d30c6d","16:00","Civil","agendado","6a147f7e69c0218144f772c2","2026-05-25T16:57:34.961000","2026-05-25T16:57:34.961000","69e8b3bf55bcfeb78675459e","indiarajujuba@gmail.com","false"
"2026-05-26","Laura Fernandes Mendes","","false","11:00","69cab5540b51026b52fe7cb7","12:00","Civil","agendado","6a147a31ef0ed424b4574096","2026-05-25T16:34:57.959000","2026-05-25T16:34:57.959000","69f8d50105e660849e08c5f6","mendes.ferlaura@gmail.com","false"
"2026-05-25","Johnathan Pereira de Sousa","","false","13:00","69f88df9ff9cd30a3a32d365","14:00","Civil","agendado","6a14715ff6b342efaf290626","2026-05-25T15:57:19.770000","2026-05-25T15:57:19.770000","69f1eb63dbe15fae1934137c","johnathan515@gmail.com","false"
"2026-05-25","Sophia Lannah Beatriz Ferreira de Sousa","","false","18:00","69cab498f494b0e0a3a2252c","19:00","Civil","agendado","6a146d3ba9f39add505b9f3f","2026-05-25T15:39:39.410000","2026-05-25T15:39:39.410000","69e8b3e3ed8dfc592768740f","sophialannah123@gmail.com","false"
"2026-05-25","Gabriele Batista","","false","17:00","69cab4e300553dca6de39a7f","18:00","Civil","agendado","6a146b92e607ed6115c97553","2026-05-25T15:32:34.225000","2026-05-25T15:32:34.225000","69f8d5031b4731838f3aa4db","gabrielecastro01@gmail.com","false"
"2026-05-26","Gilvan José Meireles","","false","13:00","69cab51df127d1812d9c9585","14:00","Civil","confirmado","6a14657a3d48c8c4c0dbffbc","2026-05-25T15:06:34.841000","2026-05-26T15:51:44.294000","69eb7152f8692d6e4f8926c5","gil-van-jose@hotmail.com","false"
"2026-05-25","Gilvan José Meireles","","false","13:00","69cab51df127d1812d9c9585","14:00","Civil","agendado","6a14656fced19415dcd6dff8","2026-05-25T15:06:23.964000","2026-05-25T15:06:23.964000","69eb7152f8692d6e4f8926c5","gil-van-jose@hotmail.com","false"
"2026-05-25","Ismael José dos Santos Filho","","false","12:00","69cab50d46c2a710ba93c1d4","13:00","Civil","agendado","6a1462e43a4c9bd1bb86e3a4","2026-05-25T14:55:32.823000","2026-05-25T14:55:32.823000","69eb714b124295d4decc3504","ismaelfilho.adv@gmail.com","false"
"2026-05-25","Lívia Borges de Sousa","","false","13:00","69cab53df488136327286414","14:00","Civil","agendado","6a1461c5ad81029babe4394f","2026-05-25T14:50:45.959000","2026-05-25T14:50:45.959000","6a035c5eff55688ed4fcb8b0","livia.borges.333@gmail.com","false"
"2026-05-26","Ambrosiane de Sousa Leite","","false","18:00","6a04588acee8394872f618be","19:00","Civil","agendado","6a146110088611e562266009","2026-05-25T14:47:44.352000","2026-05-25T14:47:44.352000","69fe287cc22d6cfcf39669d0","ambrosiane.adv@gmail.com","false"
"2026-05-25","Raphael de Lima Carvalho Moraes","","false","12:00","69cab4ee1d5dca09ed497c22","13:00","Civil","agendado","6a145e17640b7a56ec8a32f7","2026-05-25T14:35:03.032000","2026-05-25T14:35:03.032000","69f243fdfed1f188950d4989","raphaelmoraes019@gmail.com","false"
"2026-05-25","Débora Maia Escher dos Santos","","false","12:00","69fc8102efce393880145d94","13:00","Civil","agendado","6a145daeedc44b0b5ec79de2","2026-05-25T14:33:18.082000","2026-05-25T14:33:18.082000","69fb76a1a9859e54ff79cc1b","deboraescher19@gmail.com","false"
"2026-05-25","Isidoro Tavares Rosa","","false","12:00","69cab4a035089c731a4647af","13:00","Civil","agendado","6a145c576fbf26e6f5dddaf5","2026-05-25T14:27:35.738000","2026-05-25T14:27:35.738000","69e8b3e556cb0efc368cf481","isidorotrti@gmail.com","false"
"2026-05-26","Uerica Agapito Pereira","","false","12:00","69cab53f1d112c5a2797d789","13:00","Civil","agendado","6a14574d1f011f1813643305","2026-05-25T14:06:05.384000","2026-05-25T14:06:05.384000","69f09fd3ef3fe8e89a0d5919","uericaagapito.adv@gmail.com","false"
"2026-05-25","Uerica Agapito Pereira","","false","12:00","69cab53f1d112c5a2797d789","13:00","Civil","agendado","6a145743988c97d4350e3105","2026-05-25T14:05:55.328000","2026-05-25T14:05:55.328000","69f09fd3ef3fe8e89a0d5919","uericaagapito.adv@gmail.com","false"
"2026-05-25","Guilherme Paulino Abrão","","false","11:00","69cab4b98987e567777aa8f6","12:00","Civil","agendado","6a145524744d5e526e0797df","2026-05-25T13:56:52.539000","2026-05-25T13:56:52.539000","69e8b3af276e0faaaaece9f3","guilherme.abr40@gmail.com","false"
"2026-05-25","Vanessa Pereira de Carvalho","","false","13:00","69cab510bf777218eaaa8d8f","14:00","Civil","agendado","6a1454732c7747eed6787fa2","2026-05-25T13:53:55.380000","2026-05-25T13:53:55.380000","69f3a2c36e4365ec9df1c914","vanessapereiraluz@gmail.com","false"
"2026-05-26","Léa Rosane Barcelos","","false","11:00","69cab555f127d1812d9c958f","12:00","Civil","agendado","6a145468578c5bf11af05e64","2026-05-25T13:53:44.981000","2026-05-25T13:53:44.981000","69eb7145a368132a1e810354","learosane@gmail.com","false"
"2026-05-26","Ana Kássia Souza Frota","","false","07:00","69cab4c7e7844c08c870606b","08:00","Civil","agendado","6a1452be5455292bb4ab68a8","2026-05-25T13:46:38.647000","2026-05-25T13:46:38.647000","6a0712136f0f2ba1f5e4f435","kassiafrotasf@gmail.com","false"
"2026-05-25","Antonino Batista Júnior","","false","17:00","69cab53d8efef97e8a0f03b3","18:00","Civil","agendado","6a1451ea5973154caf4d064c","2026-05-25T13:43:06.208000","2026-05-25T13:43:06.208000","69e8b3ceaa15a6de33954e67","antoninobj@gmail.com","false"
"2026-05-25","Brenuo Victor Rodrigues Barbosa","","false","13:00","69cab5409b141921d6a9baca","14:00","Civil","agendado","6a14519b2ac9f089865105cb","2026-05-25T13:41:47.123000","2026-05-25T13:41:47.123000","6a022e0e6d475b0b2334af8e","brenuovrb@gmail.com","false"
"2026-05-26","Douglas Fleury Parreira Barros","","false","17:00","69cab49ee29fe8dc7e61491a","18:00","Civil","agendado","6a144fe5ef0c2b889d48b75b","2026-05-25T13:34:29.748000","2026-05-25T13:34:29.748000","69e8b40f9b7ab425aa2ca185","douglas.fleury@gmail.com","false"
"2026-05-25","Douglas Fleury Parreira Barros","","false","17:00","69cab49ee29fe8dc7e61491a","18:00","Civil","agendado","6a144fd828c5dc1d82c7a3b8","2026-05-25T13:34:16.141000","2026-05-25T13:34:16.141000","69e8b40f9b7ab425aa2ca185","douglas.fleury@gmail.com","false"
"2026-05-25","Julio Cesar de Morais Souza","","false","11:00","69cab4faeab3702f5a63795e","12:00","Civil","agendado","6a144e35c38ba54ff22ba658","2026-05-25T13:27:17.393000","2026-05-25T13:27:17.393000","69f8d5097166a59dfa38211f","juliocesar12059734@gmail.com","false"
"2026-05-26","Karla Correia Mendes","","false","16:00","69cab4850c384307831324d8","17:00","Civil","agendado","6a144cdc05cc462d21eda11f","2026-05-25T13:21:32.579000","2026-05-25T13:21:32.579000","69f0ab75971b3976ef33a57d","karlamendes1406@gmail.com","false"
"2026-05-25","Karla Correia Mendes","","false","16:00","69cab4850c384307831324d8","17:00","Civil","agendado","6a144cd3430b34a3734f6178","2026-05-25T13:21:23.159000","2026-05-25T13:21:23.159000","69f0ab75971b3976ef33a57d","karlamendes1406@gmail.com","false"
"2026-05-25","Laura Fernandes Mendes","","false","11:00","69cab5540b51026b52fe7cb7","12:00","Civil","agendado","6a144a89429629953b3c0569","2026-05-25T13:11:37.057000","2026-05-25T13:11:37.057000","69f8d50105e660849e08c5f6","mendes.ferlaura@gmail.com","false"
"2026-05-25","Carlos alexandre da costa ","","false","12:00","6a0cb0c2e3d9f640adbed26b","13:00","Civil","agendado","6a1449e49588f97ce7db7c06","2026-05-25T13:08:52.525000","2026-05-25T13:08:52.525000","6a0caf62f88ae28daf8dd133","xandy.x12@gmail.com","false"
"2026-05-25","Iracy Maria Marinho","","false","15:00","69cab4b09d4550a5367fa605","16:00","Civil","agendado","6a14468b5a6bafaaf42ef982","2026-05-25T12:54:35.553000","2026-05-25T12:54:35.553000","6a020e37b60fef97178bbd4d","iracym605@gmail.com","false"
"2026-05-25","Thaís Teixeira Santos","","false","12:00","69cab5274f3dd1b5956201e6","13:00","Civil","agendado","6a1444046b7da6f54e5fed49","2026-05-25T12:43:48.408000","2026-05-25T12:43:48.408000","6a0caf640170db9a69a7bebd","thais.sejuv@gmail.com","false"
"2026-05-25","Taina Thome Freitas","","false","13:00","69cab4c771c685e9f60324aa","14:00","Civil","agendado","6a144150227ae06f189a4312","2026-05-25T12:32:16.717000","2026-05-25T12:32:16.717000","69e8b3a16f423e49e47411b4","taina.freitas@goias.gov.br","false"
"2026-05-25","Carlos Henrique Ferreira Santos","","false","12:00","69cab4ac0916e78eed2006b2","13:00","Civil","agendado","6a14413b392fe30f317e7651","2026-05-25T12:31:55.759000","2026-05-25T12:31:55.759000","69eb815a6faab5200f1325b9","carlohenrysanto@gmail.com","false"
"2026-05-25","Raimunda Soronha de Oliveira dos Reis","","false","12:00","69cab4acf9e6540401a079f2","13:00","Civil","agendado","6a1440ddd4bff5b8fe6e9ef0","2026-05-25T12:30:21.863000","2026-05-25T12:30:21.863000","69f0ed6a8aee7b0f624a8555","soronha.reis@gmail.com","false"
"2026-05-26","José Porto França Neto","","false","12:00","69cab51cf59bbda43a5c5d57","13:00","Civil","agendado","6a1440db3d0e87e979c5dc4b","2026-05-25T12:30:19.793000","2026-05-25T12:30:19.793000","69eb712c92a6132bbc608daf","portobritto@gmail.com","false"
"2026-05-25","José Porto França Neto","","false","12:00","69cab51cf59bbda43a5c5d57","13:00","Civil","agendado","6a1440d32dd4890bf39b3703","2026-05-25T12:30:11.745000","2026-05-25T12:30:11.745000","69eb712c92a6132bbc608daf","portobritto@gmail.com","false"
"2026-05-25","Elisa Parreira de Castro Alves","","false","12:00","69cab4958987e567777aa8e9","13:00","Civil","agendado","6a1440490978b56a1c23bc95","2026-05-25T12:27:53.488000","2026-05-25T12:27:53.488000","69f3539372bfccf5cae537b8","elisa.pdca@gmail.com","false"
"2026-05-25","Marcio Junio Rodrigues de Freitas","","false","13:00","69cab4fdb65777e18fa16281","14:00","Civil","agendado","6a14400ea8e7cb9998fe356e","2026-05-25T12:26:54.423000","2026-05-25T12:26:54.423000","69e8b3cb227404cd41911786","marciosoriso@gmail.com","false"
"2026-05-25","Rafaela Franzoni Marques","","false","12:00","69f9cddf1e81ff14d278df5e","13:00","Civil","agendado","6a143fef79d7a2f6982b7980","2026-05-25T12:26:23.298000","2026-05-25T12:26:23.298000","69f8e2f80271cf78f7858d16","rafaelafranzoni@gmail.com","false"
"2026-05-25","Giovanna Alves Guardiere ","","false","17:00","69fc846f76670092689fba5b","18:00","Civil","agendado","6a143f44b54d80188daabd04","2026-05-25T12:23:32.470000","2026-05-25T12:23:32.470000","69f3a2bdd479a05ce50eb8df","giovannaalves978@gmail.com","false"
"2026-05-26","Paulo Henrique Nunes da Silva Araújo","","false","11:00","69cab4a2f74af4c7f98e624b","12:00","Civil","agendado","6a143ec32f75953ff42ede1a","2026-05-25T12:21:23.458000","2026-05-25T12:21:23.458000","69e8b3a96c5e364f790390bf","paulonv70@gmail.com","false"
"2026-05-25","Lucas Façanha de Oliveira Carvalho","","false","12:00","69cab53f95aecd6313a1094a","13:00","Civil","agendado","6a143e181fa869cd59b8e999","2026-05-25T12:18:32.093000","2026-05-25T12:18:32.093000","69e8b3d9db2701e07f3d9515","lucasoliveira.ifam@gmail.com","false"
"2026-05-25","Paloma Leal Frazão","","false","12:00","6a05cb2bf126cffdabe7fbfa","13:00","Civil","agendado","6a143d9f3566a5d3a081989f","2026-05-25T12:16:31.684000","2026-05-25T12:16:31.684000","69eb7148469c445c29813e58","palomalfrazao@gmail.com","false"
"2026-05-25","Marcia da Silva Coutinho","","false","13:00","69cab53186a8212571cbebfa","14:00","Civil","agendado","6a143c8f21935ca547e7dd73","2026-05-25T12:11:59.758000","2026-05-25T12:11:59.758000","69f1eb6d936f80ebdd9a578e","marcinhacoutinho.foto@gmail.com","false"
"2026-05-26","Raniery Morais Miranda","","false","12:00","69cab5298bf415ccbaf69560","13:00","Civil","confirmado","6a143c19c4c8eea3673e3ba1","2026-05-25T12:10:01.834000","2026-05-26T15:29:53","69eb7130c8c6a653226322d0","mirandaraniery@gmail.com","false"
"2026-05-25","Delma Maria Guimaraes","","false","11:00","69cab4bb4badc9d3592723d2","12:00","Civil","agendado","6a143b8f47a127e654523599","2026-05-25T12:07:43.782000","2026-05-25T12:07:43.782000","69f0e717c3c33b89a2f9e02a","delmagui333@gmail.com","false"
"2026-05-26","Lia Rodrigues de Oliveira","","false","13:00","69cab4a03ab6550526927a0e","14:00","Civil","agendado","6a143b059183d8ec7099809f","2026-05-25T12:05:25.378000","2026-05-25T12:05:25.378000","69eb7138fbc3eca467b8986b","liarodriguesoliveira30@gmail.com","false"
"2026-05-27","Márcia de Araújo Gontijo","","false","07:00","69cab4fa6634febf001eb740","08:00","Civil","agendado","6a143a5b96dcbe89f9e51967","2026-05-25T12:02:35.119000","2026-05-25T12:02:35.119000","69fe28955bf56f9dc34635d2","marciagontijoadv@gmail.com","false"
"2026-05-25","Rafael Santana Marinho","","false","12:00","69cab53eac828741aaea5afd","13:00","Civil","agendado","6a143a4185c81271ff06bcf1","2026-05-25T12:02:09.155000","2026-05-25T12:02:09.155000","69fb769eb6cc56e25e03373f","rflmarinho8@gmail.com","false"
"2026-05-26","Thayane Cristina Tavares da Silva","","false","18:00","69efa4149a982f6976102820","19:00","Civil","agendado","6a143808de7a19f476d841a7","2026-05-25T11:52:40.611000","2026-05-25T11:52:40.611000","69e8b3ac72ff58fcfafa20b1","cristinathco@gmail.com","false"
"2026-05-25","Thayane Cristina Tavares da Silva","","false","18:00","69efa4149a982f6976102820","19:00","Civil","agendado","6a1437ff5befab4ede23c7d9","2026-05-25T11:52:31.356000","2026-05-25T11:52:31.356000","69e8b3ac72ff58fcfafa20b1","cristinathco@gmail.com","false"
"2026-05-26","Marcos Lopes de Souza","","false","12:00","69cab4a6d886e77a5a0bd8f9","13:00","Civil","agendado","6a143704c712327109483de5","2026-05-25T11:48:20.408000","2026-05-25T11:48:20.408000","69efccfae228f77c31effa3e","marcos.lsouza@goias.gov.br","false"
"2026-05-25","Marcos Lopes de Souza","","false","12:00","69cab4a6d886e77a5a0bd8f9","13:00","Civil","agendado","6a1436fadb774e124adb706e","2026-05-25T11:48:10.942000","2026-05-25T11:48:10.942000","69efccfae228f77c31effa3e","marcos.lsouza@goias.gov.br","false"
"2026-05-25","Guilherme Henrique Silva Costa","","false","13:00","69cab4a6d780b67cefdd205b","14:00","Civil","agendado","6a1436f040bf712973f4e9bb","2026-05-25T11:48:00.035000","2026-05-25T11:48:00.035000","69f35391594eba71f28fb6ad","guilhermeembuscadoepeg@gmail.com","false"
"2026-05-25","Talíta Maria Carvalho de Lima ","","false","12:00","6a1093b55c869df7da1218e1","13:00","Civil","agendado","6a1436ec357d41487e953197","2026-05-25T11:47:56.478000","2026-05-25T11:47:56.478000","6a10924dc377ea5adc55fbdc","ttalitalima@gmail.com","false"
"2026-05-26","Célia Maria da Silva Valadão","","false","11:00","6a0afdd882e5220f83455fbb","12:00","Civil","agendado","6a143540aedf1e94d7816489","2026-05-25T11:40:48.228000","2026-05-25T11:40:48.228000","6a03223f9f250d7b5f325919","celia.valadao@goias.gov.br","false"
"2026-05-25","Célia Maria da Silva Valadão","","false","16:00","6a0afdd882e5220f83455fbb","17:00","Civil","agendado","6a14341035565cc3f6fe7ab9","2026-05-25T11:35:44.348000","2026-05-25T11:35:44.348000","6a03223f9f250d7b5f325919","celia.valadao@goias.gov.br","false"
"2026-05-25","Nádya de Sá Almeida Costa Silva","","false","12:00","69cab48b36611447155e197c","13:00","Civil","agendado","6a14333064037a1eabe5bf6f","2026-05-25T11:32:00.666000","2026-05-25T11:32:00.666000","69f09cc40b09eba29a789e8a","eng.nadyasa@gmail.com","false"
"2026-05-25","Isabela Arantes Mota","","false","17:00","69cab4e1f0a4c74ea03ff22a","18:00","Civil","agendado","6a1431c42215ab20a2218c2e","2026-05-25T11:25:56.293000","2026-05-25T11:25:56.293000","6a0caf5b87efa41f555a0b3c","arantesmotaisabela@gmail.com","false"
"2026-05-26","Laura Lula Ramos","","false","11:00","69cab4845646d7497cb9aa56","12:00","Civil","agendado","6a142c3e22be0925197324bd","2026-05-25T11:02:22.177000","2026-05-25T11:02:22.177000","69e8b3b1c23f02f059fbe05f","lauralular@gmail.com","false"
"2026-05-25","Laura Lula Ramos","","false","11:00","69cab4845646d7497cb9aa56","12:00","Civil","agendado","6a142c2458a347fbf9a8cf76","2026-05-25T11:01:56.017000","2026-05-25T11:01:56.017000","69e8b3b1c23f02f059fbe05f","lauralular@gmail.com","false"
"2026-05-25","Marcos Aurélio Araújo da Silva Barros ","","false","11:00","6a05ca7c3ec8d849572a717b","12:00","Civil","agendado","6a142c1a5f410df1c0fde429","2026-05-25T11:01:46.374000","2026-05-25T11:01:46.374000","6a05c9220348c55fa04c5d95","marcosaraujobarros1508@gmail.com","false"
"2026-05-25","Carolina Assis Silva","","false","12:00","69cab528f140868323584a5f","13:00","Civil","agendado","6a1429b51c77e329b26b8fca","2026-05-25T10:51:33.374000","2026-05-25T10:51:33.374000","6a047b2155dbffe1bf6746cf","carolasullivan5@gmail.com","false"
"2026-05-25","Lázara Tatiana Pereira de Lima","","false","11:00","69cab5409b141921d6a9bac9","12:00","Civil","agendado","6a142244396de95e1fefdafc","2026-05-25T10:19:48.243000","2026-05-25T10:19:48.243000","69e8b3d7f0a0a48eb1af80d9","sesmt.publico@gmail.com","false"
"2026-05-25","Luana Cristina Vieira dos Santos ","","false","11:00","69f3405ca624697043cf5b08","12:00","Civil","agendado","6a14201d799faf7aba3b1353","2026-05-25T10:10:37.162000","2026-05-25T10:10:37.162000","69f24dcef9aa003a39e36414","luana2015gyn@gmail.com","false"
"2026-05-25","Carlos Antônio Madalena","","false","13:00","69f1fbd2b1d8f827f1014b85","14:00","Civil","agendado","6a141c20b9ea8e54c8ed71db","2026-05-25T09:53:36.341000","2026-05-25T09:53:36.341000","69f1eb66214b21fd581ce36b","advgcarlosmadalena@gmail.com","false"
"2026-05-25","Ana Paula Moreira Rodrigues","","false","17:00","6a04bf891172d29085e72723","18:00","Civil","agendado","6a141943a2de65f99f4f3c98","2026-05-25T09:41:23.886000","2026-05-25T09:41:23.886000","6a04bf283d7914722c5697df","anaromoreira@gmail.com","false"
"2026-05-25","Marianna Silva Marques Freires","","false","11:00","69f0a807ce941e8dde14169d","12:00","Civil","agendado","6a1417477045c4ec5d85e950","2026-05-25T09:32:55.117000","2026-05-25T09:32:55.117000","69e8b3ef4907986aa65fbfca","marianna.freires11@gmail.com","false"
"2026-05-25","Ana Kássia Souza Frota","","false","07:00","69cab4c7e7844c08c870606b","08:00","Civil","agendado","6a13b5402777bb3b4efb13cc","2026-05-25T02:34:40.686000","2026-05-25T11:21:57.709000","6a0712136f0f2ba1f5e4f435","kassiafrotasf@gmail.com","false"
"2026-05-26","Jhulli Êmily Martins Nunes","","false","13:00","69cab48cce1c3df3215b2752","14:00","Civil","confirmado","6a13b1c44972da15d7a871cf","2026-05-25T02:19:48.061000","2026-05-26T15:58:47.885000","69e8b3e6578c929cf94963e6","jhulliemily2014@gmail.com","false"
"2026-05-25","Jhulli Êmily Martins Nunes","","false","13:00","69cab48cce1c3df3215b2752","14:00","Civil","agendado","6a13b1bbd1cda3482aecb0d3","2026-05-25T02:19:39.748000","2026-05-25T02:19:39.748000","69e8b3e6578c929cf94963e6","jhulliemily2014@gmail.com","false"
"2026-05-25","Natalya Rodrigues Pereira","","false","18:00","69cab4965bbd1a25efdeafad","19:00","Civil","agendado","6a13a8cd135db04c60054727","2026-05-25T01:41:33.844000","2026-05-25T01:41:33.844000","6a0c58b654f54b7a89655155","natalyarodrigues174@gmail.com","false"
"2026-05-25","Ana Carolina Silva de Araujo Peixoto","","false","07:00","69cab50fec6532662ba58f05","08:00","Civil","agendado","6a1399bad508f0bf0fbb8433","2026-05-25T00:37:14.106000","2026-05-25T11:13:12.095000","69e8b3abbdd54859f2b7eadf","ana.anacarol1403@gmail.com","false"
"2026-05-26","Cristina Maria Costa Prado","","false","17:00","69cab4a1625c88b62a9b4704","18:00","Civil","agendado","6a13948ec8f49b26bdb68655","2026-05-25T00:15:10.248000","2026-05-25T00:15:10.248000","69fb76a3ee52fc9de3d098e8","cristinamcosta.arq@gmail.com","false"
"2026-05-25","Ricardo Vilaverde de Oliveira","","false","07:00","6a0464d871ebbe3b34972e28","08:00","Civil","agendado","6a1388ac618e0e0c9b791dda","2026-05-24T23:24:28.206000","2026-05-24T23:24:28.206000","69fe288d4ba4831c857c8bd5","rvilaverde@gmail.com","false"
"2026-05-26","Raquel Caroline Ribeiro D e Lima","","false","11:00","69cab51b4b8ed336c11dff65","12:00","Civil","agendado","6a1382a2135db04c6005296d","2026-05-24T22:58:42.674000","2026-05-24T22:58:42.674000","69fe289475c7fd5b9a27c574","raquelcribeiro.adv@gmail.com","false"
"2026-05-25","Raquel Caroline Ribeiro D e Lima","","false","11:00","69cab51b4b8ed336c11dff65","12:00","Civil","agendado","6a138278e9df50a5779aa643","2026-05-24T22:58:00.233000","2026-05-24T22:58:00.233000","69fe289475c7fd5b9a27c574","raquelcribeiro.adv@gmail.com","false"
"2026-05-26","Caio César Silva Oliveira","","false","17:00","69cab5528917bc7d06ec9f36","18:00","Civil","agendado","6a137ae2156579df3e5dde81","2026-05-24T22:25:38.303000","2026-05-24T22:25:38.303000","69e8b3c510a6ab1ad3da4cd2","caiooliveira92@gmail.com","false"
"2026-05-25","Mariana Albino da Silva","","false","07:00","69cab485b105230925053def","08:00","Civil","agendado","6a1369455da34259867719b0","2026-05-24T21:10:29.620000","2026-05-24T21:10:29.620000","69f1eb6197b49acac81ad46a","mariana.albinosilva85@gmail.com","false"
"2026-05-25","Márcia de Araújo Gontijo","","false","07:00","69cab4fa6634febf001eb740","08:00","Civil","faltou","6a136480f08c8c99a779a79f","2026-05-24T20:50:08.772000","2026-05-25T11:03:48.796000","69fe28955bf56f9dc34635d2","marciagontijoadv@gmail.com","false"
"2026-05-25","Edjane Martins Silva","","false","17:00","69cab5525a1b6e998a75de7e","18:00","Civil","agendado","6a1361e98d91c1baa6b1cf05","2026-05-24T20:39:05.838000","2026-05-24T20:39:05.838000","6a0c51d521231d4a1ef3e01f","edjanemartins14@gmail.com","false"
"2026-05-25","Antônio Gabriel Marcimiano de Moraes","","false","17:00","69cab5533f4cbe4cc715f000","18:00","Civil","agendado","6a134bb0443153f3a88cc6c3","2026-05-24T19:04:16.304000","2026-05-24T19:04:16.304000","69e8bd46281c43278d0d48e9","gabrielgynh@gmail.com","false"
"2026-05-25","Caio César Silva Oliveira","","false","17:00","69cab5528917bc7d06ec9f36","18:00","Civil","agendado","6a13410c29f270d9153f0d4e","2026-05-24T18:18:52.896000","2026-05-24T18:18:52.896000","69e8b3c510a6ab1ad3da4cd2","caiooliveira92@gmail.com","false"
"2026-05-25","Daniel Carlos dos Reis","","false","08:00","69efb877f2a849baa2f1590f","09:00","Civil","agendado","6a1325c65a4b6b0e56634142","2026-05-24T16:22:30.792000","2026-05-24T16:22:30.792000","69e8b3dcffadf846c595fa0c","danielreis0211@gmail.com","false"
"2026-05-25","Helder Raimundo de Moraes","","false","12:00","69cab4fa68d464d95240f98b","13:00","Civil","agendado","6a13195961ce07b6b43b1d00","2026-05-24T15:29:29.476000","2026-05-24T15:29:29.476000","69f0b98c8ab0e5fe3945ffd5","hmoraes74@gmail.com","false"
"2026-05-25","Marcos Rodrigo da Silva","","false","13:00","69cab4a3c1c42a0056c3ec30","14:00","Civil","agendado","6a131495cb2792833743e904","2026-05-24T15:09:09.805000","2026-05-24T15:09:09.805000","6a0caf5d34356254fca6261c","rodrigo.marcos81@gmail.com","false"
"2026-05-25","Sandy Gonçalves Santana","","false","18:00","69cab4b251341c5e34b04b2e","19:00","Civil","agendado","6a12e4b6a3700104f01b8da5","2026-05-24T11:44:54.813000","2026-05-24T11:44:54.813000","69eb712609a3ab9ccffc1d90","sanderas.sgs@gmail.com","false"
"2026-05-25","Léa Rosane Barcelos","","false","11:00","69cab555f127d1812d9c958f","12:00","Civil","agendado","6a12c7abbdf55cac968c6787","2026-05-24T09:40:59.485000","2026-05-24T09:40:59.485000","69eb7145a368132a1e810354","learosane@gmail.com","false"
"2026-05-25","Morian Scussel Malburg","","false","08:00","69cab53deddee6987dc1c800","09:00","Civil","agendado","6a12073dba952b4f3c740a45","2026-05-23T19:59:57.135000","2026-05-23T19:59:57.135000","69e8b3dfc275cae65aee1aa2","morianmalburg@gmail.com","false"
"2026-05-22","Débora Maia Escher dos Santos","","false","18:00","69fc8102efce393880145d94","19:00","Civil","faltou","6a10b6a76353995ba1663fd7","2026-05-22T20:03:51.070000","2026-05-22T21:41:34.977000","69fb76a1a9859e54ff79cc1b","deboraescher19@gmail.com","false"
"2026-05-22","Isabella Maria Londe Sampaio","","false","17:00","6a032b0fa526d01f6d3ef8fb","18:00","Civil","agendado","6a10b41ee97a1b1de9a4e209","2026-05-22T19:53:02.582000","2026-05-22T19:53:02.582000","6a035c60907e0c31ea51ed55","londefotografia@gmail.com","false"
"2026-05-22","Lariza Cori Thomaz Nogueira","","false","17:00","69f1fc1f966c41d8f2d01ced","18:00","Civil","agendado","6a10aae331ca6b529e7d6482","2026-05-22T19:13:39.503000","2026-05-22T19:13:39.503000","69f3a2c6bc8b6cab6e884a64","lilariza.cori@gmail.com","false"
"2026-05-22","Sallyan Vinhadeli Vasconcelos","","false","16:00","69cab48b4ae3b7f6a68fd706","17:00","Civil","agendado","6a107560bc440c95687a5a43","2026-05-22T15:25:20.561000","2026-05-22T15:25:20.561000","69f1fc7d5180372f8b56f510","sallyanv@gmail.com","false"
"2026-05-22","Thaís Teixeira Santos","","false","12:00","69cab5274f3dd1b5956201e6","13:00","Civil","agendado","6a106db127ecdd617b36a207","2026-05-22T14:52:33.471000","2026-05-22T14:52:33.471000","6a0caf640170db9a69a7bebd","thais.sejuv@gmail.com","false"
"2026-05-22","Josimarcos Souza dos Santos","","false","12:00","69cab49ec3a97d05a892daaf","13:00","Civil","agendado","6a106cc13fb1addddfb91139","2026-05-22T14:48:33.318000","2026-05-22T16:01:32.732000","6a0d98c9b7003c0f5a932339","santosjosimarcossouza@gmail.com","false"
"2026-05-22","Rafaela Franzoni Marques","","false","12:00","69f9cddf1e81ff14d278df5e","13:00","Civil","agendado","6a106680a97a6e31f6cf6fad","2026-05-22T14:21:52.493000","2026-05-22T14:21:52.493000","69f8e2f80271cf78f7858d16","rafaelafranzoni@gmail.com","false"
"2026-05-22","Mel Cardoso Souza","","false","11:00","69cab4844ae3b7f6a68fd705","12:00","Civil","agendado","6a106129de3e71cf00d545ae","2026-05-22T13:59:05.546000","2026-05-22T13:59:05.546000","69e8b3e718a06dc553782bd2","mel2005cardoso@gmail.com","false"
"2026-05-22","Jorge Luiz de Oliveira Matias","","false","16:00","69cab4e2c35c29533c905645","17:00","Civil","agendado","6a106000d22ff29d76d4df7d","2026-05-22T13:54:08.976000","2026-05-22T13:54:08.976000","69f8e2fa7ba4c6c8eb1b7227","jorge.matias@discente.ufg.br","false"
"2026-05-22","Raphael de Lima Carvalho Moraes","","false","12:00","69cab4ee1d5dca09ed497c22","13:00","Civil","agendado","6a105803667a848aaa665696","2026-05-22T13:20:03.297000","2026-05-22T13:20:03.297000","69f243fdfed1f188950d4989","raphaelmoraes019@gmail.com","false"
"2026-05-22","Felipe Junqueira Mariano","","false","12:00","69cab4fa2f92da87a7de44b0","13:00","Civil","agendado","6a105769c2869f6b7aee1511","2026-05-22T13:17:29.799000","2026-05-22T13:17:29.799000","6a045784a0d5f992481b9d74","felipejmarianor@gmail.com","false"
"2026-05-22","Lívia Borges de Sousa","","false","12:00","69cab53df488136327286414","13:00","Civil","agendado","6a1054b97f3e23d3c79d0f59","2026-05-22T13:06:01.467000","2026-05-22T13:06:01.467000","6a035c5eff55688ed4fcb8b0","livia.borges.333@gmail.com","false"
"2026-05-22","Paloma Leal Frazão","","false","11:00","6a05cb2bf126cffdabe7fbfa","12:00","Civil","agendado","6a104d5b36d956e281cd00aa","2026-05-22T12:34:35.342000","2026-05-22T12:34:35.342000","69eb7148469c445c29813e58","palomalfrazao@gmail.com","false"
"2026-05-22","Paulo Henrique Nunes da Silva Araújo","","false","13:00","69cab4a2f74af4c7f98e624b","14:00","Civil","agendado","6a1049ea515cc650c6155258","2026-05-22T12:19:54.048000","2026-05-22T12:19:54.048000","69e8b3a96c5e364f790390bf","paulonv70@gmail.com","false"
"2026-05-22","Nádya de Sá Almeida Costa Silva","","false","12:00","69cab48b36611447155e197c","13:00","Civil","agendado","6a104218f3ca31708e0f4283","2026-05-22T11:46:32.034000","2026-05-22T11:46:32.034000","69f09cc40b09eba29a789e8a","eng.nadyasa@gmail.com","false"
"2026-05-22","Maria dos Reis Pereira Santos","","false","17:00","69cab48b68d464d95240f964","18:00","Civil","agendado","6a103c0302f20cc96f494536","2026-05-22T11:20:35.078000","2026-05-22T11:20:35.078000","69f0abbe8fef09ddc7cda46c","mariadosssantosrp@gmail.com","false"
"2026-05-22","PATRICIA GOMES FLEURI CUNHA","","false","16:00","6a103b0bb218f6109a5263e2","17:00","Civil","agendado","6a103bd270a61d1eb433702c","2026-05-22T11:19:46.863000","2026-05-22T11:19:46.863000","6a0caf6598b093e0931ff6a8","patricia.cunha@goias.gov.br","false"
"2026-05-22","Isabela Arantes Mota","","false","11:00","69cab4e1f0a4c74ea03ff22a","12:00","Civil","agendado","6a103bb236006a023dce7ddf","2026-05-22T11:19:14.242000","2026-05-22T11:19:14.242000","6a0caf5b87efa41f555a0b3c","arantesmotaisabela@gmail.com","false"
"2026-05-22","Marcos Lopes de Souza","","false","12:00","69cab4a6d886e77a5a0bd8f9","13:00","Civil","agendado","6a103a6320af22af77b33722","2026-05-22T11:13:39.654000","2026-05-22T11:13:39.654000","69efccfae228f77c31effa3e","marcos.lsouza@goias.gov.br","false"
"2026-05-22","Rafael Santana Marinho","","false","12:00","69cab53eac828741aaea5afd","13:00","Civil","agendado","6a103a4211a916046707ecf1","2026-05-22T11:13:06.945000","2026-05-22T16:13:45.555000","69fb769eb6cc56e25e03373f","rflmarinho8@gmail.com","false"
"2026-05-22","Daniel Vitor Naves Vieira","","false","10:00","69cab4b792bdf3f0285bbd65","11:00","Civil","agendado","6a1037e96cf93b64e6cc6683","2026-05-22T11:03:05.601000","2026-05-22T11:03:05.601000","6a0c51d9414a3f25e668970e","dvitor68@gmail.com","false"
"2026-05-22","Johnathan Pereira de Sousa","","false","13:00","69f88df9ff9cd30a3a32d365","14:00","Civil","agendado","6a103077cbb3856de3580463","2026-05-22T10:31:19.194000","2026-05-22T10:31:19.194000","69f1eb63dbe15fae1934137c","johnathan515@gmail.com","false"
"2026-05-22","Raimunda Soronha de Oliveira dos Reis","","false","12:00","69cab4acf9e6540401a079f2","13:00","Civil","agendado","6a102e5b46f0742645664cf9","2026-05-22T10:22:19.896000","2026-05-22T10:22:19.896000","69f0ed6a8aee7b0f624a8555","soronha.reis@gmail.com","false"
"2026-05-22","Taina Thome Freitas","","false","08:00","69cab4c771c685e9f60324aa","09:00","Civil","agendado","6a1029895e11d7fd7a6191e9","2026-05-22T10:01:45.452000","2026-05-22T10:01:45.452000","69e8b3a16f423e49e47411b4","taina.freitas@goias.gov.br","false"
"2026-05-22","Ambrosiane de Sousa Leite","","false","17:00","6a04588acee8394872f618be","18:00","Civil","agendado","6a102248161a445ebcce4e0b","2026-05-22T09:30:48.621000","2026-05-22T09:30:48.621000","69fe287cc22d6cfcf39669d0","ambrosiane.adv@gmail.com","false"
"2026-05-22","Carlos Antônio Madalena","","false","07:00","69f1fbd2b1d8f827f1014b85","08:00","Civil","agendado","6a102050e00f74f1e423ca18","2026-05-22T09:22:24.137000","2026-05-22T09:22:24.137000","69f1eb66214b21fd581ce36b","advgcarlosmadalena@gmail.com","false"
"2026-05-22","Marcia da Silva Coutinho","","false","13:00","69cab53186a8212571cbebfa","14:00","Civil","agendado","6a0fae3cce529603c595c804","2026-05-22T01:15:40.922000","2026-05-22T01:15:40.922000","69f1eb6d936f80ebdd9a578e","marcinhacoutinho.foto@gmail.com","false"
"2026-05-21","Guilherme Alves de Souza Araújo","","false","17:00","69cab4aecb5fa9ca033f05e8","18:00","Civil","agendado","6a0f63c0b1ceeb08f49f90dc","2026-05-21T19:57:52.483000","2026-05-21T19:57:52.483000","69efb2548749b9622136a800","gui.araujo2207@gmail.com","false"
"2026-05-22","Dalvania Maria de Paula","","false","11:00","69cab4988b4364504b50edb9","12:00","Civil","faltou","6a0f6193907716fc14858146","2026-05-21T19:48:35.129000","2026-05-22T15:03:48.441000","69e8b3d69a28df9075eaf0c3","daldepaula@hotmail.com","false"
"2026-05-22","Luana Cristina Vieira dos Santos ","","false","07:00","69f3405ca624697043cf5b08","08:00","Civil","agendado","6a0f5f8e7353f05e8af7f088","2026-05-21T19:39:58.445000","2026-05-22T11:12:58.692000","69f24dcef9aa003a39e36414","luana2015gyn@gmail.com","false"
"2026-05-21","Henrique Hideaki Matsutani","","false","17:00","69cab518038f3fca852b8f1b","18:00","Civil","agendado","6a0f5e705f8676868351a88c","2026-05-21T19:35:12.049000","2026-05-21T19:35:12.049000","69eb71284e1e0f50e35a8fd2","hideakimatsutani@gmail.com","false"
"2026-05-21","Lariza Cori Thomaz Nogueira","","false","17:00","69f1fc1f966c41d8f2d01ced","18:00","Civil","agendado","6a0f59f66c827cff75f96289","2026-05-21T19:16:06.194000","2026-05-21T19:16:06.194000","69f3a2c6bc8b6cab6e884a64","lilariza.cori@gmail.com","false"
"2026-05-22","Célia Maria da Silva Valadão","","false","16:00","6a0afdd882e5220f83455fbb","17:00","Civil","agendado","6a0f545c3a02d2eb54911aff","2026-05-21T18:52:12.953000","2026-05-21T18:52:12.953000","6a03223f9f250d7b5f325919","celia.valadao@goias.gov.br","false"
"2026-05-21","Gilson Pereira da Silva","","false","17:00","69cab4bbce9564de9486ce35","18:00","Civil","agendado","6a0f5347019ea38f084273cb","2026-05-21T18:47:35.501000","2026-05-21T18:47:35.501000","69eb713d0daf529bb432fcf3","gilson.pereira21@gmail.com","false"
"2026-05-21","Brenuo Victor Rodrigues Barbosa","","false","16:00","69cab5409b141921d6a9baca","17:00","Civil","agendado","6a0f411a64c5f3a8a6d490ed","2026-05-21T17:30:02.523000","2026-05-21T17:30:02.523000","6a022e0e6d475b0b2334af8e","brenuovrb@gmail.com","false"
"2026-05-22","Marcos Rodrigo da Silva","","false","13:00","69cab4a3c1c42a0056c3ec30","14:00","Civil","agendado","6a0f3ffc52329659b45ca181","2026-05-21T17:25:16.387000","2026-05-21T17:25:16.387000","6a0caf5d34356254fca6261c","rodrigo.marcos81@gmail.com","false"
"2026-05-21","Guilherme Henrique Silva Costa","","false","18:00","69cab4a6d780b67cefdd205b","19:00","Civil","agendado","6a0f3c819e96a70834084e45","2026-05-21T17:10:25.151000","2026-05-21T17:10:25.151000","69f35391594eba71f28fb6ad","guilhermeembuscadoepeg@gmail.com","false"
"2026-05-21","Lucas Façanha de Oliveira Carvalho","","false","17:00","69cab53f95aecd6313a1094a","18:00","Civil","agendado","6a0f39092eb84541b550cb10","2026-05-21T16:55:37.878000","2026-05-21T16:55:37.878000","69e8b3d9db2701e07f3d9515","lucasoliveira.ifam@gmail.com","false"
"2026-05-22","jhonatas dos santos lima","","false","12:00","69f35624d42a7a848cf80522","13:00","Civil","agendado","6a0f390742d5102623ee9d05","2026-05-21T16:55:35.689000","2026-05-21T16:55:35.689000","69eb712a2f920804f5d6e002","jhonatasvideira@gmail.com","false"
"2026-05-22","Antônio Gabriel Marcimiano de Moraes","","false","17:00","69cab5533f4cbe4cc715f000","18:00","Civil","agendado","6a0f2baaefd3d1b25505fbdd","2026-05-21T15:58:34.383000","2026-05-21T15:58:34.383000","69e8bd46281c43278d0d48e9","gabrielgynh@gmail.com","false"
"2026-05-22","Caio César Silva Oliveira","","false","17:00","69cab5528917bc7d06ec9f36","18:00","Civil","agendado","6a0f2b9cf40fdd31dab7d1c1","2026-05-21T15:58:20.764000","2026-05-21T15:58:20.764000","69e8b3c510a6ab1ad3da4cd2","caiooliveira92@gmail.com","false"
"2026-05-21","Diêssa Pontes Cruz","","false","13:00","69cab547bd2926025f139df4","14:00","Civil","agendado","6a0f27cf5e217f86c30d710d","2026-05-21T15:42:07.598000","2026-05-21T15:42:07.598000","69e8b41d874d2bd5ad2a947f","diessacruz@gmail.com","false"
"2026-05-21","jhonatas dos santos lima","","false","13:00","69f35624d42a7a848cf80522","14:00","Civil","agendado","6a0f1f9da77355ad9327c16b","2026-05-21T15:07:09.581000","2026-05-21T15:07:09.581000","69eb712a2f920804f5d6e002","jhonatasvideira@gmail.com","false"
"2026-05-21","Rafaela Franzoni Marques","","false","12:00","69f9cddf1e81ff14d278df5e","13:00","Civil","agendado","6a0f1d8b996a44353e0dbe9e","2026-05-21T14:58:19.025000","2026-05-21T14:58:19.025000","69f8e2f80271cf78f7858d16","rafaelafranzoni@gmail.com","false"
"2026-05-21","Ismael José dos Santos Filho","","false","12:00","69cab50d46c2a710ba93c1d4","13:00","Civil","agendado","6a0f1d664c0e0440f2046e57","2026-05-21T14:57:42.222000","2026-05-21T14:57:42.222000","69eb714b124295d4decc3504","ismaelfilho.adv@gmail.com","false"
"2026-05-21","Taina Thome Freitas","","false","12:00","69cab4c771c685e9f60324aa","13:00","Civil","faltou","6a0f1b934a019a1790c2f3a7","2026-05-21T14:49:55.319000","2026-05-21T16:03:48.605000","69e8b3a16f423e49e47411b4","taina.freitas@goias.gov.br","false"
"2026-05-21","Débora Maia Escher dos Santos","","false","12:00","69fc8102efce393880145d94","13:00","Civil","faltou","6a0f184f0dfabfccadc9bcc9","2026-05-21T14:35:59.266000","2026-05-21T16:03:48.902000","69fb76a1a9859e54ff79cc1b","deboraescher19@gmail.com","false"
"2026-05-21","Giovanna Alves Guardiere ","","false","17:00","69fc846f76670092689fba5b","18:00","Civil","agendado","6a0f1284d72a1edba24a842e","2026-05-21T14:11:16.256000","2026-05-21T14:11:16.256000","69f3a2bdd479a05ce50eb8df","giovannaalves978@gmail.com","false"
"2026-05-21","Nádya de Sá Almeida Costa Silva","","false","12:00","69cab48b36611447155e197c","13:00","Civil","agendado","6a0f11c17d084b0fe8ba313b","2026-05-21T14:08:01.231000","2026-05-21T14:08:01.231000","69f09cc40b09eba29a789e8a","eng.nadyasa@gmail.com","false"
"2026-05-21","Elisa Parreira de Castro Alves","","false","12:00","69cab4958987e567777aa8e9","13:00","Civil","agendado","6a0f1060d46a5e7161549c8d","2026-05-21T14:02:08.255000","2026-05-21T14:02:08.255000","69f3539372bfccf5cae537b8","elisa.pdca@gmail.com","false"
"2026-05-21","Delma Maria Guimaraes","","false","12:00","69cab4bb4badc9d3592723d2","13:00","Civil","agendado","6a0f1030a54485dfbde62b4e","2026-05-21T14:01:20.373000","2026-05-21T14:01:20.373000","69f0e717c3c33b89a2f9e02a","delmagui333@gmail.com","false"
"2026-05-21","Raynna Pereira Neves Barros","","false","12:00","69cab483bcb9efeb569c67e1","13:00","Civil","agendado","6a0f0ffc9eb5757a2fb6af77","2026-05-21T14:00:28.753000","2026-05-21T14:00:28.753000","69f0aa040009751ec470fa8b","nevesraynna@gmail.com","false"
"2026-05-22","Mariana Albino da Silva","","false","07:00","69cab485b105230925053def","08:00","Civil","agendado","6a0f0f54dd476c1b96eeb89a","2026-05-21T13:57:40.059000","2026-05-21T13:57:40.059000","69f1eb6197b49acac81ad46a","mariana.albinosilva85@gmail.com","false"
"2026-05-21","Iracy Maria Marinho","","false","15:00","69cab4b09d4550a5367fa605","16:00","Civil","agendado","6a0f0dba445a8b2a429cccfb","2026-05-21T13:50:50.519000","2026-05-21T13:50:50.519000","6a020e37b60fef97178bbd4d","iracym605@gmail.com","false"
"2026-05-21","Antonino Batista Júnior","","false","11:00","69cab53d8efef97e8a0f03b3","12:00","Civil","agendado","6a0f0da52c4e77b1cda5bcc1","2026-05-21T13:50:29.750000","2026-05-21T13:50:29.750000","69e8b3ceaa15a6de33954e67","antoninobj@gmail.com","false"
"2026-05-21","Joao Vitor Pedroza","","false","12:00","69cab4b25f739b9e014b59df","13:00","Civil","agendado","6a0f0bc99fb3899f9eadef1c","2026-05-21T13:42:33.527000","2026-05-21T16:06:02.674000","69e8b3d41688ab2449b6171f","joaovitorpedroza@gmail.com","false"
"2026-05-21","Josimarcos Souza dos Santos","","false","11:00","69cab49ec3a97d05a892daaf","12:00","Civil","faltou","6a0f0bb0fe9a80ea1fcd3307","2026-05-21T13:42:08.080000","2026-05-21T15:03:48.236000","6a0d98c9b7003c0f5a932339","santosjosimarcossouza@gmail.com","false"
"2026-05-22","Ana Clara Barbacena Camelo","","false","19:00","69cab496d430c0cf1dbd7e72","20:00","Civil","faltou","6a0f0a2f445a8b2a429cc82a","2026-05-21T13:35:43.973000","2026-05-22T22:42:56.634000","69f0e732a32f7ffb33e50f1b","anaclarabarbacena@gmail.com","false"
"2026-05-22","José Porto França Neto","","false","12:00","69cab51cf59bbda43a5c5d57","13:00","Civil","agendado","6a0f096b8dde616b16d91d8f","2026-05-21T13:32:27.643000","2026-05-21T13:32:27.643000","69eb712c92a6132bbc608daf","portobritto@gmail.com","false"
"2026-05-21","Carlos Antonio da Silva Vieira","","false","11:00","69cab50cf5516a154093aa81","12:00","Civil","agendado","6a0f06de8cacc9171bd0ceff","2026-05-21T13:21:34.790000","2026-05-21T13:21:34.790000","69e8b419aec854d1886962c7","carlaoaudiodesigner@gmail.com","false"
"2026-05-22","Karla Correia Mendes","","false","16:00","69cab4850c384307831324d8","17:00","Civil","agendado","6a0f022bf3d1657f4aad8228","2026-05-21T13:01:31.616000","2026-05-21T13:01:31.616000","69f0ab75971b3976ef33a57d","karlamendes1406@gmail.com","false"
"2026-05-22","Laura Lula Ramos","","false","11:00","69cab4845646d7497cb9aa56","12:00","Civil","agendado","6a0efda537fc9a518a5d6dfd","2026-05-21T12:42:13.698000","2026-05-21T12:42:13.698000","69e8b3b1c23f02f059fbe05f","lauralular@gmail.com","false"
"2026-05-21","Ana Kássia Souza Frota","","false","12:00","69cab4c7e7844c08c870606b","13:00","Civil","agendado","6a0efb55b82185ac4fb4a46b","2026-05-21T12:32:21.833000","2026-05-21T12:32:21.833000","6a0712136f0f2ba1f5e4f435","kassiafrotasf@gmail.com","false"
"2026-05-21","Keiliana Cézar ","","false","12:00","6a020eac43fd47bf2e8eb231","13:00","Civil","agendado","6a0efad4b018deb132d5edb5","2026-05-21T12:30:12.522000","2026-05-21T12:30:12.522000","69f8d4ffb937cd00dda8b1d3","kellycesar517@gmail.com","false"
"2026-05-21","Rafael Santana Marinho","","false","12:00","69cab53eac828741aaea5afd","13:00","Civil","agendado","6a0efacf4a1401b8330d4037","2026-05-21T12:30:07.889000","2026-05-21T12:30:07.889000","69fb769eb6cc56e25e03373f","rflmarinho8@gmail.com","false"
"2026-05-22","Maria Águeda Silva","","false","12:00","6a0cb5ca9c2781a0ddd0e9d3","13:00","Civil","agendado","6a0ef92ec5e957eeb138d98c","2026-05-21T12:23:10.235000","2026-05-21T12:23:10.235000","6a0caf60ce38c927e233214b","mariaaguedas@gmail.com","false"
"2026-05-21","Laura Fernandes Mendes","","false","11:00","69cab5540b51026b52fe7cb7","12:00","Civil","agendado","6a0ef7c7e7e649dcf128ccb6","2026-05-21T12:17:11.552000","2026-05-21T12:17:11.552000","69f8d50105e660849e08c5f6","mendes.ferlaura@gmail.com","false"
"2026-05-22","Lucas Gabriel Souza Ribeiro","","false","12:00","69cab532ba0b7b3f017ab3af","13:00","Civil","agendado","6a0ef24b3a1c71392ce97915","2026-05-21T11:53:47.099000","2026-05-21T11:53:47.099000","69e8b3da0727cf73320d3bc0","lucasgabrielsouzaribeiro@gmail.com","false"
"2026-05-21","Lucas Gabriel Souza Ribeiro","","false","12:00","69cab532ba0b7b3f017ab3af","13:00","Civil","agendado","6a0ef24112cb920c6219dd9c","2026-05-21T11:53:37.065000","2026-05-21T11:53:37.065000","69e8b3da0727cf73320d3bc0","lucasgabrielsouzaribeiro@gmail.com","false"
"2026-05-21","Marcio Junio Rodrigues de Freitas","","false","13:00","69cab4fdb65777e18fa16281","14:00","Civil","agendado","6a0ef0c0874f511b74f16ec1","2026-05-21T11:47:12.459000","2026-05-21T11:47:12.459000","69e8b3cb227404cd41911786","marciosoriso@gmail.com","false"
"2026-05-21","Ana Paula Moreira Rodrigues","","false","13:00","6a04bf891172d29085e72723","14:00","Civil","agendado","6a0ef099a1b8bdf742d1b411","2026-05-21T11:46:33.082000","2026-05-21T11:46:33.082000","6a04bf283d7914722c5697df","anaromoreira@gmail.com","false"
"2026-05-22","Carlos alexandre da costa ","","false","12:00","6a0cb0c2e3d9f640adbed26b","13:00","Civil","agendado","6a0ef0509bad172dd4e94555","2026-05-21T11:45:20.220000","2026-05-21T11:45:20.220000","6a0caf62f88ae28daf8dd133","xandy.x12@gmail.com","false"
"2026-05-21","Clarinha Pereira da Silva Sousa","","false","11:00","69cab4bb2b75e5b3207c8b48","12:00","Civil","agendado","6a0ee95f99b4529be22e3a8f","2026-05-21T11:15:43.795000","2026-05-21T11:15:43.795000","69f0e71cb680d3ecfbb47205","clarinhapereira831@gmail.com","false"
"2026-05-22","Gilvan José Meireles","","false","13:00","69cab51df127d1812d9c9585","14:00","Civil","agendado","6a0ee6636220ae79bb3dbda9","2026-05-21T11:02:59.145000","2026-05-21T11:02:59.145000","69eb7152f8692d6e4f8926c5","gil-van-jose@hotmail.com","false"
"2026-05-22","Indiara Porfírio Ribeiro","","false","16:00","69cab48c17c5690cf3d30c6d","17:00","Civil","agendado","6a0ee3932723d705479ad0d4","2026-05-21T10:50:59.952000","2026-05-21T10:50:59.952000","69e8b3bf55bcfeb78675459e","indiarajujuba@gmail.com","false"
"2026-05-22","Cristina Maria Costa Prado","","false","17:00","69cab4a1625c88b62a9b4704","18:00","Civil","agendado","6a0edccff687307f562df8bc","2026-05-21T10:22:07.928000","2026-05-21T10:22:07.928000","69fb76a3ee52fc9de3d098e8","cristinamcosta.arq@gmail.com","false"
"2026-05-22","Lázara Tatiana Pereira de Lima","","false","07:00","69cab5409b141921d6a9bac9","08:00","Civil","agendado","6a0ed87f392ec6ff4fcb53d5","2026-05-21T10:03:43.303000","2026-05-21T10:03:43.303000","69e8b3d7f0a0a48eb1af80d9","sesmt.publico@gmail.com","false"
"2026-05-22","Marcos Aurélio Araújo da Silva Barros ","","false","11:00","6a05ca7c3ec8d849572a717b","12:00","Civil","agendado","6a0ed52ff06ffdc4843c6097","2026-05-21T09:49:35.978000","2026-05-21T09:49:35.978000","6a05c9220348c55fa04c5d95","marcosaraujobarros1508@gmail.com","false"
"2026-05-21","Carlos Antônio Madalena","","false","07:00","69f1fbd2b1d8f827f1014b85","08:00","Civil","agendado","6a0ecfa2754f930d81a20d5c","2026-05-21T09:25:54.930000","2026-05-21T09:25:54.930000","69f1eb66214b21fd581ce36b","advgcarlosmadalena@gmail.com","false"
"2026-05-20","Guilherme Lima de Sena","","false","19:00","69cab51d8bf415ccbaf6955b","20:00","Civil","agendado","6a0e20db477785ed4ef73590","2026-05-20T21:00:11.164000","2026-05-20T21:00:11.164000","69f8d5070e6979860429cfd6","guisenna73@gmail.com","false"
"2026-05-22","Isidoro Tavares Rosa","","false","12:00","69cab4a035089c731a4647af","13:00","Civil","agendado","6a0e1d0d17e7c0d927dfb576","2026-05-20T20:43:57.070000","2026-05-20T20:43:57.070000","69e8b3e556cb0efc368cf481","isidorotrti@gmail.com","false"
"2026-05-21","Antônio Gabriel Marcimiano de Moraes","","false","17:00","69cab5533f4cbe4cc715f000","18:00","Civil","agendado","6a0e122632bd48f51bae2eb2","2026-05-20T19:57:26.595000","2026-05-20T19:57:26.595000","69e8bd46281c43278d0d48e9","gabrielgynh@gmail.com","false"
"2026-05-22","Jhulli Êmily Martins Nunes","","false","13:00","69cab48cce1c3df3215b2752","14:00","Civil","agendado","6a0e0ec4cf9680e4e9432de2","2026-05-20T19:43:00.580000","2026-05-20T19:43:00.580000","69e8b3e6578c929cf94963e6","jhulliemily2014@gmail.com","false"
"2026-05-21","Jhulli Êmily Martins Nunes","","false","13:00","69cab48cce1c3df3215b2752","14:00","Civil","agendado","6a0e0ebccf9680e4e9432ddf","2026-05-20T19:42:52.526000","2026-05-20T19:42:52.526000","69e8b3e6578c929cf94963e6","jhulliemily2014@gmail.com","false"
"2026-05-20","Isabella Maria Londe Sampaio","","false","17:00","6a032b0fa526d01f6d3ef8fb","18:00","Civil","agendado","6a0e0ba1f8a0f582cf3412b0","2026-05-20T19:29:37.702000","2026-05-20T19:29:37.702000","6a035c60907e0c31ea51ed55","londefotografia@gmail.com","false"
"2026-05-22","Morian Scussel Malburg","","false","08:00","69cab53deddee6987dc1c800","09:00","Civil","agendado","6a0e062f0210bf65cc80e6f6","2026-05-20T19:06:23.924000","2026-05-20T19:06:23.924000","69e8b3dfc275cae65aee1aa2","morianmalburg@gmail.com","false"
"2026-05-21","Thays Rocha Leite","","false","11:00","69cab4bbaaffc414bef709af","12:00","Civil","agendado","6a0e04d0e2be4f114a03a437","2026-05-20T19:00:32.618000","2026-05-20T19:00:32.618000","69f88c68187fcd638dc76bbc","tha_rleite@hotmail.com","false"
"2026-05-21","Luana Cristina Vieira dos Santos ","","false","11:00","69f3405ca624697043cf5b08","12:00","Civil","agendado","6a0e04ced3e3f5c0016ee523","2026-05-20T19:00:30.399000","2026-05-20T19:00:30.399000","69f24dcef9aa003a39e36414","luana2015gyn@gmail.com","false"
"2026-05-21","Caio César Silva Oliveira","","false","17:00","69cab5528917bc7d06ec9f36","18:00","Civil","agendado","6a0dffff743d8f29b24a1de5","2026-05-20T18:39:59.899000","2026-05-20T18:39:59.899000","69e8b3c510a6ab1ad3da4cd2","caiooliveira92@gmail.com","false"
"2026-05-21","Marcia da Silva Coutinho","","false","13:00","69cab53186a8212571cbebfa","14:00","Civil","agendado","6a0df8a1546863046e5dfffe","2026-05-20T18:08:33.806000","2026-05-20T18:08:33.806000","69f1eb6d936f80ebdd9a578e","marcinhacoutinho.foto@gmail.com","false"
"2026-05-21","Gilvan José Meireles","","false","13:00","69cab51df127d1812d9c9585","14:00","Civil","agendado","6a0ded5189be229a7a9ce612","2026-05-20T17:20:17.427000","2026-05-20T17:20:17.427000","69eb7152f8692d6e4f8926c5","gil-van-jose@hotmail.com","false"
"2026-05-20","Tatiane Ferreira e Silva Medeiros","","false","17:00","69cab4ae71c685e9f60324a3","18:00","Civil","agendado","6a0dec199c7e3f8322af4fbf","2026-05-20T17:15:05.430000","2026-05-20T17:15:05.430000","69f0a7979080024735454f5b","tatianefsm2000@gmail.com","false"
"2026-05-21","Thaís Teixeira Santos","","false","12:00","69cab5274f3dd1b5956201e6","13:00","Civil","agendado","6a0de6b7908206503f76c4ac","2026-05-20T16:52:07.370000","2026-05-20T16:52:07.370000","6a0caf640170db9a69a7bebd","thais.sejuv@gmail.com","false"
"2026-05-22","Lia Rodrigues de Oliveira","","false","13:00","69cab4a03ab6550526927a0e","14:00","Civil","agendado","6a0de16c11b58f8ab1aa40c0","2026-05-20T16:29:32.531000","2026-05-20T16:29:32.531000","69eb7138fbc3eca467b8986b","liarodriguesoliveira30@gmail.com","false"
"2026-05-21","Mariana Albino da Silva","","false","07:00","69cab485b105230925053def","08:00","Civil","agendado","6a0de037b7059b0ff059af12","2026-05-20T16:24:23.894000","2026-05-20T16:24:23.894000","69f1eb6197b49acac81ad46a","mariana.albinosilva85@gmail.com","false"
"2026-05-21","Ana Clara Barbacena Camelo","","false","19:00","69cab496d430c0cf1dbd7e72","20:00","Civil","agendado","6a0dd5d5558605e68c68bb69","2026-05-20T15:40:05.412000","2026-05-20T15:40:05.412000","69f0e732a32f7ffb33e50f1b","anaclarabarbacena@gmail.com","false"
"2026-05-20","Taina Thome Freitas","","false","13:00","69cab4c771c685e9f60324aa","14:00","Civil","agendado","6a0dcab93b519aa094da6a40","2026-05-20T14:52:41.921000","2026-05-20T14:52:41.921000","69e8b3a16f423e49e47411b4","taina.freitas@goias.gov.br","false"
"2026-05-20","Ismael José dos Santos Filho","","false","12:00","69cab50d46c2a710ba93c1d4","13:00","Civil","agendado","6a0dca845eb2c429f9285ef8","2026-05-20T14:51:48.791000","2026-05-20T14:51:48.791000","69eb714b124295d4decc3504","ismaelfilho.adv@gmail.com","false"
"2026-05-20","Paulo Henrique Nunes da Silva Araújo","","false","16:00","69cab4a2f74af4c7f98e624b","17:00","Civil","faltou","6a0dc8b23157bda485a6a8ef","2026-05-20T14:44:02.080000","2026-05-20T19:40:29.171000","69e8b3a96c5e364f790390bf","paulonv70@gmail.com","false"
"2026-05-21","Sandy Gonçalves Santana","","false","18:00","69cab4b251341c5e34b04b2e","19:00","Civil","agendado","6a0dc879604a961748485895","2026-05-20T14:43:05.992000","2026-05-20T14:43:05.992000","69eb712609a3ab9ccffc1d90","sanderas.sgs@gmail.com","false"
"2026-05-21","Paulo Henrique Nunes da Silva Araújo","","false","16:00","69cab4a2f74af4c7f98e624b","17:00","Civil","agendado","6a0dc6698e931a304541fdff","2026-05-20T14:34:17.407000","2026-05-20T14:34:17.407000","69e8b3a96c5e364f790390bf","paulonv70@gmail.com","false"
"2026-05-20","Elisa Parreira de Castro Alves","","false","12:00","69cab4958987e567777aa8e9","13:00","Civil","agendado","6a0dc0162e0fa1f6177dea97","2026-05-20T14:07:18.525000","2026-05-20T14:07:18.525000","69f3539372bfccf5cae537b8","elisa.pdca@gmail.com","false"
"2026-05-21","Ricardo Vilaverde de Oliveira","","false","07:00","6a0464d871ebbe3b34972e28","08:00","Civil","agendado","6a0dc011828528f8c9f7a4af","2026-05-20T14:07:13.153000","2026-05-20T14:07:13.153000","69fe288d4ba4831c857c8bd5","rvilaverde@gmail.com","false"
"2026-05-20","Uerica Agapito Pereira","","false","12:00","69cab53f1d112c5a2797d789","13:00","Civil","agendado","6a0dbe1eaa4e4e8a99d2e768","2026-05-20T13:58:54.642000","2026-05-20T13:58:54.642000","69f09fd3ef3fe8e89a0d5919","uericaagapito.adv@gmail.com","false"
"2026-05-20","Lázara Tatiana Pereira de Lima","","false","16:00","69cab5409b141921d6a9bac9","17:00","Civil","agendado","6a0dbcb0c43349ab9062747a","2026-05-20T13:52:48.585000","2026-05-20T13:52:48.585000","69e8b3d7f0a0a48eb1af80d9","sesmt.publico@gmail.com","false"
"2026-05-22","Luciana Nunes do Amaral","","false","07:00","69f245f987f588dbdbc22567","08:00","Civil","agendado","6a0db86a9a78d478aebfcfb0","2026-05-20T13:34:34.822000","2026-05-20T13:34:34.822000","69f200bb913a105fdf750586","lna.advogada@gmail.com","false"
"2026-05-21","Felipe Junqueira Mariano","","false","12:00","69cab4fa2f92da87a7de44b0","13:00","Civil","agendado","6a0db848a6fd42c1959583aa","2026-05-20T13:34:00.496000","2026-05-20T13:34:00.496000","6a045784a0d5f992481b9d74","felipejmarianor@gmail.com","false"
"2026-05-21","Julio Cesar de Morais Souza","","false","11:00","69cab4faeab3702f5a63795e","12:00","Civil","agendado","6a0db61a64c2aeb3da97c6e2","2026-05-20T13:24:42.759000","2026-05-20T13:24:42.759000","69f8d5097166a59dfa38211f","juliocesar12059734@gmail.com","false"
"2026-05-20","Carlos Antonio da Silva Vieira","","false","11:00","69cab50cf5516a154093aa81","12:00","Civil","agendado","6a0db4aa88a841c5a0015733","2026-05-20T13:18:34.465000","2026-05-20T13:18:34.465000","69e8b419aec854d1886962c7","carlaoaudiodesigner@gmail.com","false"
"2026-05-21","Célia Maria da Silva Valadão","","false","16:00","6a0afdd882e5220f83455fbb","17:00","Civil","agendado","6a0db3227df2eb63c460d78c","2026-05-20T13:12:02.399000","2026-05-20T13:12:02.399000","6a03223f9f250d7b5f325919","celia.valadao@goias.gov.br","false"
"2026-05-20","Célia Maria da Silva Valadão","","false","16:00","6a0afdd882e5220f83455fbb","17:00","Civil","agendado","6a0db2f1b52bdc7b8a4807ec","2026-05-20T13:11:13.366000","2026-05-20T13:11:13.366000","6a03223f9f250d7b5f325919","celia.valadao@goias.gov.br","false"
"2026-05-21","Marcos Lopes de Souza","","false","12:00","69cab4a6d886e77a5a0bd8f9","13:00","Civil","agendado","6a0db173204de7ee06909ade","2026-05-20T13:04:51.329000","2026-05-20T13:04:51.329000","69efccfae228f77c31effa3e","marcos.lsouza@goias.gov.br","false"
"2026-05-20","Marcos Lopes de Souza","","false","12:00","69cab4a6d886e77a5a0bd8f9","13:00","Civil","agendado","6a0db159d15a96592bbeff28","2026-05-20T13:04:25.363000","2026-05-20T13:04:25.363000","69efccfae228f77c31effa3e","marcos.lsouza@goias.gov.br","false"
"2026-05-21","Johnathan Pereira de Sousa","","false","13:00","69f88df9ff9cd30a3a32d365","14:00","Civil","agendado","6a0dadb187a4d94f922a7693","2026-05-20T12:48:49.631000","2026-05-20T12:48:49.631000","69f1eb63dbe15fae1934137c","johnathan515@gmail.com","false"
"2026-05-20","Johnathan Pereira de Sousa","","false","13:00","69f88df9ff9cd30a3a32d365","14:00","Civil","agendado","6a0dada074b3547c1aa94ccb","2026-05-20T12:48:32.387000","2026-05-20T12:48:32.387000","69f1eb63dbe15fae1934137c","johnathan515@gmail.com","false"
"2026-05-20","Giovanna Alves Guardiere ","","false","17:00","69fc846f76670092689fba5b","18:00","Civil","agendado","6a0dab2cd82228e324d8d524","2026-05-20T12:38:04.997000","2026-05-20T12:38:04.997000","69f3a2bdd479a05ce50eb8df","giovannaalves978@gmail.com","false"
"2026-05-20","Douglas Fleury Parreira Barros","","false","12:00","69cab49ee29fe8dc7e61491a","13:00","Civil","agendado","6a0da80d031ac4d4c92976a5","2026-05-20T12:24:45.472000","2026-05-20T12:24:45.472000","69e8b40f9b7ab425aa2ca185","douglas.fleury@gmail.com","false"
"2026-05-20","Daniel Vitor Naves Vieira","","false","16:00","69cab4b792bdf3f0285bbd65","17:00","Civil","agendado","6a0da545c5bf2bc4c31cb29e","2026-05-20T12:12:53.160000","2026-05-20T12:12:53.160000","6a0c51d9414a3f25e668970e","dvitor68@gmail.com","false"
"2026-05-20","Nádya de Sá Almeida Costa Silva","","false","12:00","69cab48b36611447155e197c","13:00","Civil","agendado","6a0da4544ee8790994c3a78e","2026-05-20T12:08:52.759000","2026-05-20T12:08:52.759000","69f09cc40b09eba29a789e8a","eng.nadyasa@gmail.com","false"
"2026-05-20","Jorge Luiz de Oliveira Matias","","false","14:00","69cab4e2c35c29533c905645","15:00","Civil","agendado","6a0da3c1776cb53121bd0566","2026-05-20T12:06:25.625000","2026-05-20T12:06:25.625000","69f8e2fa7ba4c6c8eb1b7227","jorge.matias@discente.ufg.br","false"
"2026-05-20","Viviany de Oliveira Santos","","false","12:00","69cab526d3dea80a527f023b","13:00","Civil","agendado","6a0da3b81857617fce3dba25","2026-05-20T12:06:16.192000","2026-05-20T12:06:16.192000","69e8bd44fcfdf4bb4fa1335d","viviany.santos@goias.gov.br","false"
"2026-05-20","Débora Maia Escher dos Santos","","false","11:00","69fc8102efce393880145d94","12:00","Civil","faltou","6a0da109723392f59932f9a3","2026-05-20T11:54:49.029000","2026-05-20T15:03:48.123000","69fb76a1a9859e54ff79cc1b","deboraescher19@gmail.com","false"
"2026-05-21","Vanessa Pereira de Carvalho","","false","13:00","69cab510bf777218eaaa8d8f","14:00","Civil","agendado","6a0d9f2300f5cb8c198aeaf2","2026-05-20T11:46:43.478000","2026-05-20T11:46:43.478000","69f3a2c36e4365ec9df1c914","vanessapereiraluz@gmail.com","false"
"2026-05-20","Carlos Antônio Madalena","","false","12:00","69f1fbd2b1d8f827f1014b85","13:00","Civil","agendado","6a0d9cb8c1648bca48410e24","2026-05-20T11:36:24.929000","2026-05-20T11:36:24.929000","69f1eb66214b21fd581ce36b","advgcarlosmadalena@gmail.com","false"
"2026-05-20","Raimunda Soronha de Oliveira dos Reis","","false","12:00","69cab4acf9e6540401a079f2","13:00","Civil","agendado","6a0d98cc0c3b4bedca6f08d9","2026-05-20T11:19:40.516000","2026-05-20T11:19:40.516000","69f0ed6a8aee7b0f624a8555","soronha.reis@gmail.com","false"
"2026-05-22","Márcia de Araújo Gontijo","","false","07:00","69cab4fa6634febf001eb740","08:00","Civil","agendado","6a0d97849269fc2ab21ee105","2026-05-20T11:14:12.721000","2026-05-22T11:08:09.576000","69fe28955bf56f9dc34635d2","marciagontijoadv@gmail.com","false"
"2026-05-20","Carlos Henrique Ferreira Santos","","false","12:00","69cab4ac0916e78eed2006b2","13:00","Civil","agendado","6a0d9777831370b65eac7cd6","2026-05-20T11:13:59.226000","2026-05-20T11:13:59.226000","69eb815a6faab5200f1325b9","carlohenrysanto@gmail.com","false"
"2026-05-20","Dalvania Maria de Paula","","false","11:00","69cab4988b4364504b50edb9","12:00","Civil","agendado","6a0d9470dd1ebb73c6e47946","2026-05-20T11:01:04.922000","2026-05-20T11:01:04.922000","69e8b3d69a28df9075eaf0c3","daldepaula@hotmail.com","false"
"2026-05-20","Paloma Leal Frazão","","false","13:00","6a05cb2bf126cffdabe7fbfa","14:00","Civil","agendado","6a0d93b326b14fbde3fe54f4","2026-05-20T10:57:55.274000","2026-05-20T10:57:55.274000","69eb7148469c445c29813e58","palomalfrazao@gmail.com","false"
"2026-05-21","Karla Correia Mendes","","false","16:00","69cab4850c384307831324d8","17:00","Civil","agendado","6a0d93521a3c39c2fdf8aa12","2026-05-20T10:56:18.442000","2026-05-20T10:56:18.442000","69f0ab75971b3976ef33a57d","karlamendes1406@gmail.com","false"
"2026-05-21","Maria dos Reis Pereira Santos","","false","17:00","69cab48b68d464d95240f964","18:00","Civil","agendado","6a0d932e7b4dd2a18bbcf2f3","2026-05-20T10:55:42.167000","2026-05-20T10:55:42.167000","69f0abbe8fef09ddc7cda46c","mariadosssantosrp@gmail.com","false"
"2026-05-20","Karla Correia Mendes","","false","16:00","69cab4850c384307831324d8","17:00","Civil","agendado","6a0d9312728a5de9d63fc893","2026-05-20T10:55:14.612000","2026-05-20T10:55:14.612000","69f0ab75971b3976ef33a57d","karlamendes1406@gmail.com","false"
"2026-05-20","Maria dos Reis Pereira Santos","","false","17:00","69cab48b68d464d95240f964","18:00","Civil","agendado","6a0d92ce363770fd760d1cae","2026-05-20T10:54:06.203000","2026-05-20T10:54:06.203000","69f0abbe8fef09ddc7cda46c","mariadosssantosrp@gmail.com","false"
"2026-05-21","Guilherme Paulino Abrão","","false","11:00","69cab4b98987e567777aa8f6","12:00","Civil","faltou","6a0d911bc580c4b3139291e1","2026-05-20T10:46:51.696000","2026-05-21T15:03:48.467000","69e8b3af276e0faaaaece9f3","guilherme.abr40@gmail.com","false"
"2026-05-20","Guilherme Paulino Abrão","","false","11:00","69cab4b98987e567777aa8f6","12:00","Civil","agendado","6a0d91116571585022c2aa68","2026-05-20T10:46:41.632000","2026-05-20T10:46:41.632000","69e8b3af276e0faaaaece9f3","guilherme.abr40@gmail.com","false"
"2026-05-20","Diêssa Pontes Cruz","","false","08:00","69cab547bd2926025f139df4","09:00","Civil","agendado","6a0d9045d62437da9f09c0e4","2026-05-20T10:43:17.017000","2026-05-20T10:43:17.017000","69e8b41d874d2bd5ad2a947f","diessacruz@gmail.com","false"
"2026-05-21","Lázara Tatiana Pereira de Lima","","false","07:00","69cab5409b141921d6a9bac9","08:00","Civil","agendado","6a0d8a0b970d600a2193f60b","2026-05-20T10:16:43.806000","2026-05-20T10:16:43.806000","69e8b3d7f0a0a48eb1af80d9","sesmt.publico@gmail.com","false"
"2026-05-21","Indiara Porfírio Ribeiro","","false","16:00","69cab48c17c5690cf3d30c6d","17:00","Civil","agendado","6a0d895320d3469b6d393d7a","2026-05-20T10:13:39.591000","2026-05-20T10:13:39.591000","69e8b3bf55bcfeb78675459e","indiarajujuba@gmail.com","false"
"2026-05-21","Daniel Carlos dos Reis","","false","08:00","69efb877f2a849baa2f1590f","09:00","Civil","agendado","6a0d84a5dba9aaf97f0e180e","2026-05-20T09:53:41.226000","2026-05-20T09:53:41.226000","69e8b3dcffadf846c595fa0c","danielreis0211@gmail.com","false"
"2026-05-20","Ana Paula Moreira Rodrigues","","false","11:00","6a04bf891172d29085e72723","12:00","Civil","agendado","6a0d700ccbace11a9aeeaab7","2026-05-20T08:25:48.278000","2026-05-20T08:25:48.278000","6a04bf283d7914722c5697df","anaromoreira@gmail.com","false"
"2026-05-21","Thayane Cristina Tavares da Silva","","false","18:00","69efa4149a982f6976102820","19:00","Civil","agendado","6a0d693379d19e01e79cf504","2026-05-20T07:56:35.651000","2026-05-20T07:56:35.651000","69e8b3ac72ff58fcfafa20b1","cristinathco@gmail.com","false"
"2026-05-20","Felipe Junqueira Mariano","","false","12:00","69cab4fa2f92da87a7de44b0","13:00","Civil","agendado","6a0cde3c981cd183557feffd","2026-05-19T22:03:40.681000","2026-05-19T22:03:40.681000","6a045784a0d5f992481b9d74","felipejmarianor@gmail.com","false"
"2026-05-20","Caio César Silva Oliveira","","false","17:00","69cab5528917bc7d06ec9f36","18:00","Civil","agendado","6a0cd9a989d4db85b2426e98","2026-05-19T21:44:09.325000","2026-05-19T21:44:09.325000","69e8b3c510a6ab1ad3da4cd2","caiooliveira92@gmail.com","false"
"2026-05-21","Léa Rosane Barcelos","","false","11:00","69cab555f127d1812d9c958f","12:00","Civil","agendado","6a0cd90287c1de8ef912a562","2026-05-19T21:41:22.419000","2026-05-19T21:41:22.419000","69eb7145a368132a1e810354","learosane@gmail.com","false"
"2026-05-20","Léa Rosane Barcelos","","false","11:00","69cab555f127d1812d9c958f","12:00","Civil","agendado","6a0cd8ebcbf54e39e9b0aabd","2026-05-19T21:40:59.396000","2026-05-19T21:40:59.396000","69eb7145a368132a1e810354","learosane@gmail.com","false"
"2026-05-20","Camila Amâncio Araújo Valadares","","false","12:00","69cab528ab7b73583ccff6f6","13:00","Civil","agendado","6a0cce49729a23907f6900fa","2026-05-19T20:55:37.350000","2026-05-19T20:55:37.350000","69e8b3cd699596113662a7d8","camilaavaladares@gmail.com","false"
"2026-05-21","Maria Águeda Silva","","false","12:00","6a0cb5ca9c2781a0ddd0e9d3","13:00","Civil","agendado","6a0ccd057c5954df217ba220","2026-05-19T20:50:13.495000","2026-05-19T20:50:13.495000","6a0caf60ce38c927e233214b","mariaaguedas@gmail.com","false"
"2026-05-20","Ana Clara Barbacena Camelo","","false","19:00","69cab496d430c0cf1dbd7e72","20:00","Civil","agendado","6a0cca2ac038c1b0d7ed460b","2026-05-19T20:38:02.733000","2026-05-19T20:38:02.733000","69f0e732a32f7ffb33e50f1b","anaclarabarbacena@gmail.com","false"
"2026-05-20","Marcia da Silva Coutinho","","false","13:00","69cab53186a8212571cbebfa","14:00","Civil","agendado","6a0cc6e463ca14c14117bb05","2026-05-19T20:24:04.066000","2026-05-19T20:24:04.066000","69f1eb6d936f80ebdd9a578e","marcinhacoutinho.foto@gmail.com","false"
"2026-05-20","Marcos Aurélio Araújo da Silva Barros ","","false","16:00","6a05ca7c3ec8d849572a717b","17:00","Civil","agendado","6a0cbec9151a0db6ff071f02","2026-05-19T19:49:29.988000","2026-05-19T19:49:29.988000","6a05c9220348c55fa04c5d95","marcosaraujobarros1508@gmail.com","false"
"2026-05-20","Gabriele Batista","","false","17:00","69cab4e300553dca6de39a7f","18:00","Civil","agendado","6a0cbd06e06ae807d6d4471c","2026-05-19T19:41:58.832000","2026-05-19T19:41:58.832000","69f8d5031b4731838f3aa4db","gabrielecastro01@gmail.com","false"
"2026-05-20","Ana Kássia Souza Frota","","false","12:00","69cab4c7e7844c08c870606b","13:00","Civil","faltou","6a0cbc8a9dd8e38dfca5c517","2026-05-19T19:39:54.080000","2026-05-20T16:03:48.317000","6a0712136f0f2ba1f5e4f435","kassiafrotasf@gmail.com","false"
"2026-05-20","Isabela Arantes Mota","","false","11:00","69cab4e1f0a4c74ea03ff22a","12:00","Civil","agendado","6a0cba95b08e69ec04b186a0","2026-05-19T19:31:33.830000","2026-05-19T19:31:33.830000","6a0caf5b87efa41f555a0b3c","arantesmotaisabela@gmail.com","false"
"2026-05-20","Isidoro Tavares Rosa","","false","12:00","69cab4a035089c731a4647af","13:00","Civil","agendado","6a0cb82efaf2a650111173d0","2026-05-19T19:21:18.933000","2026-05-19T19:21:18.933000","69e8b3e556cb0efc368cf481","isidorotrti@gmail.com","false"
"2026-05-20","Thaís Teixeira Santos","","false","12:00","69cab5274f3dd1b5956201e6","13:00","Civil","agendado","6a0cb5b96831389c9017821b","2026-05-19T19:10:49.696000","2026-05-19T19:10:49.696000","6a0caf640170db9a69a7bebd","thais.sejuv@gmail.com","false"
"2026-05-21","Lia Rodrigues de Oliveira","","false","13:00","69cab4a03ab6550526927a0e","14:00","Civil","agendado","6a0cb4bde5192451252bcc83","2026-05-19T19:06:37.708000","2026-05-19T19:06:37.708000","69eb7138fbc3eca467b8986b","liarodriguesoliveira30@gmail.com","false"
"2026-05-19","Lariza Cori Thomaz Nogueira","","false","16:00","69f1fc1f966c41d8f2d01ced","17:00","Civil","agendado","6a0cb04106ca2d90c766bad3","2026-05-19T18:47:29.072000","2026-05-19T18:47:29.072000","69f3a2c6bc8b6cab6e884a64","lilariza.cori@gmail.com","false"
"2026-05-20","Laura Fernandes Mendes","","false","11:00","69cab5540b51026b52fe7cb7","12:00","Civil","agendado","6a0cac2f0402733bdec6d2f4","2026-05-19T18:30:07.383000","2026-05-19T18:30:07.383000","69f8d50105e660849e08c5f6","mendes.ferlaura@gmail.com","false"
"2026-05-20","Luana Cristina Vieira dos Santos ","","false","11:00","69f3405ca624697043cf5b08","12:00","Civil","agendado","6a0ca96dd114aab15a73b274","2026-05-19T18:18:21.690000","2026-05-19T18:18:21.690000","69f24dcef9aa003a39e36414","luana2015gyn@gmail.com","false"
"2026-05-19","Brenuo Victor Rodrigues Barbosa","","false","16:00","69cab5409b141921d6a9baca","17:00","Civil","agendado","6a0ca36ffed54ccd61aca619","2026-05-19T17:52:47.629000","2026-05-19T17:52:47.629000","6a022e0e6d475b0b2334af8e","brenuovrb@gmail.com","false"
"2026-05-20","Rodolfo Marcel Ghannam","","false","08:00","6a0465b9d9ab1a7712410472","09:00","Civil","faltou","6a0c9b3565bad6b5d6d933da","2026-05-19T17:17:41.980000","2026-05-20T12:03:48.380000","6a03223d162491b1998bac2c","rodolfoghannam58@gmail.com","false"
"2026-05-20","Thayane Cristina Tavares da Silva","","false","18:00","69efa4149a982f6976102820","19:00","Civil","agendado","6a0c995596b334c1da22b80c","2026-05-19T17:09:41.491000","2026-05-19T17:09:41.491000","69e8b3ac72ff58fcfafa20b1","cristinathco@gmail.com","false"
"2026-05-19","Thayane Cristina Tavares da Silva","","false","18:00","69efa4149a982f6976102820","19:00","Civil","agendado","6a0c99495e1690a394ed84f3","2026-05-19T17:09:29.737000","2026-05-19T17:09:29.737000","69e8b3ac72ff58fcfafa20b1","cristinathco@gmail.com","false"
"2026-05-19","Tatiane Ferreira e Silva Medeiros","","false","17:00","69cab4ae71c685e9f60324a3","18:00","Civil","agendado","6a0c991626814d1d9755f9b2","2026-05-19T17:08:38.920000","2026-05-19T17:08:38.920000","69f0a7979080024735454f5b","tatianefsm2000@gmail.com","false"
"2026-05-19","Keiliana Cézar ","","false","17:00","6a020eac43fd47bf2e8eb231","18:00","Civil","agendado","6a0c9459706a4030c7f1f2e6","2026-05-19T16:48:25.060000","2026-05-19T16:48:25.060000","69f8d4ffb937cd00dda8b1d3","kellycesar517@gmail.com","false"
"2026-05-20","Laura Lula Ramos","","false","11:00","69cab4845646d7497cb9aa56","12:00","Civil","agendado","6a0c8fc86aaf76dd96247af1","2026-05-19T16:28:56.073000","2026-05-19T16:28:56.073000","69e8b3b1c23f02f059fbe05f","lauralular@gmail.com","false"
"2026-05-19","Sophia Lannah Beatriz Ferreira de Sousa","","false","13:00","69cab498f494b0e0a3a2252c","14:00","Civil","agendado","6a0c8712845b0b8f6c9ff5ca","2026-05-19T15:51:46.789000","2026-05-19T15:51:46.789000","69e8b3e3ed8dfc592768740f","sophialannah123@gmail.com","false"
"2026-05-19","Giovanna Alves Guardiere ","","false","17:00","69fc846f76670092689fba5b","18:00","Civil","agendado","6a0c7fab78042f71c2d41191","2026-05-19T15:20:11.341000","2026-05-19T15:20:11.341000","69f3a2bdd479a05ce50eb8df","giovannaalves978@gmail.com","false"
"2026-05-21","Helder Raimundo de Moraes","","false","12:00","69cab4fa68d464d95240f98b","13:00","Civil","agendado","6a0c7b69ea43ebeeb33bdf80","2026-05-19T15:02:01.574000","2026-05-19T15:02:01.574000","69f0b98c8ab0e5fe3945ffd5","hmoraes74@gmail.com","false"
"2026-05-19","Rodolfo Marcel Ghannam","","false","13:00","6a0465b9d9ab1a7712410472","14:00","Civil","agendado","6a0c7a95e787da5e61681c06","2026-05-19T14:58:29.244000","2026-05-19T14:58:29.244000","6a03223d162491b1998bac2c","rodolfoghannam58@gmail.com","false"
"2026-05-20","Lucas Façanha de Oliveira Carvalho","","false","17:00","69cab53f95aecd6313a1094a","18:00","Civil","agendado","6a0c78c5fbcfe5d36975d402","2026-05-19T14:50:45.773000","2026-05-19T14:50:45.773000","69e8b3d9db2701e07f3d9515","lucasoliveira.ifam@gmail.com","false"
"2026-05-19","Lucas Façanha de Oliveira Carvalho","","false","12:00","69cab53f95aecd6313a1094a","13:00","Civil","agendado","6a0c78bbdf3428150cb7d9b1","2026-05-19T14:50:35.293000","2026-05-19T14:50:35.293000","69e8b3d9db2701e07f3d9515","lucasoliveira.ifam@gmail.com","false"
"2026-05-20","Gilvan José Meireles","","false","13:00","69cab51df127d1812d9c9585","14:00","Civil","agendado","6a0c784c5194779d7ec51ced","2026-05-19T14:48:44.387000","2026-05-19T14:48:44.387000","69eb7152f8692d6e4f8926c5","gil-van-jose@hotmail.com","false"
"2026-05-20","jhonatas dos santos lima","","false","12:00","69f35624d42a7a848cf80522","13:00","Civil","agendado","6a0c769806e4a1a075b77704","2026-05-19T14:41:28.714000","2026-05-19T14:41:28.714000","69eb712a2f920804f5d6e002","jhonatasvideira@gmail.com","false"
"2026-05-19","Ana Carolina Costa Lopes","","false","12:00","6a05cad8fdd8033d12dca29c","13:00","Civil","agendado","6a0c767be32fc1cbf4d8e4f8","2026-05-19T14:40:59.173000","2026-05-19T14:40:59.173000","69f0e73466476bce7c30c689","acclopes.direito@gmail.com","false"
"2026-05-19","Ismael José dos Santos Filho","","false","12:00","69cab50d46c2a710ba93c1d4","13:00","Civil","agendado","6a0c758d8b1ffbd7eba27bf4","2026-05-19T14:37:01.829000","2026-05-19T14:37:01.829000","69eb714b124295d4decc3504","ismaelfilho.adv@gmail.com","false"
"2026-05-19","Marcio Junio Rodrigues de Freitas","","false","17:00","69cab4fdb65777e18fa16281","18:00","Civil","agendado","6a0c7189e08b6ccd8f502f27","2026-05-19T14:19:53.274000","2026-05-19T14:19:53.274000","69e8b3cb227404cd41911786","marciosoriso@gmail.com","false"
"2026-05-19","Thayller Adriell Souza Garcia","","false","12:00","69cab4ee69e0c3af82747389","13:00","Civil","agendado","6a0c6cae73d67f191bd23f11","2026-05-19T13:59:10.259000","2026-05-19T13:59:10.259000","69fa2777a6a8382ee6b53a67","thayller.garcia@goias.gov.br","false"
"2026-05-19","Ana Kássia Souza Frota","","false","12:00","69cab4c7e7844c08c870606b","13:00","Civil","agendado","6a0c696a25a344678f5362cc","2026-05-19T13:45:14.374000","2026-05-19T13:45:14.374000","6a0712136f0f2ba1f5e4f435","kassiafrotasf@gmail.com","false"
"2026-05-19","Débora Maia Escher dos Santos","","false","11:00","69fc8102efce393880145d94","12:00","Civil","agendado","6a0c68eaf6d92e1185b44351","2026-05-19T13:43:06.153000","2026-05-19T13:43:06.153000","69fb76a1a9859e54ff79cc1b","deboraescher19@gmail.com","false"
"2026-05-19","Daniel Vitor Naves Vieira","","false","16:00","69cab4b792bdf3f0285bbd65","17:00","Civil","agendado","6a0c607f9c708f2db15a7d22","2026-05-19T13:07:11.875000","2026-05-19T13:07:11.875000","6a0c51d9414a3f25e668970e","dvitor68@gmail.com","false"
"2026-05-20","Daniel Carlos dos Reis","","false","08:00","69efb877f2a849baa2f1590f","09:00","Civil","agendado","6a0c5b7d6f924e30b882a4e0","2026-05-19T12:45:49.683000","2026-05-19T12:45:49.683000","69e8b3dcffadf846c595fa0c","danielreis0211@gmail.com","false"
"2026-05-20","Mariana Albino da Silva","","false","07:00","69cab485b105230925053def","08:00","Civil","agendado","6a0c5aabcc07f60386ddad8f","2026-05-19T12:42:19.824000","2026-05-19T12:42:19.824000","69f1eb6197b49acac81ad46a","mariana.albinosilva85@gmail.com","false"
"2026-05-19","Paulo Henrique Nunes da Silva Araújo","","false","12:00","69cab4a2f74af4c7f98e624b","13:00","Civil","agendado","6a0c576a2393a3c53dc88b14","2026-05-19T12:28:26.138000","2026-05-19T12:28:26.138000","69e8b3a96c5e364f790390bf","paulonv70@gmail.com","false"
"2026-05-19","Joao Vitor Pedroza","","false","12:00","69cab4b25f739b9e014b59df","13:00","Civil","agendado","6a0c541ea1303cf4ba56e88d","2026-05-19T12:14:22.658000","2026-05-19T12:14:22.658000","69e8b3d41688ab2449b6171f","joaovitorpedroza@gmail.com","false"
"2026-05-20","Gilson Pereira da Silva","","false","17:00","69cab4bbce9564de9486ce35","18:00","Civil","agendado","6a0c4add60aba36df27b37e6","2026-05-19T11:34:53.870000","2026-05-19T11:34:53.870000","69eb713d0daf529bb432fcf3","gilson.pereira21@gmail.com","false"
"2026-05-20","Antônio Gabriel Marcimiano de Moraes","","false","17:00","69cab5533f4cbe4cc715f000","18:00","Civil","agendado","6a0c443aff4bde9ca25ac7ed","2026-05-19T11:06:34.962000","2026-05-19T11:06:34.962000","69e8bd46281c43278d0d48e9","gabrielgynh@gmail.com","false"
"2026-05-21","Morian Scussel Malburg","","false","08:00","69cab53deddee6987dc1c800","09:00","Civil","agendado","6a0c4316d3bc576d170ec30d","2026-05-19T11:01:42.631000","2026-05-19T11:01:42.631000","69e8b3dfc275cae65aee1aa2","morianmalburg@gmail.com","false"
"2026-05-20","Julio Cesar de Morais Souza","","false","11:00","69cab4faeab3702f5a63795e","12:00","Civil","agendado","6a0c424a06f28919aa7d2cf1","2026-05-19T10:58:18.802000","2026-05-19T10:58:18.802000","69f8d5097166a59dfa38211f","juliocesar12059734@gmail.com","false"
"2026-05-19","Julio Cesar de Morais Souza","","false","11:00","69cab4faeab3702f5a63795e","12:00","Civil","agendado","6a0c4235ac798a8e3c20038b","2026-05-19T10:57:57.115000","2026-05-19T10:57:57.115000","69f8d5097166a59dfa38211f","juliocesar12059734@gmail.com","false"
"2026-05-19","Raimunda Soronha de Oliveira dos Reis","","false","12:00","69cab4acf9e6540401a079f2","13:00","Civil","agendado","6a0c41ff9b12090da7ede120","2026-05-19T10:57:03.865000","2026-05-19T10:57:03.865000","69f0ed6a8aee7b0f624a8555","soronha.reis@gmail.com","false"
"2026-05-19","Paloma Leal Frazão","","false","12:00","6a05cb2bf126cffdabe7fbfa","13:00","Civil","agendado","6a0c41dbbec99240955ff5d9","2026-05-19T10:56:27.408000","2026-05-19T10:56:27.408000","69eb7148469c445c29813e58","palomalfrazao@gmail.com","false"
"2026-05-20","José Porto França Neto","","false","12:00","69cab51cf59bbda43a5c5d57","13:00","Civil","agendado","6a0c40f93e2f20665481ed96","2026-05-19T10:52:41.118000","2026-05-19T10:52:41.118000","69eb712c92a6132bbc608daf","portobritto@gmail.com","false"
"2026-05-19","José Porto França Neto","","false","12:00","69cab51cf59bbda43a5c5d57","13:00","Civil","agendado","6a0c40f054fc3853e45f5d05","2026-05-19T10:52:32.967000","2026-05-19T10:52:32.967000","69eb712c92a6132bbc608daf","portobritto@gmail.com","false"
"2026-05-20","Iracy Maria Marinho","","false","15:00","69cab4b09d4550a5367fa605","16:00","Civil","agendado","6a0c3f34813d6ba1d4030508","2026-05-19T10:45:08.376000","2026-05-19T10:45:08.376000","6a020e37b60fef97178bbd4d","iracym605@gmail.com","false"
"2026-05-19","Iracy Maria Marinho","","false","15:00","69cab4b09d4550a5367fa605","16:00","Civil","agendado","6a0c3f094c81f37990a32712","2026-05-19T10:44:25.913000","2026-05-19T10:44:25.913000","6a020e37b60fef97178bbd4d","iracym605@gmail.com","false"
"2026-05-20","Ricardo Vilaverde de Oliveira","","false","08:00","6a0464d871ebbe3b34972e28","09:00","Civil","agendado","6a0c3aa1f8b8cb53bf07a7c3","2026-05-19T10:25:37.503000","2026-05-20T14:10:09.398000","69fe288d4ba4831c857c8bd5","rvilaverde@gmail.com","false"
"2026-05-19","Marianna Silva Marques Freires","","false","11:00","69f0a807ce941e8dde14169d","12:00","Civil","agendado","6a0c33dd02736ef48b902b69","2026-05-19T09:56:45.986000","2026-05-19T09:56:45.986000","69e8b3ef4907986aa65fbfca","marianna.freires11@gmail.com","false"
"2026-05-19","Carlos Antônio Madalena","","false","07:00","69f1fbd2b1d8f827f1014b85","08:00","Civil","agendado","6a0c32ae87d079acaf9dd0e4","2026-05-19T09:51:42.787000","2026-05-19T09:51:42.787000","69f1eb66214b21fd581ce36b","advgcarlosmadalena@gmail.com","false"
"2026-05-19","Ana Paula Moreira Rodrigues","","false","17:00","6a04bf891172d29085e72723","18:00","Civil","agendado","6a0c1d183e65940c1c695389","2026-05-19T08:19:36.741000","2026-05-19T08:19:36.741000","6a04bf283d7914722c5697df","anaromoreira@gmail.com","false"
"2026-05-19","Marcia da Silva Coutinho","","false","13:00","69cab53186a8212571cbebfa","14:00","Civil","agendado","6a0ba3344928270f5fac6938","2026-05-18T23:39:32.669000","2026-05-18T23:39:32.669000","69f1eb6d936f80ebdd9a578e","marcinhacoutinho.foto@gmail.com","false"
"2026-05-19","Thays Rocha Leite","","false","11:00","69cab4bbaaffc414bef709af","12:00","Civil","agendado","6a0b9d7228fd89cff8b184ef","2026-05-18T23:14:58.863000","2026-05-18T23:14:58.863000","69f88c68187fcd638dc76bbc","tha_rleite@hotmail.com","false"
"2026-05-19","Mel Cardoso Souza","","false","11:00","69cab4844ae3b7f6a68fd705","12:00","Civil","agendado","6a0b99d84092b5386bab8b4c","2026-05-18T22:59:36.662000","2026-05-18T22:59:36.662000","69e8b3e718a06dc553782bd2","mel2005cardoso@gmail.com","false"
"2026-05-19","jhonatas dos santos lima","","false","12:00","69f35624d42a7a848cf80522","13:00","Civil","agendado","6a0b8365b015b6988e301665","2026-05-18T21:23:49.165000","2026-05-18T21:23:49.165000","69eb712a2f920804f5d6e002","jhonatasvideira@gmail.com","false"
"2026-05-18","Diêssa Pontes Cruz","","false","18:00","69cab547bd2926025f139df4","19:00","Civil","agendado","6a0b7666adfd4a40ebf11138","2026-05-18T20:28:22.885000","2026-05-18T20:28:22.885000","69e8b41d874d2bd5ad2a947f","diessacruz@gmail.com","false"
"2026-05-19","Lázara Tatiana Pereira de Lima","","false","07:00","69cab5409b141921d6a9bac9","08:00","Civil","agendado","6a0b68ed67cb0e0727d5a694","2026-05-18T19:30:53.513000","2026-05-18T19:30:53.513000","69e8b3d7f0a0a48eb1af80d9","sesmt.publico@gmail.com","false"
"2026-05-19","Guilherme Henrique Silva Costa","","false","13:00","69cab4a6d780b67cefdd205b","14:00","Civil","agendado","6a0b64890f2e3378b0e80e1b","2026-05-18T19:12:09.243000","2026-05-18T19:12:09.243000","69f35391594eba71f28fb6ad","guilhermeembuscadoepeg@gmail.com","false"
"2026-05-19","Luana Cristina Vieira dos Santos ","","false","11:00","69f3405ca624697043cf5b08","12:00","Civil","agendado","6a0b63c329ef79a19ebdbb9f","2026-05-18T19:08:51.367000","2026-05-18T19:08:51.367000","69f24dcef9aa003a39e36414","luana2015gyn@gmail.com","false"
"2026-05-19","Lia Rodrigues de Oliveira","","false","13:00","69cab4a03ab6550526927a0e","14:00","Civil","agendado","6a0b5ffacd335415f35e00b6","2026-05-18T18:52:42.623000","2026-05-18T18:52:42.623000","69eb7138fbc3eca467b8986b","liarodriguesoliveira30@gmail.com","false"
"2026-05-20","AMBROSIANE DE SOUSA LEITE","","false","11:00","6a04588acee8394872f618be","12:00","Civil","agendado","6a0b5ca3ef52761d82e70f67","2026-05-18T18:38:27.057000","2026-05-18T18:38:27.057000","69fe287cc22d6cfcf39669d0","ambrosiane.adv@gmail.com","false"
"2026-05-19","Mariana Albino da Silva","","false","07:00","69cab485b105230925053def","08:00","Civil","agendado","6a0b57984727046f98f1b35d","2026-05-18T18:16:56.297000","2026-05-18T18:16:56.297000","69f1eb6197b49acac81ad46a","mariana.albinosilva85@gmail.com","false"
"2026-05-19","Indiara Porfírio Ribeiro","","false","16:00","69cab48c17c5690cf3d30c6d","17:00","Civil","agendado","6a0b54b2f4a187894b7ddd27","2026-05-18T18:04:34.422000","2026-05-18T18:04:34.422000","69e8b3bf55bcfeb78675459e","indiarajujuba@gmail.com","false"
"2026-05-19","Jorge Luiz de Oliveira Matias","","false","16:00","69cab4e2c35c29533c905645","17:00","Civil","agendado","6a0b4b1ae2599d487502ad73","2026-05-18T17:23:38.585000","2026-05-18T17:23:38.585000","69f8e2fa7ba4c6c8eb1b7227","jorge.matias@discente.ufg.br","false"
"2026-05-18","Tatiane Ferreira e Silva Medeiros","","false","17:00","69cab4ae71c685e9f60324a3","18:00","Civil","agendado","6a0b46bcfb5080e9f15a977a","2026-05-18T17:05:00.204000","2026-05-18T17:05:00.204000","69f0a7979080024735454f5b","tatianefsm2000@gmail.com","false"
"2026-05-19","Daniel Carlos dos Reis","","false","08:00","69efb877f2a849baa2f1590f","09:00","Civil","agendado","6a0b4608df32ac3a55bfff2f","2026-05-18T17:02:00.550000","2026-05-18T17:02:00.550000","69e8b3dcffadf846c595fa0c","danielreis0211@gmail.com","false"
"2026-05-18","Lucas Façanha de Oliveira Carvalho","","false","17:00","69cab53f95aecd6313a1094a","18:00","Civil","agendado","6a0b43f56762770d9bdfc76c","2026-05-18T16:53:09.804000","2026-05-18T16:53:09.804000","69e8b3d9db2701e07f3d9515","lucasoliveira.ifam@gmail.com","false"
"2026-05-20","Delma Maria Guimaraes","","false","11:00","69cab4bb4badc9d3592723d2","12:00","Civil","agendado","6a0b41dc7f964df3f4eb6f1c","2026-05-18T16:44:12.920000","2026-05-18T16:44:12.920000","69f0e717c3c33b89a2f9e02a","delmagui333@gmail.com","false"
"2026-05-19","Delma Maria Guimaraes","","false","11:00","69cab4bb4badc9d3592723d2","12:00","Civil","agendado","6a0b41cbac7cf77068b59b30","2026-05-18T16:43:55.710000","2026-05-18T16:43:55.710000","69f0e717c3c33b89a2f9e02a","delmagui333@gmail.com","false"
"2026-05-19","Johnathan Pereira de Sousa","","false","13:00","69f88df9ff9cd30a3a32d365","14:00","Civil","agendado","6a0b3a6e7977ddc39c1ab802","2026-05-18T16:12:30.830000","2026-05-18T16:12:30.830000","69f1eb63dbe15fae1934137c","johnathan515@gmail.com","false"
"2026-05-18","Johnathan Pereira de Sousa","","false","17:00","69f88df9ff9cd30a3a32d365","18:00","Civil","agendado","6a0b3a57602df14fd4daf747","2026-05-18T16:12:07.914000","2026-05-18T16:50:52.357000","69f1eb63dbe15fae1934137c","johnathan515@gmail.com","false"
"2026-05-19","Gabriele Batista","","false","17:00","69cab4e300553dca6de39a7f","18:00","Civil","agendado","6a0b3811b670ed61543b4467","2026-05-18T16:02:25.990000","2026-05-18T16:02:25.990000","69f8d5031b4731838f3aa4db","gabrielecastro01@gmail.com","false"
"2026-05-18","Gabriele Batista","","false","17:00","69cab4e300553dca6de39a7f","18:00","Civil","faltou","6a0b38091d7230069e1eb7a2","2026-05-18T16:02:17.040000","2026-05-18T20:50:28.425000","69f8d5031b4731838f3aa4db","gabrielecastro01@gmail.com","false"
"2026-05-19","Guilherme Lima de Sena","","false","18:00","69cab51d8bf415ccbaf6955b","19:00","Civil","agendado","6a0b37a08a1b37227ea64572","2026-05-18T16:00:32.944000","2026-05-19T21:34:37.241000","69f8d5070e6979860429cfd6","guisenna73@gmail.com","false"
"2026-05-18","Guilherme Lima de Sena","","false","18:00","69cab51d8bf415ccbaf6955b","19:00","Civil","agendado","6a0b379733b1a62d91231958","2026-05-18T16:00:23.951000","2026-05-18T16:00:23.951000","69f8d5070e6979860429cfd6","guisenna73@gmail.com","false"
"2026-05-18","Ana Carolina Costa Lopes","","false","13:00","6a05cad8fdd8033d12dca29c","14:00","Civil","agendado","6a0b3012cac9bfe9e01f3e04","2026-05-18T15:28:18.084000","2026-05-18T15:28:18.084000","69f0e73466476bce7c30c689","acclopes.direito@gmail.com","false"
"2026-05-18","jhonatas dos santos lima","","false","12:00","69f35624d42a7a848cf80522","13:00","Civil","agendado","6a0b27b98cd86d9657fd0fb6","2026-05-18T14:52:41.600000","2026-05-18T14:52:41.600000","69eb712a2f920804f5d6e002","jhonatasvideira@gmail.com","false"
"2026-05-18","Ismael José dos Santos Filho","","false","12:00","69cab50d46c2a710ba93c1d4","13:00","Civil","agendado","6a0b2518bb98309ff1532b68","2026-05-18T14:41:28.437000","2026-05-18T14:41:28.437000","69eb714b124295d4decc3504","ismaelfilho.adv@gmail.com","false"
"2026-05-20","Ana Carolina Silva de Araujo Peixoto","","false","07:00","69cab50fec6532662ba58f05","08:00","Civil","agendado","6a0b2269ed31c0bf84dbf2ba","2026-05-18T14:30:01.711000","2026-05-18T14:30:01.711000","69e8b3abbdd54859f2b7eadf","ana.anacarol1403@gmail.com","false"
"2026-05-18","Brenuo Victor Rodrigues Barbosa","","false","13:00","69cab5409b141921d6a9baca","14:00","Civil","agendado","6a0b202f925f3f33910d1569","2026-05-18T14:20:31.798000","2026-05-18T14:20:31.798000","6a022e0e6d475b0b2334af8e","brenuovrb@gmail.com","false"
"2026-05-18","Lucas Gabriel Souza Ribeiro","","false","12:00","69cab532ba0b7b3f017ab3af","13:00","Civil","agendado","6a0b1edb69b6262c72f5460a","2026-05-18T14:14:51.090000","2026-05-18T14:14:51.090000","69e8b3da0727cf73320d3bc0","lucasgabrielsouzaribeiro@gmail.com","false"
"2026-05-18","Raynna Pereira Neves Barros","","false","12:00","69cab483bcb9efeb569c67e1","13:00","Civil","agendado","6a0b1e7af327804334f1fc95","2026-05-18T14:13:14.191000","2026-05-18T14:13:14.191000","69f0aa040009751ec470fa8b","nevesraynna@gmail.com","false"
"2026-05-19","Sandy Gonçalves Santana","","false","18:00","69cab4b251341c5e34b04b2e","19:00","Civil","agendado","6a0b1d82b6c5bab9218be20a","2026-05-18T14:09:06.225000","2026-05-18T14:09:06.225000","69eb712609a3ab9ccffc1d90","sanderas.sgs@gmail.com","false"
"2026-05-18","Gilson Pereira da Silva","","false","17:00","69cab4bbce9564de9486ce35","18:00","Civil","agendado","6a0b1d26b9a19567b5926ba8","2026-05-18T14:07:34.303000","2026-05-18T14:07:34.303000","69eb713d0daf529bb432fcf3","gilson.pereira21@gmail.com","false"
"2026-05-19","Karla Correia Mendes","","false","16:00","69cab4850c384307831324d8","17:00","Civil","agendado","6a0b1cbb76b1781a4224e7f9","2026-05-18T14:05:47.940000","2026-05-18T14:05:47.940000","69f0ab75971b3976ef33a57d","karlamendes1406@gmail.com","false"
"2026-05-19","Laura Lula Ramos","","false","11:00","69cab4845646d7497cb9aa56","12:00","Civil","agendado","6a0b197d59ae6782bee11b49","2026-05-18T13:51:57.434000","2026-05-18T13:51:57.434000","69e8b3b1c23f02f059fbe05f","lauralular@gmail.com","false"
"2026-05-18","Lívia Maria Batista da Silva","","false","11:00","69cab4ed0b51026b52fe7c88","12:00","Civil","agendado","6a0b16c241c291ccb324c2fb","2026-05-18T13:40:18.043000","2026-05-18T13:40:18.043000","69e8b3d0276e0faaaaece9f8","liviasa.cultura@gmail.com","false"
"2026-05-18","Giovanna Alves Guardiere ","","false","17:00","69fc846f76670092689fba5b","18:00","Civil","agendado","6a0b16353820a00837df3b51","2026-05-18T13:37:57.018000","2026-05-18T13:37:57.018000","69f3a2bdd479a05ce50eb8df","giovannaalves978@gmail.com","false"
"2026-05-19","Vanessa Pereira de Carvalho","","false","13:00","69cab510bf777218eaaa8d8f","14:00","Civil","faltou","6a0b130b3ab172ad9562a987","2026-05-18T13:24:27.885000","2026-05-19T16:58:50.133000","69f3a2c36e4365ec9df1c914","vanessapereiraluz@gmail.com","false"
"2026-05-19","Uerica Agapito Pereira","","false","12:00","69cab53f1d112c5a2797d789","13:00","Civil","agendado","6a0b12363638179f6c3d9a01","2026-05-18T13:20:54.341000","2026-05-18T13:20:54.341000","69f09fd3ef3fe8e89a0d5919","uericaagapito.adv@gmail.com","false"
"2026-05-18","Uerica Agapito Pereira","","false","12:00","69cab53f1d112c5a2797d789","13:00","Civil","agendado","6a0b122894d70e14d84fd17c","2026-05-18T13:20:40.803000","2026-05-18T13:20:40.803000","69f09fd3ef3fe8e89a0d5919","uericaagapito.adv@gmail.com","false"
"2026-05-19","Carolina Assis Silva","","false","12:00","69cab528f140868323584a5f","13:00","Civil","agendado","6a0b122713160a06bd89d03c","2026-05-18T13:20:39.528000","2026-05-18T13:20:39.528000","6a047b2155dbffe1bf6746cf","carolasullivan5@gmail.com","false"
"2026-05-19","Gilvan José Meireles","","false","13:00","69cab51df127d1812d9c9585","14:00","Civil","agendado","6a0b10b38e9d81a086fa3784","2026-05-18T13:14:27.814000","2026-05-18T13:14:27.814000","69eb7152f8692d6e4f8926c5","gil-van-jose@hotmail.com","false"
"2026-05-18","Gilvan José Meireles","","false","13:00","69cab51df127d1812d9c9585","14:00","Civil","agendado","6a0b10a542aaa64bd32d275c","2026-05-18T13:14:13.967000","2026-05-18T13:14:13.967000","69eb7152f8692d6e4f8926c5","gil-van-jose@hotmail.com","false"
"2026-05-19","AMBROSIANE DE SOUSA LEITE","","false","12:00","6a04588acee8394872f618be","13:00","Civil","agendado","6a0b1031b395e70ba139e43d","2026-05-18T13:12:17.537000","2026-05-18T13:12:17.537000","69fe287cc22d6cfcf39669d0","ambrosiane.adv@gmail.com","false"
"2026-05-18","Ana Kássia Souza Frota","","false","12:00","69cab4c7e7844c08c870606b","13:00","Civil","agendado","6a0b0a6f423ace9269c90709","2026-05-18T12:47:43.531000","2026-05-18T12:47:43.531000","6a0712136f0f2ba1f5e4f435","kassiafrotasf@gmail.com","false"
"2026-05-18","Priscila Lima Pires","","false","12:00","69cab4c764b86721de5c3a93","13:00","Civil","agendado","6a0b0a52d8ba58259254972c","2026-05-18T12:47:14.858000","2026-05-18T12:47:14.858000","69e8b40d5dd93ff3b5be838b","priscilapires.art@gmail.com","false"
"2026-05-19","Henrique Hideaki Matsutani","","false","17:00","69cab518038f3fca852b8f1b","18:00","Civil","faltou","6a0b064c2f505d8afa661b6b","2026-05-18T12:30:04.510000","2026-05-19T20:47:45.324000","69eb71284e1e0f50e35a8fd2","hideakimatsutani@gmail.com","false"
"2026-05-19","Luciana Nunes do Amaral","","false","07:00","69f245f987f588dbdbc22567","08:00","Civil","agendado","6a0b05c24c6a44d66fa97cb5","2026-05-18T12:27:46.851000","2026-05-18T12:27:46.851000","69f200bb913a105fdf750586","lna.advogada@gmail.com","false"
"2026-05-18","Ana Paula Moreira Rodrigues","","false","13:00","6a04bf891172d29085e72723","14:00","Civil","agendado","6a0b02e98b83ff4a4f768129","2026-05-18T12:15:37.762000","2026-05-18T12:15:37.762000","6a04bf283d7914722c5697df","anaromoreira@gmail.com","false"
"2026-05-18","CÉLIA MARIA DA SILVA VALADÃO","","false","16:00","6a0afdd882e5220f83455fbb","17:00","Civil","agendado","6a0affe325d69f8b30acf96f","2026-05-18T12:02:43.606000","2026-05-18T12:02:43.606000","6a03223f9f250d7b5f325919","celia.valadao@goias.gov.br","false"
"2026-05-18","Isidoro Tavares Rosa","","false","12:00","69cab4a035089c731a4647af","13:00","Civil","agendado","6a0aff15755df0f00945ff8f","2026-05-18T11:59:17.162000","2026-05-18T11:59:17.162000","69e8b3e556cb0efc368cf481","isidorotrti@gmail.com","false"
"2026-05-18","Karla Correia Mendes","","false","16:00","69cab4850c384307831324d8","17:00","Civil","agendado","6a0afe9a6880b549ec86e506","2026-05-18T11:57:14.225000","2026-05-18T11:57:14.225000","69f0ab75971b3976ef33a57d","karlamendes1406@gmail.com","false"
"2026-05-18","Lívia Borges de Sousa","","false","13:00","69cab53df488136327286414","14:00","Civil","agendado","6a0afd0230a265573f6a59aa","2026-05-18T11:50:26.120000","2026-05-18T11:50:26.120000","6a035c5eff55688ed4fcb8b0","livia.borges.333@gmail.com","false"
"2026-05-19","Thiago Marques Leão","","false","12:00","69cab49382a748187c66ec50","13:00","Civil","agendado","6a0afcd6d65b33e255e6550b","2026-05-18T11:49:42.124000","2026-05-18T11:49:42.124000","69e8b3a39df58dcdca94d144","thiagomarquesleao@gmail.com","false"
"2026-05-18","Thiago Marques Leão","","false","12:00","69cab49382a748187c66ec50","13:00","Civil","agendado","6a0afcc384e4c831a190c931","2026-05-18T11:49:23.817000","2026-05-18T11:49:23.817000","69e8b3a39df58dcdca94d144","thiagomarquesleao@gmail.com","false"
"2026-05-18","Joao Vitor Pedroza","","false","12:00","69cab4b25f739b9e014b59df","13:00","Civil","agendado","6a0afca5cc2ac1c5fcd2f177","2026-05-18T11:48:53.862000","2026-05-18T11:48:53.862000","69e8b3d41688ab2449b6171f","joaovitorpedroza@gmail.com","false"
"2026-05-18","Felipe Junqueira Mariano","","false","12:00","69cab4fa2f92da87a7de44b0","13:00","Civil","agendado","6a0afc960b593643bec7707c","2026-05-18T11:48:38.747000","2026-05-18T11:48:38.747000","6a045784a0d5f992481b9d74","felipejmarianor@gmail.com","false"
"2026-05-19","Rafaela Franzoni Marques","","false","12:00","69f9cddf1e81ff14d278df5e","13:00","Civil","agendado","6a0af83b90cf91d6c712f0a8","2026-05-18T11:30:03.320000","2026-05-18T11:30:03.320000","69f8e2f80271cf78f7858d16","rafaelafranzoni@gmail.com","false"
"2026-05-18","Rafaela Franzoni Marques","","false","12:00","69f9cddf1e81ff14d278df5e","13:00","Civil","agendado","6a0af82f5a3d071671f5d9ea","2026-05-18T11:29:51.975000","2026-05-18T11:29:51.975000","69f8e2f80271cf78f7858d16","rafaelafranzoni@gmail.com","false"
"2026-05-20","Márcia de Araújo Gontijo","","false","07:00","69cab4fa6634febf001eb740","08:00","Civil","agendado","6a0af80ab076f0af83851b16","2026-05-18T11:29:14.075000","2026-05-20T11:15:25.020000","69fe28955bf56f9dc34635d2","marciagontijoadv@gmail.com","false"
"2026-05-18","Marianna Silva Marques Freires","","false","11:00","69f0a807ce941e8dde14169d","12:00","Civil","agendado","6a0af8016bba3fc4f8ee4153","2026-05-18T11:29:05.671000","2026-05-18T11:29:05.671000","69e8b3ef4907986aa65fbfca","marianna.freires11@gmail.com","false"
"2026-05-18","Mariana Albino da Silva","","false","11:00","69cab485b105230925053def","12:00","Civil","agendado","6a0af7a1760e9d76f3399129","2026-05-18T11:27:29.301000","2026-05-18T11:27:29.301000","69f1eb6197b49acac81ad46a","mariana.albinosilva85@gmail.com","false"
"2026-05-18","Guilherme Henrique Silva Costa","","false","13:00","69cab4a6d780b67cefdd205b","14:00","Civil","agendado","6a0af63f012a85bc18b5cc56","2026-05-18T11:21:35.972000","2026-05-18T11:21:35.972000","69f35391594eba71f28fb6ad","guilhermeembuscadoepeg@gmail.com","false"
"2026-05-18","Keiliana Cézar ","","false","17:00","6a020eac43fd47bf2e8eb231","18:00","Civil","agendado","6a0af515eac352be391ebc89","2026-05-18T11:16:37.571000","2026-05-18T11:16:37.571000","69f8d4ffb937cd00dda8b1d3","kellycesar517@gmail.com","false"
"2026-05-18","Rafael Santana Marinho","","false","12:00","69cab53eac828741aaea5afd","13:00","Civil","agendado","6a0af4bbe52636bba4a03941","2026-05-18T11:15:07.069000","2026-05-18T11:15:07.069000","69fb769eb6cc56e25e03373f","rflmarinho8@gmail.com","false"
"2026-05-19","Marcos Lopes de Souza","","false","12:00","69cab4a6d886e77a5a0bd8f9","13:00","Civil","agendado","6a0af40eae51aa5f4be42e6f","2026-05-18T11:12:14.491000","2026-05-18T11:12:14.491000","69efccfae228f77c31effa3e","marcos.lsouza@goias.gov.br","false"
"2026-05-18","Marcos Lopes de Souza","","false","12:00","69cab4a6d886e77a5a0bd8f9","13:00","Civil","agendado","6a0af4007e24e0413dc691d1","2026-05-18T11:12:00.243000","2026-05-18T11:12:00.243000","69efccfae228f77c31effa3e","marcos.lsouza@goias.gov.br","false"
"2026-05-18","Marcia da Silva Coutinho","","false","13:00","69cab53186a8212571cbebfa","14:00","Civil","agendado","6a0af3e087285591b9f37fa7","2026-05-18T11:11:28.942000","2026-05-18T11:11:28.942000","69f1eb6d936f80ebdd9a578e","marcinhacoutinho.foto@gmail.com","false"
"2026-05-18","Paloma Leal Frazão","","false","12:00","6a05cb2bf126cffdabe7fbfa","13:00","Civil","agendado","6a0af1f0009eae09c9e9e93d","2026-05-18T11:03:12.145000","2026-05-18T11:03:12.145000","69eb7148469c445c29813e58","palomalfrazao@gmail.com","false"
"2026-05-19","Sallyan Vinhadeli Vasconcelos","","false","16:00","69cab48b4ae3b7f6a68fd706","17:00","Civil","faltou","6a0af1dfab1be8c18cf56e0f","2026-05-18T11:02:55.612000","2026-05-19T20:03:48.319000","69f1fc7d5180372f8b56f510","sallyanv@gmail.com","false"
"2026-05-19","Marcos Aurélio Araújo da Silva Barros ","","false","16:00","6a05ca7c3ec8d849572a717b","17:00","Civil","agendado","6a0aee4679c2f705278ed59a","2026-05-18T10:47:34.323000","2026-05-18T10:47:34.323000","6a05c9220348c55fa04c5d95","marcosaraujobarros1508@gmail.com","false"
"2026-05-18","Elisa Parreira de Castro Alves","","false","12:00","69cab4958987e567777aa8e9","13:00","Civil","agendado","6a0aed1f995ba64a7953c9e5","2026-05-18T10:42:39.801000","2026-05-18T10:42:39.801000","69f3539372bfccf5cae537b8","elisa.pdca@gmail.com","false"
"2026-05-18","Luana Cristina Vieira dos Santos ","","false","11:00","69f3405ca624697043cf5b08","12:00","Civil","agendado","6a0aecf1b560f3ebf22339b9","2026-05-18T10:41:53.913000","2026-05-18T10:41:53.913000","69f24dcef9aa003a39e36414","luana2015gyn@gmail.com","false"
"2026-05-18","Carlos Antônio Madalena","","false","07:00","69f1fbd2b1d8f827f1014b85","08:00","Civil","agendado","6a0ad7ca913ec2b66683b334","2026-05-18T09:11:38.440000","2026-05-18T09:11:38.440000","69f1eb66214b21fd581ce36b","advgcarlosmadalena@gmail.com","false"
"2026-05-18","Sandy Gonçalves Santana","","false","18:00","69cab4b251341c5e34b04b2e","19:00","Civil","agendado","6a0a770cb493e44741abd6b4","2026-05-18T02:18:52.686000","2026-05-18T02:18:52.686000","69eb712609a3ab9ccffc1d90","sanderas.sgs@gmail.com","false"
"2026-05-19","Ricardo Vilaverde de Oliveira","","false","08:00","6a0464d871ebbe3b34972e28","09:00","Civil","agendado","6a0a61fd28c1b455fc5d6bc6","2026-05-18T00:49:01.456000","2026-05-18T00:49:01.456000","69fe288d4ba4831c857c8bd5","rvilaverde@gmail.com","false"
"2026-05-18","Thayane Cristina Tavares da Silva","","false","17:00","69efa4149a982f6976102820","18:00","Civil","agendado","6a0a5b8b6f20411f55aa49a4","2026-05-18T00:21:31.558000","2026-05-18T00:21:31.558000","69e8b3ac72ff58fcfafa20b1","cristinathco@gmail.com","false"
"2026-05-18","Márcia de Araújo Gontijo","","false","07:00","69cab4fa6634febf001eb740","08:00","Civil","agendado","6a0a4fe7a92be4b86f09f59b","2026-05-17T23:31:51.864000","2026-05-17T23:31:51.864000","69fe28955bf56f9dc34635d2","marciagontijoadv@gmail.com","false"
"2026-05-18","Carolina Assis Silva","","false","12:00","69cab528f140868323584a5f","13:00","Civil","agendado","6a0a49e2a19aca3bf1211b76","2026-05-17T23:06:10.064000","2026-05-17T23:06:10.064000","6a047b2155dbffe1bf6746cf","carolasullivan5@gmail.com","false"
"2026-05-19","Antonino Batista Júnior","","false","17:00","69cab53d8efef97e8a0f03b3","18:00","Civil","agendado","6a0a482c7eaa5d6d54442f61","2026-05-17T22:58:52.021000","2026-05-17T22:58:52.021000","69e8b3ceaa15a6de33954e67","antoninobj@gmail.com","false"
"2026-05-18","Antonino Batista Júnior","","false","17:00","69cab53d8efef97e8a0f03b3","18:00","Civil","agendado","6a0a481f39ec4070f174da32","2026-05-17T22:58:39.920000","2026-05-17T22:58:39.920000","69e8b3ceaa15a6de33954e67","antoninobj@gmail.com","false"
"2026-05-18","Laura Fernandes Mendes","","false","11:00","69cab5540b51026b52fe7cb7","12:00","Civil","agendado","6a0a4557f6f8fbc41bcfce7b","2026-05-17T22:46:47.469000","2026-05-17T22:46:47.469000","69f8d50105e660849e08c5f6","mendes.ferlaura@gmail.com","false"
"2026-05-19","Antônio Gabriel Marcimiano de Moraes","","false","17:00","69cab5533f4cbe4cc715f000","18:00","Civil","agendado","6a0a3e391a75ab3ab329caef","2026-05-17T22:16:25.861000","2026-05-17T22:16:25.861000","69e8bd46281c43278d0d48e9","gabrielgynh@gmail.com","false"
"2026-05-18","Antônio Gabriel Marcimiano de Moraes","","false","17:00","69cab5533f4cbe4cc715f000","18:00","Civil","agendado","6a0a3e307548544b65b14a95","2026-05-17T22:16:16.552000","2026-05-17T22:16:16.552000","69e8bd46281c43278d0d48e9","gabrielgynh@gmail.com","false"
"2026-05-19","Caio César Silva Oliveira","","false","17:00","69cab5528917bc7d06ec9f36","18:00","Civil","agendado","6a0a3d0025be12f796882122","2026-05-17T22:11:12.983000","2026-05-17T22:11:12.983000","69e8b3c510a6ab1ad3da4cd2","caiooliveira92@gmail.com","false"
"2026-05-18","Caio César Silva Oliveira","","false","17:00","69cab5528917bc7d06ec9f36","18:00","Civil","agendado","6a0a3cf5a9cc5be938ef0354","2026-05-17T22:11:01.210000","2026-05-17T22:11:01.210000","69e8b3c510a6ab1ad3da4cd2","caiooliveira92@gmail.com","false"
"2026-05-18","Daniel Carlos dos Reis","","false","12:00","69efb877f2a849baa2f1590f","13:00","Civil","agendado","6a0a356c1f919f817b993f9f","2026-05-17T21:38:52.811000","2026-05-17T21:38:52.811000","69e8b3dcffadf846c595fa0c","danielreis0211@gmail.com","false"
"2026-05-18","Camila Amâncio Araújo Valadares","","false","12:00","69cab528ab7b73583ccff6f6","13:00","Civil","agendado","6a0a2cc7851ddf0b3e0f8afd","2026-05-17T21:01:59.888000","2026-05-17T21:01:59.888000","69e8b3cd699596113662a7d8","camilaavaladares@gmail.com","false"
"2026-05-18","Jonathas Prado","","false","12:00","69cab510f59bbda43a5c5d53","13:00","Civil","agendado","6a0a242ddfcff1eeabe0e38d","2026-05-17T20:25:17.060000","2026-05-17T20:25:17.060000","69f9cbc0982435c5f5ca5e3b","jotapbio@gmail.com","false"
"2026-05-18","Helder Raimundo de Moraes","","false","12:00","69cab4fa68d464d95240f98b","13:00","Civil","agendado","6a0a1b4a2419457a82e6d748","2026-05-17T19:47:22.014000","2026-05-17T19:47:22.014000","69f0b98c8ab0e5fe3945ffd5","hmoraes74@gmail.com","false"
"2026-05-19","Adriano Faleiro Gregório","","false","13:00","69cab526ebee4a1af29385ac","14:00","Civil","faltou","6a0a0eb91996e3e7460b6e42","2026-05-17T18:53:45.309000","2026-05-19T16:39:28.479000","6a0712111e20cc70b7726fa4","adrianofgtrabalho@gmail.com","false"
"2026-05-19","Lorena Rodrigues Leite Caixeta","","false","11:00","69cab49e1f76f85a7183b3c1","12:00","Civil","agendado","6a09cab02af43ca2f784f6d3","2026-05-17T14:03:28.095000","2026-05-17T14:03:28.095000","6a0758cb5e36a09b3ddf5b33","arquitetalorenacaixeta@gmail.com","false"
"2026-05-18","Laura Lula Ramos","","false","11:00","69cab4845646d7497cb9aa56","12:00","Civil","agendado","6a08f8b5010f8e38ff9e37aa","2026-05-16T23:07:33.671000","2026-05-16T23:07:33.671000","69e8b3b1c23f02f059fbe05f","lauralular@gmail.com","false"
"2026-05-18","Lázara Tatiana Pereira de Lima","","false","07:00","69cab5409b141921d6a9bac9","08:00","Civil","agendado","6a08eef7d0c2fa9995fc4749","2026-05-16T22:25:59.715000","2026-05-16T22:25:59.715000","69e8b3d7f0a0a48eb1af80d9","sesmt.publico@gmail.com","false"
"2026-05-18","Ricardo Vilaverde de Oliveira","","false","08:00","6a0464d871ebbe3b34972e28","09:00","Civil","agendado","6a08da21c7d7331ab2816ba7","2026-05-16T20:57:05.708000","2026-05-16T20:57:05.708000","69fe288d4ba4831c857c8bd5","rvilaverde@gmail.com","false"
"2026-05-18","Marcos Aurélio Araújo da Silva Barros ","","false","11:00","6a05ca7c3ec8d849572a717b","12:00","Civil","agendado","6a08835f4612c2e0df48875b","2026-05-16T14:46:55.467000","2026-05-16T14:46:55.467000","6a05c9220348c55fa04c5d95","marcosaraujobarros1508@gmail.com","false"
"2026-05-18","Ana Carolina Silva de Araujo Peixoto","","false","07:00","69cab50fec6532662ba58f05","08:00","Civil","agendado","6a084f212cc3bcfe7cab6961","2026-05-16T11:04:01.560000","2026-05-16T11:04:01.560000","69e8b3abbdd54859f2b7eadf","ana.anacarol1403@gmail.com","false"
"2026-05-15","Lariza Cori Thomaz Nogueira","","false","17:00","69f1fc1f966c41d8f2d01ced","18:00","Civil","agendado","6a077a565d4dbbc99f1e3e4d","2026-05-15T19:56:06.631000","2026-05-15T19:56:06.631000","69f3a2c6bc8b6cab6e884a64","lilariza.cori@gmail.com","false"
"2026-05-15","Marcio Junio Rodrigues de Freitas","","false","17:00","69cab4fdb65777e18fa16281","18:00","Civil","agendado","6a0756cf71c34812ab62827d","2026-05-15T17:24:31.027000","2026-05-15T17:24:31.027000","69e8b3cb227404cd41911786","marciosoriso@gmail.com","false"
"2026-05-15","Sophia Lannah Beatriz Ferreira de Sousa","","false","13:00","69cab498f494b0e0a3a2252c","14:00","Civil","agendado","6a0740df7a0b10c0cb753787","2026-05-15T15:50:55.837000","2026-05-15T15:50:55.837000","69e8b3e3ed8dfc592768740f","sophialannah123@gmail.com","false"
"2026-05-15","Tatiana de Jesus Mesquita","","false","13:00","69cab527d79a982796b8d962","14:00","Civil","agendado","6a073725e226af422f95009b","2026-05-15T15:09:25.304000","2026-05-15T15:09:25.304000","69f24dca8f997ab8b9cb6aad","tatianamesquiita2020@gmail.com","false"
"2026-05-15","Gilvan José Meireles","","false","13:00","69cab51df127d1812d9c9585","14:00","Civil","agendado","6a0734a6e407d7faa7de5d9b","2026-05-15T14:58:46.451000","2026-05-15T14:58:46.451000","69eb7152f8692d6e4f8926c5","gil-van-jose@hotmail.com","false"
"2026-05-15","Ismael José dos Santos Filho","","false","12:00","69cab50d46c2a710ba93c1d4","13:00","Civil","agendado","6a0732afdd39e6ad26ca2354","2026-05-15T14:50:23.196000","2026-05-15T14:50:23.196000","69eb714b124295d4decc3504","ismaelfilho.adv@gmail.com","false"
"2026-05-15","Marcos Lopes de Souza","","false","12:00","69cab4a6d886e77a5a0bd8f9","13:00","Civil","agendado","6a07314965d22f5d1b5f8861","2026-05-15T14:44:25.984000","2026-05-15T14:44:25.984000","69efccfae228f77c31effa3e","marcos.lsouza@goias.gov.br","false"
"2026-05-15","Débora Maia Escher dos Santos","","false","12:00","69fc8102efce393880145d94","13:00","Civil","agendado","6a07282d41b0be10bb3c7b27","2026-05-15T14:05:33.419000","2026-05-15T14:05:33.419000","69fb76a1a9859e54ff79cc1b","deboraescher19@gmail.com","false"
"2026-05-15","Brenuo Victor Rodrigues Barbosa","","false","13:00","69cab5409b141921d6a9baca","14:00","Civil","agendado","6a07275c1c3b2a302cc5025f","2026-05-15T14:02:04.290000","2026-05-15T14:02:04.290000","6a022e0e6d475b0b2334af8e","brenuovrb@gmail.com","false"
"2026-05-15","Carlos Antonio da Silva Vieira","","false","11:00","69cab50cf5516a154093aa81","12:00","Civil","agendado","6a071e788b23a2b5ae87fc83","2026-05-15T13:24:08.777000","2026-05-15T13:24:08.777000","69e8b419aec854d1886962c7","carlaoaudiodesigner@gmail.com","false"
"2026-05-15","Nádya de Sá Almeida Costa Silva","","false","12:00","69cab48b36611447155e197c","13:00","Civil","agendado","6a071b9b9d9b2ca2f642fc20","2026-05-15T13:11:55.622000","2026-05-15T13:11:55.622000","69f09cc40b09eba29a789e8a","eng.nadyasa@gmail.com","false"
"2026-05-15","Paulo Henrique Nunes da Silva Araújo","","false","12:00","69cab4a2f74af4c7f98e624b","13:00","Civil","agendado","6a07137b82b5640fd08b0f0e","2026-05-15T12:37:15.077000","2026-05-15T12:37:15.077000","69e8b3a96c5e364f790390bf","paulonv70@gmail.com","false"
"2026-05-15","Vanessa Pereira de Carvalho","","false","10:00","69cab510bf777218eaaa8d8f","11:00","Civil","agendado","6a070e53cdccf8f9bc558625","2026-05-15T12:15:15.251000","2026-05-15T12:15:15.251000","69f3a2c36e4365ec9df1c914","vanessapereiraluz@gmail.com","false"
"2026-05-15","Karla Correia Mendes","","false","16:00","69cab4850c384307831324d8","17:00","Civil","agendado","6a0709e064f569f7e74f3b88","2026-05-15T11:56:16.802000","2026-05-15T11:56:16.802000","69f0ab75971b3976ef33a57d","karlamendes1406@gmail.com","false"
"2026-05-15","Ana Carolina Costa Lopes","","false","12:00","6a05cad8fdd8033d12dca29c","13:00","Civil","agendado","6a07071c3cb624950cc8ae3d","2026-05-15T11:44:28.122000","2026-05-15T11:44:28.122000","69f0e73466476bce7c30c689","acclopes.direito@gmail.com","false"
"2026-05-15","Mariana Albino da Silva","","false","11:00","69cab485b105230925053def","12:00","Civil","agendado","6a07038a36368c20205eafc7","2026-05-15T11:29:14.157000","2026-05-15T11:29:14.157000","69f1eb6197b49acac81ad46a","mariana.albinosilva85@gmail.com","false"
"2026-05-15","Lázara Tatiana Pereira de Lima","","false","11:00","69cab5409b141921d6a9bac9","12:00","Civil","agendado","6a06ff67928f58342d15a3a6","2026-05-15T11:11:35.152000","2026-05-15T11:11:35.152000","69e8b3d7f0a0a48eb1af80d9","sesmt.publico@gmail.com","false"
"2026-05-15","Carlos Henrique Ferreira Santos","","false","12:00","69cab4ac0916e78eed2006b2","13:00","Civil","agendado","6a06fb5e5fa4382ef670bc47","2026-05-15T10:54:22.861000","2026-05-15T10:54:22.861000","69eb815a6faab5200f1325b9","carlohenrysanto@gmail.com","false"
"2026-05-15","Raimunda Soronha de Oliveira dos Reis","","false","12:00","69cab4acf9e6540401a079f2","13:00","Civil","agendado","6a06fae0f0b3907e335b683d","2026-05-15T10:52:16.952000","2026-05-15T10:52:16.952000","69f0ed6a8aee7b0f624a8555","soronha.reis@gmail.com","false"
"2026-05-15","Carlos Antônio Madalena","","false","07:00","69f1fbd2b1d8f827f1014b85","08:00","Civil","agendado","6a06ed73e9011afb9e71d37e","2026-05-15T09:54:59.614000","2026-05-15T09:54:59.614000","69f1eb66214b21fd581ce36b","advgcarlosmadalena@gmail.com","false"
"2026-05-15","Diêssa Pontes Cruz","","false","08:00","69cab547bd2926025f139df4","09:00","Civil","agendado","6a06eb287a7b1d10109f0b5e","2026-05-15T09:45:12.415000","2026-05-15T09:45:12.415000","69e8b41d874d2bd5ad2a947f","diessacruz@gmail.com","false"
"2026-05-15","Henrique Hideaki Matsutani","","false","17:00","69cab518038f3fca852b8f1b","18:00","Civil","agendado","6a06e5b3454b50f2e8133951","2026-05-15T09:21:55.598000","2026-05-15T09:21:55.598000","69eb71284e1e0f50e35a8fd2","hideakimatsutani@gmail.com","false"
"2026-05-15","AMBROSIANE DE SOUSA LEITE","","false","07:00","6a04588acee8394872f618be","08:00","Civil","agendado","6a06d259b310ec1bed3a2191","2026-05-15T07:59:21.405000","2026-05-15T07:59:21.405000","69fe287cc22d6cfcf39669d0","ambrosiane.adv@gmail.com","false"
"2026-05-15","Marcia da Silva Coutinho","","false","13:00","69cab53186a8212571cbebfa","14:00","Civil","agendado","6a0685d0c62423e2a8943557","2026-05-15T02:32:48.327000","2026-05-15T02:32:48.327000","69f1eb6d936f80ebdd9a578e","marcinhacoutinho.foto@gmail.com","false"
"2026-05-15","Antônio Gabriel Marcimiano de Moraes","","false","17:00","69cab5533f4cbe4cc715f000","18:00","Civil","agendado","6a0658916e1da3f46156ad2b","2026-05-14T23:19:45.302000","2026-05-14T23:19:45.302000","69e8bd46281c43278d0d48e9","gabrielgynh@gmail.com","false"
"2026-05-15","Caio César Silva Oliveira","","false","17:00","69cab5528917bc7d06ec9f36","18:00","Civil","agendado","6a064d568f208921a6cb850c","2026-05-14T22:31:50.772000","2026-05-14T22:31:50.772000","69e8b3c510a6ab1ad3da4cd2","caiooliveira92@gmail.com","false"
"2026-05-15","Jonathas Prado","","false","12:00","69cab510f59bbda43a5c5d53","13:00","Civil","agendado","6a0631b9f5b7c34374fb2df6","2026-05-14T20:34:01.722000","2026-05-14T20:34:01.722000","69f9cbc0982435c5f5ca5e3b","jotapbio@gmail.com","false"
"2026-05-15","Gilson Pereira da Silva","","false","17:00","69cab4bbce9564de9486ce35","18:00","Civil","agendado","6a0631600aed4d8b8c91ea23","2026-05-14T20:32:32.693000","2026-05-14T20:32:32.693000","69eb713d0daf529bb432fcf3","gilson.pereira21@gmail.com","false"
"2026-05-15","Antonino Batista Júnior","","false","17:00","69cab53d8efef97e8a0f03b3","18:00","Civil","agendado","6a06283984658992d3cdfb5f","2026-05-14T19:53:29.530000","2026-05-14T19:53:29.530000","69e8b3ceaa15a6de33954e67","antoninobj@gmail.com","false"
"2026-05-14","Antônio Gabriel Marcimiano de Moraes","","false","18:00","69cab5533f4cbe4cc715f000","19:00","Civil","agendado","6a06262a6276a8b697bc35bc","2026-05-14T19:44:42.417000","2026-05-14T19:44:42.417000","69e8bd46281c43278d0d48e9","gabrielgynh@gmail.com","false"
"2026-05-14","Caio César Silva Oliveira","","false","18:00","69cab5528917bc7d06ec9f36","19:00","Civil","agendado","6a0624e9ed80fecfaa6afc20","2026-05-14T19:39:21.844000","2026-05-14T19:39:21.844000","69e8b3c510a6ab1ad3da4cd2","caiooliveira92@gmail.com","false"
"2026-05-14","Marcio Junio Rodrigues de Freitas","","false","18:00","69cab4fdb65777e18fa16281","19:00","Civil","agendado","6a0621ffc8907a23b9963bb2","2026-05-14T19:26:55.551000","2026-05-14T19:26:55.551000","69e8b3cb227404cd41911786","marciosoriso@gmail.com","false"
"2026-05-14","Lariza Cori Thomaz Nogueira","","false","17:00","69f1fc1f966c41d8f2d01ced","18:00","Civil","agendado","6a0621c82122d2694d693396","2026-05-14T19:26:00.158000","2026-05-14T19:26:00.158000","69f3a2c6bc8b6cab6e884a64","lilariza.cori@gmail.com","false"
"2026-05-15","Marianna Silva Marques Freires","","false","11:00","69f0a807ce941e8dde14169d","12:00","Civil","agendado","6a0615213532aa63f825d0e9","2026-05-14T18:32:01.048000","2026-05-14T18:32:01.048000","69e8b3ef4907986aa65fbfca","marianna.freires11@gmail.com","false"
"2026-05-14","Guilherme Alves de Souza Araújo","","false","17:00","69cab4aecb5fa9ca033f05e8","18:00","Civil","agendado","6a0609e6cc335d9fc486acc4","2026-05-14T17:44:06.520000","2026-05-14T17:44:06.520000","69efb2548749b9622136a800","gui.araujo2207@gmail.com","false"
"2026-05-15","Sallyan Vinhadeli Vasconcelos","","false","15:00","69cab48b4ae3b7f6a68fd706","16:00","Civil","agendado","6a0609e1e884e9151a6c5b46","2026-05-14T17:44:01.658000","2026-05-14T17:44:01.658000","69f1fc7d5180372f8b56f510","sallyanv@gmail.com","false"
"2026-05-14","Brenuo Victor Rodrigues Barbosa","","false","16:00","69cab5409b141921d6a9baca","17:00","Civil","agendado","6a0607a988b283d7c21632a5","2026-05-14T17:34:33.262000","2026-05-14T17:34:33.262000","6a022e0e6d475b0b2334af8e","brenuovrb@gmail.com","false"
"2026-05-15","Felipe Junqueira Mariano","","false","12:00","69cab4fa2f92da87a7de44b0","13:00","Civil","agendado","6a060383acb968548cf1c8fb","2026-05-14T17:16:51.580000","2026-05-14T17:16:51.580000","6a045784a0d5f992481b9d74","felipejmarianor@gmail.com","false"
"2026-05-15","Luana Cristina Vieira dos Santos ","","false","07:00","69f3405ca624697043cf5b08","08:00","Civil","faltou","6a05f8a6ef45979222199e8f","2026-05-14T16:30:30.408000","2026-05-15T13:25:58.598000","69f24dcef9aa003a39e36414","luana2015gyn@gmail.com","false"
"2026-05-15","Johnathan Pereira de Sousa","","false","13:00","69f88df9ff9cd30a3a32d365","14:00","Civil","agendado","6a05f308af76a69837b8d73d","2026-05-14T16:06:32.565000","2026-05-14T16:06:32.565000","69f1eb63dbe15fae1934137c","johnathan515@gmail.com","false"
"2026-05-15","Laura Fernandes Mendes","","false","11:00","69cab5540b51026b52fe7cb7","12:00","Civil","agendado","6a05f199f38635f0c3e0948e","2026-05-14T16:00:25.419000","2026-05-14T16:00:25.419000","69f8d50105e660849e08c5f6","mendes.ferlaura@gmail.com","false"
"2026-05-14","Isabella Maria Londe Sampaio","","false","13:00","6a032b0fa526d01f6d3ef8fb","14:00","Civil","agendado","6a05ece9cd4cdfb50d0b710d","2026-05-14T15:40:25.522000","2026-05-14T15:40:25.522000","6a035c60907e0c31ea51ed55","londefotografia@gmail.com","false"
"2026-05-14","Marcos Lopes de Souza","","false","12:00","69cab4a6d886e77a5a0bd8f9","13:00","Civil","agendado","6a05e1c30969535c499c7c49","2026-05-14T14:52:51.537000","2026-05-14T14:52:51.537000","69efccfae228f77c31effa3e","marcos.lsouza@goias.gov.br","false"
"2026-05-14","Ismael José dos Santos Filho","","false","12:00","69cab50d46c2a710ba93c1d4","13:00","Civil","agendado","6a05e1adbecd8e8e8309f0db","2026-05-14T14:52:29.012000","2026-05-14T14:52:29.012000","69eb714b124295d4decc3504","ismaelfilho.adv@gmail.com","false"
"2026-05-15","Thiago Marques Leão","","false","12:00","69cab49382a748187c66ec50","13:00","Civil","agendado","6a05dc0fd7eb35413d921736","2026-05-14T14:28:31.043000","2026-05-14T14:28:31.043000","69e8b3a39df58dcdca94d144","thiagomarquesleao@gmail.com","false"
"2026-05-14","Marcia da Silva Coutinho","","false","13:00","69cab53186a8212571cbebfa","14:00","Civil","agendado","6a05dbab7a06364ed8b4f43e","2026-05-14T14:26:51.809000","2026-05-14T14:26:51.809000","69f1eb6d936f80ebdd9a578e","marcinhacoutinho.foto@gmail.com","false"
"2026-05-14","Nádya de Sá Almeida Costa Silva","","false","12:00","69cab48b36611447155e197c","13:00","Civil","agendado","6a05dab77cd591b7852d2ee8","2026-05-14T14:22:47.560000","2026-05-14T14:22:47.560000","69f09cc40b09eba29a789e8a","eng.nadyasa@gmail.com","false"
"2026-05-14","Guilherme Paulino Abrão","","false","12:00","69cab4b98987e567777aa8f6","13:00","Civil","agendado","6a05d9a85b90a470ddb6449b","2026-05-14T14:18:16.409000","2026-05-14T14:18:16.409000","69e8b3af276e0faaaaece9f3","guilherme.abr40@gmail.com","false"
"2026-05-15","Lívia Borges de Sousa","","false","13:00","69cab53df488136327286414","14:00","Civil","faltou","6a05d336e113809008a948b2","2026-05-14T13:50:46.225000","2026-05-15T16:33:47.972000","6a035c5eff55688ed4fcb8b0","livia.borges.333@gmail.com","false"
"2026-05-14","Lívia Maria Batista da Silva","","false","12:00","69cab4ed0b51026b52fe7c88","13:00","Civil","agendado","6a05d1e9e97fa7634566b995","2026-05-14T13:45:13.542000","2026-05-14T13:45:13.542000","69e8b3d0276e0faaaaece9f8","liviasa.cultura@gmail.com","false"
"2026-05-14","Carlos Antonio da Silva Vieira","","false","11:00","69cab50cf5516a154093aa81","12:00","Civil","agendado","6a05bdaa7579cf9e805c7ccc","2026-05-14T12:18:50.918000","2026-05-14T12:18:50.918000","69e8b419aec854d1886962c7","carlaoaudiodesigner@gmail.com","false"
"2026-05-15","jhonatas dos santos lima","","false","12:00","69f35624d42a7a848cf80522","13:00","Civil","agendado","6a05bb5fc0723bece024a342","2026-05-14T12:09:03.219000","2026-05-14T12:09:03.219000","69eb712a2f920804f5d6e002","jhonatasvideira@gmail.com","false"
"2026-05-14","Jorge Luiz de Oliveira Matias","","false","17:00","69cab4e2c35c29533c905645","18:00","Civil","faltou","6a05bb4b0f41bbd9ea198e56","2026-05-14T12:08:43.962000","2026-05-14T20:42:18.776000","69f8e2fa7ba4c6c8eb1b7227","jorge.matias@discente.ufg.br","false"
"2026-05-14","Guilherme Lima de Sena","","false","17:00","69cab51d8bf415ccbaf6955b","18:00","Civil","agendado","6a05bb45bb99a6b9525ca829","2026-05-14T12:08:37.631000","2026-05-14T12:08:37.631000","69f8d5070e6979860429cfd6","guisenna73@gmail.com","false"
"2026-05-14","Laura Fernandes Mendes","","false","11:00","69cab5540b51026b52fe7cb7","12:00","Civil","agendado","6a05bb20448b666a1832acd6","2026-05-14T12:08:00.336000","2026-05-14T12:08:00.336000","69f8d50105e660849e08c5f6","mendes.ferlaura@gmail.com","false"
"2026-05-14","Dalvania Maria de Paula","","false","11:00","69cab4988b4364504b50edb9","12:00","Civil","agendado","6a05af1a70b5ee2f7d9cde6e","2026-05-14T11:16:42.256000","2026-05-14T11:16:42.256000","69e8b3d69a28df9075eaf0c3","daldepaula@hotmail.com","false"
"2026-05-14","Douglas Fleury Parreira Barros","","false","12:00","69cab49ee29fe8dc7e61491a","13:00","Civil","agendado","6a05ae9f29805f543c48a4be","2026-05-14T11:14:39.737000","2026-05-14T11:14:39.737000","69e8b40f9b7ab425aa2ca185","douglas.fleury@gmail.com","false"
"2026-05-15","José Porto França Neto","","false","12:00","69cab51cf59bbda43a5c5d57","13:00","Civil","agendado","6a05aba4363a785290e53b3f","2026-05-14T11:01:56.222000","2026-05-14T11:01:56.222000","69eb712c92a6132bbc608daf","portobritto@gmail.com","false"
"2026-05-14","Carlos Antônio Madalena","","false","07:00","69f1fbd2b1d8f827f1014b85","08:00","Civil","agendado","6a059cb2f82294894914b259","2026-05-14T09:58:10.644000","2026-05-14T09:58:10.644000","69f1eb66214b21fd581ce36b","advgcarlosmadalena@gmail.com","false"
"2026-05-15","Indiara Porfírio Ribeiro","","false","15:00","69cab48c17c5690cf3d30c6d","16:00","Civil","agendado","6a059b8602da915e934ea4f1","2026-05-14T09:53:10.987000","2026-05-14T09:53:10.987000","69e8b3bf55bcfeb78675459e","indiarajujuba@gmail.com","false"
"2026-05-15","Márcia de Araújo Gontijo","","false","07:00","69cab4fa6634febf001eb740","08:00","Civil","agendado","6a0599eef59f923bbfe23eb5","2026-05-14T09:46:22.358000","2026-05-14T09:46:22.358000","69fe28955bf56f9dc34635d2","marciagontijoadv@gmail.com","false"
"2026-05-14","Diêssa Pontes Cruz","","false","08:00","69cab547bd2926025f139df4","09:00","Civil","agendado","6a0599dd2106089a03259459","2026-05-14T09:46:05.192000","2026-05-14T09:46:05.192000","69e8b41d874d2bd5ad2a947f","diessacruz@gmail.com","false"
"2026-05-15","Julio Cesar de Morais Souza","","false","11:00","69cab4faeab3702f5a63795e","12:00","Civil","agendado","6a0544f3ddfc0cfefc09d611","2026-05-14T03:43:47.735000","2026-05-14T03:43:47.735000","69f8d5097166a59dfa38211f","juliocesar12059734@gmail.com","false"
"2026-05-14","Julio Cesar de Morais Souza","","false","11:00","69cab4faeab3702f5a63795e","12:00","Civil","agendado","6a0544e63abbb19098e382ae","2026-05-14T03:43:34.247000","2026-05-14T03:43:34.247000","69f8d5097166a59dfa38211f","juliocesar12059734@gmail.com","false"
"2026-05-14","Laura Lula Ramos","","false","11:00","69cab4845646d7497cb9aa56","12:00","Civil","agendado","6a052f390e4c2676d22fb567","2026-05-14T02:11:05.009000","2026-05-14T02:11:05.009000","69e8b3b1c23f02f059fbe05f","lauralular@gmail.com","false"
"2026-05-14","Lázara Tatiana Pereira de Lima","","false","16:00","69cab5409b141921d6a9bac9","17:00","Civil","agendado","6a04fece8ca9a79f9cbbeab6","2026-05-13T22:44:30.405000","2026-05-13T22:44:30.405000","69e8b3d7f0a0a48eb1af80d9","sesmt.publico@gmail.com","false"
"2026-05-15","Viviany de Oliveira Santos","","false","12:00","69cab526d3dea80a527f023b","13:00","Civil","agendado","6a04fc859cf51d9b62b920af","2026-05-13T22:34:45.827000","2026-05-13T22:34:45.827000","69e8bd44fcfdf4bb4fa1335d","viviany.santos@goias.gov.br","false"
"2026-05-14","Viviany de Oliveira Santos","","false","12:00","69cab526d3dea80a527f023b","13:00","Civil","agendado","6a04fc6e1b60d8f5cb4e499b","2026-05-13T22:34:22.251000","2026-05-13T22:34:22.251000","69e8bd44fcfdf4bb4fa1335d","viviany.santos@goias.gov.br","false"
"2026-05-14","Luana Cristina Vieira dos Santos ","","false","07:00","69f3405ca624697043cf5b08","08:00","Civil","agendado","6a04d4bbdfab86b298a06c8e","2026-05-13T19:44:59.315000","2026-05-13T19:44:59.315000","69f24dcef9aa003a39e36414","luana2015gyn@gmail.com","false"
"2026-05-13","Isabella Maria Londe Sampaio","","false","17:00","6a032b0fa526d01f6d3ef8fb","18:00","Civil","agendado","6a04cc645b42439a13966d6a","2026-05-13T19:09:24.555000","2026-05-13T19:09:24.555000","6a035c60907e0c31ea51ed55","londefotografia@gmail.com","false"
"2026-05-14","Mariana Albino da Silva","","false","13:00","69cab485b105230925053def","14:00","Civil","agendado","6a04bed4ed5563121f9d771e","2026-05-13T18:11:32.985000","2026-05-13T18:11:32.985000","69f1eb6197b49acac81ad46a","mariana.albinosilva85@gmail.com","false"
"2026-05-13","AMBROSIANE DE SOUSA LEITE","","false","18:00","6a04588acee8394872f618be","19:00","Civil","agendado","6a04baf132c70a726022c9e4","2026-05-13T17:54:57.287000","2026-05-13T17:54:57.287000","69fe287cc22d6cfcf39669d0","ambrosiane.adv@gmail.com","false"
"2026-05-14","Rafael Santana Marinho","","false","12:00","69cab53eac828741aaea5afd","13:00","Civil","agendado","6a04bad4953fc73322edd83b","2026-05-13T17:54:28.878000","2026-05-13T17:54:28.878000","69fb769eb6cc56e25e03373f","rflmarinho8@gmail.com","false"
"2026-05-15","Lia Rodrigues de Oliveira","","false","13:00","69cab4a03ab6550526927a0e","14:00","Civil","agendado","6a04b58cd433c08c6b1118ac","2026-05-13T17:31:56.425000","2026-05-13T17:31:56.425000","69eb7138fbc3eca467b8986b","liarodriguesoliveira30@gmail.com","false"
"2026-05-13","Brenuo Victor Rodrigues Barbosa","","false","16:00","69cab5409b141921d6a9baca","17:00","Civil","agendado","6a04b4f3648581ad9e88dc92","2026-05-13T17:29:23.842000","2026-05-13T17:29:23.842000","6a022e0e6d475b0b2334af8e","brenuovrb@gmail.com","false"
"2026-05-13","Marcio Junio Rodrigues de Freitas","","false","17:00","69cab4fdb65777e18fa16281","18:00","Civil","agendado","6a04b37eabd301384727521b","2026-05-13T17:23:10.175000","2026-05-13T17:23:10.175000","69e8b3cb227404cd41911786","marciosoriso@gmail.com","false"
"2026-05-14","Rodolfo Marcel Ghannam","","false","16:00","6a0465b9d9ab1a7712410472","17:00","Civil","faltou","6a04a8b0227243ee9a1bcd51","2026-05-13T16:37:04.728000","2026-05-14T19:33:47.867000","6a03223d162491b1998bac2c","rodolfoghannam58@gmail.com","false"
"2026-05-14","Tatiane Ferreira e Silva Medeiros","","false","17:00","69cab4ae71c685e9f60324a3","18:00","Civil","agendado","6a04a0cc13ac1b5c642728b2","2026-05-13T16:03:24.310000","2026-05-13T16:03:24.310000","69f0a7979080024735454f5b","tatianefsm2000@gmail.com","false"
"2026-05-13","Tatiane Ferreira e Silva Medeiros","","false","17:00","69cab4ae71c685e9f60324a3","18:00","Civil","agendado","6a04a0abc9bf1a3f79366464","2026-05-13T16:02:51.791000","2026-05-13T16:02:51.791000","69f0a7979080024735454f5b","tatianefsm2000@gmail.com","false"
"2026-05-14","Marianna Silva Marques Freires","","false","11:00","69f0a807ce941e8dde14169d","12:00","Civil","agendado","6a049f1fda9a9848b979b24e","2026-05-13T15:56:15.838000","2026-05-13T15:56:15.838000","69e8b3ef4907986aa65fbfca","marianna.freires11@gmail.com","false"
"2026-05-15","Lucas Gabriel Souza Ribeiro","","false","12:00","69cab532ba0b7b3f017ab3af","13:00","Civil","faltou","6a049c7eb2c37aa197189ca8","2026-05-13T15:45:02.747000","2026-05-15T19:14:07.207000","69e8b3da0727cf73320d3bc0","lucasgabrielsouzaribeiro@gmail.com","false"
"2026-05-14","Débora Maia Escher dos Santos","","false","11:00","69fc8102efce393880145d94","12:00","Civil","agendado","6a04944f36a535d7c181e838","2026-05-13T15:10:07.044000","2026-05-13T15:10:07.044000","69fb76a1a9859e54ff79cc1b","deboraescher19@gmail.com","false"
"2026-05-13","Camila Amâncio Araújo Valadares","","false","12:00","69cab528ab7b73583ccff6f6","13:00","Civil","agendado","6a048ecbf48577841690ce99","2026-05-13T14:46:35.234000","2026-05-13T14:46:35.234000","69e8b3cd699596113662a7d8","camilaavaladares@gmail.com","false"
"2026-05-13","Thayller Adriell Souza Garcia","","false","12:00","69cab4ee69e0c3af82747389","13:00","Civil","agendado","6a048bc3d257be834cbcabbe","2026-05-13T14:33:39.567000","2026-05-13T14:33:39.567000","69fa2777a6a8382ee6b53a67","thayller.garcia@goias.gov.br","false"
"2026-05-14","Felipe Junqueira Mariano","","false","12:00","69cab4fa2f92da87a7de44b0","13:00","Civil","agendado","6a04852c43ec8a313fbaac53","2026-05-13T14:05:32.960000","2026-05-13T14:05:32.960000","6a045784a0d5f992481b9d74","felipejmarianor@gmail.com","false"
"2026-05-13","Dalvania Maria de Paula","","false","12:00","69cab4988b4364504b50edb9","13:00","Civil","agendado","6a04825f0d142622cd36d090","2026-05-13T13:53:35.496000","2026-05-13T13:53:35.496000","69e8b3d69a28df9075eaf0c3","daldepaula@hotmail.com","false"
"2026-05-14","Carolina Assis Silva","","false","12:00","69cab528f140868323584a5f","13:00","Civil","agendado","6a048080c2aadf37a14dba31","2026-05-13T13:45:36.383000","2026-05-13T13:45:36.383000","6a047b2155dbffe1bf6746cf","carolasullivan5@gmail.com","false"
"2026-05-13","Carlos Antônio Madalena","","false","11:00","69f1fbd2b1d8f827f1014b85","12:00","Civil","agendado","6a04806a16800da9c673fadb","2026-05-13T13:45:14.054000","2026-05-13T13:45:14.054000","69f1eb66214b21fd581ce36b","advgcarlosmadalena@gmail.com","false"
"2026-05-13","Débora Maia Escher dos Santos","","false","11:00","69fc8102efce393880145d94","12:00","Civil","agendado","6a04802ae186af2f5794956a","2026-05-13T13:44:10.310000","2026-05-13T13:44:10.310000","69fb76a1a9859e54ff79cc1b","deboraescher19@gmail.com","false"
"2026-05-14","jhonatas dos santos lima","","false","12:00","69f35624d42a7a848cf80522","13:00","Civil","agendado","6a047f4249a7afdf1e85dcc3","2026-05-13T13:40:18.270000","2026-05-14T16:00:50.042000","69eb712a2f920804f5d6e002","jhonatasvideira@gmail.com","false"
"2026-05-15","Ana Carolina Silva de Araujo Peixoto","","false","07:00","69cab50fec6532662ba58f05","08:00","Civil","agendado","6a047b76885af1149e0dc0d5","2026-05-13T13:24:06.923000","2026-05-13T13:24:06.923000","69e8b3abbdd54859f2b7eadf","ana.anacarol1403@gmail.com","false"
"2026-05-14","José Porto França Neto","","false","12:00","69cab51cf59bbda43a5c5d57","13:00","Civil","agendado","6a0478ecf1521eea06fd91f6","2026-05-13T13:13:16.948000","2026-05-13T13:13:16.948000","69eb712c92a6132bbc608daf","portobritto@gmail.com","false"
"2026-05-13","José Porto França Neto","","false","12:00","69cab51cf59bbda43a5c5d57","13:00","Civil","agendado","6a0478e633fba36e135eaf0e","2026-05-13T13:13:10.487000","2026-05-13T13:13:10.487000","69eb712c92a6132bbc608daf","portobritto@gmail.com","false"
"2026-05-13","Ismael José dos Santos Filho","","false","12:00","69cab50d46c2a710ba93c1d4","13:00","Civil","agendado","6a04779cdf4b95d534eeb843","2026-05-13T13:07:40.683000","2026-05-13T13:07:40.683000","69eb714b124295d4decc3504","ismaelfilho.adv@gmail.com","false"
"2026-05-13","Rafael Santana Marinho","","false","12:00","69cab53eac828741aaea5afd","13:00","Civil","agendado","6a04731f62c1b35e9014ed02","2026-05-13T12:48:31.892000","2026-05-13T12:48:31.892000","69fb769eb6cc56e25e03373f","rflmarinho8@gmail.com","false"
"2026-05-14","Rafaela Franzoni Marques","","false","12:00","69f9cddf1e81ff14d278df5e","13:00","Civil","agendado","6a0472920702216abcf35225","2026-05-13T12:46:10.659000","2026-05-13T12:46:10.659000","69f8e2f80271cf78f7858d16","rafaelafranzoni@gmail.com","false"
"2026-05-14","Uerica Agapito Pereira","","false","12:00","69cab53f1d112c5a2797d789","13:00","Civil","agendado","6a046fd14f942249baa4d7e0","2026-05-13T12:34:25.404000","2026-05-13T12:34:25.404000","69f09fd3ef3fe8e89a0d5919","uericaagapito.adv@gmail.com","false"
"2026-05-13","Uerica Agapito Pereira","","false","12:00","69cab53f1d112c5a2797d789","13:00","Civil","agendado","6a046fc729f58d68465e642c","2026-05-13T12:34:15.270000","2026-05-13T12:34:15.270000","69f09fd3ef3fe8e89a0d5919","uericaagapito.adv@gmail.com","false"
"2026-05-14","Vanessa Pereira de Carvalho","","false","13:00","69cab510bf777218eaaa8d8f","14:00","Civil","agendado","6a046fa78598dee7ce929e67","2026-05-13T12:33:43.020000","2026-05-13T12:33:43.020000","69f3a2c36e4365ec9df1c914","vanessapereiraluz@gmail.com","false"
"2026-05-14","Thays Rocha Leite","","false","11:00","69cab4bbaaffc414bef709af","12:00","Civil","agendado","6a046c409374457d04c6d5c9","2026-05-13T12:19:12.853000","2026-05-13T12:19:12.853000","69f88c68187fcd638dc76bbc","tha_rleite@hotmail.com","false"
"2026-05-14","Thiago Marques Leão","","false","12:00","69cab49382a748187c66ec50","13:00","Civil","agendado","6a04678dafa90d681b209a66","2026-05-13T11:59:09.562000","2026-05-13T11:59:09.562000","69e8b3a39df58dcdca94d144","thiagomarquesleao@gmail.com","false"
"2026-05-13","Felipe Junqueira Mariano","","false","12:00","69cab4fa2f92da87a7de44b0","13:00","Civil","agendado","6a04678c282a7ded699bdca4","2026-05-13T11:59:08.124000","2026-05-13T11:59:08.124000","6a045784a0d5f992481b9d74","felipejmarianor@gmail.com","false"
"2026-05-13","Marcos Vinicius Arantes de Morais","","false","18:00","69cab4b1aa8b91b9733ba71e","19:00","Civil","agendado","6a046749f788057d9c0cb6e9","2026-05-13T11:58:01.541000","2026-05-13T11:58:01.541000","69e8b42097a92473c7834626","marcosviniciusarantesmorais@gmail.com","false"
"2026-05-13","Lívia Maria Batista da Silva","","false","12:00","69cab4ed0b51026b52fe7c88","13:00","Civil","agendado","6a0467385af55d2c35cb5c8f","2026-05-13T11:57:44.775000","2026-05-13T11:57:44.775000","69e8b3d0276e0faaaaece9f8","liviasa.cultura@gmail.com","false"
"2026-05-14","Guilherme Henrique Silva Costa","","false","13:00","69cab4a6d780b67cefdd205b","14:00","Civil","agendado","6a046598efce87ebad4cb9de","2026-05-13T11:50:48.147000","2026-05-13T11:50:48.147000","69f35391594eba71f28fb6ad","guilhermeembuscadoepeg@gmail.com","false"
"2026-05-13","Elisa Parreira de Castro Alves","","false","12:00","69cab4958987e567777aa8e9","13:00","Civil","agendado","6a04617723a8077ac8698668","2026-05-13T11:33:11.211000","2026-05-13T11:33:11.211000","69f3539372bfccf5cae537b8","elisa.pdca@gmail.com","false"
"2026-05-13","Nádya de Sá Almeida Costa Silva","","false","12:00","69cab48b36611447155e197c","13:00","Civil","agendado","6a046166ba80d72635326632","2026-05-13T11:32:54.368000","2026-05-13T11:32:54.368000","69f09cc40b09eba29a789e8a","eng.nadyasa@gmail.com","false"
"2026-05-13","Raimunda Soronha de Oliveira dos Reis","","false","17:00","69cab4acf9e6540401a079f2","18:00","Civil","faltou","6a045dbcffea7077d68603f7","2026-05-13T11:17:16.759000","2026-05-13T21:32:15.676000","69f0ed6a8aee7b0f624a8555","soronha.reis@gmail.com","false"
"2026-05-14","Thayane Cristina Tavares da Silva","","false","17:00","69efa4149a982f6976102820","18:00","Civil","agendado","6a045d7f37aa883de6e5d34a","2026-05-13T11:16:15.866000","2026-05-13T11:16:15.866000","69e8b3ac72ff58fcfafa20b1","cristinathco@gmail.com","false"
"2026-05-13","Guilherme Paulino Abrão","","false","11:00","69cab4b98987e567777aa8f6","12:00","Civil","agendado","6a045ca92aa3e67b1775d72c","2026-05-13T11:12:41.312000","2026-05-13T11:12:41.312000","69e8b3af276e0faaaaece9f3","guilherme.abr40@gmail.com","false"
"2026-05-13","Isidoro Tavares Rosa","","false","12:00","69cab4a035089c731a4647af","13:00","Civil","agendado","6a045a0d778c353016cab499","2026-05-13T11:01:33.308000","2026-05-13T11:01:33.308000","69e8b3e556cb0efc368cf481","isidorotrti@gmail.com","false"
"2026-05-14","Márcia de Araújo Gontijo","","false","07:00","69cab4fa6634febf001eb740","08:00","Civil","agendado","6a04563428bcb3cab76e027e","2026-05-13T10:45:08.241000","2026-05-13T10:45:08.241000","69fe28955bf56f9dc34635d2","marciagontijoadv@gmail.com","false"
"2026-05-13","Mel Cardoso Souza","","false","11:00","69cab4844ae3b7f6a68fd705","12:00","Civil","agendado","6a04539da74392bdca653835","2026-05-13T10:34:05.393000","2026-05-13T10:34:05.393000","69e8b3e718a06dc553782bd2","mel2005cardoso@gmail.com","false"
"2026-05-14","Sallyan Vinhadeli Vasconcelos","","false","07:00","69cab48b4ae3b7f6a68fd706","08:00","Civil","agendado","6a0452489d9a38bbfcea299c","2026-05-13T10:28:24.045000","2026-05-13T10:28:24.045000","69f1fc7d5180372f8b56f510","sallyanv@gmail.com","false"
"2026-05-14","Karla Correia Mendes","","false","16:00","69cab4850c384307831324d8","17:00","Civil","agendado","6a044fd82a0aae7113fb2936","2026-05-13T10:18:00.464000","2026-05-13T10:18:00.464000","69f0ab75971b3976ef33a57d","karlamendes1406@gmail.com","false"
"2026-05-13","Karla Correia Mendes","","false","16:00","69cab4850c384307831324d8","17:00","Civil","agendado","6a044f8e4b856c38145a0278","2026-05-13T10:16:46.237000","2026-05-13T10:16:46.237000","69f0ab75971b3976ef33a57d","karlamendes1406@gmail.com","false"
"2026-05-14","Léa Rosane Barcelos","","false","11:00","69cab555f127d1812d9c958f","12:00","Civil","agendado","6a044a4910a51b7eb9674a00","2026-05-13T09:54:17.446000","2026-05-13T09:54:17.446000","69eb7145a368132a1e810354","learosane@gmail.com","false"
"2026-05-13","Mariana Albino da Silva","","false","13:00","69cab485b105230925053def","14:00","Civil","agendado","6a03df206939583c65b49f3a","2026-05-13T02:17:04.430000","2026-05-13T02:17:04.430000","69f1eb6197b49acac81ad46a","mariana.albinosilva85@gmail.com","false"
"2026-05-13","Antonino Batista Júnior","","false","17:00","69cab53d8efef97e8a0f03b3","18:00","Civil","agendado","6a03b8d2ec53be7366c5749a","2026-05-12T23:33:38.190000","2026-05-12T23:33:38.190000","69e8b3ceaa15a6de33954e67","antoninobj@gmail.com","false"
"2026-05-13","Marcia da Silva Coutinho","","false","16:00","69cab53186a8212571cbebfa","17:00","Civil","agendado","6a03b31707a03a6f1a3959d2","2026-05-12T23:09:11.059000","2026-05-12T23:09:11.059000","69f1eb6d936f80ebdd9a578e","marcinhacoutinho.foto@gmail.com","false"
"2026-05-13","Keiliana Cézar ","","false","12:00","6a020eac43fd47bf2e8eb231","13:00","Civil","agendado","6a039f5686de34453d97a468","2026-05-12T21:44:54.645000","2026-05-12T21:44:54.645000","69f8d4ffb937cd00dda8b1d3","kellycesar517@gmail.com","false"
"2026-05-14","Delma Maria Guimaraes","","false","11:00","69cab4bb4badc9d3592723d2","12:00","Civil","agendado","6a0393a0613cf74409d5054d","2026-05-12T20:54:56.205000","2026-05-12T20:54:56.205000","69f0e717c3c33b89a2f9e02a","delmagui333@gmail.com","false"
"2026-05-13","Delma Maria Guimaraes","","false","11:00","69cab4bb4badc9d3592723d2","12:00","Civil","agendado","6a0393394006a8edb143e37d","2026-05-12T20:53:13.798000","2026-05-12T20:53:13.798000","69f0e717c3c33b89a2f9e02a","delmagui333@gmail.com","false"
"2026-05-13","Gabriele Batista","","false","17:00","69cab4e300553dca6de39a7f","18:00","Civil","agendado","6a03926e76c6d00f072f4d46","2026-05-12T20:49:50.036000","2026-05-12T20:49:50.036000","69f8d5031b4731838f3aa4db","gabrielecastro01@gmail.com","false"
"2026-05-13","Antônio Gabriel Marcimiano de Moraes","","false","17:00","69cab5533f4cbe4cc715f000","18:00","Civil","agendado","6a038e3dac4eceebdf03fab4","2026-05-12T20:31:57.827000","2026-05-12T20:31:57.827000","69e8bd46281c43278d0d48e9","gabrielgynh@gmail.com","false"
"2026-05-12","Guilherme Alves de Souza Araújo","","false","17:00","69cab4aecb5fa9ca033f05e8","18:00","Civil","agendado","6a03825dd84d596885363b5b","2026-05-12T19:41:17.180000","2026-05-12T19:41:17.180000","69efb2548749b9622136a800","gui.araujo2207@gmail.com","false"
"2026-05-14","Lia Rodrigues de Oliveira","","false","13:00","69cab4a03ab6550526927a0e","14:00","Civil","agendado","6a03809adc125b9207c72082","2026-05-12T19:33:46.653000","2026-05-12T19:33:46.653000","69eb7138fbc3eca467b8986b","liarodriguesoliveira30@gmail.com","false"
"2026-05-12","Isabella Maria Londe Sampaio","","false","17:00","6a032b0fa526d01f6d3ef8fb","18:00","Civil","agendado","6a0377b88b84824f5802e634","2026-05-12T18:55:52.202000","2026-05-12T18:55:52.202000","6a035c60907e0c31ea51ed55","londefotografia@gmail.com","false"
"2026-05-14","Gilvan José Meireles","","false","12:00","69cab51df127d1812d9c9585","13:00","Civil","agendado","6a036a2f7a42b97f8c5dd36e","2026-05-12T17:58:07.633000","2026-05-12T17:58:07.633000","69eb7152f8692d6e4f8926c5","gil-van-jose@hotmail.com","false"
"2026-05-13","Guilherme Lima de Sena","","false","17:00","69cab51d8bf415ccbaf6955b","18:00","Civil","agendado","6a0367121be2d07f73a11154","2026-05-12T17:44:50.464000","2026-05-12T17:44:50.464000","69f8d5070e6979860429cfd6","guisenna73@gmail.com","false"
"2026-05-13","Clarinha Pereira da Silva Sousa","","false","11:00","69cab4bb2b75e5b3207c8b48","12:00","Civil","agendado","6a03647edadd5c29efd68aba","2026-05-12T17:33:50.625000","2026-05-12T17:33:50.625000","69f0e71cb680d3ecfbb47205","clarinhapereira831@gmail.com","false"
"2026-05-12","Clarinha Pereira da Silva Sousa","","false","18:00","69cab4bb2b75e5b3207c8b48","19:00","Civil","agendado","6a0364517e1a16f774bfc762","2026-05-12T17:33:05.355000","2026-05-12T17:33:05.355000","69f0e71cb680d3ecfbb47205","clarinhapereira831@gmail.com","false"
"2026-05-12","Raphael de Lima Carvalho Moraes","","false","17:00","69cab4ee1d5dca09ed497c22","18:00","Civil","agendado","6a03624f54d4f1d3e97d67ee","2026-05-12T17:24:31.938000","2026-05-12T17:24:31.938000","69f243fdfed1f188950d4989","raphaelmoraes019@gmail.com","false"
"2026-05-12","Tatiane Ferreira e Silva Medeiros","","false","17:00","69cab4ae71c685e9f60324a3","18:00","Civil","agendado","6a035e1caa893890eef699b9","2026-05-12T17:06:36.923000","2026-05-12T17:06:36.923000","69f0a7979080024735454f5b","tatianefsm2000@gmail.com","false"
"2026-05-13","Jhulli Êmily Martins Nunes","","false","13:00","69cab48cce1c3df3215b2752","14:00","Civil","agendado","6a034c232594a1adde07f7fc","2026-05-12T15:49:55.471000","2026-05-12T15:49:55.471000","69e8b3e6578c929cf94963e6","jhulliemily2014@gmail.com","false"
"2026-05-14","Helder Raimundo de Moraes","","false","12:00","69cab4fa68d464d95240f98b","13:00","Civil","agendado","6a034335cd21d1725a36ec60","2026-05-12T15:11:49.151000","2026-05-12T15:11:49.151000","69f0b98c8ab0e5fe3945ffd5","hmoraes74@gmail.com","false"
"2026-05-13","André Fonseca Pinto Osorio","","false","08:00","69cab498a17506f70c6237c3","09:00","Civil","agendado","6a03418821dba84e4f90a50c","2026-05-12T15:04:40.026000","2026-05-12T15:04:40.026000","69eb7124b260ea0371181af3","andreosorio10@gmail.com","false"
"2026-05-12","Lucas Façanha de Oliveira Carvalho","","false","12:00","69cab53f95aecd6313a1094a","13:00","Civil","agendado","6a034002fea5a21fc8ee192f","2026-05-12T14:58:10.132000","2026-05-12T14:58:10.132000","69e8b3d9db2701e07f3d9515","lucasoliveira.ifam@gmail.com","false"
"2026-05-13","Lucas Façanha de Oliveira Carvalho","","false","17:00","69cab53f95aecd6313a1094a","18:00","Civil","agendado","6a033d9bf36c1bb839ecba55","2026-05-12T14:47:55.987000","2026-05-12T14:47:55.987000","69e8b3d9db2701e07f3d9515","lucasoliveira.ifam@gmail.com","false"
"2026-05-13","Julio Cesar de Morais Souza","","false","11:00","69cab4faeab3702f5a63795e","12:00","Civil","agendado","6a0331bac9f4fae4340c1c16","2026-05-12T13:57:14.553000","2026-05-12T13:57:14.553000","69f8d5097166a59dfa38211f","juliocesar12059734@gmail.com","false"
"2026-05-12","Marcio Junio Rodrigues de Freitas","","false","17:00","69cab4fdb65777e18fa16281","18:00","Civil","agendado","6a032d7601bbc68ca3750dff","2026-05-12T13:39:02.495000","2026-05-12T13:39:02.495000","69e8b3cb227404cd41911786","marciosoriso@gmail.com","false"
"2026-05-13","Thiago Marques Leão","","false","12:00","69cab49382a748187c66ec50","13:00","Civil","agendado","6a032c9e193ef8b5feb449e0","2026-05-12T13:35:26.355000","2026-05-12T13:35:26.355000","69e8b3a39df58dcdca94d144","thiagomarquesleao@gmail.com","false"
"2026-05-12","Giovanna Alves Guardiere ","","false","17:00","69fc846f76670092689fba5b","18:00","Civil","agendado","6a032b046cfd910076c359e5","2026-05-12T13:28:36.900000","2026-05-12T13:28:36.900000","69f3a2bdd479a05ce50eb8df","giovannaalves978@gmail.com","false"
"2026-05-12","Marcia da Silva Coutinho","","false","16:00","69cab53186a8212571cbebfa","17:00","Civil","agendado","6a031ca6c292801e8bc4eee6","2026-05-12T12:27:18.707000","2026-05-12T12:27:18.707000","69f1eb6d936f80ebdd9a578e","marcinhacoutinho.foto@gmail.com","false"
"2026-05-12","Paulo Henrique Nunes da Silva Araújo","","false","16:00","69cab4a2f74af4c7f98e624b","17:00","Civil","agendado","6a031c638707251f94ec47c7","2026-05-12T12:26:11.937000","2026-05-12T12:26:11.937000","69e8b3a96c5e364f790390bf","paulonv70@gmail.com","false"
"2026-05-13","Laura Lula Ramos","","false","11:00","69cab4845646d7497cb9aa56","12:00","Civil","agendado","6a031a86a7b8f77331d9ea34","2026-05-12T12:18:14.851000","2026-05-12T12:18:14.851000","69e8b3b1c23f02f059fbe05f","lauralular@gmail.com","false"
"2026-05-12","Lívia Maria Batista da Silva","","false","12:00","69cab4ed0b51026b52fe7c88","13:00","Civil","agendado","6a0316b82002f1f780e404ae","2026-05-12T12:02:00.590000","2026-05-12T12:02:00.590000","69e8b3d0276e0faaaaece9f8","liviasa.cultura@gmail.com","false"
"2026-05-12","Lívia Maria Batista da Silva","","false","12:00","69cab4ed0b51026b52fe7c88","13:00","Civil","agendado","6a0316b630a7894e1287ace6","2026-05-12T12:01:58.731000","2026-05-12T12:01:58.731000","69e8b3d0276e0faaaaece9f8","liviasa.cultura@gmail.com","false"
"2026-05-12","Lívia Maria Batista da Silva","","false","12:00","69cab4ed0b51026b52fe7c88","13:00","Civil","agendado","6a0316b36268d60afbd29511","2026-05-12T12:01:55.851000","2026-05-12T12:01:55.851000","69e8b3d0276e0faaaaece9f8","liviasa.cultura@gmail.com","false"
"2026-05-13","Márcia de Araújo Gontijo","","false","07:00","69cab4fa6634febf001eb740","08:00","Civil","agendado","6a0311be56178191c0d61597","2026-05-12T11:40:46.838000","2026-05-12T11:40:46.838000","69fe28955bf56f9dc34635d2","marciagontijoadv@gmail.com","false"
"2026-05-13","jhonatas dos santos lima","","false","12:00","69f35624d42a7a848cf80522","13:00","Civil","agendado","6a030ed26879bc4c8a982664","2026-05-12T11:28:18.646000","2026-05-12T11:28:18.646000","69eb712a2f920804f5d6e002","jhonatasvideira@gmail.com","false"
"2026-05-12","Adriana Nascimento Damascena","","false","12:00","69cab54aba0b7b3f017ab41b","13:00","Civil","agendado","6a030d896aece8f1b4498ef0","2026-05-12T11:22:49.458000","2026-05-12T11:22:49.458000","69fe2888f5ab4b90269bc1b0","85383884dri@gmail.com","false"
"2026-05-12","Ismael José dos Santos Filho","","false","12:00","69cab50d46c2a710ba93c1d4","13:00","Civil","agendado","6a030d3b6e203944c368f032","2026-05-12T11:21:31.508000","2026-05-12T11:21:31.508000","69eb714b124295d4decc3504","ismaelfilho.adv@gmail.com","false"
"2026-05-13","Johnathan Pereira de Sousa","","false","13:00","69f88df9ff9cd30a3a32d365","14:00","Civil","agendado","6a030a4c1ef833abe5143099","2026-05-12T11:09:00.446000","2026-05-12T11:09:00.446000","69f1eb63dbe15fae1934137c","johnathan515@gmail.com","false"
"2026-05-12","Johnathan Pereira de Sousa","","false","13:00","69f88df9ff9cd30a3a32d365","14:00","Civil","agendado","6a030a39cf4694aaa8fa70c8","2026-05-12T11:08:41.186000","2026-05-12T11:08:41.186000","69f1eb63dbe15fae1934137c","johnathan515@gmail.com","false"
"2026-05-13","Vanessa Pereira de Carvalho","","false","13:00","69cab510bf777218eaaa8d8f","14:00","Civil","agendado","6a03085817bc16f9f241f5ea","2026-05-12T11:00:40.220000","2026-05-12T11:00:40.220000","69f3a2c36e4365ec9df1c914","vanessapereiraluz@gmail.com","false"
"2026-05-13","Sallyan Vinhadeli Vasconcelos","","false","16:00","69cab48b4ae3b7f6a68fd706","17:00","Civil","agendado","6a030834d3516890d9c18aa6","2026-05-12T11:00:04.632000","2026-05-12T11:00:04.632000","69f1fc7d5180372f8b56f510","sallyanv@gmail.com","false"
"2026-05-12","Vanessa Pereira de Carvalho","","false","13:00","69cab510bf777218eaaa8d8f","14:00","Civil","agendado","6a03082222fdc5b6d976aae2","2026-05-12T10:59:46.046000","2026-05-12T10:59:46.046000","69f3a2c36e4365ec9df1c914","vanessapereiraluz@gmail.com","false"
"2026-05-13","Thayane Cristina Tavares da Silva","","false","17:00","69efa4149a982f6976102820","18:00","Civil","agendado","6a0307ef689a71961370d497","2026-05-12T10:58:55.189000","2026-05-12T10:58:55.189000","69e8b3ac72ff58fcfafa20b1","cristinathco@gmail.com","false"
"2026-05-13","Léa Rosane Barcelos","","false","11:00","69cab555f127d1812d9c958f","12:00","Civil","agendado","6a0306219a453973c7a4f57f","2026-05-12T10:51:13.923000","2026-05-12T10:51:13.923000","69eb7145a368132a1e810354","learosane@gmail.com","false"
"2026-05-12","Carlos Antonio da Silva Vieira","","false","16:00","69cab50cf5516a154093aa81","17:00","Civil","faltou","6a03020f766b566684ba299e","2026-05-12T10:33:51.088000","2026-05-12T19:27:13.441000","69e8b419aec854d1886962c7","carlaoaudiodesigner@gmail.com","false"
"2026-05-13","Luana Cristina Vieira dos Santos ","","false","11:00","69f3405ca624697043cf5b08","12:00","Civil","agendado","6a02ffc84ead53a402f30692","2026-05-12T10:24:08.172000","2026-05-12T10:24:08.172000","69f24dcef9aa003a39e36414","luana2015gyn@gmail.com","false"
"2026-05-13","Indiara Porfírio Ribeiro","","false","16:00","69cab48c17c5690cf3d30c6d","17:00","Civil","agendado","6a02fcabffa78fbbbf059024","2026-05-12T10:10:51.673000","2026-05-12T10:10:51.673000","69e8b3bf55bcfeb78675459e","indiarajujuba@gmail.com","false"
"2026-05-12","Carlos Antônio Madalena","","false","07:00","69f1fbd2b1d8f827f1014b85","08:00","Civil","agendado","6a02f1a26e829fa46e24f914","2026-05-12T09:23:46.084000","2026-05-12T09:23:46.084000","69f1eb66214b21fd581ce36b","advgcarlosmadalena@gmail.com","false"
"2026-05-13","Gilson Pereira da Silva","","false","17:00","69cab4bbce9564de9486ce35","18:00","Civil","agendado","6a027fa615fdabba83278007","2026-05-12T01:17:26.673000","2026-05-12T01:17:26.673000","69eb713d0daf529bb432fcf3","gilson.pereira21@gmail.com","false"
"2026-05-12","Gilson Pereira da Silva","","false","17:00","69cab4bbce9564de9486ce35","18:00","Civil","agendado","6a027f8558d8edbcf50b6be9","2026-05-12T01:16:53.836000","2026-05-12T01:16:53.836000","69eb713d0daf529bb432fcf3","gilson.pereira21@gmail.com","false"
"2026-05-12","Henrique Hideaki Matsutani","","false","17:00","69cab518038f3fca852b8f1b","18:00","Civil","agendado","6a0245cec504e6f8a35d21d8","2026-05-11T21:10:38.415000","2026-05-11T21:10:38.415000","69eb71284e1e0f50e35a8fd2","hideakimatsutani@gmail.com","false"
"2026-05-12","Jonathas Prado","","false","12:00","69cab510f59bbda43a5c5d53","13:00","Civil","agendado","6a0230147aa7621b725d5d57","2026-05-11T19:37:56.837000","2026-05-11T19:37:56.837000","69f9cbc0982435c5f5ca5e3b","jotapbio@gmail.com","false"
"2026-05-11","Guilherme Alves de Souza Araújo","","false","17:00","69cab4aecb5fa9ca033f05e8","18:00","Civil","agendado","6a022f3c2edd078e389f56cb","2026-05-11T19:34:20.380000","2026-05-11T19:34:20.380000","69efb2548749b9622136a800","gui.araujo2207@gmail.com","false"
"2026-05-12","Rafael Santana Marinho","","false","12:00","69cab53eac828741aaea5afd","13:00","Civil","agendado","6a022760e90ccfb41afa08f6","2026-05-11T19:00:48.536000","2026-05-11T19:00:48.536000","69fb769eb6cc56e25e03373f","rflmarinho8@gmail.com","false"
"2026-05-12","Keiliana Cézar ","","false","12:00","6a020eac43fd47bf2e8eb231","13:00","Civil","agendado","6a0223ae99dddbcfd6cb5e07","2026-05-11T18:45:02.103000","2026-05-11T18:45:02.103000","69f8d4ffb937cd00dda8b1d3","kellycesar517@gmail.com","false"
"2026-05-13","Taina Thome Freitas","","false","12:00","69cab4c771c685e9f60324aa","13:00","Civil","agendado","6a021a08487d0e5660322d05","2026-05-11T18:03:52.937000","2026-05-11T18:03:52.937000","69e8b3a16f423e49e47411b4","taina.freitas@goias.gov.br","false"
"2026-05-11","Marcia da Silva Coutinho","","false","16:00","69cab53186a8212571cbebfa","17:00","Civil","agendado","6a02111aa85cabeeb075e3fa","2026-05-11T17:25:46.276000","2026-05-11T17:25:46.276000","69f1eb6d936f80ebdd9a578e","marcinhacoutinho.foto@gmail.com","false"
"2026-05-12","Débora Maia Escher dos Santos","","false","11:00","69fc8102efce393880145d94","12:00","Civil","agendado","6a021025386a15ae196d1ce4","2026-05-11T17:21:41.059000","2026-05-11T17:21:41.059000","69fb76a1a9859e54ff79cc1b","deboraescher19@gmail.com","false"
"2026-05-11","Tatiane Ferreira e Silva Medeiros","","false","17:00","69cab4ae71c685e9f60324a3","18:00","Civil","agendado","6a0208be001e7af6baaeeef6","2026-05-11T16:50:06.031000","2026-05-11T16:50:06.031000","69f0a7979080024735454f5b","tatianefsm2000@gmail.com","false"
"2026-05-12","Thayller Adriell Souza Garcia","","false","12:00","69cab4ee69e0c3af82747389","13:00","Civil","agendado","6a02079bed0a4051c7102878","2026-05-11T16:45:15.006000","2026-05-11T16:45:15.006000","69fa2777a6a8382ee6b53a67","thayller.garcia@goias.gov.br","false"
"2026-05-12","Luana Cristina Vieira dos Santos ","","false","11:00","69f3405ca624697043cf5b08","12:00","Civil","agendado","6a0201327c783af307a3058c","2026-05-11T16:17:54.550000","2026-05-11T16:17:54.550000","69f24dcef9aa003a39e36414","luana2015gyn@gmail.com","false"
"2026-05-12","Gabriele Batista","","false","17:00","69cab4e300553dca6de39a7f","18:00","Civil","agendado","6a01f5a4c2aed9a77fe90e09","2026-05-11T15:28:36.651000","2026-05-11T15:28:36.651000","69f8d5031b4731838f3aa4db","gabrielecastro01@gmail.com","false"
"2026-05-11","Raynna Pereira Neves Barros","","false","13:00","69cab483bcb9efeb569c67e1","14:00","Civil","agendado","6a01e60e3c46a46212a08f92","2026-05-11T14:22:06.628000","2026-05-11T14:22:06.628000","69f0aa040009751ec470fa8b","nevesraynna@gmail.com","false"
"2026-05-11","Thayller Adriell Souza Garcia","","false","12:00","69cab4ee69e0c3af82747389","13:00","Civil","agendado","6a01df5bba6c9942605ad38d","2026-05-11T13:53:31.430000","2026-05-11T13:53:31.430000","69fa2777a6a8382ee6b53a67","thayller.garcia@goias.gov.br","false"
"2026-05-12","Thiago Marques Leão","","false","12:00","69cab49382a748187c66ec50","13:00","Civil","agendado","6a01d63200586dfe86b21af8","2026-05-11T13:14:26.123000","2026-05-11T13:14:26.123000","69e8b3a39df58dcdca94d144","thiagomarquesleao@gmail.com","false"
"2026-05-11","Thiago Marques Leão","","false","12:00","69cab49382a748187c66ec50","13:00","Civil","agendado","6a01d61893799a0dc3796c43","2026-05-11T13:14:00.211000","2026-05-11T13:14:00.211000","69e8b3a39df58dcdca94d144","thiagomarquesleao@gmail.com","false"
"2026-05-11","Delma Maria Guimaraes","","false","11:00","69cab4bb4badc9d3592723d2","12:00","Civil","agendado","6a01d48ffa6f568a3acf6724","2026-05-11T13:07:27.848000","2026-05-11T13:07:27.848000","69f0e717c3c33b89a2f9e02a","delmagui333@gmail.com","false"
"2026-05-11","Uerica Agapito Pereira","","false","12:00","69cab53f1d112c5a2797d789","13:00","Civil","agendado","6a01d2ec88a3756079d20e9c","2026-05-11T13:00:28.435000","2026-05-11T13:00:28.435000","69f09fd3ef3fe8e89a0d5919","uericaagapito.adv@gmail.com","false"
"2026-05-11","Paulo Henrique Nunes da Silva Araújo","","false","16:00","69cab4a2f74af4c7f98e624b","17:00","Civil","agendado","6a01cc144449ffaa65567a52","2026-05-11T12:31:16.275000","2026-05-11T12:31:16.275000","69e8b3a96c5e364f790390bf","paulonv70@gmail.com","false"
"2026-05-11","Lucas Façanha de Oliveira Carvalho","","false","17:00","69cab53f95aecd6313a1094a","18:00","Civil","agendado","6a01c9ec93cbe3435796a056","2026-05-11T12:22:04.437000","2026-05-11T12:22:04.437000","69e8b3d9db2701e07f3d9515","lucasoliveira.ifam@gmail.com","false"
"2026-05-12","Rafaela Franzoni Marques","","false","12:00","69f9cddf1e81ff14d278df5e","13:00","Civil","agendado","6a01c4ab4f8d47af9b8b44ee","2026-05-11T11:59:39.473000","2026-05-11T11:59:39.473000","69f8e2f80271cf78f7858d16","rafaelafranzoni@gmail.com","false"
"2026-05-11","Rafaela Franzoni Marques","","false","12:00","69f9cddf1e81ff14d278df5e","13:00","Civil","agendado","6a01c484dc9fb977a04dd217","2026-05-11T11:59:00.621000","2026-05-11T11:59:00.621000","69f8e2f80271cf78f7858d16","rafaelafranzoni@gmail.com","false"
"2026-05-11","Jorge Luiz de Oliveira Matias","","false","17:00","69cab4e2c35c29533c905645","18:00","Civil","agendado","6a01c3608dc3a41dc4f53299","2026-05-11T11:54:08.002000","2026-05-11T11:54:08.002000","69f8e2fa7ba4c6c8eb1b7227","jorge.matias@discente.ufg.br","false"
"2026-05-12","Guilherme Lima de Sena","","false","17:00","69cab51d8bf415ccbaf6955b","18:00","Civil","agendado","6a01c2a84b7473fb1ac98355","2026-05-11T11:51:04.567000","2026-05-11T11:51:04.567000","69f8d5070e6979860429cfd6","guisenna73@gmail.com","false"
"2026-05-11","Guilherme Lima de Sena","","false","17:00","69cab51d8bf415ccbaf6955b","18:00","Civil","agendado","6a01c29b29b42a568d956728","2026-05-11T11:50:51.964000","2026-05-11T11:50:51.964000","69f8d5070e6979860429cfd6","guisenna73@gmail.com","false"
"2026-05-11","Giovanna Alves Guardiere ","","false","17:00","69fc846f76670092689fba5b","18:00","Civil","agendado","6a01c21ddd1754ec52463e95","2026-05-11T11:48:45.347000","2026-05-11T11:48:45.347000","69f3a2bdd479a05ce50eb8df","giovannaalves978@gmail.com","false"
"2026-05-11","Camila Amâncio Araújo Valadares","","false","12:00","69cab528ab7b73583ccff6f6","13:00","Civil","agendado","6a01c1ff71079eab772635b4","2026-05-11T11:48:15.131000","2026-05-11T11:48:15.131000","69e8b3cd699596113662a7d8","camilaavaladares@gmail.com","false"
"2026-05-12","jhonatas dos santos lima","","false","12:00","69f35624d42a7a848cf80522","13:00","Civil","agendado","6a01c1cc166aa5267a681234","2026-05-11T11:47:24.811000","2026-05-11T11:47:24.811000","69eb712a2f920804f5d6e002","jhonatasvideira@gmail.com","false"
"2026-05-11","jhonatas dos santos lima","","false","12:00","69f35624d42a7a848cf80522","13:00","Civil","agendado","6a01c1c05099ea2fd65ec0f1","2026-05-11T11:47:12.861000","2026-05-11T11:47:12.861000","69eb712a2f920804f5d6e002","jhonatasvideira@gmail.com","false"
"2026-05-11","Rafael Santana Marinho","","false","11:00","69cab53eac828741aaea5afd","12:00","Civil","agendado","6a01c062c3094cd7e97488da","2026-05-11T11:41:22.301000","2026-05-11T11:41:22.301000","69fb769eb6cc56e25e03373f","rflmarinho8@gmail.com","false"
"2026-05-11","Taina Thome Freitas","","false","12:00","69cab4c771c685e9f60324aa","13:00","Civil","agendado","6a01bec8a2d48e52c332a343","2026-05-11T11:34:32.593000","2026-05-11T11:34:32.593000","69e8b3a16f423e49e47411b4","taina.freitas@goias.gov.br","false"
"2026-05-11","Lívia Maria Batista da Silva","","false","12:00","69cab4ed0b51026b52fe7c88","13:00","Civil","agendado","6a01beacfd401c3dff9ebb74","2026-05-11T11:34:04.860000","2026-05-11T11:34:04.860000","69e8b3d0276e0faaaaece9f8","liviasa.cultura@gmail.com","false"
"2026-05-12","Marcos Lopes de Souza","","false","12:00","69cab4a6d886e77a5a0bd8f9","13:00","Civil","agendado","6a01be0a8a8e0a6461395c0f","2026-05-11T11:31:22.086000","2026-05-11T11:31:22.086000","69efccfae228f77c31effa3e","marcos.lsouza@goias.gov.br","false"
"2026-05-11","Marcos Lopes de Souza","","false","12:00","69cab4a6d886e77a5a0bd8f9","13:00","Civil","agendado","6a01bdfaf301d38d371a123c","2026-05-11T11:31:06.353000","2026-05-11T11:31:06.353000","69efccfae228f77c31effa3e","marcos.lsouza@goias.gov.br","false"
"2026-05-11","Carlos Henrique Ferreira Santos","","false","17:00","69cab4ac0916e78eed2006b2","18:00","Civil","agendado","6a01bab095c37bdd6643749a","2026-05-11T11:17:04.241000","2026-05-11T11:17:04.241000","69eb815a6faab5200f1325b9","carlohenrysanto@gmail.com","false"
"2026-05-11","Guilherme Henrique Silva Costa","","false","13:00","69cab4a6d780b67cefdd205b","14:00","Civil","agendado","6a01ba966d04edf4ce44d2ec","2026-05-11T11:16:38.363000","2026-05-11T11:16:38.363000","69f35391594eba71f28fb6ad","guilhermeembuscadoepeg@gmail.com","false"
"2026-05-11","Marcio Junio Rodrigues de Freitas","","false","17:00","69cab4fdb65777e18fa16281","18:00","Civil","agendado","6a01ba1a8b2c31b73af2fe3b","2026-05-11T11:14:34.044000","2026-05-11T11:14:34.044000","69e8b3cb227404cd41911786","marciosoriso@gmail.com","false"
"2026-05-11","DÉBORA MAIA ESCHER DOS SANTOS","","false","11:00","69fc8102efce393880145d94","12:00","Civil","agendado","6a01b9bbea488abbd678364f","2026-05-11T11:12:59.626000","2026-05-11T11:12:59.626000","69fb76a1a9859e54ff79cc1b","deboraescher19@gmail.com","false"
"2026-05-11","Tatiana de Jesus Mesquita","","false","12:00","69cab527d79a982796b8d962","13:00","Civil","agendado","6a01b9a9c294950d97aafca6","2026-05-11T11:12:41.124000","2026-05-11T11:12:41.124000","69f24dca8f997ab8b9cb6aad","tatianamesquiita2020@gmail.com","false"
"2026-05-11","José Porto França Neto","","false","12:00","69cab51cf59bbda43a5c5d57","13:00","Civil","agendado","6a01b8d22746a44e430b7996","2026-05-11T11:09:06.562000","2026-05-11T11:09:06.562000","69eb712c92a6132bbc608daf","portobritto@gmail.com","false"
"2026-05-11","Raimunda Soronha de Oliveira dos Reis","","false","17:00","69cab4acf9e6540401a079f2","18:00","Civil","agendado","6a01b8b4edb5fddd002fb8d0","2026-05-11T11:08:36.896000","2026-05-11T11:08:36.896000","69f0ed6a8aee7b0f624a8555","soronha.reis@gmail.com","false"
"2026-05-11","Raniery Morais Miranda","","false","12:00","69cab5298bf415ccbaf69560","13:00","Civil","agendado","6a01b889b6c4cee9390402cc","2026-05-11T11:07:53.756000","2026-05-11T11:07:53.756000","69eb7130c8c6a653226322d0","mirandaraniery@gmail.com","false"
"2026-05-12","Lázara Tatiana Pereira de Lima","","false","11:00","69cab5409b141921d6a9bac9","12:00","Civil","agendado","6a01b09b5e01b9a16bd7f8e7","2026-05-11T10:34:03.422000","2026-05-11T10:34:03.422000","69e8b3d7f0a0a48eb1af80d9","sesmt.publico@gmail.com","false"
"2026-05-11","Lázara Tatiana Pereira de Lima","","false","11:00","69cab5409b141921d6a9bac9","12:00","Civil","agendado","6a01b08b9bd76a01d91825fc","2026-05-11T10:33:47.651000","2026-05-11T10:33:47.651000","69e8b3d7f0a0a48eb1af80d9","sesmt.publico@gmail.com","false"
"2026-05-12","Sallyan Vinhadeli Vasconcelos","","false","16:00","69cab48b4ae3b7f6a68fd706","17:00","Civil","agendado","6a01abd47abdd8863502d46e","2026-05-11T10:13:40.835000","2026-05-11T10:13:40.835000","69f1fc7d5180372f8b56f510","sallyanv@gmail.com","false"
"2026-05-11","Luana Cristina Vieira dos Santos ","","false","11:00","69f3405ca624697043cf5b08","12:00","Civil","agendado","6a01ab380328d2893ff0f4f1","2026-05-11T10:11:04.917000","2026-05-11T10:11:04.917000","69f24dcef9aa003a39e36414","luana2015gyn@gmail.com","false"
"2026-05-12","Antonino Batista Júnior","","false","17:00","69cab53d8efef97e8a0f03b3","18:00","Civil","agendado","6a01a8685e0d0b4e2a0614b1","2026-05-11T09:59:04.373000","2026-05-11T09:59:04.373000","69e8b3ceaa15a6de33954e67","antoninobj@gmail.com","false"
"2026-05-12","Karla Correia Mendes","","false","16:00","69cab4850c384307831324d8","17:00","Civil","agendado","6a01a7e1ba6078b1480f8df1","2026-05-11T09:56:49.010000","2026-05-11T09:56:49.010000","69f0ab75971b3976ef33a57d","karlamendes1406@gmail.com","false"
"2026-05-11","Karla Correia Mendes","","false","16:00","69cab4850c384307831324d8","17:00","Civil","agendado","6a01a7ce2868be81b8c4ef02","2026-05-11T09:56:30.946000","2026-05-11T09:56:30.946000","69f0ab75971b3976ef33a57d","karlamendes1406@gmail.com","false"
"2026-05-11","Carlos Antônio Madalena","","false","07:00","69f1fbd2b1d8f827f1014b85","08:00","Civil","agendado","6a01a447fde731b7ca53bcfa","2026-05-11T09:41:27.658000","2026-05-11T09:41:27.658000","69f1eb66214b21fd581ce36b","advgcarlosmadalena@gmail.com","false"
"2026-05-12","Thays Rocha Leite","","false","11:00","69cab4bbaaffc414bef709af","12:00","Civil","agendado","6a01a0bfcb2c9a37690d6ab8","2026-05-11T09:26:23.368000","2026-05-11T09:26:23.368000","69f88c68187fcd638dc76bbc","tha_rleite@hotmail.com","false"
"2026-05-11","Thays Rocha Leite","","false","11:00","69cab4bbaaffc414bef709af","12:00","Civil","agendado","6a01a0b6ea479b636859b243","2026-05-11T09:26:14.082000","2026-05-11T09:26:14.082000","69f88c68187fcd638dc76bbc","tha_rleite@hotmail.com","false"
"2026-05-11","Carlos Antonio da Silva Vieira","","false","16:00","69cab50cf5516a154093aa81","17:00","Civil","agendado","6a0197569cb4f496e3a1d89e","2026-05-11T08:46:14.662000","2026-05-11T08:46:14.662000","69e8b419aec854d1886962c7","carlaoaudiodesigner@gmail.com","false"
"2026-05-12","Léa Rosane Barcelos","","false","11:00","69cab555f127d1812d9c958f","12:00","Civil","agendado","6a0113e310aafbc58e0eba99","2026-05-10T23:25:23.841000","2026-05-12T14:56:33.997000","69eb7145a368132a1e810354","learosane@gmail.com","false"
"2026-05-11","Léa Rosane Barcelos","","false","11:00","69cab555f127d1812d9c958f","12:00","Civil","agendado","6a0113d6b166164b19062976","2026-05-10T23:25:10.792000","2026-05-10T23:25:10.792000","69eb7145a368132a1e810354","learosane@gmail.com","false"
"2026-05-12","Thayane Cristina Tavares da Silva","","false","17:00","69efa4149a982f6976102820","18:00","Civil","agendado","6a0111ba51dbf4de39ef1487","2026-05-10T23:16:10.923000","2026-05-10T23:16:10.923000","69e8b3ac72ff58fcfafa20b1","cristinathco@gmail.com","false"
"2026-05-11","Thayane Cristina Tavares da Silva","","false","17:00","69efa4149a982f6976102820","18:00","Civil","agendado","6a0111b1fcfe1baa8b916827","2026-05-10T23:16:01.406000","2026-05-10T23:16:01.406000","69e8b3ac72ff58fcfafa20b1","cristinathco@gmail.com","false"
"2026-05-12","Indiara Porfírio Ribeiro","","false","16:00","69cab48c17c5690cf3d30c6d","17:00","Civil","agendado","6a01049247cff19baf587dd1","2026-05-10T22:20:02.362000","2026-05-10T22:20:02.362000","69e8b3bf55bcfeb78675459e","indiarajujuba@gmail.com","false"
"2026-05-11","Indiara Porfírio Ribeiro","","false","16:00","69cab48c17c5690cf3d30c6d","17:00","Civil","agendado","6a010480af2884db9e75665d","2026-05-10T22:19:44.643000","2026-05-10T22:19:44.643000","69e8b3bf55bcfeb78675459e","indiarajujuba@gmail.com","false"
"2026-05-11","André Fonseca Pinto Osorio","","false","08:00","69cab498a17506f70c6237c3","09:00","Civil","agendado","6a00f4b3c7cb3fd631d69900","2026-05-10T21:12:19.110000","2026-05-10T21:12:19.110000","69eb7124b260ea0371181af3","andreosorio10@gmail.com","false"
"2026-05-11","Antonino Batista Júnior","","false","17:00","69cab53d8efef97e8a0f03b3","18:00","Civil","agendado","6a00e25536688d5c7fc13f84","2026-05-10T19:53:57.095000","2026-05-10T19:53:57.095000","69e8b3ceaa15a6de33954e67","antoninobj@gmail.com","false"
"2026-05-12","Laura Lula Ramos","","false","11:00","69cab4845646d7497cb9aa56","12:00","Civil","agendado","6a00d122868e34bf49f5aaae","2026-05-10T18:40:34.541000","2026-05-10T18:40:34.541000","69e8b3b1c23f02f059fbe05f","lauralular@gmail.com","false"
"2026-05-12","Lia Rodrigues de Oliveira","","false","13:00","69cab4a03ab6550526927a0e","14:00","Civil","agendado","6a00ca1b3e460db6e6821293","2026-05-10T18:10:35.105000","2026-05-10T18:10:35.105000","69eb7138fbc3eca467b8986b","liarodriguesoliveira30@gmail.com","false"
"2026-05-12","Jhulli Êmily Martins Nunes","","false","13:00","69cab48cce1c3df3215b2752","14:00","Civil","agendado","6a00bf5cfd324eed8682049a","2026-05-10T17:24:44.763000","2026-05-10T17:24:44.763000","69e8b3e6578c929cf94963e6","jhulliemily2014@gmail.com","false"
"2026-05-11","Jhulli Êmily Martins Nunes","","false","13:00","69cab48cce1c3df3215b2752","14:00","Civil","agendado","6a00bf54bcdbf14d5b713151","2026-05-10T17:24:36.674000","2026-05-10T17:24:36.674000","69e8b3e6578c929cf94963e6","jhulliemily2014@gmail.com","false"
"2026-05-12","Mariana Albino da Silva","","false","13:00","69cab485b105230925053def","14:00","Civil","agendado","6a00b99b9327466b143d270b","2026-05-10T17:00:11.576000","2026-05-10T17:00:11.576000","69f1eb6197b49acac81ad46a","mariana.albinosilva85@gmail.com","false"
"2026-05-11","Mariana Albino da Silva","","false","13:00","69cab485b105230925053def","14:00","Civil","agendado","6a00b98bc545680b8e226e69","2026-05-10T16:59:55.964000","2026-05-10T16:59:55.964000","69f1eb6197b49acac81ad46a","mariana.albinosilva85@gmail.com","false"
"2026-05-12","Julio Cesar de Morais Souza","","false","11:00","69cab4faeab3702f5a63795e","12:00","Civil","agendado","6a00a3cac4383c5c39352dfb","2026-05-10T15:27:06.485000","2026-05-10T15:27:06.485000","69f8d5097166a59dfa38211f","juliocesar12059734@gmail.com","false"
"2026-05-11","Gabriele Batista","","false","17:00","69cab4e300553dca6de39a7f","18:00","Civil","agendado","6a009c5bc0bb9dd0ccf81630","2026-05-10T14:55:23.319000","2026-05-10T14:55:23.319000","69f8d5031b4731838f3aa4db","gabrielecastro01@gmail.com","false"
"2026-05-11","Mel Cardoso Souza","","false","11:00","69cab4844ae3b7f6a68fd705","12:00","Civil","agendado","6a0088ea5380275994705dd2","2026-05-10T13:32:26.676000","2026-05-10T13:32:26.676000","69e8b3e718a06dc553782bd2","mel2005cardoso@gmail.com","false"
"2026-05-11","Helder Raimundo de Moraes","","false","12:00","69cab4fa68d464d95240f98b","13:00","Civil","agendado","6a002cf07fab750503b8a233","2026-05-10T07:00:00.746000","2026-05-10T07:00:00.746000","69f0b98c8ab0e5fe3945ffd5","hmoraes74@gmail.com","false"
"2026-05-11","Laura Lula Ramos","","false","11:00","69cab4845646d7497cb9aa56","12:00","Civil","agendado","69ffdb9411db681e5b72fd8b","2026-05-10T01:12:52.593000","2026-05-10T01:12:52.593000","69e8b3b1c23f02f059fbe05f","lauralular@gmail.com","false"
"2026-05-11","Antônio Gabriel Marcimiano de Moraes","","false","17:00","69cab5533f4cbe4cc715f000","18:00","Civil","agendado","69ff9eb251722134490ac1d4","2026-05-09T20:53:06.031000","2026-05-09T20:53:06.031000","69e8bd46281c43278d0d48e9","gabrielgynh@gmail.com","false"
"2026-05-11","Caio César Silva Oliveira","","false","17:00","69cab5528917bc7d06ec9f36","18:00","Civil","agendado","69ff9e02492c15977058d7af","2026-05-09T20:50:10.946000","2026-05-09T20:50:10.946000","69e8b3c510a6ab1ad3da4cd2","caiooliveira92@gmail.com","false"
"2026-05-11","Julio Cesar de Morais Souza","","false","11:00","69cab4faeab3702f5a63795e","12:00","Civil","agendado","69ff7f06cae55b8570f8d21b","2026-05-09T18:37:58.577000","2026-05-09T18:37:58.577000","69f8d5097166a59dfa38211f","juliocesar12059734@gmail.com","false"
"2026-05-11","Ana Carolina Silva de Araujo Peixoto","","false","07:00","69cab50fec6532662ba58f05","08:00","Civil","agendado","69ff171cde93c455894844ff","2026-05-09T11:14:36.907000","2026-05-09T11:14:36.907000","69e8b3abbdd54859f2b7eadf","ana.anacarol1403@gmail.com","false"
"2026-05-08","Marcio Junio Rodrigues de Freitas","","false","17:00","69cab4fdb65777e18fa16281","18:00","Civil","agendado","69fe06672d1b4b1d481016c4","2026-05-08T15:51:03.756000","2026-05-08T15:51:03.756000","69e8b3cb227404cd41911786","marciosoriso@gmail.com","false"
"2026-05-08","Lucas Gabriel Souza Ribeiro","","false","12:00","69cab532ba0b7b3f017ab3af","13:00","Civil","agendado","69fdf71db557e55912a09db1","2026-05-08T14:45:49.506000","2026-05-08T14:45:49.506000","69e8b3da0727cf73320d3bc0","lucasgabrielsouzaribeiro@gmail.com","false"
"2026-05-08","Ismael José dos Santos Filho","","false","12:00","69cab50d46c2a710ba93c1d4","13:00","Civil","agendado","69fdf3c329dfa1d2d4de6723","2026-05-08T14:31:31.665000","2026-05-08T14:31:31.665000","69eb714b124295d4decc3504","ismaelfilho.adv@gmail.com","false"
"2026-05-08","jhonatas dos santos lima","","false","12:00","69f35624d42a7a848cf80522","13:00","Civil","agendado","69fdf029efa8ffd8b8a5fbe6","2026-05-08T14:16:09.701000","2026-05-08T14:16:09.701000","69eb712a2f920804f5d6e002","jhonatasvideira@gmail.com","false"
"2026-05-08","Diêssa Pontes Cruz","","false","13:00","69cab547bd2926025f139df4","14:00","Civil","agendado","69fde40ddd2897057e086e5e","2026-05-08T13:24:29.916000","2026-05-08T13:24:29.916000","69e8b41d874d2bd5ad2a947f","diessacruz@gmail.com","false"
"2026-05-08","Indiara Porfírio Ribeiro","","false","15:00","69cab48c17c5690cf3d30c6d","16:00","Civil","agendado","69fdd5d4ef92399147fae104","2026-05-08T12:23:48.588000","2026-05-08T12:23:48.588000","69e8b3bf55bcfeb78675459e","indiarajujuba@gmail.com","false"
"2026-05-08","Sallyan Vinhadeli Vasconcelos","","false","15:00","69cab48b4ae3b7f6a68fd706","16:00","Civil","agendado","69fdd5ba9161ab5591116b5e","2026-05-08T12:23:22.245000","2026-05-08T12:23:22.245000","69f1fc7d5180372f8b56f510","sallyanv@gmail.com","false"
"2026-05-08","Nádya de Sá Almeida Costa Silva","","false","12:00","69cab48b36611447155e197c","13:00","Civil","agendado","69fdc6ebf4aa00666d151beb","2026-05-08T11:20:11.431000","2026-05-08T11:20:11.431000","69f09cc40b09eba29a789e8a","eng.nadyasa@gmail.com","false"
"2026-05-08","Marcos Lopes de Souza","","false","11:00","69cab4a6d886e77a5a0bd8f9","12:00","Civil","agendado","69fdc2d154f47806395740f0","2026-05-08T11:02:41.284000","2026-05-08T14:49:32.930000","69efccfae228f77c31effa3e","marcos.lsouza@goias.gov.br","false"
"2026-05-08","Carlos Antônio Madalena","","false","11:00","69f1fbd2b1d8f827f1014b85","12:00","Civil","agendado","69fdb49d5a15e941a698a38e","2026-05-08T10:02:05.916000","2026-05-08T10:02:05.916000","69f1eb66214b21fd581ce36b","advgcarlosmadalena@gmail.com","false"
"2026-05-08","Guilherme Lima de Sena","","false","12:00","69cab51d8bf415ccbaf6955b","13:00","Civil","agendado","69fd07f2e34f34b89a6a64fc","2026-05-07T21:45:22.427000","2026-05-07T21:45:22.427000","69f8d5070e6979860429cfd6","guisenna73@gmail.com","false"
"2026-05-08","Julio Cesar de Morais Souza","","false","11:00","69cab4faeab3702f5a63795e","12:00","Civil","agendado","69fcffd59963c050e9e91346","2026-05-07T21:10:45.493000","2026-05-07T21:10:45.493000","69f8d5097166a59dfa38211f","juliocesar12059734@gmail.com","false"
"2026-05-07","Christopher Rezende dos Santos","","false","17:00","69cab4979b5fdbe480b0e5ac","18:00","Civil","agendado","69fcec34af12eaac86beb4c9","2026-05-07T19:47:00.665000","2026-05-07T19:47:00.665000","69e8b3b7c661173bf72396b3","christopherseapa@gmail.com","false"
"2026-05-08","Elisa Parreira de Castro Alves","","false","17:00","69cab4958987e567777aa8e9","18:00","Civil","agendado","69fcde7e4870e2cab581965d","2026-05-07T18:48:30.277000","2026-05-07T18:48:30.277000","69f3539372bfccf5cae537b8","elisa.pdca@gmail.com","false"
"2026-05-08","Thiago Marques Leão","","false","12:00","69cab49382a748187c66ec50","13:00","Civil","agendado","69fcdba9b69488413b7796e1","2026-05-07T18:36:25.144000","2026-05-07T18:36:25.144000","69e8b3a39df58dcdca94d144","thiagomarquesleao@gmail.com","false"
"2026-05-08","Lívia Maria Batista da Silva","","false","08:00","69cab4ed0b51026b52fe7c88","09:00","Civil","agendado","69fcd62d5e3d69396aa1a016","2026-05-07T18:13:01.100000","2026-05-07T18:13:01.100000","69e8b3d0276e0faaaaece9f8","liviasa.cultura@gmail.com","false"
"2026-05-08","Lia Rodrigues de Oliveira","","false","13:00","69cab4a03ab6550526927a0e","14:00","Civil","agendado","69fcd30ec811ee7cea5384ad","2026-05-07T17:59:42.001000","2026-05-07T17:59:42.001000","69eb7138fbc3eca467b8986b","liarodriguesoliveira30@gmail.com","false"
"2026-05-08","Luana Cristina Vieira dos Santos ","","false","11:00","69f3405ca624697043cf5b08","12:00","Civil","agendado","69fcd1fe50f9b4452edf846f","2026-05-07T17:55:10.747000","2026-05-07T17:55:10.747000","69f24dcef9aa003a39e36414","luana2015gyn@gmail.com","false"
"2026-05-08","Paulo Henrique Nunes da Silva Araújo","","false","13:00","69cab4a2f74af4c7f98e624b","14:00","Civil","agendado","69fcce6179e928c82ffc4ed1","2026-05-07T17:39:45.509000","2026-05-07T17:39:45.509000","69e8b3a96c5e364f790390bf","paulonv70@gmail.com","false"
"2026-05-07","Joao Vitor Pedroza","","false","15:00","69cab4b25f739b9e014b59df","16:00","Civil","agendado","69fcc70bbc3d372d0203e905","2026-05-07T17:08:27.651000","2026-05-07T17:08:27.651000","69e8b3d41688ab2449b6171f","joaovitorpedroza@gmail.com","false"
"2026-05-07","Sophia Lannah Beatriz Ferreira de Sousa","","false","13:00","69cab498f494b0e0a3a2252c","14:00","Civil","agendado","69fcb2fccb1c77a83b00e22b","2026-05-07T15:42:52.104000","2026-05-07T15:42:52.104000","69e8b3e3ed8dfc592768740f","sophialannah123@gmail.com","false"
"2026-05-07","Tatiane Ferreira e Silva Medeiros","","false","17:00","69cab4ae71c685e9f60324a3","18:00","Civil","agendado","69fcac81c061bbf156d4d5df","2026-05-07T15:15:13.613000","2026-05-07T15:15:13.613000","69f0a7979080024735454f5b","tatianefsm2000@gmail.com","false"
"2026-05-08","Mel Cardoso Souza","","false","11:00","69cab4844ae3b7f6a68fd705","12:00","Civil","agendado","69fcac0c54ee3edcbaad1460","2026-05-07T15:13:16.967000","2026-05-07T15:13:16.967000","69e8b3e718a06dc553782bd2","mel2005cardoso@gmail.com","false"
"2026-05-07","Lariza Cori Thomaz Nogueira","","false","13:00","69f1fc1f966c41d8f2d01ced","14:00","Civil","agendado","69fc988b9f66f76cf86e314f","2026-05-07T13:50:03.934000","2026-05-07T13:50:03.934000","69f3a2c6bc8b6cab6e884a64","lilariza.cori@gmail.com","false"
"2026-05-07","Nádya de Sá Almeida Costa Silva","","false","12:00","69cab48b36611447155e197c","13:00","Civil","agendado","69fc96126db6864090c5a7f0","2026-05-07T13:39:30.418000","2026-05-07T13:39:30.418000","69f09cc40b09eba29a789e8a","eng.nadyasa@gmail.com","false"
"2026-05-07","Marcio Junio Rodrigues de Freitas","","false","17:00","69cab4fdb65777e18fa16281","18:00","Civil","agendado","69fc82eefb3fa0d58914a03e","2026-05-07T12:17:50.825000","2026-05-07T12:17:50.825000","69e8b3cb227404cd41911786","marciosoriso@gmail.com","false"
"2026-05-08","Fabiola Ariadne R. Oliveira","","false","12:00","69cab4fa957e7338363be374","13:00","Civil","agendado","69fc7ee1abdd9209eabe0c55","2026-05-07T12:00:33.314000","2026-05-07T12:00:33.314000","69f1eb6b936f80ebdd9a578d","fabiulosa@gmail.com","false"
"2026-05-07","Antônio Gabriel Marcimiano de Moraes","","false","17:00","69cab5533f4cbe4cc715f000","18:00","Civil","agendado","69fc7d0a43f6817f26f14265","2026-05-07T11:52:42.935000","2026-05-07T11:52:42.935000","69e8bd46281c43278d0d48e9","gabrielgynh@gmail.com","false"
"2026-05-07","Ismael José dos Santos Filho","","false","12:00","69cab50d46c2a710ba93c1d4","13:00","Civil","agendado","69fc71953bb87dfc091b268d","2026-05-07T11:03:49.933000","2026-05-07T11:03:49.933000","69eb714b124295d4decc3504","ismaelfilho.adv@gmail.com","false"
"2026-05-08","Mariana Albino da Silva","","false","07:00","69cab485b105230925053def","08:00","Civil","agendado","69fc6f2dda1b12f1d113fbdb","2026-05-07T10:53:33.746000","2026-05-07T10:53:33.746000","69f1eb6197b49acac81ad46a","mariana.albinosilva85@gmail.com","false"
"2026-05-07","Lázara Tatiana Pereira de Lima","","false","11:00","69cab5409b141921d6a9bac9","12:00","Civil","agendado","69fc6a2685fff1a894bba283","2026-05-07T10:32:06.543000","2026-05-07T10:32:06.543000","69e8b3d7f0a0a48eb1af80d9","sesmt.publico@gmail.com","false"
"2026-05-07","Luana Cristina Vieira dos Santos ","","false","11:00","69f3405ca624697043cf5b08","12:00","Civil","agendado","69fc6a0a1bca8cae202f8c8c","2026-05-07T10:31:38.122000","2026-05-07T10:31:38.122000","69f24dcef9aa003a39e36414","luana2015gyn@gmail.com","false"
"2026-05-07","Carlos Antônio Madalena","","false","07:00","69f1fbd2b1d8f827f1014b85","08:00","Civil","agendado","69fc5df6103dfcc7630e7584","2026-05-07T09:40:06.592000","2026-05-07T09:40:06.592000","69f1eb66214b21fd581ce36b","advgcarlosmadalena@gmail.com","false"
"2026-05-07","Tatiana de Jesus Mesquita","","false","12:00","69cab527d79a982796b8d962","13:00","Civil","agendado","69fbca8898688cc0a167c834","2026-05-06T23:11:04.573000","2026-05-06T23:11:04.573000","69f24dca8f997ab8b9cb6aad","tatianamesquiita2020@gmail.com","false"
"2026-05-08","Antônio Gabriel Marcimiano de Moraes","","false","12:00","69cab5533f4cbe4cc715f000","13:00","Civil","agendado","69fbb05cd297ef6b62d66ad4","2026-05-06T21:19:24.741000","2026-05-06T21:19:24.741000","69e8bd46281c43278d0d48e9","gabrielgynh@gmail.com","false"
"2026-05-08","Gilson Pereira da Silva","","false","17:00","69cab4bbce9564de9486ce35","18:00","Civil","agendado","69fba7f08faffa540c9f9c22","2026-05-06T20:43:28.620000","2026-05-06T20:43:28.620000","69eb713d0daf529bb432fcf3","gilson.pereira21@gmail.com","false"
"2026-05-06","Lariza Cori Thomaz Nogueira","","false","17:00","69f1fc1f966c41d8f2d01ced","18:00","Civil","agendado","69fb9ce709a2f767857f0276","2026-05-06T19:56:23.318000","2026-05-06T19:56:23.318000","69f3a2c6bc8b6cab6e884a64","lilariza.cori@gmail.com","false"
"2026-05-08","Jonathas Prado","","false","12:00","69cab510f59bbda43a5c5d53","13:00","Civil","agendado","69fb8ffdb2e2efcf542b549b","2026-05-06T19:01:17.354000","2026-05-06T19:01:17.354000","69f9cbc0982435c5f5ca5e3b","jotapbio@gmail.com","false"
"2026-05-08","José Porto França Neto","","false","12:00","69cab51cf59bbda43a5c5d57","13:00","Civil","agendado","69fb7dbb9062f9e9c6270899","2026-05-06T17:43:23.840000","2026-05-06T17:43:23.840000","69eb712c92a6132bbc608daf","portobritto@gmail.com","false"
"2026-05-07","José Porto França Neto","","false","12:00","69cab51cf59bbda43a5c5d57","13:00","Civil","agendado","69fb7dafc326fcee1e243acd","2026-05-06T17:43:11.345000","2026-05-06T17:43:11.345000","69eb712c92a6132bbc608daf","portobritto@gmail.com","false"
"2026-05-07","Guilherme Henrique Silva Costa","","false","13:00","69cab4a6d780b67cefdd205b","14:00","Civil","agendado","69fb78506cd26ca2872736e3","2026-05-06T17:20:16.380000","2026-05-06T17:20:16.380000","69f35391594eba71f28fb6ad","guilhermeembuscadoepeg@gmail.com","false"
"2026-05-07","Camila Amâncio Araújo Valadares","","false","12:00","69cab528ab7b73583ccff6f6","13:00","Civil","agendado","69fb6cb6856ba40a2278cd9e","2026-05-06T16:30:46.929000","2026-05-06T16:30:46.929000","69e8b3cd699596113662a7d8","camilaavaladares@gmail.com","false"
"2026-05-08","Marianna Silva Marques Freires","","false","11:00","69f0a807ce941e8dde14169d","12:00","Civil","agendado","69fb6381228cc18a61d9371e","2026-05-06T15:51:29.521000","2026-05-06T15:51:29.521000","69e8b3ef4907986aa65fbfca","marianna.freires11@gmail.com","false"
"2026-05-08","Caio César Silva Oliveira","","false","12:00","69cab5528917bc7d06ec9f36","13:00","Civil","agendado","69fb6269f509006a857519e7","2026-05-06T15:46:49.783000","2026-05-06T15:46:49.783000","69e8b3c510a6ab1ad3da4cd2","caiooliveira92@gmail.com","false"
"2026-05-07","Paulo Henrique Nunes da Silva Araújo","","false","13:00","69cab4a2f74af4c7f98e624b","14:00","Civil","agendado","69fb6111a59f80dbc11d4c4d","2026-05-06T15:41:05.552000","2026-05-06T15:41:05.552000","69e8b3a96c5e364f790390bf","paulonv70@gmail.com","false"
"2026-05-07","Rafaela Franzoni Marques","","false","12:00","69f9cddf1e81ff14d278df5e","13:00","Civil","agendado","69fb5f009a4a4bd6921b0720","2026-05-06T15:32:16.812000","2026-05-06T15:32:16.812000","69f8e2f80271cf78f7858d16","rafaelafranzoni@gmail.com","false"
"2026-05-08","Priscila Lima Pires","","false","12:00","69cab4c764b86721de5c3a93","13:00","Civil","agendado","69fb58f75bd62df093af489e","2026-05-06T15:06:31.260000","2026-05-06T15:06:31.260000","69e8b40d5dd93ff3b5be838b","priscilapires.art@gmail.com","false"
"2026-05-06","Raynna Pereira Neves Barros","","false","13:00","69cab483bcb9efeb569c67e1","14:00","Civil","agendado","69fb5505432ad51e7e6896f0","2026-05-06T14:49:41.499000","2026-05-06T14:49:41.499000","69f0aa040009751ec470fa8b","nevesraynna@gmail.com","false"
"2026-05-07","Diêssa Pontes Cruz","","false","12:00","69cab547bd2926025f139df4","13:00","Civil","faltou","69fb4a66e9034acf8bef0fe6","2026-05-06T14:04:22.503000","2026-05-07T19:36:56.928000","69e8b41d874d2bd5ad2a947f","diessacruz@gmail.com","false"
"2026-05-07","Lucas Gabriel Souza Ribeiro","","false","12:00","69cab532ba0b7b3f017ab3af","13:00","Civil","faltou","69fb49edff17f9448f7af9e1","2026-05-06T14:02:21.281000","2026-05-07T19:36:54.203000","69e8b3da0727cf73320d3bc0","lucasgabrielsouzaribeiro@gmail.com","false"
"2026-05-06","Lucas Gabriel Souza Ribeiro","","false","12:00","69cab532ba0b7b3f017ab3af","13:00","Civil","agendado","69fb49da23106d25f2e225fa","2026-05-06T14:02:02.851000","2026-05-06T14:02:02.851000","69e8b3da0727cf73320d3bc0","lucasgabrielsouzaribeiro@gmail.com","false"
"2026-05-07","Uerica Agapito Pereira","","false","12:00","69cab53f1d112c5a2797d789","13:00","Civil","agendado","69fb49239fb957fc9f304209","2026-05-06T13:58:59.956000","2026-05-06T13:58:59.956000","69f09fd3ef3fe8e89a0d5919","uericaagapito.adv@gmail.com","false"
"2026-05-06","Thiago Marques Leão","","false","16:00","69cab49382a748187c66ec50","17:00","Civil","agendado","69fb46769b14ad035bd7b2ff","2026-05-06T13:47:34.448000","2026-05-06T13:47:34.448000","69e8b3a39df58dcdca94d144","thiagomarquesleao@gmail.com","false"
"2026-05-06","Clarinha Pereira da Silva Sousa","","false","11:00","69cab4bb2b75e5b3207c8b48","12:00","Civil","agendado","69fb3ab69d059d4c32a87aae","2026-05-06T12:57:26.526000","2026-05-06T12:57:26.526000","69f0e71cb680d3ecfbb47205","clarinhapereira831@gmail.com","false"
"2026-05-07","Delma Maria Guimaraes","","false","11:00","69cab4bb4badc9d3592723d2","12:00","Civil","agendado","69fb3a4dbdf2402b1c11fa6d","2026-05-06T12:55:41.341000","2026-05-06T12:55:41.341000","69f0e717c3c33b89a2f9e02a","delmagui333@gmail.com","false"
"2026-05-06","Delma Maria Guimaraes","","false","11:00","69cab4bb4badc9d3592723d2","12:00","Civil","agendado","69fb3a472fc1bbc77a420382","2026-05-06T12:55:35.212000","2026-05-06T12:55:35.212000","69f0e717c3c33b89a2f9e02a","delmagui333@gmail.com","false"
"2026-05-07","Jhulli Êmily Martins Nunes","","false","13:00","69cab48cce1c3df3215b2752","14:00","Civil","agendado","69fb3761b6250bf93ca84353","2026-05-06T12:43:13.175000","2026-05-06T12:43:13.175000","69e8b3e6578c929cf94963e6","jhulliemily2014@gmail.com","false"
"2026-05-07","Mariana Albino da Silva","","false","13:00","69cab485b105230925053def","14:00","Civil","agendado","69fb37213c0e4f5183059a4f","2026-05-06T12:42:09.866000","2026-05-06T12:42:09.866000","69f1eb6197b49acac81ad46a","mariana.albinosilva85@gmail.com","false"
"2026-05-08","Luciana Nunes do Amaral","","false","07:00","69f245f987f588dbdbc22567","08:00","Civil","agendado","69fb30af3b52af5c38377494","2026-05-06T12:14:39.951000","2026-05-06T12:14:39.951000","69f200bb913a105fdf750586","lna.advogada@gmail.com","false"
"2026-05-07","Luciana Nunes do Amaral","","false","07:00","69f245f987f588dbdbc22567","08:00","Civil","agendado","69fb30878fbc44199199193e","2026-05-06T12:13:59.428000","2026-05-06T12:13:59.428000","69f200bb913a105fdf750586","lna.advogada@gmail.com","false"
"2026-05-07","jhonatas dos santos lima","","false","12:00","69f35624d42a7a848cf80522","13:00","Civil","agendado","69fb2d449850233c921b942c","2026-05-06T12:00:04.787000","2026-05-06T12:00:04.787000","69eb712a2f920804f5d6e002","jhonatasvideira@gmail.com","false"
"2026-05-06","Marcio Junio Rodrigues de Freitas","","false","13:00","69cab4fdb65777e18fa16281","14:00","Civil","agendado","69fb292a2f2dc77565be7315","2026-05-06T11:42:34.238000","2026-05-06T11:42:34.238000","69e8b3cb227404cd41911786","marciosoriso@gmail.com","false"
"2026-05-06","Guilherme Paulino Abrão","","false","11:00","69cab4b98987e567777aa8f6","12:00","Civil","agendado","69fb25a1ddb82ba794b021bb","2026-05-06T11:27:29.023000","2026-05-06T11:27:29.023000","69e8b3af276e0faaaaece9f3","guilherme.abr40@gmail.com","false"
"2026-05-06","Lucas Façanha de Oliveira Carvalho","","false","17:00","69cab53f95aecd6313a1094a","18:00","Civil","agendado","69fb22748b2b5e5ee7aaf77c","2026-05-06T11:13:56.585000","2026-05-06T11:13:56.585000","69e8b3d9db2701e07f3d9515","lucasoliveira.ifam@gmail.com","false"
"2026-05-06","Marcos Vinicius Arantes de Morais","","false","17:00","69cab4b1aa8b91b9733ba71e","18:00","Civil","agendado","69fb2236841f53c94ddfa1f6","2026-05-06T11:12:54.255000","2026-05-06T11:12:54.255000","69e8b42097a92473c7834626","marcosviniciusarantesmorais@gmail.com","false"
"2026-05-07","Léa Rosane Barcelos","","false","11:00","69cab555f127d1812d9c958f","12:00","Civil","agendado","69fb1a96734ac16c54980c84","2026-05-06T10:40:22.832000","2026-05-06T10:40:22.832000","69eb7145a368132a1e810354","learosane@gmail.com","false"
"2026-05-06","Léa Rosane Barcelos","","false","11:00","69cab555f127d1812d9c958f","12:00","Civil","agendado","69fb1a7b1288cfec543b8626","2026-05-06T10:39:55.591000","2026-05-06T10:39:55.591000","69eb7145a368132a1e810354","learosane@gmail.com","false"
"2026-05-06","Carlos Antônio Madalena","","false","08:00","69f1fbd2b1d8f827f1014b85","09:00","Civil","agendado","69fb1245c4f5cae76aa37d72","2026-05-06T10:04:53.724000","2026-05-06T11:47:59.562000","69f1eb66214b21fd581ce36b","advgcarlosmadalena@gmail.com","false"
"2026-05-07","Antonino Batista Júnior","","false","17:00","69cab53d8efef97e8a0f03b3","18:00","Civil","agendado","69fb0f18c67d4978e53248f2","2026-05-06T09:51:20.762000","2026-05-06T09:51:20.762000","69e8b3ceaa15a6de33954e67","antoninobj@gmail.com","false"
"2026-05-06","Antonino Batista Júnior","","false","17:00","69cab53d8efef97e8a0f03b3","18:00","Civil","agendado","69fb0f0528482199975fac5a","2026-05-06T09:51:01.346000","2026-05-06T09:51:01.346000","69e8b3ceaa15a6de33954e67","antoninobj@gmail.com","false"
"2026-05-07","Lia Rodrigues de Oliveira","","false","13:00","69cab4a03ab6550526927a0e","14:00","Civil","agendado","69fb0c48f67988ade70044b9","2026-05-06T09:39:20.351000","2026-05-06T09:39:20.351000","69eb7138fbc3eca467b8986b","liarodriguesoliveira30@gmail.com","false"
"2026-05-07","Márcia Santos Almeida Mota","","false","12:00","69fa286cbd89876a6edd5002","13:00","Civil","agendado","69fb0b51bb4912388e5e3eb7","2026-05-06T09:35:13.465000","2026-05-06T09:35:13.465000","69e8b3ea3024a618d9bbfb4b","marsaalmo@gmail.com","false"
"2026-05-06","Guilherme Lima de Sena","","false","17:00","69cab51d8bf415ccbaf6955b","18:00","Civil","agendado","69fb0a64be4d7b4fa66158a5","2026-05-06T09:31:16.420000","2026-05-06T09:31:16.420000","69f8d5070e6979860429cfd6","guisenna73@gmail.com","false"
"2026-05-07","Laura Lula Ramos","","false","11:00","69cab4845646d7497cb9aa56","12:00","Civil","agendado","69fafddcaa6ef0fa391d4483","2026-05-06T08:37:48.837000","2026-05-06T08:37:48.837000","69e8b3b1c23f02f059fbe05f","lauralular@gmail.com","false"
"2026-05-06","André Fonseca Pinto Osorio","","false","08:00","69cab498a17506f70c6237c3","09:00","Civil","agendado","69fa9aec593491d233370f8f","2026-05-06T01:35:40.390000","2026-05-06T01:35:40.390000","69eb7124b260ea0371181af3","andreosorio10@gmail.com","false"
"2026-05-06","Diêssa Pontes Cruz","","false","08:00","69cab547bd2926025f139df4","09:00","Civil","agendado","69fa922ee2cc7be1f1a5e8a1","2026-05-06T00:58:22.215000","2026-05-06T00:58:22.215000","69e8b41d874d2bd5ad2a947f","diessacruz@gmail.com","false"
"2026-05-07","Vanessa Pereira de Carvalho","","false","13:00","69cab510bf777218eaaa8d8f","14:00","Civil","agendado","69fa8e93411428a0970f3546","2026-05-06T00:42:59.113000","2026-05-06T00:42:59.113000","69f3a2c36e4365ec9df1c914","vanessapereiraluz@gmail.com","false"
"2026-05-07","Julio Cesar de Morais Souza","","false","11:00","69cab4faeab3702f5a63795e","12:00","Civil","agendado","69fa6c8c56fb6f83bc5b1754","2026-05-05T22:17:48.647000","2026-05-05T22:17:48.647000","69f8d5097166a59dfa38211f","juliocesar12059734@gmail.com","false"
"2026-05-07","Caio César Silva Oliveira","","false","17:00","69cab5528917bc7d06ec9f36","18:00","Civil","agendado","69fa5f045441712cc97273e2","2026-05-05T21:20:04.590000","2026-05-05T21:20:04.590000","69e8b3c510a6ab1ad3da4cd2","caiooliveira92@gmail.com","false"
"2026-05-07","Henrique Hideaki Matsutani","","false","17:00","69cab518038f3fca852b8f1b","18:00","Civil","agendado","69fa5809a1d3dcd1e76c9c52","2026-05-05T20:50:17.500000","2026-05-05T20:50:17.500000","69eb71284e1e0f50e35a8fd2","hideakimatsutani@gmail.com","false"
"2026-05-07","Thays Rocha Leite","","false","11:00","69cab4bbaaffc414bef709af","12:00","Civil","agendado","69fa5287681bef10d66babd7","2026-05-05T20:26:47.439000","2026-05-05T20:26:47.439000","69f88c68187fcd638dc76bbc","tha_rleite@hotmail.com","false"
"2026-05-06","Ismael José dos Santos Filho","","false","12:00","69cab50d46c2a710ba93c1d4","13:00","Civil","agendado","69fa5053abfa0e61e73d22f5","2026-05-05T20:17:23.359000","2026-05-05T20:17:23.359000","69eb714b124295d4decc3504","ismaelfilho.adv@gmail.com","false"
"2026-05-06","Carlos Henrique Ferreira Santos","","false","17:00","69cab4ac0916e78eed2006b2","18:00","Civil","agendado","69fa4f3ae5652d2089fb5ad3","2026-05-05T20:12:42.804000","2026-05-05T20:12:42.804000","69eb815a6faab5200f1325b9","carlohenrysanto@gmail.com","false"
"2026-05-06","Raimunda Soronha de Oliveira dos Reis","","false","17:00","69cab4acf9e6540401a079f2","18:00","Civil","agendado","69fa4f31ebb6e3771ee0d6d5","2026-05-05T20:12:33.303000","2026-05-05T20:12:33.303000","69f0ed6a8aee7b0f624a8555","soronha.reis@gmail.com","false"
"2026-05-06","Nádya de Sá Almeida Costa Silva","","false","12:00","69cab48b36611447155e197c","13:00","Civil","agendado","69fa44f0209d541541d4a446","2026-05-05T19:28:48.564000","2026-05-05T19:28:48.564000","69f09cc40b09eba29a789e8a","eng.nadyasa@gmail.com","false"
"2026-05-07","Marcos Lopes de Souza","","false","12:00","69cab4a6d886e77a5a0bd8f9","13:00","Civil","agendado","69fa44c358108369ba5487c7","2026-05-05T19:28:03.317000","2026-05-05T19:28:03.317000","69efccfae228f77c31effa3e","marcos.lsouza@goias.gov.br","false"
"2026-05-06","Marcos Lopes de Souza","","false","12:00","69cab4a6d886e77a5a0bd8f9","13:00","Civil","agendado","69fa44a8e6888efd3a1f7ac7","2026-05-05T19:27:36.395000","2026-05-05T19:27:36.395000","69efccfae228f77c31effa3e","marcos.lsouza@goias.gov.br","false"
"2026-05-06","Karla Correia Mendes","","false","16:00","69cab4850c384307831324d8","17:00","Civil","agendado","69fa36f9724f4927156ebf19","2026-05-05T18:29:13.435000","2026-05-05T18:29:13.435000","69f0ab75971b3976ef33a57d","karlamendes1406@gmail.com","false"
"2026-05-06","Thayller Adriell Souza Garcia","","false","12:00","69cab4ee69e0c3af82747389","13:00","Civil","agendado","69fa2fa875171c020d5aa4e8","2026-05-05T17:58:00.809000","2026-05-05T17:58:00.809000","69fa2777a6a8382ee6b53a67","thayller.garcia@goias.gov.br","false"
"2026-05-05","Divina Eterna Rosa","","false","15:00","69f1fb938cbd0bd184e137d0","16:00","Civil","agendado","69fa2d7f24b05708e6c3ad28","2026-05-05T17:48:47.792000","2026-05-05T17:48:47.792000","69efb25921725f1b4ba6b0e4","jornalistadivina@gmail.com","false"
"2026-05-06","Julio Cesar de Morais Souza","","false","16:00","69cab4faeab3702f5a63795e","17:00","Civil","agendado","69fa2b9af3dd920dbe20bf3b","2026-05-05T17:40:42.547000","2026-05-05T17:40:42.547000","69f8d5097166a59dfa38211f","juliocesar12059734@gmail.com","false"
"2026-05-06","Joao Vitor Pedroza","","false","12:00","69cab4b25f739b9e014b59df","13:00","Civil","faltou","69fa2a8c574280df5defc254","2026-05-05T17:36:12.443000","2026-05-06T15:33:47.832000","69e8b3d41688ab2449b6171f","joaovitorpedroza@gmail.com","false"
"2026-05-07","Taina Thome Freitas","","false","13:00","69cab4c771c685e9f60324aa","14:00","Civil","agendado","69fa283a14866802a575b027","2026-05-05T17:26:18.240000","2026-05-05T17:26:18.240000","69e8b3a16f423e49e47411b4","taina.freitas@goias.gov.br","false"
"2026-05-06","Gabriele Batista","","false","17:00","69cab4e300553dca6de39a7f","18:00","Civil","agendado","69fa267f574280df5defbf2a","2026-05-05T17:18:55.149000","2026-05-05T17:18:55.149000","69f8d5031b4731838f3aa4db","gabrielecastro01@gmail.com","false"
"2026-05-05","Gabriele Batista","","false","17:00","69cab4e300553dca6de39a7f","18:00","Civil","agendado","69fa267537fb308c40f80d8c","2026-05-05T17:18:45.796000","2026-05-05T17:18:45.796000","69f8d5031b4731838f3aa4db","gabrielecastro01@gmail.com","false"
"2026-05-06","Jorge Luiz de Oliveira Matias","","false","11:00","69cab4e2c35c29533c905645","12:00","Civil","agendado","69fa263d99215808709bf799","2026-05-05T17:17:49.597000","2026-05-05T17:17:49.597000","69f8e2fa7ba4c6c8eb1b7227","jorge.matias@discente.ufg.br","false"
"2026-05-05","Jorge Luiz de Oliveira Matias","","false","17:00","69cab4e2c35c29533c905645","18:00","Civil","agendado","69fa25fc17586b5dc886ab3d","2026-05-05T17:16:44.531000","2026-05-05T17:16:44.531000","69f8e2fa7ba4c6c8eb1b7227","jorge.matias@discente.ufg.br","false"
"2026-05-05","Guilherme Alves de Souza Araújo","","false","17:00","69cab4aecb5fa9ca033f05e8","18:00","Civil","agendado","69fa2119f64edc73e76936e6","2026-05-05T16:55:53.129000","2026-05-05T16:55:53.129000","69efb2548749b9622136a800","gui.araujo2207@gmail.com","false"
"2026-05-05","Lariza Cori Thomaz Nogueira","","false","17:00","69f1fc1f966c41d8f2d01ced","18:00","Civil","agendado","69fa1fea61a1833679499b95","2026-05-05T16:50:50.353000","2026-05-05T16:50:50.353000","69f3a2c6bc8b6cab6e884a64","lilariza.cori@gmail.com","false"
"2026-05-06","Camila Amâncio Araújo Valadares","","false","12:00","69cab528ab7b73583ccff6f6","13:00","Civil","agendado","69fa1ee6789c8aeff57b484a","2026-05-05T16:46:30.891000","2026-05-05T16:46:30.891000","69e8b3cd699596113662a7d8","camilaavaladares@gmail.com","false"
"2026-05-06","Uerica Agapito Pereira","","false","12:00","69cab53f1d112c5a2797d789","13:00","Civil","agendado","69fa1edb5871aa4ed5fc19fb","2026-05-05T16:46:19.099000","2026-05-05T16:46:19.099000","69f09fd3ef3fe8e89a0d5919","uericaagapito.adv@gmail.com","false"
"2026-05-06","Rafaela Franzoni Marques","","false","12:00","69f9cddf1e81ff14d278df5e","13:00","Civil","agendado","69fa16529c9bf059719e4774","2026-05-05T16:09:54.711000","2026-05-05T16:09:54.711000","69f8e2f80271cf78f7858d16","rafaelafranzoni@gmail.com","false"
"2026-05-05","Diêssa Pontes Cruz","","false","13:00","69cab547bd2926025f139df4","14:00","Civil","agendado","69fa0cd5e9790a70df354fd9","2026-05-05T15:29:25.107000","2026-05-05T15:29:25.107000","69e8b41d874d2bd5ad2a947f","diessacruz@gmail.com","false"
"2026-05-06","Thayane Cristina Tavares da Silva","","false","17:00","69efa4149a982f6976102820","18:00","Civil","agendado","69fa083576d7a4ac2468512b","2026-05-05T15:09:41.044000","2026-05-05T15:09:41.044000","69e8b3ac72ff58fcfafa20b1","cristinathco@gmail.com","false"
"2026-05-07","Helder Raimundo de Moraes","","false","12:00","69cab4fa68d464d95240f98b","13:00","Civil","agendado","69fa0683aab6ad9442a3a9c6","2026-05-05T15:02:27.840000","2026-05-05T15:02:27.840000","69f0b98c8ab0e5fe3945ffd5","hmoraes74@gmail.com","false"
"2026-05-05","Ludmilla Moreira Soares","","false","17:00","69cab4fbec49882e582779ed","18:00","Civil","agendado","69fa0284a9fd4fdffeb987db","2026-05-05T14:45:24.998000","2026-05-05T14:45:24.998000","69e8b3e2d22c914d80e4573f","ludmillamsoares@gmail.com","false"
"2026-05-05","Marcio Junio Rodrigues de Freitas","","false","17:00","69cab4fdb65777e18fa16281","18:00","Civil","agendado","69fa0161e8e2ac1cc632af1e","2026-05-05T14:40:33.785000","2026-05-05T14:40:33.785000","69e8b3cb227404cd41911786","marciosoriso@gmail.com","false"
"2026-05-06","Mel Cardoso Souza","","false","11:00","69cab4844ae3b7f6a68fd705","12:00","Civil","agendado","69f9fff04426559ef62e331d","2026-05-05T14:34:24.189000","2026-05-05T14:34:24.189000","69e8b3e718a06dc553782bd2","mel2005cardoso@gmail.com","false"
"2026-05-05","Taina Thome Freitas","","false","13:00","69cab4c771c685e9f60324aa","14:00","Civil","agendado","69f9fed2f94d9c95e337e822","2026-05-05T14:29:38.401000","2026-05-05T14:29:38.401000","69e8b3a16f423e49e47411b4","taina.freitas@goias.gov.br","false"
"2026-05-05","Lucas Façanha de Oliveira Carvalho","","false","17:00","69cab53f95aecd6313a1094a","18:00","Civil","agendado","69f9edd2a6ad9ded69627f11","2026-05-05T13:17:06.145000","2026-05-05T13:17:06.145000","69e8b3d9db2701e07f3d9515","lucasoliveira.ifam@gmail.com","false"
"2026-05-06","Lázara Tatiana Pereira de Lima","","false","16:00","69cab5409b141921d6a9bac9","17:00","Civil","agendado","69f9dfcc25433aaa3614b516","2026-05-05T12:17:16.075000","2026-05-05T12:17:16.075000","69e8b3d7f0a0a48eb1af80d9","sesmt.publico@gmail.com","false"
"2026-05-05","Uerica Agapito Pereira","","false","12:00","69cab53f1d112c5a2797d789","13:00","Civil","agendado","69f9d8949a8dbc96e6d8c9c8","2026-05-05T11:46:28.318000","2026-05-05T11:46:28.318000","69f09fd3ef3fe8e89a0d5919","uericaagapito.adv@gmail.com","false"
"2026-05-06","Paulo Henrique Nunes da Silva Araújo","","false","13:00","69cab4a2f74af4c7f98e624b","14:00","Civil","agendado","69f9d5ee34f461c523f68bae","2026-05-05T11:35:10.119000","2026-05-05T11:35:10.119000","69e8b3a96c5e364f790390bf","paulonv70@gmail.com","false"
"2026-05-06","Vanessa Pereira de Carvalho","","false","13:00","69cab510bf777218eaaa8d8f","14:00","Civil","agendado","69f9d596f4568e83b9170707","2026-05-05T11:33:42.459000","2026-05-05T11:33:42.459000","69f3a2c36e4365ec9df1c914","vanessapereiraluz@gmail.com","false"
"2026-05-05","Tatiane Ferreira e Silva Medeiros","","false","17:00","69cab4ae71c685e9f60324a3","18:00","Civil","agendado","69f9d40d53129f784e23ad06","2026-05-05T11:27:09.275000","2026-05-05T11:27:09.275000","69f0a7979080024735454f5b","tatianefsm2000@gmail.com","false"
"2026-05-06","Mariana Albino da Silva","","false","13:00","69cab485b105230925053def","14:00","Civil","agendado","69f9d03c9e939991aec0475f","2026-05-05T11:10:52.347000","2026-05-05T11:10:52.347000","69f1eb6197b49acac81ad46a","mariana.albinosilva85@gmail.com","false"
"2026-05-07","Morian Scussel Malburg","","false","08:00","69cab53deddee6987dc1c800","09:00","Civil","agendado","69f9cf84c7a8638f46d7274d","2026-05-05T11:07:48.480000","2026-05-05T11:07:48.480000","69e8b3dfc275cae65aee1aa2","morianmalburg@gmail.com","false"
"2026-05-06","Gilson Pereira da Silva","","false","17:00","69cab4bbce9564de9486ce35","18:00","Civil","agendado","69f9cf71909afdae9c1a43ce","2026-05-05T11:07:29.079000","2026-05-05T11:07:29.079000","69eb713d0daf529bb432fcf3","gilson.pereira21@gmail.com","false"
"2026-05-06","Dalvania Maria de Paula","","false","12:00","69cab4988b4364504b50edb9","13:00","Civil","agendado","69f9cd2906de9cb8f2ac8be7","2026-05-05T10:57:45.556000","2026-05-05T10:57:45.556000","69e8b3d69a28df9075eaf0c3","daldepaula@hotmail.com","false"
"2026-05-05","Camila Amâncio Araújo Valadares","","false","12:00","69cab528ab7b73583ccff6f6","13:00","Civil","agendado","69f9c86ecddcb2e4d6d03692","2026-05-05T10:37:34.449000","2026-05-05T10:37:34.449000","69e8b3cd699596113662a7d8","camilaavaladares@gmail.com","false"
"2026-05-06","Luana Cristina Vieira dos Santos ","","false","16:00","69f3405ca624697043cf5b08","17:00","Civil","agendado","69f9c85339f62bde8ff53bc7","2026-05-05T10:37:07.788000","2026-05-05T10:37:07.788000","69f24dcef9aa003a39e36414","luana2015gyn@gmail.com","false"
"2026-05-06","Laura Lula Ramos","","false","11:00","69cab4845646d7497cb9aa56","12:00","Civil","agendado","69f9ac87570327b567fffd8d","2026-05-05T08:38:31.793000","2026-05-05T08:38:31.793000","69e8b3b1c23f02f059fbe05f","lauralular@gmail.com","false"
"2026-05-06","Thays Rocha Leite","","false","11:00","69cab4bbaaffc414bef709af","12:00","Civil","agendado","69f944f5fc63cd1309d30aff","2026-05-05T01:16:37.899000","2026-05-05T01:16:37.899000","69f88c68187fcd638dc76bbc","tha_rleite@hotmail.com","false"
"2026-05-05","Paulo Henrique Nunes da Silva Araújo","","false","10:00","69cab4a2f74af4c7f98e624b","11:00","Civil","agendado","69f8ee4d4344c536bfd6dbb2","2026-05-04T19:06:53.001000","2026-05-04T19:06:53.001000","69e8b3a96c5e364f790390bf","paulonv70@gmail.com","false"
"2026-05-05","Elisa Parreira de Castro Alves","","false","12:00","69cab4958987e567777aa8e9","13:00","Civil","agendado","69f8ea52a4d79b69406d13c7","2026-05-04T18:49:54.612000","2026-05-04T18:49:54.612000","69f3539372bfccf5cae537b8","elisa.pdca@gmail.com","false"
"2026-05-06","Jhulli Êmily Martins Nunes","","false","13:00","69cab48cce1c3df3215b2752","14:00","Civil","agendado","69f8df974242f045fdec9997","2026-05-04T18:04:07.188000","2026-05-04T18:04:07.188000","69e8b3e6578c929cf94963e6","jhulliemily2014@gmail.com","false"
"2026-05-05","Nádya de Sá Almeida Costa Silva","","false","12:00","69cab48b36611447155e197c","13:00","Civil","agendado","69f8d9185525c9950d1794c0","2026-05-04T17:36:24.579000","2026-05-04T17:36:24.579000","69f09cc40b09eba29a789e8a","eng.nadyasa@gmail.com","false"
"2026-05-05","Guilherme Lima de Sena","","false","17:00","69cab51d8bf415ccbaf6955b","18:00","Civil","agendado","69f8d71fe70b9227fb8418b2","2026-05-04T17:27:59.205000","2026-05-04T17:27:59.205000","69f8d5070e6979860429cfd6","guisenna73@gmail.com","false"
"2026-05-05","Sophia Lannah Beatriz Ferreira de Sousa","","false","13:00","69cab498f494b0e0a3a2252c","14:00","Civil","agendado","69f8d32f8df01056f66f0004","2026-05-04T17:11:11.729000","2026-05-04T17:11:11.729000","69e8b3e3ed8dfc592768740f","sophialannah123@gmail.com","false"
"2026-05-06","Guilherme Henrique Silva Costa","","false","13:00","69cab4a6d780b67cefdd205b","14:00","Civil","agendado","69f8c7f9af95bb6a92e6ffb1","2026-05-04T16:23:21.005000","2026-05-04T16:23:21.005000","69f35391594eba71f28fb6ad","guilhermeembuscadoepeg@gmail.com","false"
"2026-05-06","Priscila Lima Pires","","false","12:00","69cab4c764b86721de5c3a93","13:00","Civil","agendado","69f8b98ed9a330f73b724466","2026-05-04T15:21:50.796000","2026-05-04T15:21:50.796000","69e8b40d5dd93ff3b5be838b","priscilapires.art@gmail.com","false"
"2026-05-05","Priscila Lima Pires","","false","12:00","69cab4c764b86721de5c3a93","13:00","Civil","agendado","69f8b97999eae447510aa468","2026-05-04T15:21:29.505000","2026-05-04T15:21:29.505000","69e8b40d5dd93ff3b5be838b","priscilapires.art@gmail.com","false"
"2026-05-04","Antonino Batista Júnior","","false","17:00","69cab53d8efef97e8a0f03b3","18:00","Civil","agendado","69f8b5487b7683def0c5e354","2026-05-04T15:03:36.374000","2026-05-04T15:03:36.374000","69e8b3ceaa15a6de33954e67","antoninobj@gmail.com","false"
"2026-05-06","Marianna Silva Marques Freires","","false","11:00","69f0a807ce941e8dde14169d","12:00","Civil","agendado","69f8b4ce94e74aa071636cda","2026-05-04T15:01:34.963000","2026-05-04T15:01:34.963000","69e8b3ef4907986aa65fbfca","marianna.freires11@gmail.com","false"
"2026-05-04","Raynna Pereira Neves Barros","","false","13:00","69cab483bcb9efeb569c67e1","14:00","Civil","agendado","69f8b1663293d9b138579aca","2026-05-04T14:47:02.535000","2026-05-04T14:47:02.535000","69f0aa040009751ec470fa8b","nevesraynna@gmail.com","false"
"2026-05-04","Guilherme Alves de Souza Araújo","","false","17:00","69cab4aecb5fa9ca033f05e8","18:00","Civil","agendado","69f8af433e8f3860c9367d38","2026-05-04T14:37:55.444000","2026-05-04T14:37:55.444000","69efb2548749b9622136a800","gui.araujo2207@gmail.com","false"
"2026-05-05","Michelle Calisto Ferreira","","false","08:00","69cab497891322eb46e67534","09:00","Civil","faltou","69f8a7d4d89c63cc1823e373","2026-05-04T14:06:12.428000","2026-05-05T11:33:47.546000","69e8b3bd3549f8bb642ed66f","gecat.secc@gmail.com","false"
"2026-05-05","Lucas Gabriel Souza Ribeiro","","false","12:00","69cab532ba0b7b3f017ab3af","13:00","Civil","agendado","69f8a6e063bc2c53df3fac2e","2026-05-04T14:02:08.088000","2026-05-04T14:02:08.088000","69e8b3da0727cf73320d3bc0","lucasgabrielsouzaribeiro@gmail.com","false"
"2026-05-04","Lucas Gabriel Souza Ribeiro","","false","12:00","69cab532ba0b7b3f017ab3af","13:00","Civil","agendado","69f8a6d2045c549f455a38c6","2026-05-04T14:01:54.148000","2026-05-04T14:01:54.148000","69e8b3da0727cf73320d3bc0","lucasgabrielsouzaribeiro@gmail.com","false"
"2026-05-04","Divina Eterna Rosa","","false","13:00","69f1fb938cbd0bd184e137d0","14:00","Civil","agendado","69f8a1c53a3077e9bc2976cb","2026-05-04T13:40:21.969000","2026-05-04T13:40:21.969000","69efb25921725f1b4ba6b0e4","jornalistadivina@gmail.com","false"
"2026-05-04","Marcio Junio Rodrigues de Freitas","","false","13:00","69cab4fdb65777e18fa16281","14:00","Civil","agendado","69f8a0d27bf97cdac72894f2","2026-05-04T13:36:18.986000","2026-05-04T13:36:18.986000","69e8b3cb227404cd41911786","marciosoriso@gmail.com","false"
"2026-05-04","Lariza Cori Thomaz Nogueira","","false","17:00","69f1fc1f966c41d8f2d01ced","18:00","Civil","agendado","69f89c092ea0e1c976b6f639","2026-05-04T13:15:53.184000","2026-05-04T13:15:53.184000","69f3a2c6bc8b6cab6e884a64","lilariza.cori@gmail.com","false"
"2026-05-05","Delma Maria Guimaraes","","false","11:00","69cab4bb4badc9d3592723d2","12:00","Civil","agendado","69f8980bb14acefd93b63931","2026-05-04T12:58:51.426000","2026-05-04T12:58:51.426000","69f0e717c3c33b89a2f9e02a","delmagui333@gmail.com","false"
"2026-05-04","Delma Maria Guimaraes","","false","11:00","69cab4bb4badc9d3592723d2","12:00","Civil","agendado","69f89802891c3925e3656cbd","2026-05-04T12:58:42.594000","2026-05-04T12:58:42.594000","69f0e717c3c33b89a2f9e02a","delmagui333@gmail.com","false"
"2026-05-05","Ismael José dos Santos Filho","","false","12:00","69cab50d46c2a710ba93c1d4","13:00","Civil","agendado","69f897056cb603de2dd1c50d","2026-05-04T12:54:29.209000","2026-05-04T12:54:29.209000","69eb714b124295d4decc3504","ismaelfilho.adv@gmail.com","false"
"2026-05-05","Laura Lula Ramos","","false","11:00","69cab4845646d7497cb9aa56","12:00","Civil","agendado","69f896427a0709d1fd26c491","2026-05-04T12:51:14.691000","2026-05-04T12:51:14.691000","69e8b3b1c23f02f059fbe05f","lauralular@gmail.com","false"
"2026-05-04","Uerica Agapito Pereira","","false","12:00","69cab53f1d112c5a2797d789","13:00","Civil","agendado","69f88e81fab764dd57845509","2026-05-04T12:18:09.557000","2026-05-04T12:18:09.557000","69f09fd3ef3fe8e89a0d5919","uericaagapito.adv@gmail.com","false"
"2026-05-04","Elisa Parreira de Castro Alves","","false","17:00","69cab4958987e567777aa8e9","18:00","Civil","agendado","69f88d5f7054b0e3f74a9102","2026-05-04T12:13:19.200000","2026-05-04T12:13:19.200000","69f3539372bfccf5cae537b8","elisa.pdca@gmail.com","false"
"2026-05-04","Fabiola Ariadne R. Oliveira","","false","12:00","69cab4fa957e7338363be374","13:00","Civil","agendado","69f88969d43c4136ee404dd7","2026-05-04T11:56:25.162000","2026-05-04T11:56:25.162000","69f1eb6b936f80ebdd9a578d","fabiulosa@gmail.com","false"
"2026-05-05","Karla Correia Mendes","","false","16:00","69cab4850c384307831324d8","17:00","Civil","agendado","69f881e559cafbcf95f8cd0e","2026-05-04T11:24:21.777000","2026-05-04T11:24:21.777000","69f0ab75971b3976ef33a57d","karlamendes1406@gmail.com","false"
"2026-05-04","Tatiane Ferreira e Silva Medeiros","","false","17:00","69cab4ae71c685e9f60324a3","18:00","Civil","agendado","69f881b037b6f49db9b6c314","2026-05-04T11:23:28.135000","2026-05-04T11:23:28.135000","69f0a7979080024735454f5b","tatianefsm2000@gmail.com","false"
"2026-05-05","jhonatas dos santos lima","","false","12:00","69f35624d42a7a848cf80522","13:00","Civil","agendado","69f8818e59a2fe52f6dff393","2026-05-04T11:22:54.202000","2026-05-04T11:22:54.202000","69eb712a2f920804f5d6e002","jhonatasvideira@gmail.com","false"
"2026-05-04","jhonatas dos santos lima","","false","12:00","69f35624d42a7a848cf80522","13:00","Civil","agendado","69f881806f301ca4bfe9e0cd","2026-05-04T11:22:40.803000","2026-05-04T11:22:40.803000","69eb712a2f920804f5d6e002","jhonatasvideira@gmail.com","false"
"2026-05-04","Marcos Lopes de Souza","","false","12:00","69cab4a6d886e77a5a0bd8f9","13:00","Civil","agendado","69f8809223c28a267b065852","2026-05-04T11:18:42.079000","2026-05-04T11:18:42.079000","69efccfae228f77c31effa3e","marcos.lsouza@goias.gov.br","false"
"2026-05-04","Clarinha Pereira da Silva Sousa","","false","11:00","69cab4bb2b75e5b3207c8b48","12:00","Civil","agendado","69f87efcab3a8746df6809c8","2026-05-04T11:11:56.860000","2026-05-04T11:11:56.860000","69f0e71cb680d3ecfbb47205","clarinhapereira831@gmail.com","false"
"2026-05-05","Dalvania Maria de Paula","","false","12:00","69cab4988b4364504b50edb9","13:00","Civil","agendado","69f87e30a4c1d1e2ce079dcb","2026-05-04T11:08:32.328000","2026-05-04T11:08:32.328000","69e8b3d69a28df9075eaf0c3","daldepaula@hotmail.com","false"
"2026-05-04","Isidoro Tavares Rosa","","false","12:00","69cab4a035089c731a4647af","13:00","Civil","agendado","69f87ce1298626123274af32","2026-05-04T11:02:57.441000","2026-05-04T11:02:57.441000","69e8b3e556cb0efc368cf481","isidorotrti@gmail.com","false"
"2026-05-04","Nádya de Sá Almeida Costa Silva","","false","12:00","69cab48b36611447155e197c","13:00","Civil","agendado","69f87b87e45e41fded3301a2","2026-05-04T10:57:11.818000","2026-05-04T10:57:11.818000","69f09cc40b09eba29a789e8a","eng.nadyasa@gmail.com","false"
"2026-05-04","Diêssa Pontes Cruz","","false","12:00","69cab547bd2926025f139df4","13:00","Civil","agendado","69f87aef89711145ba05167a","2026-05-04T10:54:39.534000","2026-05-04T10:54:39.534000","69e8b41d874d2bd5ad2a947f","diessacruz@gmail.com","false"
"2026-05-06","Ana Carolina Silva de Araujo Peixoto","","false","07:00","69cab50fec6532662ba58f05","08:00","Civil","agendado","69f86f77d5b4c9df366cae88","2026-05-04T10:05:43.157000","2026-05-04T10:05:43.157000","69e8b3abbdd54859f2b7eadf","ana.anacarol1403@gmail.com","false"
"2026-05-05","Lia Rodrigues de Oliveira","","false","13:00","69cab4a03ab6550526927a0e","14:00","Civil","agendado","69f8639dd7bc29dc8445639c","2026-05-04T09:15:09.134000","2026-05-04T09:15:09.134000","69eb7138fbc3eca467b8986b","liarodriguesoliveira30@gmail.com","false"
"2026-05-04","Gilson Pereira da Silva","","false","17:00","69cab4bbce9564de9486ce35","18:00","Civil","agendado","69f7f9ca8beb01781fb83d02","2026-05-04T01:43:38.087000","2026-05-04T01:43:38.087000","69eb713d0daf529bb432fcf3","gilson.pereira21@gmail.com","false"
"2026-05-05","Antonino Batista Júnior","","false","17:00","69cab53d8efef97e8a0f03b3","18:00","Civil","agendado","69f7f15c7bffe20581437d78","2026-05-04T01:07:40.434000","2026-05-04T01:07:40.434000","69e8b3ceaa15a6de33954e67","antoninobj@gmail.com","false"
"2026-05-05","Mel Cardoso Souza","","false","11:00","69cab4844ae3b7f6a68fd705","12:00","Civil","agendado","69f7eb4aae81fcf2e38b0440","2026-05-04T00:41:46.983000","2026-05-04T00:41:46.983000","69e8b3e718a06dc553782bd2","mel2005cardoso@gmail.com","false"
"2026-05-05","Thayane Cristina Tavares da Silva","","false","17:00","69efa4149a982f6976102820","18:00","Civil","agendado","69f7eaea5a36bfbd839bc79d","2026-05-04T00:40:10.573000","2026-05-04T00:40:10.573000","69e8b3ac72ff58fcfafa20b1","cristinathco@gmail.com","false"
"2026-05-04","Thayane Cristina Tavares da Silva","","false","17:00","69efa4149a982f6976102820","18:00","Civil","agendado","69f7eadc07b7a2dda7a3c06e","2026-05-04T00:39:56.618000","2026-05-04T00:39:56.618000","69e8b3ac72ff58fcfafa20b1","cristinathco@gmail.com","false"
"2026-05-05","Raniery Morais Miranda","","false","12:00","69cab5298bf415ccbaf69560","13:00","Civil","agendado","69f7e783200c89596a9557fc","2026-05-04T00:25:39.270000","2026-05-04T00:25:39.270000","69eb7130c8c6a653226322d0","mirandaraniery@gmail.com","false"
"2026-05-04","Raniery Morais Miranda","","false","12:00","69cab5298bf415ccbaf69560","13:00","Civil","agendado","69f7e774567a7fc75ff2a240","2026-05-04T00:25:24.860000","2026-05-04T00:25:24.860000","69eb7130c8c6a653226322d0","mirandaraniery@gmail.com","false"
"2026-05-04","Raimunda Soronha de Oliveira dos Reis","","false","17:00","69cab4acf9e6540401a079f2","18:00","Civil","agendado","69f7daa901a8677da1ef71bb","2026-05-03T23:30:49.285000","2026-05-03T23:30:49.285000","69f0ed6a8aee7b0f624a8555","soronha.reis@gmail.com","false"
"2026-05-05","Thiago Marques Leão","","false","12:00","69cab49382a748187c66ec50","13:00","Civil","agendado","69f7d4cbc3f79b6ed4268a67","2026-05-03T23:05:47.045000","2026-05-03T23:05:47.045000","69e8b3a39df58dcdca94d144","thiagomarquesleao@gmail.com","false"
"2026-05-05","Luana Cristina Vieira dos Santos ","","false","16:00","69f3405ca624697043cf5b08","17:00","Civil","agendado","69f7c1df2a819d04bb147817","2026-05-03T21:45:03.434000","2026-05-03T21:45:03.434000","69f24dcef9aa003a39e36414","luana2015gyn@gmail.com","false"
"2026-05-04","Carlos Henrique Ferreira Santos","","false","17:00","69cab4ac0916e78eed2006b2","18:00","Civil","agendado","69f7c1dd710594554a4b0367","2026-05-03T21:45:01.445000","2026-05-03T21:45:01.445000","69eb815a6faab5200f1325b9","carlohenrysanto@gmail.com","false"
"2026-05-05","Lázara Tatiana Pereira de Lima","","false","16:00","69cab5409b141921d6a9bac9","17:00","Civil","agendado","69f7bb288beb01781fb80450","2026-05-03T21:16:24.259000","2026-05-03T21:16:24.259000","69e8b3d7f0a0a48eb1af80d9","sesmt.publico@gmail.com","false"
"2026-05-05","Antônio Gabriel Marcimiano de Moraes","","false","12:00","69cab5533f4cbe4cc715f000","13:00","Civil","agendado","69f78d8c56e2c85f80b4af9b","2026-05-03T18:01:48.313000","2026-05-03T18:01:48.313000","69e8bd46281c43278d0d48e9","gabrielgynh@gmail.com","false"
"2026-05-05","Douglas Fleury Parreira Barros","","false","12:00","69cab49ee29fe8dc7e61491a","13:00","Civil","agendado","69f7833555288c9057ca8420","2026-05-03T17:17:41.329000","2026-05-03T17:17:41.329000","69e8b40f9b7ab425aa2ca185","douglas.fleury@gmail.com","false"
"2026-05-04","Douglas Fleury Parreira Barros","","false","12:00","69cab49ee29fe8dc7e61491a","13:00","Civil","agendado","69f78323f79905f638a75763","2026-05-03T17:17:23.052000","2026-05-03T17:17:23.052000","69e8b40f9b7ab425aa2ca185","douglas.fleury@gmail.com","false"
"2026-05-05","Mariana Albino da Silva","","false","13:00","69cab485b105230925053def","14:00","Civil","agendado","69f78248e5a3f5728524c3dd","2026-05-03T17:13:44.835000","2026-05-03T17:13:44.835000","69f1eb6197b49acac81ad46a","mariana.albinosilva85@gmail.com","false"
"2026-05-05","Jhulli Êmily Martins Nunes","","false","13:00","69cab48cce1c3df3215b2752","14:00","Civil","agendado","69f772457cd1a37be1d6b793","2026-05-03T16:05:25.333000","2026-05-03T16:05:25.333000","69e8b3e6578c929cf94963e6","jhulliemily2014@gmail.com","false"
"2026-05-05","Caio César Silva Oliveira","","false","12:00","69cab5528917bc7d06ec9f36","13:00","Civil","agendado","69f76444ebda96b178d2c467","2026-05-03T15:05:40.971000","2026-05-03T15:05:40.971000","69e8b3c510a6ab1ad3da4cd2","caiooliveira92@gmail.com","false"
"2026-05-04","Laura Lula Ramos","","false","11:00","69cab4845646d7497cb9aa56","12:00","Civil","agendado","69f75941d8750a29ecf11297","2026-05-03T14:18:41.346000","2026-05-03T14:18:41.346000","69e8b3b1c23f02f059fbe05f","lauralular@gmail.com","false"
"2026-05-04","Mel Cardoso Souza","","false","11:00","69cab4844ae3b7f6a68fd705","12:00","Civil","agendado","69f74a8424e7b31adc8d9815","2026-05-03T13:15:48.004000","2026-05-03T13:15:48.004000","69e8b3e718a06dc553782bd2","mel2005cardoso@gmail.com","false"
"2026-05-04","Lázara Tatiana Pereira de Lima","","false","16:00","69cab5409b141921d6a9bac9","17:00","Civil","agendado","69f745a10cfd6b5d56997ea8","2026-05-03T12:54:57.337000","2026-05-03T12:54:57.337000","69e8b3d7f0a0a48eb1af80d9","sesmt.publico@gmail.com","false"
"2026-05-04","Luana Cristina Vieira dos Santos ","","false","16:00","69f3405ca624697043cf5b08","17:00","Civil","agendado","69f73a50afadcbcb2e74ae5c","2026-05-03T12:06:40.809000","2026-05-03T12:06:40.809000","69f24dcef9aa003a39e36414","luana2015gyn@gmail.com","false"
"2026-05-05","Luciana Nunes do Amaral","","false","07:00","69f245f987f588dbdbc22567","08:00","Civil","agendado","69f72eb6f730e99f762a6db2","2026-05-03T11:17:10.542000","2026-05-03T11:17:10.542000","69f200bb913a105fdf750586","lna.advogada@gmail.com","false"
"2026-05-04","Guilherme Henrique Silva Costa","","false","12:00","69cab4a6d780b67cefdd205b","13:00","Civil","agendado","69f721c4c676fe7896cfcb39","2026-05-03T10:21:56.942000","2026-05-03T10:21:56.942000","69f35391594eba71f28fb6ad","guilhermeembuscadoepeg@gmail.com","false"
"2026-05-04","Sophia Lannah Beatriz Ferreira de Sousa","","false","13:00","69cab498f494b0e0a3a2252c","14:00","Civil","agendado","69f69ac251635f5f3e7d83e5","2026-05-03T00:45:54.417000","2026-05-03T00:45:54.417000","69e8b3e3ed8dfc592768740f","sophialannah123@gmail.com","false"
"2026-05-04","Antônio Gabriel Marcimiano de Moraes","","false","12:00","69cab5533f4cbe4cc715f000","13:00","Civil","agendado","69f6123c847b151a2e90c727","2026-05-02T15:03:24.630000","2026-05-02T15:03:24.630000","69e8bd46281c43278d0d48e9","gabrielgynh@gmail.com","false"
"2026-05-04","Caio César Silva Oliveira","","false","12:00","69cab5528917bc7d06ec9f36","13:00","Civil","agendado","69f611c7d6f8f81ef1dbe850","2026-05-02T15:01:27.104000","2026-05-02T15:01:27.104000","69e8b3c510a6ab1ad3da4cd2","caiooliveira92@gmail.com","false"
"2026-05-04","Ana Carolina Silva de Araujo Peixoto","","false","07:00","69cab50fec6532662ba58f05","08:00","Civil","agendado","69f5dba050cf387df6e77963","2026-05-02T11:10:24.198000","2026-05-04T11:17:26.674000","69e8b3abbdd54859f2b7eadf","ana.anacarol1403@gmail.com","false"
"2026-04-30","Lariza Cori Thomaz Nogueira","","false","17:00","69f1fc1f966c41d8f2d01ced","18:00","Civil","agendado","69f3a7b4eca1f6c442b7b17c","2026-04-30T19:04:20.510000","2026-04-30T19:04:20.510000","69eb713e8efb1fdcb6449712","lariza.nogueira@goias.gov.br","false"
"2026-04-30","Elisa Parreira de Castro Alves","","false","17:00","69cab4958987e567777aa8e9","18:00","Civil","agendado","69f37971b18d834f236834f4","2026-04-30T15:46:57.991000","2026-04-30T20:55:52.592000","69f3539372bfccf5cae537b8","elisa.pdca@gmail.com","false"
"2026-04-30","Guilherme Henrique Silva Costa","","false","17:00","69cab4a6d780b67cefdd205b","18:00","Civil","agendado","69f366e191cab6c1a1ebdf78","2026-04-30T14:27:45.502000","2026-04-30T14:27:45.502000","69f35391594eba71f28fb6ad","guilhermeembuscadoepeg@gmail.com","false"
"2026-04-30","José Porto França Neto","","false","16:00","69cab51cf59bbda43a5c5d57","17:00","Civil","agendado","69f35ef2d2730797f1717666","2026-04-30T13:53:54.702000","2026-04-30T13:53:54.702000","69eb712c92a6132bbc608daf","portobritto@gmail.com","false"
"2026-04-30","Antônio Gabriel Marcimiano de Moraes","","false","12:00","69cab5533f4cbe4cc715f000","13:00","Civil","agendado","69f26fb608b0cb8b13548eea","2026-04-29T20:53:10.616000","2026-04-29T20:53:10.616000","69e8bd46281c43278d0d48e9","gabrielgynh@gmail.com","false"
"2026-04-30","Caio César Silva Oliveira","","false","12:00","69cab5528917bc7d06ec9f36","13:00","Civil","agendado","69f26f935e0f2f27853a45b5","2026-04-29T20:52:35.365000","2026-04-29T20:52:35.365000","69e8b3c510a6ab1ad3da4cd2","caiooliveira92@gmail.com","false"
"2026-04-30","Marcio Junio Rodrigues de Freitas","","false","13:00","69cab4fdb65777e18fa16281","14:00","Civil","agendado","69f24944b7a9730043122f35","2026-04-29T18:09:08.095000","2026-04-29T18:09:08.095000","69e8b3cb227404cd41911786","marciosoriso@gmail.com","false"
"2026-05-07","Sallyan Vinhadeli Vasconcelos","","false","16:00","69cab48b4ae3b7f6a68fd706","17:00","Civil","agendado","69f249382d56a5765f93595f","2026-04-29T18:08:56.578000","2026-04-29T18:08:56.578000","69f1fc7d5180372f8b56f510","sallyanv@gmail.com","false"
"2026-05-05","Sallyan Vinhadeli Vasconcelos","","false","16:00","69cab48b4ae3b7f6a68fd706","17:00","Civil","agendado","69f249141a9aa0c3ad85b34e","2026-04-29T18:08:20.200000","2026-04-29T18:08:20.200000","69f1fc7d5180372f8b56f510","sallyanv@gmail.com","false"
"2026-04-30","Antonino Batista Júnior","","false","17:00","69cab53d8efef97e8a0f03b3","18:00","Civil","agendado","69f2488077118e36a3318d23","2026-04-29T18:05:52.936000","2026-04-29T18:05:52.936000","69e8b3ceaa15a6de33954e67","antoninobj@gmail.com","false"
"2026-04-29","Antonino Batista Júnior","","false","17:00","69cab53d8efef97e8a0f03b3","18:00","Civil","agendado","69f248727f8ab04c0e482bc8","2026-04-29T18:05:38.163000","2026-04-29T18:05:38.163000","69e8b3ceaa15a6de33954e67","antoninobj@gmail.com","false"
"2026-04-29","Gilson Pereira da Silva","","false","17:00","69cab4bbce9564de9486ce35","18:00","Civil","agendado","69f23923308bb7bb6ade4736","2026-04-29T17:00:19.639000","2026-04-29T17:00:19.639000","69eb713d0daf529bb432fcf3","gilson.pereira21@gmail.com","false"
"2026-04-30","Laura Lula Ramos","","false","12:00","69cab4845646d7497cb9aa56","13:00","Civil","agendado","69f2258e496d53459f1e1da9","2026-04-29T15:36:46.157000","2026-04-29T15:36:46.157000","69e8b3b1c23f02f059fbe05f","lauralular@gmail.com","false"
"2026-04-30","Nádya de Sá Almeida Costa Silva","","false","12:00","69cab48b36611447155e197c","13:00","Civil","agendado","69f21d353a7463a1e4f91c0b","2026-04-29T15:01:09.177000","2026-04-29T15:01:09.177000","69f09cc40b09eba29a789e8a","eng.nadyasa@gmail.com","false"
"2026-04-30","Raniery Morais Miranda","","false","12:00","69cab5298bf415ccbaf69560","13:00","Civil","agendado","69f218dfad517936831b586a","2026-04-29T14:42:39.535000","2026-04-29T14:42:39.535000","69eb7130c8c6a653226322d0","mirandaraniery@gmail.com","false"
"2026-04-30","Mel Cardoso Souza","","false","11:00","69cab4844ae3b7f6a68fd705","12:00","Civil","agendado","69f211fbf70fb9c37ec85aff","2026-04-29T14:13:15.557000","2026-04-29T14:13:15.557000","69e8b3e718a06dc553782bd2","mel2005cardoso@gmail.com","false"
"2026-04-30","Mel Cardoso Souza","","false","11:00","69cab4844ae3b7f6a68fd705","12:00","Civil","agendado","69f211fbda4b22380a96d22f","2026-04-29T14:13:15.180000","2026-04-29T14:13:15.180000","69e8b3e718a06dc553782bd2","mel2005cardoso@gmail.com","false"
"2026-04-29","Lucas Gabriel Souza Ribeiro","","false","11:00","69cab532ba0b7b3f017ab3af","12:00","Civil","agendado","69f20da15b642c624c16d28e","2026-04-29T13:54:41.777000","2026-04-29T13:54:41.777000","69e8b3da0727cf73320d3bc0","lucasgabrielsouzaribeiro@gmail.com","false"
"2026-04-29","Marcos Vinicius Arantes de Morais","","false","17:00","69cab4b1aa8b91b9733ba71e","18:00","Civil","agendado","69f20c2c62b30b0500f065f3","2026-04-29T13:48:28.208000","2026-04-29T13:48:28.208000","69e8b42097a92473c7834626","marcosviniciusarantesmorais@gmail.com","false"
"2026-04-30","Jhulli Êmily Martins Nunes","","false","13:00","69cab48cce1c3df3215b2752","14:00","Civil","agendado","69f2090a6db101f29d43cdda","2026-04-29T13:35:06.094000","2026-04-29T13:35:06.094000","69e8b3e6578c929cf94963e6","jhulliemily2014@gmail.com","false"
"2026-05-04","Karla Correia Mendes","","false","16:00","69cab4850c384307831324d8","17:00","Civil","faltou","69f206619b095259da8af064","2026-04-29T13:23:45.444000","2026-05-04T19:25:33.162000","69f0ab75971b3976ef33a57d","karlamendes1406@gmail.com","false"
"2026-05-07","Indiara Porfírio Ribeiro","","false","16:00","69cab48c17c5690cf3d30c6d","17:00","Civil","agendado","69f204c9bb1bfa953dc7ee94","2026-04-29T13:16:57.412000","2026-04-29T13:16:57.412000","69e8b3bf55bcfeb78675459e","indiarajujuba@gmail.com","false"
"2026-05-05","Indiara Porfírio Ribeiro","","false","16:00","69cab48c17c5690cf3d30c6d","17:00","Civil","agendado","69f20482b5feddabc7bb0b10","2026-04-29T13:15:46.576000","2026-04-29T13:15:46.576000","69e8b3bf55bcfeb78675459e","indiarajujuba@gmail.com","false"
"2026-05-04","Mariana Albino da Silva","","false","13:00","69cab485b105230925053def","14:00","Civil","agendado","69f200c39639dcfa2fe4b9de","2026-04-29T12:59:47.040000","2026-04-29T12:59:47.040000","69f1eb6197b49acac81ad46a","mariana.albinosilva85@gmail.com","false"
"2026-04-30","Sophia Lannah Beatriz Ferreira de Sousa","","false","13:00","69cab498f494b0e0a3a2252c","14:00","Civil","agendado","69f1fcb49457e1779c6c5f00","2026-04-29T12:42:28.758000","2026-04-29T12:42:28.758000","69e8b3e3ed8dfc592768740f","sophialannah123@gmail.com","false"
"2026-04-30","Mariana Albino da Silva","","false","13:00","69cab485b105230925053def","14:00","Civil","agendado","69f1fbef035ebca82485450f","2026-04-29T12:39:11.801000","2026-04-29T12:39:11.801000","69f1eb6197b49acac81ad46a","mariana.albinosilva85@gmail.com","false"
"2026-04-29","Priscila Lima Pires","","false","12:00","69cab4c764b86721de5c3a93","13:00","Civil","agendado","69f1ed208980fbd277f24554","2026-04-29T11:36:00.530000","2026-04-29T11:36:00.530000","69e8b40d5dd93ff3b5be838b","priscilapires.art@gmail.com","false"
"2026-04-29","Guilherme Alves de Souza Araújo","","false","17:00","69cab4aecb5fa9ca033f05e8","18:00","Civil","agendado","69f1eca14f30133ca1b95b3f","2026-04-29T11:33:53.517000","2026-04-29T11:33:53.517000","69efb2548749b9622136a800","gui.araujo2207@gmail.com","false"
"2026-04-30","Marianna Silva Marques Freires","","false","11:00","69f0a807ce941e8dde14169d","12:00","Civil","faltou","69f1eb53a4990a0c82d93aa9","2026-04-29T11:28:19.884000","2026-04-30T14:59:06.736000","69e8b3ef4907986aa65fbfca","marianna.freires11@gmail.com","false"
"2026-04-30","André Fonseca Pinto Osorio","","false","12:00","69cab498a17506f70c6237c3","13:00","Civil","agendado","69f1e1bd2898d5549db2c774","2026-04-29T10:47:25.669000","2026-04-29T10:47:25.669000","69eb7124b260ea0371181af3","andreosorio10@gmail.com","false"
"2026-04-29","Maria dos Reis Pereira Santos","","false","17:00","69cab48b68d464d95240f964","18:00","Civil","agendado","69f1df2867dfbadcf0d4e55c","2026-04-29T10:36:24.052000","2026-04-29T10:36:24.052000","69f0abbe8fef09ddc7cda46c","mariadosssantosrp@gmail.com","false"
"2026-04-29","Karla Correia Mendes","","false","16:00","69cab4850c384307831324d8","17:00","Civil","agendado","69f1d7f145a1088bd70081ea","2026-04-29T10:05:37.809000","2026-04-29T10:05:37.809000","69f0ab75971b3976ef33a57d","karlamendes1406@gmail.com","false"
"2026-04-30","Morian Scussel Malburg","","false","09:00","69cab53deddee6987dc1c800","10:00","Civil","agendado","69f1c6c1699ba23da16d3f03","2026-04-29T08:52:17.393000","2026-04-29T08:52:17.393000","69e8b3dfc275cae65aee1aa2","morianmalburg@gmail.com","false"
"2026-04-30","Thayane Cristina Tavares da Silva","","false","17:00","69efa4149a982f6976102820","18:00","Civil","agendado","69f121aaed5a2fc838661cf9","2026-04-28T21:07:54.175000","2026-04-28T21:07:54.175000","69e8b3ac72ff58fcfafa20b1","cristinathco@gmail.com","false"
"2026-04-29","Uerica Agapito Pereira","","false","12:00","69cab53f1d112c5a2797d789","13:00","Civil","agendado","69f1078eb706cbd035750a83","2026-04-28T19:16:30.652000","2026-04-28T19:16:30.652000","69f09fd3ef3fe8e89a0d5919","uericaagapito.adv@gmail.com","false"
"2026-04-29","Raniery Morais Miranda","","false","12:00","69cab5298bf415ccbaf69560","13:00","Civil","agendado","69f106fa4a68568e061c0134","2026-04-28T19:14:02.127000","2026-04-28T19:14:02.127000","69eb7130c8c6a653226322d0","mirandaraniery@gmail.com","false"
"2026-04-29","Carlos Antonio da Silva Vieira","","false","17:00","69cab50cf5516a154093aa81","18:00","Civil","faltou","69f0fb4442c28a1aaeca32c6","2026-04-28T18:24:04.106000","2026-04-29T20:25:58.558000","69e8b419aec854d1886962c7","carlaoaudiodesigner@gmail.com","false"
"2026-04-29","Antônio Gabriel Marcimiano de Moraes","","false","17:00","69cab5533f4cbe4cc715f000","18:00","Civil","agendado","69f0f9994c00cf5b4bfbe6eb","2026-04-28T18:16:57.642000","2026-04-28T18:16:57.642000","69e8bd46281c43278d0d48e9","gabrielgynh@gmail.com","false"
"2026-04-29","Caio César Silva Oliveira","","false","17:00","69cab5528917bc7d06ec9f36","18:00","Civil","agendado","69f0f982c2cf7095aa76e811","2026-04-28T18:16:34.091000","2026-04-28T18:16:34.091000","69e8b3c510a6ab1ad3da4cd2","caiooliveira92@gmail.com","false"
"2026-04-29","Nilton Barbosa Coelho","","false","13:00","69cab49682d361e5e28db07c","14:00","Civil","agendado","69f0f79db961555c1934471b","2026-04-28T18:08:29.679000","2026-04-28T18:08:29.679000","69e8b3b4c17154e6b5f73e0c","nilton.sead@gmail.com","false"
"2026-04-30","Lia Rodrigues de Oliveira","","false","13:00","69cab4a03ab6550526927a0e","14:00","Civil","agendado","69f0f4446de5947710b16ba6","2026-04-28T17:54:12.375000","2026-04-28T17:54:12.375000","69eb7138fbc3eca467b8986b","liarodriguesoliveira30@gmail.com","false"
"2026-04-29","Diêssa Pontes Cruz","","false","13:00","69cab547bd2926025f139df4","14:00","Civil","agendado","69f0ed22c8f436bc69960874","2026-04-28T17:23:46.658000","2026-04-28T17:23:46.658000","69e8b41d874d2bd5ad2a947f","diessacruz@gmail.com","false"
"2026-04-30","Isidoro Tavares Rosa","","false","12:00","69cab4a035089c731a4647af","13:00","Civil","agendado","69f0e3b1dac750e4be5c49fa","2026-04-28T16:43:29.198000","2026-04-28T16:43:29.198000","69e8b3e556cb0efc368cf481","isidorotrti@gmail.com","false"
"2026-04-29","Isidoro Tavares Rosa","","false","12:00","69cab4a035089c731a4647af","13:00","Civil","agendado","69f0e38c037b1af51909d32a","2026-04-28T16:42:52.692000","2026-04-28T16:42:52.692000","69e8b3e556cb0efc368cf481","isidorotrti@gmail.com","false"
"2026-04-30","Guilherme Paulino Abrão","","false","11:00","69cab4b98987e567777aa8f6","12:00","Civil","faltou","69f0da2556c169a6896383d7","2026-04-28T16:02:45.051000","2026-04-30T14:59:12.850000","69e8b3af276e0faaaaece9f3","guilherme.abr40@gmail.com","false"
"2026-04-29","Guilherme Paulino Abrão","","false","11:00","69cab4b98987e567777aa8f6","12:00","Civil","agendado","69f0da1584aaec427f2ac8e4","2026-04-28T16:02:29.255000","2026-04-28T16:02:29.255000","69e8b3af276e0faaaaece9f3","guilherme.abr40@gmail.com","false"
"2026-04-28","Lucas Gabriel Souza Ribeiro","","false","12:00","69cab532ba0b7b3f017ab3af","13:00","Civil","agendado","69f0bffd5e6789363db1da3a","2026-04-28T14:11:09.652000","2026-04-28T14:11:09.652000","69e8b3da0727cf73320d3bc0","lucasgabrielsouzaribeiro@gmail.com","false"
"2026-04-28","Raynna Pereira Neves Barros","","false","12:00","69cab483bcb9efeb569c67e1","13:00","Civil","agendado","69f0b882f33d257b4a7a186c","2026-04-28T13:39:14.073000","2026-04-28T13:39:14.073000","69f0aa040009751ec470fa8b","nevesraynna@gmail.com","false"
"2026-04-28","Karla Correia Mendes","","false","16:00","69cab4850c384307831324d8","17:00","Civil","agendado","69f0b0499c101c4f7561164b","2026-04-28T13:04:09.939000","2026-04-28T13:04:09.939000","69f0ab75971b3976ef33a57d","karlamendes1406@gmail.com","false"
"2026-04-28","Tatiane Ferreira e Silva Medeiros","","false","17:00","69cab4ae71c685e9f60324a3","18:00","Civil","agendado","69f0a92d4178329e109e5b37","2026-04-28T12:33:49.079000","2026-04-28T12:33:49.079000","69f0a7979080024735454f5b","tatianefsm2000@gmail.com","false"
"2026-04-29","Mel Cardoso Souza","","false","11:00","69cab4844ae3b7f6a68fd705","12:00","Civil","agendado","69f0a4bcf7b506f47e238b2b","2026-04-28T12:14:52.282000","2026-04-28T12:14:52.282000","69e8b3e718a06dc553782bd2","mel2005cardoso@gmail.com","false"
"2026-04-29","Laura Lula Ramos","","false","11:00","69cab4845646d7497cb9aa56","12:00","Civil","agendado","69f0a3e5c26570f70a757971","2026-04-28T12:11:17.226000","2026-04-28T12:11:17.226000","69e8b3b1c23f02f059fbe05f","lauralular@gmail.com","false"
"2026-04-28","André Fonseca Pinto Osorio","","false","12:00","69cab498a17506f70c6237c3","13:00","Civil","agendado","69f09c0dead4b3c0b4c2ae27","2026-04-28T11:37:49.231000","2026-04-28T11:37:49.231000","69eb7124b260ea0371181af3","andreosorio10@gmail.com","false"
"2026-04-29","Marcio Junio Rodrigues de Freitas","","false","13:00","69cab4fdb65777e18fa16281","14:00","Civil","agendado","69f08d1bba3ed3801109ffb2","2026-04-28T10:34:03.043000","2026-04-28T10:34:03.043000","69e8b3cb227404cd41911786","marciosoriso@gmail.com","false"
"2026-04-29","Thayane Cristina Tavares da Silva","","false","17:00","69efa4149a982f6976102820","18:00","Civil","agendado","69efc10252289c2d7f340598","2026-04-27T20:03:14.915000","2026-04-27T20:03:14.915000","69e8b3ac72ff58fcfafa20b1","cristinathco@gmail.com","false"
"2026-04-28","Guilherme Alves de Souza Araújo","","false","17:00","69cab4aecb5fa9ca033f05e8","18:00","Civil","agendado","69efb73055eb2b9253fcf44b","2026-04-27T19:21:20.697000","2026-04-27T19:21:20.697000","69efb2548749b9622136a800","gui.araujo2207@gmail.com","false"
"2026-04-28","Raniery Morais Miranda","","false","12:00","69cab5298bf415ccbaf69560","13:00","Civil","agendado","69efa926be42ac87c5d8f5f9","2026-04-27T18:21:26.553000","2026-04-27T18:21:26.553000","69eb7130c8c6a653226322d0","mirandaraniery@gmail.com","false"
"2026-04-28","Lia Rodrigues de Oliveira","","false","13:00","69cab4a03ab6550526927a0e","14:00","Civil","agendado","69efa230f6c7433ff48b5fba","2026-04-27T17:51:44.925000","2026-04-28T17:25:54.814000","69eb7138fbc3eca467b8986b","liarodriguesoliveira30@gmail.com","false"
"2026-04-28","Sophia Lannah Beatriz Ferreira de Sousa","","false","13:00","69cab498f494b0e0a3a2252c","14:00","Civil","agendado","69ef9b0f16052115a2ca3ebc","2026-04-27T17:21:19.005000","2026-04-27T17:21:19.005000","69e8b3e3ed8dfc592768740f","sophialannah123@gmail.com","false"
"2026-04-29","Thiago Marques Leão","","false","12:00","69cab49382a748187c66ec50","13:00","Civil","agendado","69ef9a430df6e7728c7fe3a5","2026-04-27T17:17:55.804000","2026-04-27T17:17:55.804000","69e8b3a39df58dcdca94d144","thiagomarquesleao@gmail.com","false"
"2026-04-29","Camila Amâncio Araújo Valadares","","false","12:00","69cab528ab7b73583ccff6f6","13:00","Civil","agendado","69ef802c6205401db006231f","2026-04-27T15:26:36.923000","2026-04-27T15:26:36.923000","69e8b3cd699596113662a7d8","camilaavaladares@gmail.com","false"
"2026-04-28","Mel Cardoso Souza","","false","11:00","69cab4844ae3b7f6a68fd705","12:00","Civil","agendado","69ef6d11bd3a4e2be2407fe9","2026-04-27T14:05:05.983000","2026-04-27T14:05:05.983000","69e8b3e718a06dc553782bd2","mel2005cardoso@gmail.com","false"
"2026-04-28","Priscila Lima Pires","","false","11:00","69cab4c764b86721de5c3a93","12:00","Civil","agendado","69ef6395c452b4a9d88f6dbc","2026-04-27T13:24:37.299000","2026-04-27T13:24:37.299000","69e8b40d5dd93ff3b5be838b","priscilapires.art@gmail.com","false"
"2026-03-30","Rafael Londe Hagen","","true","08:00","69c2d3ee87aec14ce3dd0d68","09:00","Militar","confirmado","69ca73edba5cb6de89fcea18","2026-03-30T13:00:29.261000","2026-03-30T15:39:32.400000","69c292e80a168be0a1fb9df4","funcionalpplt@gmail.com","false"
"2026-03-30","Dieisson Pires Guimarães","","false","10:00","69c3e94d5d60f416ce565c4e","11:00","Militar","faltou","69ca6db822516e6a1a481394","2026-03-30T12:34:00.787000","2026-03-31T03:03:47.636000","69c3e7b8fcf6be38975061f8","dpiresguimaraes@gmail.com","false"
"2026-03-28","Rafael Londe Hagen","","false","16:00","69c2d3ee87aec14ce3dd0d68","17:00","Militar","confirmado","69c83b427e7ced75eee2434e","2026-03-28T20:34:10.784000","2026-03-30T15:39:32.890000","69c292e80a168be0a1fb9df4","funcionalpplt@gmail.com","false"
"2026-03-27","Rafael Londe Hagen","","false","17:00","69c2d3ee87aec14ce3dd0d68","18:00","Militar","agendado","69c6db3996615a2103d292c3","2026-03-27T19:32:09.845000","2026-03-30T15:39:33.069000","69c3d34b532ba9674f7d28c5","rafaelhagen@hotmail.com","false"
"2026-03-26","Rafael Londe Hagen","","false","18:00","69c2d3ee87aec14ce3dd0d68","19:00","Militar","faltou","69c57e1db18d8efbb3cdbf8d","2026-03-26T18:42:37.946000","2026-03-30T15:39:33.271000","69c3d34b532ba9674f7d28c5","rafaelhagen@hotmail.com","false"
"2026-03-25","Rafael Londe Hagen","","false","14:00","69c2d3ee87aec14ce3dd0d68","15:00","Militar","faltou","69c427a630a12e5a73b93591","2026-03-25T18:21:26.336000","2026-03-30T15:39:33.448000","69c3d34b532ba9674f7d28c5","rafaelhagen@hotmail.com","false"
"2026-03-25","Dieisson Pires Guimarães","","false","20:00","69c3e94d5d60f416ce565c4e","21:00","Militar","faltou","69c42120939cbb6c7d27d8ac","2026-03-25T17:53:36.120000","2026-03-30T15:39:33.651000","69c3e7b8fcf6be38975061f8","dpiresguimaraes@gmail.com","false"