"goal","atestado_data","birth_date","weight","active","password","full_name","user_id","phone","cpf","matricula","photo_url","department","email","height","student_type","atestado_numero","id","created_date","updated_date","created_by_id","created_by","is_sample"
"","2026-07-16","1989-03-06","","true","","Miguel Angelo Domingos Luna","","85986998489","035.681.363-09","","","","miguelangelodl@gmail.com","","Civil","","6a5a32e157c471f8568dda8b","2026-07-17T13:49:21.446000","2026-07-17T13:49:21.446000","69c292e80a168be0a1fb9df4","funcionalpplt@gmail.com","false"
"","2026-07-13","1984-02-02","","true","","Lorena Faria de Oliveira Galvão ","6a568883a0f21982497a7582","62999190412","000.219.691-32","","","","lorenagalvao@hotmail.com","","Civil","","6a5a322f189a419e12dab864","2026-07-17T13:46:23.287000","2026-07-17T13:46:23.287000","69c292e80a168be0a1fb9df4","funcionalpplt@gmail.com","false"
"","2026-07-14","1997-10-13","","true","","João Victor Lopes do Prado","6a57c9f4c5d94973f0101dfb","62981376954","034.160.131-40","","https://base44.app/api/apps/69c292e80a168be0a1fb9df3/files/mp/public/69c292e80a168be0a1fb9df3/7a17f6b53_image.jpg","","joaovictor.lopesprado@gmail.com","","Civil","","6a58e6a74a488beecef59b46","2026-07-16T14:11:51.074000","2026-07-16T20:07:43.642000","69c292e80a168be0a1fb9df4","funcionalpplt@gmail.com","false"
"","2026-07-14","1991-03-20","","true","","Stéfhani Gabriela Almeida Lopes","","64981211273","017.902.801-41","","","","stefhanialmeida@gmail.com","","Civil","","6a58e62f3bf5fce8cc1a8ae9","2026-07-16T14:09:51.938000","2026-07-16T14:09:51.938000","69c292e80a168be0a1fb9df4","funcionalpplt@gmail.com","false"
"","2026-07-13","1994-06-13","","true","","Andressa Machado Xavier Francisco","6a5687c8282afcc46e10bfde","62982372157","028.294.591-13","","","","andressa.mxf@gmail.com","","Civil","","6a58e46ec7e66a7dfb81d8e2","2026-07-16T14:02:22.005000","2026-07-16T14:02:22.005000","69c292e80a168be0a1fb9df4","funcionalpplt@gmail.com","false"
"","2026-07-13","1996-04-11","","true","","Melissa Siqueira Borges","6a561e766872b46524bed0c2","62983442222","513.827.922-04","","","","melissa.borges@goias.gov.br","","Civil","","6a58e40c563def580db56f05","2026-07-16T14:00:44.912000","2026-07-16T14:00:44.912000","69c292e80a168be0a1fb9df4","funcionalpplt@gmail.com","false"
"","2026-06-17","2010-11-07","","true","","Samuel Couto Carneiro","6a4fd9c1996e7410e6e7ce06","62991534442","098.989.501-70","","","","samuelcoutocarneiro5@gmail.com","","Civil","","6a58e1b3f70b4ccfe858725e","2026-07-16T13:50:43.603000","2026-07-16T13:50:43.603000","69c292e80a168be0a1fb9df4","funcionalpplt@gmail.com","false"
"","2026-06-22","1973-09-04","","true","","Ricardo Alves Sano","6a4e4649adf1a3e329b302e0","62999107380","547.649.711-00","","","","ricardo.sanopm@gmail.com","","Civil","","6a58e1121b2f8ada026ac9d8","2026-07-16T13:48:02.717000","2026-07-16T13:48:20.707000","69c292e80a168be0a1fb9df4","funcionalpplt@gmail.com","false"
"","2026-07-07","1987-12-13","","true","","Gleiciany Lopes Gomes","6a4e4643e0da9aac3f06afa3","62991326401","740.773.091-15","","","","gleicylopes33@gmail.com","","Civil","","6a58ddc5f6b484321c89d235","2026-07-16T13:33:57.772000","2026-07-16T13:33:57.772000","69c292e80a168be0a1fb9df4","funcionalpplt@gmail.com","false"
"","2026-07-06","1994-03-01","","true","","Taynara Aparecida Castro Souza Bitencourt","6a4cfd18ca15d01338261bf7","62999695371","041.037.731-70","","","","taynaracastroadv@gmail.com","","Civil","","6a58dcf3a4200dd5ceafe303","2026-07-16T13:30:27.027000","2026-07-16T13:30:27.027000","69c292e80a168be0a1fb9df4","funcionalpplt@gmail.com","false"
"","2026-07-15","1996-04-09","","true","","Josias Silva Siqueira","6a57d1117a1b395e015c5df8","62981039144","701.377.671-88","","","","","","Civil","","6a58da09eac68d6ab4fefdf9","2026-07-16T13:18:01.236000","2026-07-16T13:18:01.236000","69c292e80a168be0a1fb9df4","funcionalpplt@gmail.com","false"
"","2026-07-01","1992-03-18","","true","","Laís Alcântara Gonçalves ","6a5524de34aa7ddb3e84f887","61982512482","030.898.231-28","","","","lais.alcantarag@gmail.com","","Civil","","6a57cbab24f7e49638f026f3","2026-07-15T18:04:27.786000","2026-07-15T18:04:27.786000","69c292e80a168be0a1fb9df4","funcionalpplt@gmail.com","false"
"Saúde e Bem-estar","2026-06-25","1994-11-26","52","true","","Kalyta Dornelas Santos de Moura ","6a103a66edd89bd7e97c3855","62984311390","051.372.131-28","","","","klt.dornelas@gmail.com","163","Civil","","6a5688dc066665535a9ed022","2026-07-14T19:07:08.145000","2026-07-15T19:03:50.021000","69c292e80a168be0a1fb9df4","funcionalpplt@gmail.com","false"
"","2026-07-08","1985-10-17","","true","","William Gomes Reis","6a4e879ce7685da4b5211438","62992763142","005.634.541-05","","","","reisz.william@gmail.com","","Civil","","6a56883546b2498f4b759b5c","2026-07-14T19:04:21.305000","2026-07-14T19:04:21.305000","69c292e80a168be0a1fb9df4","funcionalpplt@gmail.com","false"
"Saúde e Bem-estar","2026-07-09","1996-07-18","80.2","true","","Isabela Cristina Assis Costa Fleury","6a4fd9bdfe4c01c4a99b163b","62998099139","701.031.561-27","","https://base44.app/api/apps/69c292e80a168be0a1fb9df3/files/mp/public/69c292e80a168be0a1fb9df3/8ede474cd_WhatsAppImage2026-07-14at084539.jpeg","","isabelaassis.adv@gmail.com","168","Civil","","6a561ecaeae862b2c0041c22","2026-07-14T11:34:34.324000","2026-07-14T11:46:19.930000","69c292e80a168be0a1fb9df4","funcionalpplt@gmail.com","false"
"Emagrecimento","2026-07-10","1990-12-03","73","true","","Mayara de Oliveira Borges","6a54e215c142ec949992d105","62991081523","024.110.701-60","","https://base44.app/api/apps/69c292e80a168be0a1fb9df3/files/mp/public/69c292e80a168be0a1fb9df3/24170df8e_1000481183.jpg","","mayaragob@hotmail.com","165","Civil","","6a55254352c993fb4c6a6703","2026-07-13T17:49:55.450000","2026-07-13T21:31:35.695000","69c292e80a168be0a1fb9df4","funcionalpplt@gmail.com","false"
"Emagrecimento","2026-07-08","1993-05-10","","true","","Guilherme Silva Carvalho","6a4fd9c4c87d2cea9665c3b3","66984587910","037.929.571-75","","https://base44.app/api/apps/69c292e80a168be0a1fb9df3/files/mp/public/69c292e80a168be0a1fb9df3/74f7ef1ac_118758BB-11F4-4A4D-9667-DEC9850ECE86.png","","guilhermescarvalho.adv@gmail.com","","Civil","","6a54e30a3cd6effbf0c37d42","2026-07-13T13:07:22.630000","2026-07-13T13:13:33.674000","69c292e80a168be0a1fb9df4","funcionalpplt@gmail.com","false"
"Saúde e Bem-estar","2026-05-11","1959-05-16","85","true","","Maria Águeda Silva","6a4fd9bb2e69e3c33e3cdb97","62982755992","234.287.751-04","","https://base44.app/api/apps/69c292e80a168be0a1fb9df3/files/mp/public/69c292e80a168be0a1fb9df3/aa3a00357_Guiguinha9.jpg","","guiguinha.silva@gmail.com","156","Civil","","6a4ff4dfb1afddced1805e5b","2026-07-09T19:22:07.358000","2026-07-15T17:10:13.400000","69c292e80a168be0a1fb9df4","funcionalpplt@gmail.com","false"
"Condicionamento","2026-07-07","1988-03-23","62","true","","Ana Carolina Leles Lacerda Malta ","6a4e464bafb2def152106b04","62992933840","017.535.191-01","","https://base44.app/api/apps/69c292e80a168be0a1fb9df3/files/mp/public/69c292e80a168be0a1fb9df3/2ee6eff8c_IMG_8809.jpeg","","carolllacerda@gmail.com","158","Civil","","6a4fdc70cb2936368e05f081","2026-07-09T17:37:52.597000","2026-07-13T02:06:04.561000","69c292e80a168be0a1fb9df4","funcionalpplt@gmail.com","false"
"Emagrecimento","2026-07-06","1988-07-16","76.4","true","","Dayane Fernandes de Lima fonseca","6a4cfd15b0c786476645e1c9","62994593686","014.941.721-78","","https://base44.app/api/apps/69c292e80a168be0a1fb9df3/files/mp/public/69c292e80a168be0a1fb9df3/d98390935_image.jpg","","dayane.fonseca@goias.gov.br","165","Civil","","6a4e87e72646c2e936b17c0a","2026-07-08T17:24:55.755000","2026-07-16T13:31:41.653000","69c292e80a168be0a1fb9df4","funcionalpplt@gmail.com","false"
"Hipertrofia","2026-07-03","2004-10-06","75","true","","Marco Antônio Piza Ferrari e Silva","6a4bee200560d1a008a64ae3","62991644342","081.451.271-22","","https://base44.app/api/apps/69c292e80a168be0a1fb9df3/files/mp/public/69c292e80a168be0a1fb9df3/be3562e96_Foto.jpg","","marcoantonioferrari06@gmail.com","180","Civil","","6a4e469c113711586cabcd19","2026-07-08T12:46:20.321000","2026-07-16T13:14:21.048000","69c292e80a168be0a1fb9df4","funcionalpplt@gmail.com","false"
"Saúde e Bem-estar","2026-07-03","1985-12-03","","true","","Roberto Moreira da Fonseca ","6a4bee21d811e7a924aceb3e","62984699337","008.661.401-07","","https://base44.app/api/apps/69c292e80a168be0a1fb9df3/files/mp/public/69c292e80a168be0a1fb9df3/433847f8c_1001437881.heic","","roberto.fonseca@goias.gov.br","","Civil","","6a4d05455a6f65fc62267ac4","2026-07-07T13:55:17.570000","2026-07-07T14:01:55.993000","69c292e80a168be0a1fb9df4","funcionalpplt@gmail.com","false"
"Emagrecimento","2026-06-30","1978-01-25","80","true","","Sandra Barreto Teles ","6a4bee24b98a69b27ac727b4","62984665262","697.445.991-20","","https://base44.app/api/apps/69c292e80a168be0a1fb9df3/files/mp/public/69c292e80a168be0a1fb9df3/816bac7bf_IMG_8664.png","","barretoteles95@gmail.com","1.67","Civil","","6a4cfffc1d48bd477de41287","2026-07-07T13:32:44.920000","2026-07-07T13:45:54.922000","69c292e80a168be0a1fb9df4","funcionalpplt@gmail.com","false"
"","2026-06-30","1978-08-11","","true","","Juliana Lúcia Ribeiro Fonseca","6a4be772a9b83ce529bfefcf","62999652425","966.193.681-15","","https://base44.app/api/apps/69c292e80a168be0a1fb9df3/files/mp/public/69c292e80a168be0a1fb9df3/5b15b2b01_IMG_8806.png","","juju.ribeiro11@gmail.com","","Civil","","6a4be7cdf8dc3d199109155f","2026-07-06T17:37:17.806000","2026-07-06T17:38:50.503000","69c292e80a168be0a1fb9df4","funcionalpplt@gmail.com","false"
"Condicionamento","2026-07-01","1981-10-07","88","true","","Rafael Branquinho Xavier","6a47ba718a913649fc8dfd6f","62981779329","941.698.291-15","","https://base44.app/api/apps/69c292e80a168be0a1fb9df3/files/mp/public/69c292e80a168be0a1fb9df3/43e0ab3c8_1000407631.jpg","","rafaelbranquinhoadv@gmail.com","187","Civil","","6a47baea86dae8cbf35b88a3","2026-07-03T13:36:42.308000","2026-07-04T19:57:07.527000","69c292e80a168be0a1fb9df4","funcionalpplt@gmail.com","false"
"","2026-03-26","1977-08-02","","true","","Alessandro Melo da Silva","69e8b3a65ff5808ccc1df34e","62981249903","775.673.071-20","","https://base44.app/api/apps/69c292e80a168be0a1fb9df3/files/mp/public/69c292e80a168be0a1fb9df3/427fbbd1c_1000227972.jpg","","alessandromsilva@gmail.com","","Civil","","6a47acd99bb7322eb40995ab","2026-07-03T12:36:41.735000","2026-07-07T11:59:05.893000","69c292e80a168be0a1fb9df4","funcionalpplt@gmail.com","false"
"","2026-07-02","2002-03-30","59","true","","Amanda Barbosa Andrade","6a47aa1a643b6c44c21f4fb5","62984250914","708.641.121-30","","https://base44.app/api/apps/69c292e80a168be0a1fb9df3/files/mp/public/69c292e80a168be0a1fb9df3/88576e22b_WhatsAppImage2026-07-06at151449.jpeg","","amanda.andrade@goias.gov.br","167","Civil","","6a47ac66a48bf6645814cb71","2026-07-03T12:34:46.034000","2026-07-06T18:17:23.117000","69c292e80a168be0a1fb9df4","funcionalpplt@gmail.com","false"
"","2026-06-29","2001-12-26","","true","","João Felipe Ferrado Melo Fernandes ","6a46b458dd4a9dcf00d0ff76","26/12/2001","016.364.341-50","","https://base44.app/api/apps/69c292e80a168be0a1fb9df3/files/mp/public/69c292e80a168be0a1fb9df3/f26d73c24_20260625_094957.jpg","","jfferrado@gmail.com","","Civil","","6a47ac173e6f14b4f12639fe","2026-07-03T12:33:27.334000","2026-07-03T15:06:11.342000","69c292e80a168be0a1fb9df4","funcionalpplt@gmail.com","false"
"Condicionamento","2026-07-01","1972-12-04","65","true","","RAQUEL RODRIGUES DE SOUZA","6a455e46430068bca0693558","62981259256","515.064.401-34","","https://base44.app/api/apps/69c292e80a168be0a1fb9df3/files/mp/public/69c292e80a168be0a1fb9df3/2b7594619_IMG_9174.jpeg","","raquelrodrigues.souza@gmail.com","157","Civil","","6a47ab95a6568cd214130beb","2026-07-03T12:31:17.433000","2026-07-05T15:49:11.469000","69c292e80a168be0a1fb9df4","funcionalpplt@gmail.com","false"
"Hipertrofia","2026-06-30","2001-11-28","94","true","","Guilherme Augusto Fortuna Ferreira","6a4527dd86ec9402dace7a07","28/11/2001","708.838.201-61","","https://base44.app/api/apps/69c292e80a168be0a1fb9df3/files/mp/public/69c292e80a168be0a1fb9df3/404323501_0DF58C38-D050-42AB-B8C7-45F0F8877D10.jpeg","","guilhermefortunax@gmail.com","185","Civil","","6a47ab32b17447cad40df4b6","2026-07-03T12:29:38.932000","2026-07-03T22:33:39.482000","69c292e80a168be0a1fb9df4","funcionalpplt@gmail.com","false"
"Reabilitação","2026-06-30","1975-02-19","","true","","Emiliana de Azambuja Melo","6a4527defd0ebb379523bd81","62992260307","590.187.201-00","","https://base44.app/api/apps/69c292e80a168be0a1fb9df3/files/mp/public/69c292e80a168be0a1fb9df3/e989a2886_1001220580.png","","emilianachef@gmail.com","","Civil","","6a47aabf6324d7898301c282","2026-07-03T12:27:43.147000","2026-07-03T13:26:12.930000","69c292e80a168be0a1fb9df4","funcionalpplt@gmail.com","false"
"Emagrecimento","2026-06-25","1996-04-26","66","true","","Leandra da Cruz Matos","6a4527e09d14fcde539e804e","62991648170","701.397.351-35","","https://base44.app/api/apps/69c292e80a168be0a1fb9df3/files/mp/public/69c292e80a168be0a1fb9df3/cd5e89648_Capturadetela2026-07-02160404.png","","leandramatos5@gmail.com","166","Civil","","6a46b4a1a4c8e2b27622066c","2026-07-02T18:57:37.348000","2026-07-02T19:04:32.503000","69c292e80a168be0a1fb9df4","funcionalpplt@gmail.com","false"
"Condicionamento","2026-06-24","1998-10-01","88","true","","Leonardo Alves Ribeiro","6a4527dd390e51d8fd8d8e96","62986310900","700.291.231-35","","https://base44.app/api/apps/69c292e80a168be0a1fb9df3/files/mp/public/69c292e80a168be0a1fb9df3/118dd19b9_1000366294.webp","","leonardo.ribeiro.011098@gmail.com","175","Civil","","6a454ed31f79726271ec0cc9","2026-07-01T17:30:59.069000","2026-07-01T17:33:29.730000","69c292e80a168be0a1fb9df4","funcionalpplt@gmail.com","false"
"Hipertrofia","2026-06-17","1982-06-26","101","true","","Fábio Assunção Guimarães","6a26c3bbefcba7841f4596c5","62999777662","972.692.981-49","","https://base44.app/api/apps/69c292e80a168be0a1fb9df3/files/mp/public/69c292e80a168be0a1fb9df3/7ff5df8ef_image.jpg","","fabimeu@gmail.com","186","Civil","","6a4528801d33942bc14d90e7","2026-07-01T14:47:28.561000","2026-07-01T14:50:25.421000","69c292e80a168be0a1fb9df4","funcionalpplt@gmail.com","false"
"","2026-06-26","2000-08-31","66","true","","Beatriz de Jesus Rodrigues","6a43b3e103763c8e4e2e9e23","62983096000","038.419.991-74","","https://base44.app/api/apps/69c292e80a168be0a1fb9df3/files/mp/public/69c292e80a168be0a1fb9df3/2674b8166_image.jpg","","beatriz.jrodrigues@goias.gov.br","1.6","Civil","","6a440ca61aebb43952856fec","2026-06-30T18:36:22.850000","2026-06-30T18:38:16.240000","69c292e80a168be0a1fb9df4","funcionalpplt@gmail.com","false"
"Emagrecimento","2026-06-29","1987-04-17","80","true","","Renata Batista Lozano","6a43b3e2a2881f5f82218f67","62982228037","012.472.621-62","","https://base44.app/api/apps/69c292e80a168be0a1fb9df3/files/mp/public/69c292e80a168be0a1fb9df3/f759e707b_FOTORENATA.png","","renata.b.lozano@gmail.com","164","Civil","","6a440c3c1a215e360855c18a","2026-06-30T18:34:36.605000","2026-06-30T19:02:24.395000","69c292e80a168be0a1fb9df4","funcionalpplt@gmail.com","false"
"","2026-06-26","1997-08-12","","true","","Diego Fernandes Dias","6a43b3e40d04dbbe8234b278","62981135976","050.035.431-66","","https://base44.app/api/apps/69c292e80a168be0a1fb9df3/files/mp/public/69c292e80a168be0a1fb9df3/5bc7950ab_image.jpg","","diegodias.jur@gmail.com","","Civil","","6a440b7234bf0c812b4545a5","2026-06-30T18:31:14.841000","2026-07-07T15:48:02.698000","69c292e80a168be0a1fb9df4","funcionalpplt@gmail.com","false"
"","2026-06-25","1978-05-02","","true","","Roselaine de Jesus Campos","6a425ab5c675f4a2557a8cbd","62984379920","897.850.531-72","","","","rosellainecampos@gmail.com","","Civil","","6a44037cf4d3ec505e2dcd98","2026-06-30T17:57:16.556000","2026-06-30T18:28:11.770000","69c292e80a168be0a1fb9df4","funcionalpplt@gmail.com","false"
"","2026-06-29","1992-07-27","","true","","Jessica Alves Lopes","6a43edb6db745ca51f6bcd3f","","750.780.071-72","","https://base44.app/api/apps/69c292e80a168be0a1fb9df3/files/mp/public/69c292e80a168be0a1fb9df3/899b30c56_image.jpg","","jessicaalveslopes27@gmail.com","","Civil","","6a43edc278a81c6a3edae735","2026-06-30T16:24:34.871000","2026-06-30T16:31:58.859000","69c292e80a168be0a1fb9df4","funcionalpplt@gmail.com","false"
"Emagrecimento","2026-06-29","1979-11-12","","true","","Agda Magalhães Cruz","6a3e79645dd2faa01e3bb7ab","","801.445.865-68","","https://base44.app/api/apps/69c292e80a168be0a1fb9df3/files/mp/public/69c292e80a168be0a1fb9df3/4eea28a53_1000252301.png","","real.agda@gmail.com","","Civil","","6a43ed61d21599d201f6d4e3","2026-06-30T16:22:57.652000","2026-06-30T17:36:29.122000","69c292e80a168be0a1fb9df4","funcionalpplt@gmail.com","false"
"Hipertrofia","2026-06-25","2004-01-17","72","true","","Renato Cortes Araujo","6a33ffec680751eb87071f8a","62999274590","106.796.754-00","","https://base44.app/api/apps/69c292e80a168be0a1fb9df3/files/mp/public/69c292e80a168be0a1fb9df3/478e45d79_20260629_131557.jpg","","renato.caraujo@goias.gov.br","180","Civil","","6a3e7ceed7b5cc8026d9de19","2026-06-26T13:21:50.304000","2026-06-29T16:16:54.790000","69c292e80a168be0a1fb9df4","funcionalpplt@gmail.com","false"
"","2026-06-24","1997-07-02","","true","","Debora Mariana de Matos Nunes ","69f1fb0fd6626d10cffcfb82","62985414343","703.934.751-23","","https://base44.app/api/apps/69c292e80a168be0a1fb9df3/files/mp/public/69c292e80a168be0a1fb9df3/ffc0a0bc5_5EB7AA1A-F495-4583-AED1-B35946317BEB.jpeg","","deboramariana23@hotmail.com","","Civil","","6a3e7c984e5fda0a0c34bd6a","2026-06-26T13:20:24.834000","2026-06-29T02:46:13.377000","69c292e80a168be0a1fb9df4","funcionalpplt@gmail.com","false"
"","2026-06-08","2003-05-08","","true","","Thiago Godinho Pancieri","6a3e795e4facae2aa271a9e3","62992167213","076.566.381-30","","","","thiagopancieri@gmail.com","","Civil","","6a3e7c192588de1fb4d7c896","2026-06-26T13:18:17.725000","2026-06-26T13:18:17.725000","69c292e80a168be0a1fb9df4","funcionalpplt@gmail.com","false"
"","2026-06-19","1976-08-23","","true","","Marcos Barros Salomão ","6a3e79690882f84f2049fc1c","62984446161","802.771.011-15","","","","sallomao.marcos@gmail.com","","Civil","","6a3e7b4cec99f8949478a8de","2026-06-26T13:14:52.155000","2026-06-26T13:14:52.155000","69c292e80a168be0a1fb9df4","funcionalpplt@gmail.com","false"
"","2026-05-27","1992-05-10","","true","","Bruno Cícero Sena ","6a1d949b0c7e3c52ef4a3592","62994140017","029.207.031-45","","","","brunocsena.adv@gmail","","Civil","","6a3e7aa48e3b141f37e22ad6","2026-06-26T13:12:04.232000","2026-06-26T13:12:04.232000","69c292e80a168be0a1fb9df4","funcionalpplt@gmail.com","false"
"","2026-06-23","1990-06-09","","true","","Barbara Pimenta Rodrigues","6a3e795fb1281dc9fdb2f029","62994168834","031.853.711-78","","https://base44.app/api/apps/69c292e80a168be0a1fb9df3/files/mp/public/69c292e80a168be0a1fb9df3/673a07296_IMG_6460.jpeg","","barbaraprrodrigues@gmail.com","","Civil","","6a3e7a3bc6f53e8a58abe9fe","2026-06-26T13:10:19.328000","2026-07-16T13:15:18.074000","69c292e80a168be0a1fb9df4","funcionalpplt@gmail.com","false"
"","2025-12-11","1962-12-10","","true","","Rogério Jesus Oliveira ","6a4cfdde0ec1b91c3e9eedf1","62985596927","234.312.021-87","","https://base44.app/api/apps/69c292e80a168be0a1fb9df3/files/mp/public/69c292e80a168be0a1fb9df3/dd237ae1f_1783959086688106283707716113553.jpg","","rogeriojesol@gmail.com","","Civil","","6a3e79df78e3548ff0fb7c19","2026-06-26T13:08:47.128000","2026-07-13T16:11:49.203000","69c292e80a168be0a1fb9df4","funcionalpplt@gmail.com","false"
"Hipertrofia","2026-06-19","2000-07-24","95","true","","José Gabriel Santos Fidelis","6a3984e89172f9d73b1325e8","62999564999","016.790.131-14","","","","josesfbra@gmail.com","183","Civil","","6a398560f6b2bf6a710cc00b","2026-06-22T18:56:32.437000","2026-06-22T19:00:40.679000","69c292e80a168be0a1fb9df4","funcionalpplt@gmail.com","false"
"Saúde e Bem-estar","2026-06-22","1979-12-14","","true","","Monalisa Lopes da Silva ","6a3981f6dd2033d4e2eef307","62981465800","885.803.931-91","","https://base44.app/api/apps/69c292e80a168be0a1fb9df3/files/mp/public/69c292e80a168be0a1fb9df3/8c1b11ec3_Foto_Monalisa.jpg","","monalisalopessilva@gmail.com","","Civil","","6a398374607472e9a3819930","2026-06-22T18:48:20.621000","2026-06-22T19:09:16.891000","69c292e80a168be0a1fb9df4","funcionalpplt@gmail.com","false"
"","2026-06-19","2002-12-07","","true","","Anna Gabriella Pacheco Arantes ","6a15a10e7ccbb48781b7c1a9","62999915569","054.510.421-10","","https://base44.app/api/apps/69c292e80a168be0a1fb9df3/files/mp/public/69c292e80a168be0a1fb9df3/181ce5172_8CD90300-CC4B-4C1D-A2C3-0E05EC506562.jpeg","","anagabipacheco145@gmail.com","","Civil","","6a3982de24678b7c56c6eb95","2026-06-22T18:45:50.761000","2026-06-23T12:46:03.086000","69c292e80a168be0a1fb9df4","funcionalpplt@gmail.com","false"
"Hipertrofia","2026-06-17","1996-07-08","63","true","","Kalita Nascimento Souza","6a3979a741f0e661e4facfc3","62995331283","029.132.191-79","","https://base44.app/api/apps/69c292e80a168be0a1fb9df3/files/mp/public/69c292e80a168be0a1fb9df3/f6c0ba4f4_FECA0256-B0ED-42B2-93FD-87252404FAD8.jpeg","","kalitanascimento72@gmail.com","1.67","Civil","","6a398243a54d8b9eded34b67","2026-06-22T18:43:15.324000","2026-06-23T21:36:04.385000","69c292e80a168be0a1fb9df4","funcionalpplt@gmail.com","false"
"","2026-06-19","1967-07-31","","true","","Armando alves feitosa","6a3979acb5b039096e4deaec","62983022718","349.129.161-53","","https://base44.app/api/apps/69c292e80a168be0a1fb9df3/files/mp/public/69c292e80a168be0a1fb9df3/f99150b43_FotoArmando.jpg","","armando.feitosa@gmail.com","","Civil","","6a3981de33ef8f3bb08c5477","2026-06-22T18:41:34.453000","2026-06-28T16:37:08.924000","69c292e80a168be0a1fb9df4","funcionalpplt@gmail.com","false"
"","2026-06-17","2000-04-07","","true","","Flávia Leticia Pereira de Carvalho","6a3979a8c86f4fd06a30f4bd","07/04/2000","071.410.521-00","","","","flavialeticia2288@gmail.com","","Civil","","6a398155ac0756f7820cdfc0","2026-06-22T18:39:17.161000","2026-06-22T18:39:17.161000","69c292e80a168be0a1fb9df4","funcionalpplt@gmail.com","false"
"Hipertrofia","2026-06-17","1982-01-20","52","true","","BETANIA APARECIDA HENKES VIAN","6a3009d25c11e724cbe84a54","62981314203","712.290.351-68","","https://base44.app/api/apps/69c292e80a168be0a1fb9df3/files/mp/public/69c292e80a168be0a1fb9df3/542ea4e0c_WhatsAppImage2026-06-22at153232.jpeg","","betaniavian@gmail.com","163","Civil","","6a397a1f1a9199a9c27a866f","2026-06-22T18:08:31.498000","2026-06-24T20:01:26.144000","69c292e80a168be0a1fb9df4","funcionalpplt@gmail.com","false"
"","2026-05-27","1994-11-21","","true","","Gabriel Tavares Magalhães","6a33ffea197877dcaf306a36","62981298753","730.021.271-91","","","","gabriel.magalhaes@goias.gov.br","","Civil","","6a3403ec4f3abaa255259a54","2026-06-18T14:42:52.055000","2026-06-18T14:42:52.055000","69c292e80a168be0a1fb9df4","funcionalpplt@gmail.com","false"
"Saúde e Bem-estar","2026-06-08","1980-01-08","74","true","","Cecília Barcelos ","6a33ffef153f100204d31c48","62992532769","853.311.041-34","","https://base44.app/api/apps/69c292e80a168be0a1fb9df3/files/mp/public/69c292e80a168be0a1fb9df3/db23698a0_17822352823415178624942368287946.jpg","","ceciliabarcelos@yahoo.com.br","179","Civil","","6a34009465d0a5953dd53299","2026-06-18T14:28:36.129000","2026-06-23T17:22:09.080000","69c292e80a168be0a1fb9df4","funcionalpplt@gmail.com","false"
"Saúde e Bem-estar","2026-06-16","1976-01-12","63","true","","Viviana Gonçalves Hirata Melo","6a28493f2a070fd9d8ff4686","62999200071","808.493.181-49","","https://base44.app/api/apps/69c292e80a168be0a1fb9df3/files/mp/public/69c292e80a168be0a1fb9df3/70cfa73f0_IMG_9412.jpeg","","vivihirata@gmail.com","164","Civil","","6a34003bb8cf6a9e37567167","2026-06-18T14:27:07.337000","2026-06-18T14:32:26.531000","69c292e80a168be0a1fb9df4","funcionalpplt@gmail.com","false"
"Saúde e Bem-estar","2026-06-16","1987-08-05","95","true","","Thiago Alves Sobrinho","6a329d00d23a3aa382cbc565","62995293747","027.484.891-01","","https://base44.app/api/apps/69c292e80a168be0a1fb9df3/files/mp/public/69c292e80a168be0a1fb9df3/acf2c1b5b_IMG20250627164458.jpg","","thiago.sobrinho@goias.gov.br","185","Civil","","6a32ad4ed40f8572a8d2db48","2026-06-17T14:21:02.098000","2026-06-17T19:00:30.575000","69c292e80a168be0a1fb9df4","funcionalpplt@gmail.com","false"
"Emagrecimento","2026-06-16","1979-07-07","110","true","","José Nildo da cunha gomes ","6a329d02a320c06349b77bfa","62992920805","844.157.201-10","","https://base44.app/api/apps/69c292e80a168be0a1fb9df3/files/mp/public/69c292e80a168be0a1fb9df3/31b47c408_1000055585.jpg","","J.nillgyn@gmail.com","1.8","Civil","","6a32acbd097d7e942fa5efd2","2026-06-17T14:18:37.781000","2026-06-17T19:57:35.744000","69c292e80a168be0a1fb9df4","funcionalpplt@gmail.com","false"
"Condicionamento","2026-06-12","1998-10-18","59","true","","Andrielly Nunes de Oliveira","69f3a2c1d00b3750983befe1","62984367247","700.067.301-08","","https://base44.app/api/apps/69c292e80a168be0a1fb9df3/files/mp/public/69c292e80a168be0a1fb9df3/94e2b6944_IMG_9512.jpeg","","andriellyno1998@gmail.com","157","Civil","","6a329e38da29442026634d02","2026-06-17T13:16:40.401000","2026-06-19T17:38:30.967000","69c292e80a168be0a1fb9df4","funcionalpplt@gmail.com","false"
"Emagrecimento","2026-06-02","1997-08-15","61","true","","Kenyele Naves Guimarães Borges","6a2aea1fbc9af45a7d5e3645","62982849715","064.410.791-00","","https://base44.app/api/apps/69c292e80a168be0a1fb9df3/files/mp/public/69c292e80a168be0a1fb9df3/e8ab4f0d2_IMG_3785.jpeg","","kenyele.naves15@gmail.com","158","Civil","","6a31410f2dc4b83f242b38eb","2026-06-16T12:26:55.605000","2026-06-18T14:31:12.712000","69c292e80a168be0a1fb9df4","funcionalpplt@gmail.com","false"
"","2026-06-09","2003-06-02","","true","","Camila Costa Marinho","6a2aea1cd0de8de3acfb63a3","62986294972","714.550.121-06","","https://base44.app/api/apps/69c292e80a168be0a1fb9df3/files/mp/public/69c292e80a168be0a1fb9df3/73b753841_2186e3f5-7859-4d0c-a5cc-53b3b849823c.jpeg","","camilacostamm11@gmail.com","","Civil","","6a304dbb6505c47b19606f12","2026-06-15T19:08:43.771000","2026-06-15T19:16:53.580000","69c292e80a168be0a1fb9df4","funcionalpplt@gmail.com","false"
"","2026-06-03","1962-11-11","","true","","fatima vauldimar costa silva","6a296a019f54c90c540ecf14","62998675556","282.715.641-53","","https://base44.app/api/apps/69c292e80a168be0a1fb9df3/files/mp/public/69c292e80a168be0a1fb9df3/7164aedb8_1000949460.jpg","","fatimavauldimarcostasilva@gmail.com","","Civil","","6a303f0ecb7f36b8c0452eaf","2026-06-15T18:06:06.834000","2026-06-16T19:19:28.105000","69c292e80a168be0a1fb9df4","funcionalpplt@gmail.com","false"
"","2026-06-15","1992-10-14","","true","","Antonio Ventura Máximo Neto","6a3009d5f7a7a71481a331eb","62984029878","022.930.601-28","","","","netovm04@gmail.com","","Civil","","6a303eadcf4a80710d1ab0f5","2026-06-15T18:04:29.143000","2026-06-15T18:04:29.143000","69c292e80a168be0a1fb9df4","funcionalpplt@gmail.com","false"
"","2026-02-24","1973-04-05","","true","","Ana Paula da Costa Oliveira","6a3009cf0ee4282b4d96b7d3","62981160713","958.816.381-15","","","","anapcom1@gmail.com","","Civil","","6a303dd665d895a5d2891640","2026-06-15T18:00:54.042000","2026-06-15T18:00:54.042000","69c292e80a168be0a1fb9df4","funcionalpplt@gmail.com","false"
"Saúde e Bem-estar","2026-06-13","1998-04-23","","true","","Raingredi Sousa Mendes","6a3009d02bf70f90e9561b00","62985250236","033.626.922-65","","https://base44.app/api/apps/69c292e80a168be0a1fb9df3/files/mp/public/69c292e80a168be0a1fb9df3/6608f5b63_WhatsAppImage2026-06-16at102724.jpeg","","raingredi@gmail.com","","Civil","","6a303ce8913598946bc38fe9","2026-06-15T17:56:56.494000","2026-06-16T13:27:37.846000","69c292e80a168be0a1fb9df4","funcionalpplt@gmail.com","false"
"","2026-06-11","1962-04-21","","true","","Jucelia Mendes da Silva","6a3009da39c9725d4a9c2c9d","62992056539","280.821.761-72","","https://base44.app/api/apps/69c292e80a168be0a1fb9df3/files/mp/public/69c292e80a168be0a1fb9df3/aad9cc7f0_6A548510-1E2D-4D43-9D1A-1DFCF5F867B7.jpeg","","juceliajuhhhhhhh@gmail.com","","Civil","","6a303c163272ed4fdd6817f4","2026-06-15T17:53:26.071000","2026-06-16T14:29:26.795000","69c292e80a168be0a1fb9df4","funcionalpplt@gmail.com","false"
"Emagrecimento","2026-06-11","1982-06-05","","true","","Erika Moreno Camargo","6a2c04ab14388c164cc522b6","62992023636","934.657.261-20","","https://base44.app/api/apps/69c292e80a168be0a1fb9df3/files/mp/public/69c292e80a168be0a1fb9df3/2e2fe2c05_IMG_8243.jpeg","","erika.camargo@goias.gov.br","","Civil","","6a303b70dc2646cf423a9903","2026-06-15T17:50:40.197000","2026-06-15T20:12:36.398000","69c292e80a168be0a1fb9df4","funcionalpplt@gmail.com","false"
"","2026-04-30","1977-08-04","","true","","Hugo Leonardo de Araújo Godinho","6a2aaefdbbb8d301bdfff035","62982303778","809.821.821-04","","https://base44.app/api/apps/69c292e80a168be0a1fb9df3/files/mp/public/69c292e80a168be0a1fb9df3/c42fb3f23_WhatsAppImage2026-06-12at112227.jpeg","","hugo.godinho@goias.gov.br","","Civil","","6a2c155eb386f640b1e5948b","2026-06-12T14:19:10.907000","2026-06-12T14:22:57.447000","69c292e80a168be0a1fb9df4","funcionalpplt@gmail.com","false"
"Hipertrofia","2026-06-11","2001-11-14","84","true","","Yuri Fernandes Bragança de Faria","6a2c04ad5e96d0d64cbb2d65","61982548570","071.674.501-11","","https://base44.app/api/apps/69c292e80a168be0a1fb9df3/files/mp/public/69c292e80a168be0a1fb9df3/039cd3d82_WhatsAppImage2026-06-15at102639.jpeg","","yurifbraganca@gmail.com","180","Civil","","6a2c0b9a1ad4d29b12693fd6","2026-06-12T13:37:30.434000","2026-06-15T17:48:39.951000","69c292e80a168be0a1fb9df4","funcionalpplt@gmail.com","false"
"Hipertrofia","2026-06-03","2000-11-03","58","true","","Thaynná Melo do Nascimento","6a2ab68ac2b7298f7ea65e47","62983439511","753.276.941-00","","https://base44.app/api/apps/69c292e80a168be0a1fb9df3/files/mp/public/69c292e80a168be0a1fb9df3/ef174000a_f4d9b3a4-c990-457f-8a79-f6fba18f68e4.jpeg","","thaynna.nascimento@goias.gov.br","1.65","Civil","","6a2aeab3a61a095b45073c9a","2026-06-11T17:04:51.430000","2026-06-11T17:19:47.362000","69c292e80a168be0a1fb9df4","funcionalpplt@gmail.com","false"
"Condicionamento","2026-06-06","1962-11-11","69","true","","Fátima Vauldimar Costa Silva ","6a296a019f54c90c540ecf14","62998675556","282.715.641-53","","https://base44.app/api/apps/69c292e80a168be0a1fb9df3/files/mp/public/69c292e80a168be0a1fb9df3/bb2e966b2_1000927609.jpg","","fatimavauldimarcostasilva@gmail.com","-166","Civil","","6a2ab6e9479d5ea34f73b6ea","2026-06-11T13:23:53.618000","2026-06-15T14:22:06.530000","69c292e80a168be0a1fb9df4","funcionalpplt@gmail.com","false"
"","2026-06-01","1980-07-17","","true","","Lilian Sousa Ribeiro ","6a16e530d523f85a83c52aa9","62992549965","275.817.978-48","","https://base44.app/api/apps/69c292e80a168be0a1fb9df3/files/mp/public/69c292e80a168be0a1fb9df3/1ccc8a27f_IMG_20260527_064548_291.webp","","Lilicabiologa17@gmail.com","","Civil","","6a2ab495dd0a4b30a31fc926","2026-06-11T13:13:57.301000","2026-06-16T20:29:28.772000","69c292e80a168be0a1fb9df4","funcionalpplt@gmail.com","false"
"Emagrecimento","2026-06-09","1982-09-18","78","true","","Márcio Caiado de Castro Junior","6a2aaefeb7a6bd1d3032373b","62992534269","965.118.421-34","","https://base44.app/api/apps/69c292e80a168be0a1fb9df3/files/mp/public/69c292e80a168be0a1fb9df3/14043cef0_1000209072.jpg","","marcio.castro@goias.gov.br","174","Civil","","6a2ab3de254e45ba9733b25e","2026-06-11T13:10:54.413000","2026-06-15T11:41:33.737000","69c292e80a168be0a1fb9df4","funcionalpplt@gmail.com","false"
"Hipertrofia","2026-06-09","1999-09-09","56","true","","Jesley da Silva Sousa","6a2aaf009ad04cdd81d57839","62996337031","621.931.023-33","","https://base44.app/api/apps/69c292e80a168be0a1fb9df3/files/mp/public/69c292e80a168be0a1fb9df3/574118412_IMG_0611.jpeg","","jesleysobral8@gmail.com","1.53","Civil","","6a2ab18061f7a78ad0700e2f","2026-06-11T13:00:48.361000","2026-07-16T11:47:41.224000","69c292e80a168be0a1fb9df4","funcionalpplt@gmail.com","false"
"","2026-03-11","1987-06-23","67","true","","Ivana Cabral Oliveira Barros","6a28493d95b7e99c5f2c08f2","62982651465","024.614.301-01","","https://base44.app/api/apps/69c292e80a168be0a1fb9df3/files/mp/public/69c292e80a168be0a1fb9df3/4ea5437d0_IMG_9751.jpeg","","nutr.ivana@gmail.com","1.67","Civil","","6a2974022b3dd13c18f053ec","2026-06-10T14:26:10.295000","2026-06-10T14:32:48.164000","69c292e80a168be0a1fb9df4","funcionalpplt@gmail.com","false"
"","2026-06-09","1988-09-12","","true","","Gabriela Martins da Costa Ruas","6a28493e4f43c49db419d96f","62991459221","024.593.491-06","","","","gabriela.costa@goias.gov.br","","Civil","","6a2849ee1a50ae7d63b31342","2026-06-09T17:14:22.383000","2026-06-09T17:14:22.383000","69c292e80a168be0a1fb9df4","funcionalpplt@gmail.com","false"
"Hipertrofia","2026-06-09","1983-02-05","81","true","","Helder Lieberenz Camilo","6a28488fb42e0b4d317ef9f5","62996538350","992.596.131-91","","https://base44.app/api/apps/69c292e80a168be0a1fb9df3/files/mp/public/69c292e80a168be0a1fb9df3/d43d997ab_WhatsAppImage2026-06-09at141507.jpeg","","heldersecami@gmail.com","187","Civil","","6a28490940b20bf445d77ea6","2026-06-09T17:10:33.612000","2026-06-09T17:15:51.150000","69c292e80a168be0a1fb9df4","funcionalpplt@gmail.com","false"
"Hipertrofia","2026-06-08","2002-05-07","88","true","","samuel da costa oliveira","6a27030a707a4b92e0085b31","62982227371","708.973.761-61","","https://base44.app/api/apps/69c292e80a168be0a1fb9df3/files/mp/public/69c292e80a168be0a1fb9df3/b9f92ae99_image.jpg","","SAMUCA1098@HOTMAIL.COM","1.84","Civil","","6a283ca8e24218a67bcb7414","2026-06-09T16:17:44.264000","2026-06-09T16:22:38.620000","69c292e80a168be0a1fb9df4","funcionalpplt@gmail.com","false"
"Hipertrofia","2026-06-08","1998-10-23","62","true","","Elisnara Gerstrudes da Costa e Silva ","6a281b55d71320017656d360","62993541643","701.917.641-08","","https://base44.app/api/apps/69c292e80a168be0a1fb9df3/files/mp/public/69c292e80a168be0a1fb9df3/b93769ba6_WhatsAppImage2026-06-09at141136.jpeg","","elisnaracostta@gmail.com","167","Civil","","6a281e2dfb548e50d1e17ecd","2026-06-09T14:07:41.422000","2026-06-09T17:12:23.912000","69c292e80a168be0a1fb9df4","funcionalpplt@gmail.com","false"
"","2026-06-08","2002-01-22","","true","","VITORIA RODRIGUES SGAMATI","6a142a748d65e2c102ce1901","62983266930","047.038.431-02","","https://base44.app/api/apps/69c292e80a168be0a1fb9df3/files/mp/public/69c292e80a168be0a1fb9df3/659c5592e_IMG_4964.jpeg","","vitoria.sgamati@goias.gov.br","","Civil","","6a281d4ebb0e3860ea5368c1","2026-06-09T14:03:58.773000","2026-06-23T19:42:01.830000","69c292e80a168be0a1fb9df4","funcionalpplt@gmail.com","false"
"","2026-06-08","1967-08-29","","true","","Sebastião Ferreira de Farias","6a270305919590097fa8bf46","62981612216","008.255.861-27","","https://base44.app/api/apps/69c292e80a168be0a1fb9df3/files/mp/public/69c292e80a168be0a1fb9df3/aab18dd1f_IMG_20260608_150410.jpg","","sebastiaof8551710@gmail.com","","Civil","","6a2703539a901a812fcd60c6","2026-06-08T18:00:51.631000","2026-06-08T18:04:37.449000","69c292e80a168be0a1fb9df4","funcionalpplt@gmail.com","false"
"Hipertrofia","2026-05-20","1974-05-07","65","true","","Leidina Rosa dos Santos","6a26c3b9cff7bcba4b66e5d9","62999660753","869.336.981-49","","https://base44.app/api/apps/69c292e80a168be0a1fb9df3/files/mp/public/69c292e80a168be0a1fb9df3/ee23c888d_Leidina2.jpg","","leidina.santos@goias.gov.br","1.64","Civil","","6a26c831f387ae3b671d24b0","2026-06-08T13:48:33.468000","2026-06-09T16:04:49.014000","69c292e80a168be0a1fb9df4","funcionalpplt@gmail.com","false"
"","2026-05-29","1983-12-28","","true","","Fernando de Assis Azevedo","6a26c3bc8cedf5005faf523c","62999361410","005.424.191-06","","","","fernando.assisazevedo@gmail.com","","Civil","","6a26c78a2913436e1d9cc0ab","2026-06-08T13:45:46.255000","2026-06-08T13:45:46.255000","69c292e80a168be0a1fb9df4","funcionalpplt@gmail.com","false"
"","2026-05-29","1990-04-16","","true","","Pâmella Batista Fernandez Silva ","69e8b3ae9b7ab425aa2ca160","62983103375","033.677.911-99","","https://base44.app/api/apps/69c292e80a168be0a1fb9df3/files/mp/public/69c292e80a168be0a1fb9df3/6b6766e47_9BEA6A91-F019-4AFF-A22A-6292A0ADBDA1.jpeg","","fernandezpam52@gmail.com","","Civil","","6a26c49fee808fe228bcbc9a","2026-06-08T13:33:19.124000","2026-06-08T19:16:46.065000","69c292e80a168be0a1fb9df4","funcionalpplt@gmail.com","false"
"","2026-05-09","1998-08-01","","true","","ANNA KLARA MIRANDA TOBIAS","6a01c20a26bc4a721c9c5579","62993257139","036.920.421-24","","https://base44.app/api/apps/69c292e80a168be0a1fb9df3/files/mp/public/69c292e80a168be0a1fb9df3/0a46c442a_IMG_20260312_174805_849.webp","","klaramiranda98@gmail.com","","Civil","","6a26ac40eb84cf7fab5a719a","2026-06-08T11:49:20.540000","2026-06-08T11:56:34.053000","69c292e80a168be0a1fb9df4","funcionalpplt@gmail.com","false"
"Condicionamento","2026-06-02","1991-02-02","72","true","","Lucas Honorato Lopes","6a16f46d9cbce304c42cc536","62981106740","036.069.081-56","","https://base44.app/api/apps/69c292e80a168be0a1fb9df3/files/mp/public/69c292e80a168be0a1fb9df3/47a2bfcd8_17805088360859168566666554249216.jpg","","lucashlopes@gmail.com","172","Civil","","6a2067c65a836c8a40fe0b2c","2026-06-03T17:43:34.645000","2026-06-03T17:48:05.883000","69c292e80a168be0a1fb9df4","funcionalpplt@gmail.com","false"
"","2026-06-02","1976-10-02","","true","","Simone. Luzine Peixoto ","6a1f14cf38f8bc785a9ad042","62984737104","787.227.991-68","","https://base44.app/api/apps/69c292e80a168be0a1fb9df3/files/mp/public/69c292e80a168be0a1fb9df3/6608c160a_1000721452.jpg","","simoneluzine@gmail.com","","Civil","","6a1f207ab7d0ebfbfed88d62","2026-06-02T18:27:06.462000","2026-06-08T19:47:48.901000","69c292e80a168be0a1fb9df4","funcionalpplt@gmail.com","false"
"","2026-05-28","1981-03-22","","true","","Letícia Cristina de Oliveira","6a1edadf4faa388b5940e31b","62981711065","922.286.071-34","","https://base44.app/api/apps/69c292e80a168be0a1fb9df3/files/mp/public/69c292e80a168be0a1fb9df3/5cabf952a_IMG_9780.jpeg","","leticia.oliveira@goias.gov.br","","Civil","","6a1f202062c8fd91be96fece","2026-06-02T18:25:36.420000","2026-06-28T13:29:06.767000","69c292e80a168be0a1fb9df4","funcionalpplt@gmail.com","false"
"","2026-05-01","1982-06-19","","true","","Camila Araújo da Silva Camargo ","6a1edae1ec39cbeae99f36a2","62981421174","973.150.521-00","","https://base44.app/api/apps/69c292e80a168be0a1fb9df3/files/mp/public/69c292e80a168be0a1fb9df3/1cdd75e4c_1000325904.jpg","","camila20araujo17@gmail.com","","Civil","","6a1f18c59f142977ff6acbcc","2026-06-02T17:54:13.475000","2026-06-08T16:04:58.493000","69c292e80a168be0a1fb9df4","funcionalpplt@gmail.com","false"
"","2026-06-04","1994-12-21","70","true","","Denis de Oliveira Coelho Junior","6a1edae97465ea179d7b330c","62982958005","048.315.591-80","","https://base44.app/api/apps/69c292e80a168be0a1fb9df3/files/mp/public/69c292e80a168be0a1fb9df3/2e070e9cb_IMG_4384.jpeg","","deenisjunioor@gmail.com","180","Civil","","6a1f186adb12b641e45a82e8","2026-06-02T17:52:42.900000","2026-06-08T18:35:42.565000","69c292e80a168be0a1fb9df4","funcionalpplt@gmail.com","false"
"Hipertrofia","2026-05-30","1996-03-20","","true","","Jhonathan Hebert Pereira Souza Silva","6a1f14cec59abaa5e126073b","61982172243","048.143.591-36","","https://base44.app/api/apps/69c292e80a168be0a1fb9df3/files/mp/public/69c292e80a168be0a1fb9df3/a4117fa0b__MG_65711111.jpg","","jhonathanhh@hotmail.com","","Civil","","6a1f17c025cad254d07827e1","2026-06-02T17:49:52.433000","2026-06-02T20:17:30.436000","69c292e80a168be0a1fb9df4","funcionalpplt@gmail.com","false"
"Saúde e Bem-estar","2026-05-22","1994-10-13","66","true","","Isabela Fleury Florentino","6a1d949d4de3c02c5a7c9851","62999572345","700.944.531-10","","https://base44.app/api/apps/69c292e80a168be0a1fb9df3/files/mp/public/69c292e80a168be0a1fb9df3/c4a875252_17809180500695765230253675092573.jpg","","isabela.florentino@ueg.br","168","Civil","","6a1f1760eb6b8bcae0423bfa","2026-06-02T17:48:16.044000","2026-06-08T11:28:34.589000","69c292e80a168be0a1fb9df4","funcionalpplt@gmail.com","false"
"Hipertrofia","2026-05-28","1998-12-31","65","true","","Michelle Vitoria de Carvalho","6a1985fdbfa475c3359e50e9","62992751756","705.698.681-14","","https://base44.app/api/apps/69c292e80a168be0a1fb9df3/files/mp/public/69c292e80a168be0a1fb9df3/86dff1657_IMG_0026.jpeg","","michellelouza51@gmail.com","167","Civil","","6a1d952333bdc732b32dcd93","2026-06-01T14:20:19.666000","2026-06-10T16:50:43.182000","69c292e80a168be0a1fb9df4","funcionalpplt@gmail.com","false"
"","2026-05-23","1993-07-22","","true","","MATHEUS MENDES LOPES","6a19e391ba0c23b155d133f0","62996182638","049.833.841-03","","","","maatheusmlopes@gmail.com","","Civil","","6a19e3f3e30835887dac77eb","2026-05-29T19:07:31.368000","2026-05-29T19:07:31.368000","69c292e80a168be0a1fb9df4","funcionalpplt@gmail.com","false"
"","2026-05-29","1993-11-08","","true","","Hiana Caroline dos Santos Freitas ","6a199892b8eaf54685d729c5","62991990606","006.086.361-77","","https://base44.app/api/apps/69c292e80a168be0a1fb9df3/files/mp/public/69c292e80a168be0a1fb9df3/45d696927_image.jpg","","HIANACAROLINECIVIL@GMAIL.COM","","Civil","","6a199925ea037f3517301539","2026-05-29T13:48:21.377000","2026-06-02T18:28:41.329000","69c292e80a168be0a1fb9df4","funcionalpplt@gmail.com","false"
"Hipertrofia","2026-05-28","1978-12-16","63","true","","Denize Pommer","6a16e5320af1d751de266aea","64992071331","888.262.951-15","","https://base44.app/api/apps/69c292e80a168be0a1fb9df3/files/mp/public/69c292e80a168be0a1fb9df3/fe45e827b_20230131_134154.jpg","","pommerde@gmail.com","1.63","Civil","","6a1997fbb2260a52c4a8158e","2026-05-29T13:43:23.946000","2026-06-02T17:59:28.203000","69c292e80a168be0a1fb9df4","funcionalpplt@gmail.com","false"
"Saúde e Bem-estar","2026-05-27","1986-07-12","63","true","","Daniele Serafim de Souza Kliemann","6a172ad4172b5169721ad5d7","62992465767","015.641.621-25","","https://base44.app/api/apps/69c292e80a168be0a1fb9df3/files/mp/public/69c292e80a168be0a1fb9df3/bbd375624_17799884692164310758935666062646.jpg","","danieleserafim.adv@gmail.com","163","Civil","","6a1843cfd579775e62d16cd4","2026-05-28T13:31:59.148000","2026-05-28T17:14:49.712000","69c292e80a168be0a1fb9df4","funcionalpplt@gmail.com","false"
"","2026-04-29","1975-02-20","","true","","Sandra Francisca Bandeira ","6a0caf5d2f6ef5a33a3d14c9","62982369285","624.401.601-72","","https://base44.app/api/apps/69c292e80a168be0a1fb9df3/files/mp/public/69c292e80a168be0a1fb9df3/018556d92_1002130689.jpg","","sandrabandeira.adv@gmail.com","","Civil","","6a16ff021e7aed126219459f","2026-05-27T14:26:10.295000","2026-05-27T14:27:30.097000","69c292e80a168be0a1fb9df4","funcionalpplt@gmail.com","false"
"Condicionamento","2026-05-12","1976-07-31","53","true","","Marcia Helena de Castro Moura","69e8b3c8b68bbd81437e2a25","62981214070","876.844.031-68","","https://base44.app/api/apps/69c292e80a168be0a1fb9df3/files/mp/public/69c292e80a168be0a1fb9df3/78a602099_MARCIAINOVAO.jpeg","","mhcastromarketing@gmail.com","1.63","Civil","","6a16f0e791b17a9d72088566","2026-05-27T13:25:59.215000","2026-06-10T14:11:25.133000","69c292e80a168be0a1fb9df4","funcionalpplt@gmail.com","false"
"","2026-05-21","1986-03-18","","true","","Camila Hesketh Maia Escher Pereira","6a16e5277ae67ba9ce30e870","62981055920","007.968.841-10","","","","camila.hesketh@gmail.com","","Civil","","6a16ef61ec39844e84bac75f","2026-05-27T13:19:29.264000","2026-05-27T13:19:29.264000","69c292e80a168be0a1fb9df4","funcionalpplt@gmail.com","false"
"","2026-05-22","1984-04-29","","true","","LAINE SOUZA LANDIN CARDOSO","6a10a6ce0062e7cb36b6737e","62981775679","004.603.551-63","","https://base44.app/api/apps/69c292e80a168be0a1fb9df3/files/mp/public/69c292e80a168be0a1fb9df3/da33792d0_EDB42B44-50F1-4B50-9D4A-7FEBD9BFE3F7.jpeg","","lainelandin@gmail.com","","Civil","","6a16ecc046adce93104edc2a","2026-05-27T13:08:16.196000","2026-05-27T15:19:06.227000","69c292e80a168be0a1fb9df4","funcionalpplt@gmail.com","false"
"Saúde e Bem-estar","2026-05-26","1995-04-24","56","true","","Helena de Castro Côrtes","6a16e52b80d218340615bc21","62994410019","042.372.431-25","","https://base44.app/api/apps/69c292e80a168be0a1fb9df3/files/mp/public/69c292e80a168be0a1fb9df3/9b389220f_WhatsAppImage2026-05-14at162327.jpeg","","helena.gegeo@gmail.com","164","Civil","","6a16e9a8f78a8dd4bceafe2a","2026-05-27T12:55:04.217000","2026-05-27T13:15:49.828000","69c292e80a168be0a1fb9df4","funcionalpplt@gmail.com","false"
"Saúde e Bem-estar","2026-05-26","1998-10-15","78","true","","Matheus Oliveira Timoteo ","69eb9fecf7d07564929ed82e","62982721510","051.982.616-15","","https://base44.app/api/apps/69c292e80a168be0a1fb9df3/files/mp/public/69c292e80a168be0a1fb9df3/edb2448e0_dc0a42e5-8118-4b32-b473-b75e4f1d96b4-1_all_268.jpg","","mathubaixista@gmail.com","179","Civil","","6a15d6bf895510a04628e9e5","2026-05-26T17:22:07.854000","2026-06-02T18:49:02.403000","69c292e80a168be0a1fb9df4","funcionalpplt@gmail.com","false"
"","2026-05-23","1997-03-18","","true","","Hérika Pabline Lima Veras","6a15cb855ddae0a12bbc417c","62986311542","032.984.281-16","","https://base44.app/api/apps/69c292e80a168be0a1fb9df3/files/mp/public/69c292e80a168be0a1fb9df3/4c9b6b45e_WhatsAppImage2026-05-26at153852.jpeg","","herikapabline@gmail.com","","Civil","","6a15d611390b03b5280412b4","2026-05-26T17:19:13.423000","2026-05-26T18:39:12.728000","69c292e80a168be0a1fb9df4","funcionalpplt@gmail.com","false"
"","2026-05-26","1984-06-17","","true","","Marília da Silva Oliveira ","6a103a6242a03e3f6e05eccd","62981359666","005.534.011-30","","https://base44.app/api/apps/69c292e80a168be0a1fb9df3/files/mp/public/69c292e80a168be0a1fb9df3/bfec70472_1000248136.jpg","","marilia7@gmail.com","","Civil","","6a15d57c344b691a4877ca97","2026-05-26T17:16:44.220000","2026-05-27T12:47:12.432000","69c292e80a168be0a1fb9df4","funcionalpplt@gmail.com","false"
"","2026-06-25","1988-03-23","","true","","Luna Figueredo Ferreira Roriz dos Santos ","6a15a11238d6c96d967b6938","62982573748","024.790.401-51","","","","luna_roriz@hotmail.com","","Civil","","6a15d4ced5bfddbd2e288f71","2026-05-26T17:13:50.012000","2026-05-26T17:13:50.012000","69c292e80a168be0a1fb9df4","funcionalpplt@gmail.com","false"
"Emagrecimento","2026-05-25","1999-11-16","65","true","","Alana Fernandes Moraes","6a15a1177c946f89a4e3deb6","64999986004","072.870.021-24","","https://base44.app/api/apps/69c292e80a168be0a1fb9df3/files/mp/public/69c292e80a168be0a1fb9df3/b088fba56_1000110045.jpg","","alanafernandesmoraes@gmail.com","1.59","Civil","","6a15ccd8859bf2eacc6d0c3e","2026-05-26T16:39:52.023000","2026-05-26T19:35:35.620000","69c292e80a168be0a1fb9df4","funcionalpplt@gmail.com","false"
"Condicionamento","2026-05-25","1991-01-29","68","true","","MAICON DOUGLAS GOMES RODRIGUES","69e8b3c64ccd45857400c131","62992450294","034.083.801-98","","https://base44.app/api/apps/69c292e80a168be0a1fb9df3/files/mp/public/69c292e80a168be0a1fb9df3/e0b0fcc85_IMG_0065.jpeg","","douglasgynn1@gmail.com","1.69","Civil","","6a1495a104b49b3be78f3da3","2026-05-25T18:32:01.445000","2026-06-17T03:19:06.476000","69c292e80a168be0a1fb9df4","funcionalpplt@gmail.com","false"
"","2026-05-20","1960-10-10","","true","","Antônio João dos Santos ","6a142a769d55731778186a6e","62999751838","416.065.151-87","","","","antonio.joao.santos@gmail.com","","Civil","","6a1494a6e7e9ea0b2f51921d","2026-05-25T18:27:50.294000","2026-05-25T18:27:50.294000","69c292e80a168be0a1fb9df4","funcionalpplt@gmail.com","false"
"Hipertrofia","2026-05-19","1988-02-02","69","true","","Talíta Maria Carvalho de Lima ","6a10924dc377ea5adc55fbdc","62991469131","001.306.871-70","","https://base44.app/api/apps/69c292e80a168be0a1fb9df3/files/mp/public/69c292e80a168be0a1fb9df3/8a05fbf73_72C1CA82-4ACA-482D-914A-E4DB176A61CF.jpeg","","ttalitalima@gmail.com","167","Civil","","6a1093b55c869df7da1218e1","2026-05-22T17:34:45.689000","2026-05-25T18:45:47.033000","69c292e80a168be0a1fb9df4","funcionalpplt@gmail.com","false"
"Saúde e Bem-estar","2026-05-22","2003-03-01","","true","","Anna Luisa Jaques M. M.","6a1067037b827259e11eea8c","62981991775","084.194.271-44","","https://base44.app/api/apps/69c292e80a168be0a1fb9df3/files/mp/public/69c292e80a168be0a1fb9df3/1e3c9c142_IMG_5831.jpeg","","anninhajaques@gmail.com","","Civil","","6a109317aa9da3732c8032aa","2026-05-22T17:32:07.840000","2026-05-27T13:51:40.167000","69c292e80a168be0a1fb9df4","funcionalpplt@gmail.com","false"
"","2026-05-20","1952-07-02","","true","","Jussara Veloso Soares","6a103a6a1a3bfb3d4318b2ea","62984343471","117.583.171-91","","https://base44.app/api/apps/69c292e80a168be0a1fb9df3/files/mp/public/69c292e80a168be0a1fb9df3/b78809075_1000091448.jpg","","jussara.vs@gmail.com","","Civil","","6a1068229af4569714fb8756","2026-05-22T14:28:50.935000","2026-05-28T18:08:48.512000","69c292e80a168be0a1fb9df4","funcionalpplt@gmail.com","false"
"Saúde e Bem-estar","2026-05-12","1978-10-12","53","true","","Patrícia Gomes Fleuri Cunha","6a0caf6598b093e0931ff6a8","62999966048","854.665.811-00","","https://base44.app/api/apps/69c292e80a168be0a1fb9df3/files/mp/public/69c292e80a168be0a1fb9df3/6d70687f1_A3CA9DFE-5196-4108-8C07-60D7E357C2D9.png","","patricia.cunha@goias.gov.br","158","Civil","","6a103b0bb218f6109a5263e2","2026-05-22T11:16:27.123000","2026-05-26T21:56:40.813000","69c292e80a168be0a1fb9df4","funcionalpplt@gmail.com","false"
"","2026-05-20","1995-06-27","","true","","Vitor Hugo de Sousa Soares","6a0f39110da6ca477f347af0","62981901784","028.810.811-69","","https://base44.app/api/apps/69c292e80a168be0a1fb9df3/files/mp/public/69c292e80a168be0a1fb9df3/30401e132_image.jpg","","desousavitorhugo@gmail.com","","Civil","","6a0f398f99b4529be22e7d03","2026-05-21T16:57:51.378000","2026-05-26T11:40:21.688000","69c292e80a168be0a1fb9df4","funcionalpplt@gmail.com","false"
"Emagrecimento","2026-05-19","1982-10-14","100","true","","Jarde Edison Paiva Queiroz","6a0d9953dfee69c1b35198ca","62982553235","730.136.502-06","","https://base44.app/api/apps/69c292e80a168be0a1fb9df3/files/mp/public/69c292e80a168be0a1fb9df3/5f8c0d4b7_30f91be5-b8f6-4448-a391-b540726e70fe-1_all_203.jpg","","jardequeiroz@hotmail.com","1.72","Civil","","6a0daa77574c247606fe3171","2026-05-20T12:35:03.374000","2026-05-21T18:45:51.448000","69c292e80a168be0a1fb9df4","funcionalpplt@gmail.com","false"
"Condicionamento","2026-05-11","1959-05-16","83.5","true","","Maria Águeda Silva","6a0caf60ce38c927e233214b","62982755992","234.287.751-04","","https://base44.app/api/apps/69c292e80a168be0a1fb9df3/files/mp/public/69c292e80a168be0a1fb9df3/9d86ec73c_Guiguinha7.jpg","","mariaaguedas@gmail.com","156","Civil","","6a0cb5ca9c2781a0ddd0e9d3","2026-05-19T19:11:06.541000","2026-05-26T11:42:32.583000","69c292e80a168be0a1fb9df4","funcionalpplt@gmail.com","false"
"Saúde e Bem-estar","2026-05-19","1960-12-27","84","true","","Breno Manoel de Freitas ","6a0caf5e016057c6f1d41744","62996870401","251.033.341-09","","https://base44.app/api/apps/69c292e80a168be0a1fb9df3/files/mp/public/69c292e80a168be0a1fb9df3/13f7878ee_image.jpg","","brenofreitas12@gmail.com","181","Civil","","6a0cb324fe02d307baa470e9","2026-05-19T18:59:48.178000","2026-06-25T13:26:47.279000","69c292e80a168be0a1fb9df4","funcionalpplt@gmail.com","false"
"","2026-05-18","1985-11-20","","true","","Carlos alexandre da costa ","6a0caf62f88ae28daf8dd133","62991319817","008.299.721-70","","https://base44.app/api/apps/69c292e80a168be0a1fb9df3/files/mp/public/69c292e80a168be0a1fb9df3/57ae16d5f_17798946435751683982236251182101.jpg","","xandy.x12@gmail.com","","Civil","","6a0cb0c2e3d9f640adbed26b","2026-05-19T18:49:38.459000","2026-05-27T15:11:17.418000","69c292e80a168be0a1fb9df4","funcionalpplt@gmail.com","false"
"Saúde e Bem-estar","2026-05-13","1966-09-26","","true","","Célia Maria da Silva Valadão","6a03223f9f250d7b5f325919","","342.148.361-20","","https://base44.app/api/apps/69c292e80a168be0a1fb9df3/files/mp/public/69c292e80a168be0a1fb9df3/5ca9f80a6_Capturadetela2026-05-27075038fotocelia.jpg","","celia.valadao@goias.gov.br","","Civil","","6a0afdd882e5220f83455fbb","2026-05-18T11:54:00.894000","2026-05-27T10:51:48.817000","69c292e80a168be0a1fb9df4","funcionalpplt@gmail.com","false"
"","2026-05-06","1980-12-06","","true","","Samuel Souza Costa ","69fa277bdba1bf30841d3fdf","62992407968","877.083.961-15","","","","samuelcosta32@gmail.com","","Civil","","6a0764834f104e009ee92bbd","2026-05-15T18:22:59.538000","2026-06-09T13:59:47.821000","69c292e80a168be0a1fb9df4","funcionalpplt@gmail.com","false"
"","2026-03-06","1947-04-17","","true","","Jaciara Alves Medeiros","6a046bcf95efb26188d82f1e","62999771957","589.681.561-15","","","","jalves474747@gmail.com","","Civil","","6a075a2e9db1384ec4eefc42","2026-05-15T17:38:54.736000","2026-05-20T11:23:42.368000","69c292e80a168be0a1fb9df4","funcionalpplt@gmail.com","false"
"","2026-05-13","1982-06-12","","true","","Elenisa Pinchemel Cerqueira de Souza","69fe287e5e753ef41198d862","62984080081","976.656.491-49","","","","elenisaehelena@gmail.com","","Civil","","6a0759deaf73717336c1b227","2026-05-15T17:37:34.477000","2026-05-20T11:23:29.377000","69c292e80a168be0a1fb9df4","funcionalpplt@gmail.com","false"
"","2026-05-13","1992-12-07","","true","","Paloma Leal Frazão","69eb7148469c445c29813e58","62981091673","036.530.821-88","","https://base44.app/api/apps/69c292e80a168be0a1fb9df3/files/mp/public/69c292e80a168be0a1fb9df3/00c6e89ef_IMG_20260526_100123.jpg","","palomalfrazao@gmail.com","","Civil","","6a05cb2bf126cffdabe7fbfa","2026-05-14T13:16:27.916000","2026-05-26T13:04:17.990000","69c292e80a168be0a1fb9df4","funcionalpplt@gmail.com","false"
"","2026-05-13","1992-12-31","","true","","Ana Carolina Costa Lopes","69f0e73466476bce7c30c689","62982854020","037.237.061-69","","https://base44.app/api/apps/69c292e80a168be0a1fb9df3/files/mp/public/69c292e80a168be0a1fb9df3/3135618ac_WhatsAppImage2026-06-17at180955.jpeg","","acclopes.direito@gmail.com","","Civil","","6a05cad8fdd8033d12dca29c","2026-05-14T13:15:04.447000","2026-06-17T21:10:18.118000","69c292e80a168be0a1fb9df4","funcionalpplt@gmail.com","false"
"","2026-05-13","1985-08-15","","true","","Marcos Aurélio Araújo da Silva Barros ","6a05ae830f9c23bcdaf6e974","62992398204","018.495.831-88","","https://base44.app/api/apps/69c292e80a168be0a1fb9df3/files/mp/public/69c292e80a168be0a1fb9df3/a9c532703_ECDE5506-60F4-473F-A796-362133BCFB96.jpeg","","marcos.barros@goias.gov.br","","Civil","","6a05ca7c3ec8d849572a717b","2026-05-14T13:13:32.885000","2026-07-03T12:25:53.440000","69c292e80a168be0a1fb9df4","funcionalpplt@gmail.com","false"
"","2026-05-09","1999-04-25","","true","","Ana Paula Moreira Rodrigues","6a04bf283d7914722c5697df","62994734022","750.936.341-15","","https://base44.app/api/apps/69c292e80a168be0a1fb9df3/files/mp/public/69c292e80a168be0a1fb9df3/d1f5a6216_WhatsAppImage2026-05-29at132201.jpeg","","moreirarodriguesanapaula0@gmail.com","","Civil","","6a04bf891172d29085e72723","2026-05-13T18:14:33.269000","2026-05-29T16:23:17.739000","69c292e80a168be0a1fb9df4","funcionalpplt@gmail.com","false"
"","2026-05-11","1996-06-13","","true","","Rodolfo Marcel Ghannam","6a03223d162491b1998bac2c","62996153690","750.112.041-20","","","","rodolfoghannam58@gmail.com","","Civil","","6a0465b9d9ab1a7712410472","2026-05-13T11:51:21.644000","2026-05-13T11:51:21.644000","69c292e80a168be0a1fb9df4","funcionalpplt@gmail.com","false"
"Condicionamento","2026-05-11","1970-04-22","72","true","","Valdeir Alves Rocha","69e8b3b3071542e891433aa0","62981870156","494.302.381-91","","https://base44.app/api/apps/69c292e80a168be0a1fb9df3/files/mp/public/69c292e80a168be0a1fb9df3/08b402f08_1000495409.jpg","","valdeir.ideias@gmail.com","1.69","Civil","","6a04655919cd7e0450bcfd05","2026-05-13T11:49:45.135000","2026-05-26T11:43:37.793000","69c292e80a168be0a1fb9df4","funcionalpplt@gmail.com","false"
"Hipertrofia","2026-05-11","1976-03-01","83","true","","Ricardo Vilaverde de Oliveira","69fe288d4ba4831c857c8bd5","62984846409","779.298.101-00","","https://base44.app/api/apps/69c292e80a168be0a1fb9df3/files/mp/public/69c292e80a168be0a1fb9df3/a82f2aa5f_1000290610.jpg","","rvilaverde@gmail.com","179","Civil","","6a0464d871ebbe3b34972e28","2026-05-13T11:47:36.219000","2026-05-29T17:59:24.724000","69c292e80a168be0a1fb9df4","funcionalpplt@gmail.com","false"
"Emagrecimento","2026-05-07","1994-05-04","69","true","","Ambrosiane de Sousa Leite","69fe287cc22d6cfcf39669d0","62986444889","043.137.681-65","","https://base44.app/api/apps/69c292e80a168be0a1fb9df3/files/mp/public/69c292e80a168be0a1fb9df3/ff5201a16_WhatsAppImage2026-05-26at100309.jpeg","","ambrosiane.adv@gmail.com","166","Civil","","6a04588acee8394872f618be","2026-05-13T10:55:06.717000","2026-05-26T13:03:39.174000","69c292e80a168be0a1fb9df4","funcionalpplt@gmail.com","false"
"","2026-05-12","1993-12-20","62","true","","Isabella Maria Londe Sampaio","69c536457099344c6106c022","62 99233-8228","750.180.801-59","","https://base44.app/api/apps/69c292e80a168be0a1fb9df3/files/mp/public/69c292e80a168be0a1fb9df3/b2e8d5859_isa.jpeg","","londefotografia@gmail.com","1.77","Civil","","6a032b0fa526d01f6d3ef8fb","2026-05-12T13:28:47.248000","2026-07-16T17:48:57.571000","69c292e80a168be0a1fb9df4","funcionalpplt@gmail.com","false"
"Emagrecimento","2026-05-07","1998-08-25","57","true","","Keiliana Cézar ","69f8d4ffb937cd00dda8b1d3","62984662975","069.787.981-00","","https://base44.app/api/apps/69c292e80a168be0a1fb9df3/files/mp/public/69c292e80a168be0a1fb9df3/9178d44d6_IMG_1085.jpeg","","kellycesar517@gmail.com","165","Civil","","6a020eac43fd47bf2e8eb231","2026-05-11T17:15:24.642000","2026-06-22T12:17:53.228000","69c292e80a168be0a1fb9df4","funcionalpplt@gmail.com","false"
"Saúde e Bem-estar","2026-05-06","1975-03-18","85","true","","Giovanna Alves Guardiere ","69f3a2bdd479a05ce50eb8df","62992693457","781.625.991-34","","https://base44.app/api/apps/69c292e80a168be0a1fb9df3/files/mp/public/69c292e80a168be0a1fb9df3/bfbd6a472_WhatsAppImage2026-05-27at085656.jpeg","","giovannaalves978@gmail.com","165","Civil","","69fc846f76670092689fba5b","2026-05-07T12:24:15.337000","2026-05-27T11:59:05.684000","69c292e80a168be0a1fb9df4","funcionalpplt@gmail.com","false"
"","2026-05-06","1978-12-20","62","true","","Débora Maia Escher dos Santos","69fb76a1a9859e54ff79cc1b","62999854911","853.890.051-04","","https://base44.app/api/apps/69c292e80a168be0a1fb9df3/files/mp/public/69c292e80a168be0a1fb9df3/a0f805fc3_fotojpeg.jpeg","","deboraescher19@gmail.com","1.78","Civil","","69fc8102efce393880145d94","2026-05-07T12:09:38.462000","2026-07-03T18:45:45.447000","69c292e80a168be0a1fb9df4","funcionalpplt@gmail.com","false"
"","2026-05-05","1990-08-15","","true","","Lauderico Ferreira Bastos Neto","69fb76a03ea09663da0f73d1","","024.778.181-98","","","","lauderico.arq@hotmail.com","","Civil","","69fb7821daf7bc22e5a777a4","2026-05-06T17:19:29.590000","2026-05-06T19:39:06.191000","69c292e80a168be0a1fb9df4","funcionalpplt@gmail.com","false"
"","2026-05-04","1985-05-24","","true","","João Alexandre de Jesus Vaz","69e8b41bbf9e67befba64c99","62996468677","005.584.961-05","","","","joaoalexandrejv@gmail.com","","Civil","","69fb77d43074bd6299ece322","2026-05-06T17:18:12.645000","2026-05-20T11:24:24.816000","69c292e80a168be0a1fb9df4","funcionalpplt@gmail.com","false"
"Emagrecimento","2026-05-04","1986-02-11","65","true","","Márcia Santos Almeida Mota","69e8b3ea3024a618d9bbfb4b","62991702162","008.408.221-62","","https://base44.app/api/apps/69c292e80a168be0a1fb9df3/files/mp/public/69c292e80a168be0a1fb9df3/e236d7cef_1000061318.jpg","","marsaalmo@gmail.com","165","Civil","","69fa286cbd89876a6edd5002","2026-05-05T17:27:08.738000","2026-06-18T19:57:15.941000","69c292e80a168be0a1fb9df4","funcionalpplt@gmail.com","false"
"","2026-05-04","1996-07-24","","true","","Rafaela Franzoni Marques","69f8e2f80271cf78f7858d16","62981421294","042.288.251-84","","https://base44.app/api/apps/69c292e80a168be0a1fb9df3/files/mp/public/69c292e80a168be0a1fb9df3/645250838_WhatsAppImage2025-06-06at0936191.jpeg","","rafaelafranzoni@gmail.com","","Civil","","69f9cddf1e81ff14d278df5e","2026-05-05T11:00:47.409000","2026-05-26T14:06:25.320000","69c292e80a168be0a1fb9df4","funcionalpplt@gmail.com","false"
"","2026-04-05","1979-04-10","","true","","Fabiana Godinho e Silva","69f9cbbe1457210ba2a0ba79","62992467299","876.562.481-53","","","","godinhofab@gmail.com","","Civil","","69f9cd143ead69f40ff3189d","2026-05-05T10:57:24.073000","2026-05-05T10:57:24.073000","69c292e80a168be0a1fb9df4","funcionalpplt@gmail.com","false"
"","2026-02-18","1987-02-24","58","true","","Daniela de Arruda Figueiredo ","69e8b3ecfe87a817b2898ee0","62992329179","743.493.921-49","","https://base44.app/api/apps/69c292e80a168be0a1fb9df3/files/mp/public/69c292e80a168be0a1fb9df3/a281fcaec_1000501247.jpg","","hermesdani.hd@gmail.com","166","Civil","","69f8d609a5a38e25e083fe56","2026-05-04T17:23:21.237000","2026-05-26T20:47:54.312000","69c292e80a168be0a1fb9df4","funcionalpplt@gmail.com","false"
"Hipertrofia","2026-04-23","1980-07-08","67","true","","Giovane Moraes Toledo","69f3a2c020de180ab6c4012d","62994067047","708.600.761-72","","https://base44.app/api/apps/69c292e80a168be0a1fb9df3/files/mp/public/69c292e80a168be0a1fb9df3/187fb95fe_9cf37d41-9e96-4fcb-8395-96186c1b4bdc.jpg","","giovane.toledo@goias.gov.br","175","Civil","","69f8908075fb93662b957c5c","2026-05-04T12:26:40.964000","2026-05-04T13:45:38.395000","69c292e80a168be0a1fb9df4","funcionalpplt@gmail.com","false"
"","2026-04-29","1986-11-22","","true","","Johnathan Pereira de Sousa","69f1eb63dbe15fae1934137c","62994005959","011.515.631-37","","https://base44.app/api/apps/69c292e80a168be0a1fb9df3/files/mp/public/69c292e80a168be0a1fb9df3/059f5e648_image.jpg","","johnathan515@gmail.com","","Civil","","69f88df9ff9cd30a3a32d365","2026-05-04T12:15:53.057000","2026-05-27T16:06:39.662000","69c292e80a168be0a1fb9df4","funcionalpplt@gmail.com","false"
"","2026-04-29","1992-08-01","","true","","jhonatas dos santos lima","69eb712a2f920804f5d6e002","62992919118","040.316.021-97","","https://base44.app/api/apps/69c292e80a168be0a1fb9df3/files/mp/public/69c292e80a168be0a1fb9df3/cf8e98bb5_WhatsAppImage2026-06-02at112207.jpeg","","jhonatasvideira@gmail.com","","Civil","","69f35624d42a7a848cf80522","2026-04-30T13:16:20.713000","2026-06-02T14:22:52.996000","69c292e80a168be0a1fb9df4","funcionalpplt@gmail.com","false"
"","2026-04-29","1976-11-09","","true","","Luana Cristina Vieira dos Santos ","69f24dcef9aa003a39e36414","92802141104","949.814.422-66","","https://base44.app/api/apps/69c292e80a168be0a1fb9df3/files/mp/public/69c292e80a168be0a1fb9df3/1b3b3a662_17797964429578550831063930101734.jpg","","luana2015gyn@gmail.com","","Civil","","69f3405ca624697043cf5b08","2026-04-30T11:43:24.199000","2026-05-26T11:56:02.568000","69c292e80a168be0a1fb9df4","funcionalpplt@gmail.com","false"
"Hipertrofia","2026-05-12","1987-05-31","","true","","Jaqueline Basílio de Oliveira","69f2515f3caf2db8610694b6","64992257424","022.686.091-46","","https://base44.app/api/apps/69c292e80a168be0a1fb9df3/files/mp/public/69c292e80a168be0a1fb9df3/530ebcf77_F74AE86D-2B14-4E96-9F87-2E59CF1427A4.jpeg","Secretaria de Estado da Casa Civil","jaquelliny20@hotmail.com","","Civil","","69f251eb95fc95ce8a1deca1","2026-04-29T18:46:03.336000","2026-05-20T17:23:47.814000","69c292e80a168be0a1fb9df4","funcionalpplt@gmail.com","false"
"Saúde e Bem-estar","2026-04-29","1983-06-10","","true","","Luciana Nunes do Amaral","69f200bb913a105fdf750586","62998087113","988.056.141-49","","https://base44.app/api/apps/69c292e80a168be0a1fb9df3/files/mp/public/69c292e80a168be0a1fb9df3/cf99b3796_IMG_3057.jpeg","","lna.advogada@gmail.com","","Civil","","69f245f987f588dbdbc22567","2026-04-29T17:55:05.213000","2026-05-26T12:01:51.415000","69c292e80a168be0a1fb9df4","funcionalpplt@gmail.com","false"
"Saúde e Bem-estar","2026-04-28","1990-10-31","75","true","","Lariza Cori Thomaz Nogueira","69f3a2c6bc8b6cab6e884a64","62998486969","016.209.071-43","","https://base44.app/api/apps/69c292e80a168be0a1fb9df3/files/mp/public/69c292e80a168be0a1fb9df3/e5f6a92d6_IMG_6937.jpeg","","lilariza.cori@gmail.com","1.7","Civil","","69f1fc1f966c41d8f2d01ced","2026-04-29T12:39:59.688000","2026-05-26T17:45:28.001000","69c292e80a168be0a1fb9df4","funcionalpplt@gmail.com","false"
"","2026-04-23","1961-12-15","","true","","Carlos Antônio Madalena","69f1eb66214b21fd581ce36b","62994894404","252.417.531-68","","https://base44.app/api/apps/69c292e80a168be0a1fb9df3/files/mp/public/69c292e80a168be0a1fb9df3/724f899ee_20260526_084332.jpg","","advgcarlosmadalena@gmail.com","","Civil","","69f1fbd2b1d8f827f1014b85","2026-04-29T12:38:42.568000","2026-05-26T11:55:42.970000","69c292e80a168be0a1fb9df4","funcionalpplt@gmail.com","false"
"Emagrecimento","2026-04-25","1968-03-17","64","true","","Divina Eterna Rosa","69efb25921725f1b4ba6b0e4","62999689502","440.772.201-06","","https://base44.app/api/apps/69c292e80a168be0a1fb9df3/files/mp/public/69c292e80a168be0a1fb9df3/5e0fb030c_e205acfd-571b-442f-8190-7a9ac4a8a77d.jpeg","","jornalistadivina@gmail.com","156","Civil","","69f1fb938cbd0bd184e137d0","2026-04-29T12:37:39.437000","2026-05-26T12:06:31.446000","69c292e80a168be0a1fb9df4","funcionalpplt@gmail.com","false"
"Emagrecimento","2026-02-23","1980-05-22","77","true","","Rosane Castro de Pina Araújo","69ebc13de7da687bb98a0173","62982181980","861.802.741-34","","","","rcastrodepinaaraujo@gmail.com","1.7","Civil","","69f0bb43d7fa6cde2c143b26","2026-04-28T13:50:59.240000","2026-04-28T17:15:14.256000","69c292e80a168be0a1fb9df4","funcionalpplt@gmail.com","false"
"Saúde e Bem-estar","2026-04-17","1988-05-11","60","true","","Marianna Silva Marques Freires","69e8b3ef4907986aa65fbfca","62981485636","024.972.401-40","","https://base44.app/api/apps/69c292e80a168be0a1fb9df3/files/mp/public/69c292e80a168be0a1fb9df3/a57efac21_IMG_5695.jpeg","","marianna.freires11@gmail.com","1.69","Civil","","69f0a807ce941e8dde14169d","2026-04-28T12:28:55.200000","2026-05-26T11:58:14.197000","69c292e80a168be0a1fb9df4","funcionalpplt@gmail.com","false"
"","2026-04-14","1968-05-17","","true","","Maria Aparecida Carneiro de Mendonça","69f8d5047166a59dfa38211e","62822202957","085.316.608-07","","https://base44.app/api/apps/69c292e80a168be0a1fb9df3/files/mp/public/69c292e80a168be0a1fb9df3/273cac6d4_WhatsAppImage2026-05-27at101216.jpeg","","gecat.secc@gmail.com","","Civil","","69efb8d18f7abcfc7bc5e6e0","2026-04-27T19:28:17.886000","2026-05-27T13:12:53.552000","69c292e80a168be0a1fb9df4","funcionalpplt@gmail.com","false"
"Hipertrofia","2026-04-13","1982-11-02","84","true","","Daniel Carlos dos Reis","69e8b3dcffadf846c595fa0c","62992570271","311.087.308-76","","https://base44.app/api/apps/69c292e80a168be0a1fb9df3/files/mp/public/69c292e80a168be0a1fb9df3/ded2da6d9_1000417850.jpg","","danielreis0211@gmail.com","180","Civil","","69efb877f2a849baa2f1590f","2026-04-27T19:26:47.364000","2026-05-26T12:14:37.436000","69c292e80a168be0a1fb9df4","funcionalpplt@gmail.com","false"
"","2026-04-18","1992-11-27","","true","","Thayane Cristina Tavares da Silva","69e8b3ac72ff58fcfafa20b1","0","039.870.551-89","","https://base44.app/api/apps/69c292e80a168be0a1fb9df3/files/mp/public/69c292e80a168be0a1fb9df3/67e5596ef_WhatsAppImage2026-02-03at044409.jpeg","","cristinathco@gmail.com","","Civil","","69efa4149a982f6976102820","2026-04-27T17:59:48.824000","2026-05-28T07:17:30.342000","69c292e80a168be0a1fb9df4","funcionalpplt@gmail.com","false"
"Força","","","66","true","","Darcilete Mendes Lopes Paiva","69e248e08c6bc888ccd8f784","62991543483","967.594.371-87","","https://base44.app/api/apps/69c292e80a168be0a1fb9df3/files/mp/public/69c292e80a168be0a1fb9df3/72794664f_image.jpg","Secretaria de Estado da Casa Militar","cbmgo.darcilete@gmail.com","1.64","Militar","","69e249c31892c6923891c36c","2026-04-17T14:54:59.022000","2026-05-21T18:25:31.261000","69c292e80a168be0a1fb9df4","funcionalpplt@gmail.com","false"
"Saúde e Bem-estar","","","66","true","","Ingrid Guedes de Melo","69e246a6134b667bf0639eb2","62984364884","001.159.561-23","","","Secretaria de Estado da Casa Militar","ingridgmelo@gmail.com","169","Militar","","69e247c95a3dc90b463bed12","2026-04-17T14:46:33.560000","2026-04-17T14:53:27.148000","69c292e80a168be0a1fb9df4","funcionalpplt@gmail.com","false"
"Condicionamento","","","83","true","","Marcos Alves Silva","69e2452c3d6986ac229e6e8d","62985905909","599.495.971-53","","https://base44.app/api/apps/69c292e80a168be0a1fb9df3/files/mp/public/69c292e80a168be0a1fb9df3/f1b44fac2_17770544358926180318136808743308.jpg","Secretaria de Estado da Casa Militar","alves.marcossilva@gmail.com","172","Civil","","69e2465cc2e3e70dc8090133","2026-04-17T14:40:28.623000","2026-04-24T18:14:24.284000","69c292e80a168be0a1fb9df4","funcionalpplt@gmail.com","false"
"","","","","true","","Gabriella Galdino David de Oliveira Amui","","64999257963","053.871.411-59","","","","gabriella.amui@goias.gov.br","","Civil","","69cab5575d74fa461ce47fec","2026-03-30T17:39:35.439000","2026-03-30T17:39:35.439000","service_b73c5787-6990-41b0-9126-fd1a7f83d894","service+b73c5787-6990-41b0-9126-fd1a7f83d894@no-reply.base44.com","false"
"","2026-06-24","1993-06-05","","true","","Amanda Caroline Silva Duarte","6a3e79667e601cda66d8e3ff","62999420826","039.515.061-21","","https://base44.app/api/apps/69c292e80a168be0a1fb9df3/files/mp/public/69c292e80a168be0a1fb9df3/20a0a879e_61DB9F54-2707-46F6-B688-EA50059B485B.jpeg","","amandacarolduarte9@gmail.com","","Civil","","69cab557f127d1812d9c9591","2026-03-30T17:39:35.230000","2026-07-14T14:01:33.230000","service_b73c5787-6990-41b0-9126-fd1a7f83d894","service+b73c5787-6990-41b0-9126-fd1a7f83d894@no-reply.base44.com","false"
"Hipertrofia","2026-06-09","1993-09-13","58","true","","Jessyca Batista Resende Duarte","6a2aea18fd1686c8476a4f29","62998242853","111.005.026-70","","https://base44.app/api/apps/69c292e80a168be0a1fb9df3/files/mp/public/69c292e80a168be0a1fb9df3/4b4de904e_image0.jpeg","","jes_syca13@hotmail.com","1.64","Civil","","69cab5568644ff0eec993229","2026-03-30T17:39:34.994000","2026-06-16T18:54:36.071000","service_b73c5787-6990-41b0-9126-fd1a7f83d894","service+b73c5787-6990-41b0-9126-fd1a7f83d894@no-reply.base44.com","false"
"","","","","true","","Ruth Ribeiro da Silva","","62984589921","511.982.152-91","","","","ruthribeiro24@hotmail.com","","Civil","","69cab5562f92da87a7de4532","2026-03-30T17:39:34.789000","2026-03-30T17:39:34.789000","service_b73c5787-6990-41b0-9126-fd1a7f83d894","service+b73c5787-6990-41b0-9126-fd1a7f83d894@no-reply.base44.com","false"
"","","","","true","","Gabriela Miguel Fraga","","62981744930","020.056.131-69","","","","gabriela.fraga@goias.gov.br","","Civil","","69cab55695aecd6313a1094f","2026-03-30T17:39:34.559000","2026-03-30T17:39:34.559000","service_b73c5787-6990-41b0-9126-fd1a7f83d894","service+b73c5787-6990-41b0-9126-fd1a7f83d894@no-reply.base44.com","false"
"","","","","true","","Gesielly Cristina de Souza Rogovski","","62993188683","055.039.331-50","","","","rogovskigesielly@gmail.com","","Civil","","69cab556998a7dd762eea394","2026-03-30T17:39:34.353000","2026-03-30T17:39:34.353000","service_b73c5787-6990-41b0-9126-fd1a7f83d894","service+b73c5787-6990-41b0-9126-fd1a7f83d894@no-reply.base44.com","false"
"","","","","true","","Laura Fernanda Ferreira Arantes Gonçalves","","62996978837","023.837.941-80","","","","laura.goncalves@goias.gov.br","","Civil","","69cab556d95e43ff028ca7eb","2026-03-30T17:39:34.100000","2026-03-30T17:39:34.100000","service_b73c5787-6990-41b0-9126-fd1a7f83d894","service+b73c5787-6990-41b0-9126-fd1a7f83d894@no-reply.base44.com","false"
"","2026-05-05","1966-09-01","","true","","Léa Rosane Barcelos","69eb7145a368132a1e810354","62982085060","642.102.601-00","","https://base44.app/api/apps/69c292e80a168be0a1fb9df3/files/mp/public/69c292e80a168be0a1fb9df3/21f8561bc_61a13227-d5e7-4429-b6c7-7b0fad282377-1_all_23919.jpg","","lea.barcelos@goias.gov.br","","Civil","","69cab555f127d1812d9c958f","2026-03-30T17:39:33.687000","2026-05-26T11:50:05.986000","service_b73c5787-6990-41b0-9126-fd1a7f83d894","service+b73c5787-6990-41b0-9126-fd1a7f83d894@no-reply.base44.com","false"
"","","","","true","","Vivian Candida Maia","","62999226968","019.375.441-09","","","","viviancandida@gmail.com","","Civil","","69cab55507388167c3f118c5","2026-03-30T17:39:33.466000","2026-03-30T17:39:33.466000","service_b73c5787-6990-41b0-9126-fd1a7f83d894","service+b73c5787-6990-41b0-9126-fd1a7f83d894@no-reply.base44.com","false"
"","","","","true","","Mariana Longuinho de Paula","","62985143682","036.145.821-59","","","","marianalonguinhodepaula@gmail.com","","Civil","","69cab555eab3702f5a63796b","2026-03-30T17:39:33.257000","2026-03-30T17:39:33.257000","service_b73c5787-6990-41b0-9126-fd1a7f83d894","service+b73c5787-6990-41b0-9126-fd1a7f83d894@no-reply.base44.com","false"
"","","","","true","","Erick Rodrigues Gonçalves","","64992314664","052.225.551-51","","","","erick_cmp@hotmail.com","","Civil","","69cab55507388167c3f118c3","2026-03-30T17:39:33.043000","2026-03-30T17:39:33.043000","service_b73c5787-6990-41b0-9126-fd1a7f83d894","service+b73c5787-6990-41b0-9126-fd1a7f83d894@no-reply.base44.com","false"
"","","","","true","","Rafaela de Oliveira","","62986291427","053.613.821-40","","","","oliveirarafaela15@hotmail.com.br","","Civil","","69cab554445f8871b97d0aff","2026-03-30T17:39:32.827000","2026-03-30T17:39:32.827000","service_b73c5787-6990-41b0-9126-fd1a7f83d894","service+b73c5787-6990-41b0-9126-fd1a7f83d894@no-reply.base44.com","false"
"","","","","true","","Lara Rodrigues Pires","","62985022505","695.386.111-87","","","","lara.rpires@goias.gov.br","","Civil","","69cab554bf7332dfccb8f279","2026-03-30T17:39:32.608000","2026-03-30T17:39:32.608000","service_b73c5787-6990-41b0-9126-fd1a7f83d894","service+b73c5787-6990-41b0-9126-fd1a7f83d894@no-reply.base44.com","false"
"","2026-05-13","1995-02-02","","true","","Laura Fernandes Mendes","69f8d50105e660849e08c5f6","62982385459","042.449.061-77","","https://base44.app/api/apps/69c292e80a168be0a1fb9df3/files/mp/public/69c292e80a168be0a1fb9df3/aae1d7eed_IMG_2791.jpeg","","mendes.ferlaura@gmail.com","","Civil","","69cab5540b51026b52fe7cb7","2026-03-30T17:39:32.307000","2026-05-26T12:33:45.147000","service_b73c5787-6990-41b0-9126-fd1a7f83d894","service+b73c5787-6990-41b0-9126-fd1a7f83d894@no-reply.base44.com","false"
"","","","","true","","Gabriela Alves dos Santos Rocha","","62994618558","027.887.261-12","","","","r.gabrielaas@gmail.com","","Civil","","69cab554bf16bd4291d4b0cb","2026-03-30T17:39:32.119000","2026-03-30T17:39:32.119000","service_b73c5787-6990-41b0-9126-fd1a7f83d894","service+b73c5787-6990-41b0-9126-fd1a7f83d894@no-reply.base44.com","false"
"","","","","true","","Nelmar Aparecida Freitas Barbosa","","62984317360","304.883.461-34","","","","nelmarbarbosa7@gmail.com","","Civil","","69cab553584373210dbab70d","2026-03-30T17:39:31.929000","2026-03-30T17:39:31.929000","service_b73c5787-6990-41b0-9126-fd1a7f83d894","service+b73c5787-6990-41b0-9126-fd1a7f83d894@no-reply.base44.com","false"
"Hipertrofia","2026-04-20","2002-04-11","","true","","Antônio Gabriel Marcimiano de Moraes","69e8bd46281c43278d0d48e9","62984670542","047.012.191-26","","https://base44.app/api/apps/69c292e80a168be0a1fb9df3/files/mp/public/69c292e80a168be0a1fb9df3/f38d9cda4_73fa09de-27ca-4532-b7b7-18611c21468a.jpeg","","gabrielgynh@gmail.com","","Civil","","69cab5533f4cbe4cc715f000","2026-03-30T17:39:31.709000","2026-05-22T18:32:14.539000","service_b73c5787-6990-41b0-9126-fd1a7f83d894","service+b73c5787-6990-41b0-9126-fd1a7f83d894@no-reply.base44.com","false"
"","","","","true","","Nubia Aparecida de Oliveira","","62992659783","800.868.291-49","","","","nubjornao@gmail.com","","Civil","","69cab5538535f97ab44b9985","2026-03-30T17:39:31.127000","2026-03-30T17:39:31.127000","service_b73c5787-6990-41b0-9126-fd1a7f83d894","service+b73c5787-6990-41b0-9126-fd1a7f83d894@no-reply.base44.com","false"
"Saúde e Bem-estar","2026-02-26","1992-12-03","","true","","Caio César Silva Oliveira","69e8b3c510a6ab1ad3da4cd2","62982091833","038.898.191-17","","https://base44.app/api/apps/69c292e80a168be0a1fb9df3/files/mp/public/69c292e80a168be0a1fb9df3/2c43ee1e2_IMG_1092.jpeg","","caiooliveira92@gmail.com","","Civil","","69cab5528917bc7d06ec9f36","2026-03-30T17:39:30.920000","2026-05-26T17:58:59.791000","service_b73c5787-6990-41b0-9126-fd1a7f83d894","service+b73c5787-6990-41b0-9126-fd1a7f83d894@no-reply.base44.com","false"
"","","","","true","","Alinne Ursula Rocha da Silva","","62984477685","823.622.205-59","","","","alinnerocha.u@gmail.com","","Civil","","69cab55201e1f9aa135f1820","2026-03-30T17:39:30.666000","2026-03-30T17:39:30.666000","service_b73c5787-6990-41b0-9126-fd1a7f83d894","service+b73c5787-6990-41b0-9126-fd1a7f83d894@no-reply.base44.com","false"
"","2026-05-04","1992-11-07","","true","","Ellen Vanessa Souza Soares da Silva","69e8b3c30381aca490de6dd9","62996898993","037.136.321-70","","","","ellen_nessa@hotmail.com","","Civil","","69cab5526bc24f2343ebe3b2","2026-03-30T17:39:30.204000","2026-05-05T17:16:19.367000","service_b73c5787-6990-41b0-9126-fd1a7f83d894","service+b73c5787-6990-41b0-9126-fd1a7f83d894@no-reply.base44.com","false"
"","2026-05-15","1981-07-01","","true","","Edjane Martins Silva","6a0c51d521231d4a1ef3e01f","62992328052","954.695.831-04","","https://base44.app/api/apps/69c292e80a168be0a1fb9df3/files/mp/public/69c292e80a168be0a1fb9df3/8e07871f1_1000118508.jpg","","edjanemartins14@gmail.com","","Civil","","69cab5525a1b6e998a75de7e","2026-03-30T17:39:30.009000","2026-05-26T11:42:35.829000","service_b73c5787-6990-41b0-9126-fd1a7f83d894","service+b73c5787-6990-41b0-9126-fd1a7f83d894@no-reply.base44.com","false"
"","","","","true","","Fabiana Dornelles","","62993796024","802.306.360-04","","","","fabiana.dornelles@goias.gov.br","","Civil","","69cab54b7f51f4522cff8029","2026-03-30T17:39:23.677000","2026-03-30T17:39:23.677000","service_b73c5787-6990-41b0-9126-fd1a7f83d894","service+b73c5787-6990-41b0-9126-fd1a7f83d894@no-reply.base44.com","false"
"","","","","true","","Ricardo Alexandre de Oliveira Lopes","","62985316067","002.562.311-76","","","","ricardoalexandre99.ro@gmail.com","","Civil","","69cab54bda8874ecb6d67aa1","2026-03-30T17:39:23.473000","2026-03-30T17:39:23.473000","service_b73c5787-6990-41b0-9126-fd1a7f83d894","service+b73c5787-6990-41b0-9126-fd1a7f83d894@no-reply.base44.com","false"
"","","","","true","","Brenda Hellen Soares Silva","","62994124699","705.275.081-36","","","","hellenbrenda37@gmail.com","","Civil","","69cab54bda8874ecb6d67aa0","2026-03-30T17:39:23.150000","2026-03-30T17:39:23.150000","service_b73c5787-6990-41b0-9126-fd1a7f83d894","service+b73c5787-6990-41b0-9126-fd1a7f83d894@no-reply.base44.com","false"
"","","","","true","","Beatriz Alves Nunes Mota","","62996798285","705.102.271-71","","","","biamotta936@gmail.com","","Civil","","69cab54adb83143d9e951ca1","2026-03-30T17:39:22.872000","2026-03-30T17:39:22.872000","service_b73c5787-6990-41b0-9126-fd1a7f83d894","service+b73c5787-6990-41b0-9126-fd1a7f83d894@no-reply.base44.com","false"
"","2026-05-22","1981-11-22","","true","","Giselle Pereira Pinheiro","6a3979a5d52592bdf8005925","62981382802","000.948.361-67","","https://base44.app/api/apps/69c292e80a168be0a1fb9df3/files/mp/public/69c292e80a168be0a1fb9df3/68790b2d0_20260706_210038.jpg","","giselle.pinheiro@goias.gov.br","","Civil","","69cab54a703ff883d0956cd6","2026-03-30T17:39:22.621000","2026-07-07T18:14:02.325000","service_b73c5787-6990-41b0-9126-fd1a7f83d894","service+b73c5787-6990-41b0-9126-fd1a7f83d894@no-reply.base44.com","false"
"","","","","true","","Mateus Vieira Machado","","62984575046","708.496.201-80","","","","mateus.machado@goias.gov.br","","Civil","","69cab54a2f92da87a7de4530","2026-03-30T17:39:22.444000","2026-03-30T17:39:22.444000","service_b73c5787-6990-41b0-9126-fd1a7f83d894","service+b73c5787-6990-41b0-9126-fd1a7f83d894@no-reply.base44.com","false"
"Emagrecimento","2026-05-07","1985-07-25","75","true","","Adriana Nascimento Damascena","69fe2888f5ab4b90269bc1b0","62985383884","008.127.251-07","","https://base44.app/api/apps/69c292e80a168be0a1fb9df3/files/mp/public/69c292e80a168be0a1fb9df3/847bd3324_d989a4ee-324d-4deb-b336-1b3d9daba3e3-1_all_93.jpg","","adriana.nd@hotmail.com","1.64","Civil","","69cab54aba0b7b3f017ab41b","2026-03-30T17:39:22.192000","2026-05-27T12:29:17.071000","service_b73c5787-6990-41b0-9126-fd1a7f83d894","service+b73c5787-6990-41b0-9126-fd1a7f83d894@no-reply.base44.com","false"
"","","","","true","","Larissa Abreu Gomes","","62986099357","014.312.471-46","","","","larissa.abgomes@goias.gov.br","","Civil","","69cab54aa8478950dd9aae34","2026-03-30T17:39:22.004000","2026-03-30T17:39:22.004000","service_b73c5787-6990-41b0-9126-fd1a7f83d894","service+b73c5787-6990-41b0-9126-fd1a7f83d894@no-reply.base44.com","false"
"","","","","true","","Matheus Fellipe Guimarães dos Santos","","62993177787","710.871.241-58","","","","matheusfgdsantos@gamil.com","","Civil","","69cab54978b77085f932fcd9","2026-03-30T17:39:21.762000","2026-03-30T17:39:21.762000","service_b73c5787-6990-41b0-9126-fd1a7f83d894","service+b73c5787-6990-41b0-9126-fd1a7f83d894@no-reply.base44.com","false"
"","","","","true","","Rosângela Pereira Barbosa Almeida","","62981327632","977.331.211-91","","","","rozza.unikka@gmail.com","","Civil","","69cab5495e93e3b60073f93e","2026-03-30T17:39:21.558000","2026-03-30T17:39:21.558000","service_b73c5787-6990-41b0-9126-fd1a7f83d894","service+b73c5787-6990-41b0-9126-fd1a7f83d894@no-reply.base44.com","false"
"Saúde e Bem-estar","2026-05-25","1981-12-07","55.4","true","","Fernanda Marra","6a16e5289a8726b9d9b03046","62981430493","950.749.291-72","","https://base44.app/api/apps/69c292e80a168be0a1fb9df3/files/mp/public/69c292e80a168be0a1fb9df3/13c490d66_Foto.jpg","","dizamarra@gmail.com","1.58","Civil","","69cab5495f4c50dbe8cc825c","2026-03-30T17:39:21.329000","2026-05-27T14:29:31.014000","service_b73c5787-6990-41b0-9126-fd1a7f83d894","service+b73c5787-6990-41b0-9126-fd1a7f83d894@no-reply.base44.com","false"
"","","","","true","","Thaís Gonçalves Castro","","62982298431","032.780.241-33","","","","thais.castro@goias.gov.br","","Civil","","69cab549e5fdb3fb9219a284","2026-03-30T17:39:21.110000","2026-03-30T17:39:21.110000","service_b73c5787-6990-41b0-9126-fd1a7f83d894","service+b73c5787-6990-41b0-9126-fd1a7f83d894@no-reply.base44.com","false"
"","2026-06-16","2006-11-11","73","true","","Guilherme Gonçalves Mendonça","6a3193d865bbd9d4cc19b858","62981133680","063.485.491-78","","https://base44.app/api/apps/69c292e80a168be0a1fb9df3/files/mp/public/69c292e80a168be0a1fb9df3/4b3b4f8fa_IMG_9428.png","","ggm111106@gmail.com","180","Civil","","69cab548e4c82c8b9c52b57a","2026-03-30T17:39:20.916000","2026-06-18T19:46:30.403000","service_b73c5787-6990-41b0-9126-fd1a7f83d894","service+b73c5787-6990-41b0-9126-fd1a7f83d894@no-reply.base44.com","false"
"","2026-05-31","1990-10-10","","true","","Matheus Tavares Santana","69f1eb6517c3432021ec85e4","62982770248","030.598.481-06","","","","matheus.gyn2@gmail.com","","Civil","","69cab5485f4c50dbe8cc825b","2026-03-30T17:39:20.694000","2026-06-05T00:47:16.971000","service_b73c5787-6990-41b0-9126-fd1a7f83d894","service+b73c5787-6990-41b0-9126-fd1a7f83d894@no-reply.base44.com","false"
"","","","","true","","Maurício Lopes dos Santos","","62985142615","037.377.041-39","","","","vanmauricio1@gmail.com","","Civil","","69cab548b96b655d2d4bf81c","2026-03-30T17:39:20.487000","2026-03-30T17:39:20.487000","service_b73c5787-6990-41b0-9126-fd1a7f83d894","service+b73c5787-6990-41b0-9126-fd1a7f83d894@no-reply.base44.com","false"
"","","","","true","","Leticia Cruz Pereira de Sousa","","62982085963","032.715.001-77","","","","leticia.cruz@goias.gov.br","","Civil","","69cab548d487b55f27dea092","2026-03-30T17:39:20.266000","2026-03-30T17:39:20.266000","service_b73c5787-6990-41b0-9126-fd1a7f83d894","service+b73c5787-6990-41b0-9126-fd1a7f83d894@no-reply.base44.com","false"
"","","","","true","","Gabriel da Rocha Martins Jordão","","62982075972","700.243.351-26","","","","gabriel.jordao@goias.gov.br","","Civil","","69cab547558e726c1c5f5d41","2026-03-30T17:39:19.745000","2026-03-30T17:39:19.745000","service_b73c5787-6990-41b0-9126-fd1a7f83d894","service+b73c5787-6990-41b0-9126-fd1a7f83d894@no-reply.base44.com","false"
"","2026-07-07","1983-04-25","","true","","Nara Abadia Silva Dias Guiotti","6a4e4646d7ae1419c0fcd6a8","62981452307","001.173.541-47","","","","carrodasub@gmail.com","","Civil","","69cab5478644ff0eec993225","2026-03-30T17:39:19.528000","2026-07-16T13:40:50.479000","service_b73c5787-6990-41b0-9126-fd1a7f83d894","service+b73c5787-6990-41b0-9126-fd1a7f83d894@no-reply.base44.com","false"
"Emagrecimento","2026-07-02","1988-03-13","100","true","","Fernanda Palma Neiva","69eb71326eb19b31dbf13e4e","62981158273","001.446.861-12","","https://base44.app/api/apps/69c292e80a168be0a1fb9df3/files/mp/public/69c292e80a168be0a1fb9df3/42f647923_IMG_20260319_1001341.jpg","","fpalmaneiva@gmail.com","167","Civil","","69cab5475fe6394ffd97f509","2026-03-30T17:39:19.311000","2026-07-03T13:34:17.642000","service_b73c5787-6990-41b0-9126-fd1a7f83d894","service+b73c5787-6990-41b0-9126-fd1a7f83d894@no-reply.base44.com","false"
"","2026-04-25","2026-01-26","","true","","Diêssa Pontes Cruz","69e8b41d874d2bd5ad2a947f","62991152415","034.137.761-93","","https://base44.app/api/apps/69c292e80a168be0a1fb9df3/files/mp/public/69c292e80a168be0a1fb9df3/3ac007061_1001077550.jpg","","diessacruz@gmail.com","","Civil","","69cab547bd2926025f139df4","2026-03-30T17:39:19.140000","2026-05-26T20:43:40.689000","service_b73c5787-6990-41b0-9126-fd1a7f83d894","service+b73c5787-6990-41b0-9126-fd1a7f83d894@no-reply.base44.com","false"
"","","","","true","","Ana Abigail Reis Rocha dos Santos","","62981318530","713.637.561-41","","","","anaabigailrochacontato@hotmail.com","","Civil","","69cab540066f764123d81734","2026-03-30T17:39:12.650000","2026-03-30T17:39:12.650000","service_b73c5787-6990-41b0-9126-fd1a7f83d894","service+b73c5787-6990-41b0-9126-fd1a7f83d894@no-reply.base44.com","false"
"","","","","true","","Lourença Lima de Sousa","","62992476098","364.390.613-72","","","","lourenca.gyn@gmail.com","","Civil","","69cab540b16da033439c90d1","2026-03-30T17:39:12.459000","2026-03-30T17:39:12.459000","service_b73c5787-6990-41b0-9126-fd1a7f83d894","service+b73c5787-6990-41b0-9126-fd1a7f83d894@no-reply.base44.com","false"
"","2026-05-07","1987-11-23","","true","","Brenuo Victor Rodrigues Barbosa","6a022e0e6d475b0b2334af8e","62991380516","018.200.241-13","","https://base44.app/api/apps/69c292e80a168be0a1fb9df3/files/mp/public/69c292e80a168be0a1fb9df3/dcbce92c5_IMG_2539.jpeg","","brenuo.barbosa@goias.gov.br","","Civil","","69cab5409b141921d6a9baca","2026-03-30T17:39:12.265000","2026-05-21T19:47:53.125000","service_b73c5787-6990-41b0-9126-fd1a7f83d894","service+b73c5787-6990-41b0-9126-fd1a7f83d894@no-reply.base44.com","false"
"Saúde e Bem-estar","2026-04-15","1983-07-24","60","true","","Lázara Tatiana Pereira de Lima","69e8b3d7f0a0a48eb1af80d9","62981556855","004.245.061-65","","https://base44.app/api/apps/69c292e80a168be0a1fb9df3/files/mp/public/69c292e80a168be0a1fb9df3/aa54205ac_IMG_4912.jpeg","","sesmt.publico@gmail.com","1.63","Civil","","69cab5409b141921d6a9bac9","2026-03-30T17:39:12.012000","2026-05-26T18:37:38.757000","service_b73c5787-6990-41b0-9126-fd1a7f83d894","service+b73c5787-6990-41b0-9126-fd1a7f83d894@no-reply.base44.com","false"
"Hipertrofia","2026-04-23","1995-11-13","","true","","Lucas Façanha de Oliveira Carvalho","69e8b3d9db2701e07f3d9515","62982109253","018.412.942-76","","https://base44.app/api/apps/69c292e80a168be0a1fb9df3/files/mp/public/69c292e80a168be0a1fb9df3/c328564f4_WhatsAppImage2026-05-28at094429.jpeg","","lucasoliveira.ifam@gmail.com","","Civil","","69cab53f95aecd6313a1094a","2026-03-30T17:39:11.603000","2026-05-28T12:44:46.995000","service_b73c5787-6990-41b0-9126-fd1a7f83d894","service+b73c5787-6990-41b0-9126-fd1a7f83d894@no-reply.base44.com","false"
"","2026-03-25","1987-09-18","","true","","Uerica Agapito Pereira","69f09fd3ef3fe8e89a0d5919","62999175018","018.479.541-97","","https://base44.app/api/apps/69c292e80a168be0a1fb9df3/files/mp/public/69c292e80a168be0a1fb9df3/2cac6ecad_image.jpg","","uericaagapito.adv@gmail.com","","Civil","","69cab53f1d112c5a2797d789","2026-03-30T17:39:11.389000","2026-05-27T14:15:36.114000","service_b73c5787-6990-41b0-9126-fd1a7f83d894","service+b73c5787-6990-41b0-9126-fd1a7f83d894@no-reply.base44.com","false"
"Saúde e Bem-estar","2026-05-05","1988-09-22","76","true","","Rafael Santana Marinho","69fb769eb6cc56e25e03373f","62981120553","024.398.961-01","","https://base44.app/api/apps/69c292e80a168be0a1fb9df3/files/mp/public/69c292e80a168be0a1fb9df3/ab1eceb60_WhatsAppImage2026-06-22at084713.jpeg","","rflmarinho8@gmail.com","175","Civil","","69cab53eac828741aaea5afd","2026-03-30T17:39:10.818000","2026-06-22T11:47:56.301000","service_b73c5787-6990-41b0-9126-fd1a7f83d894","service+b73c5787-6990-41b0-9126-fd1a7f83d894@no-reply.base44.com","false"
"Saúde e Bem-estar","2026-04-20","1982-02-22","96","true","","Rafael Bovo de Souza","69fe28960cba907fa6487b16","62984013516","926.123.421-68","","https://base44.app/api/apps/69c292e80a168be0a1fb9df3/files/mp/public/69c292e80a168be0a1fb9df3/054a50536_1779969049862.jpg","","rafael.bovo@goias.gov.br","185","Civil","","69cab53ef59bbda43a5c5d66","2026-03-30T17:39:10.613000","2026-05-28T11:53:00.950000","service_b73c5787-6990-41b0-9126-fd1a7f83d894","service+b73c5787-6990-41b0-9126-fd1a7f83d894@no-reply.base44.com","false"
"","","","","true","","Renata Uchoa Borges Ribeiro","","62984993947","721.913.921-72","","","","ruchoab@gmail.com","","Civil","","69cab53eed06ec7125b31600","2026-03-30T17:39:10.417000","2026-03-30T17:39:10.417000","service_b73c5787-6990-41b0-9126-fd1a7f83d894","service+b73c5787-6990-41b0-9126-fd1a7f83d894@no-reply.base44.com","false"
"","2026-03-26","1983-01-20","","true","","Keila José da Silva","69ebc13bb075bc93d7a0e631","62994092362","995.453.221-87","","","","keila.js@hotmail.com","","Civil","","69cab53e58eef887650dfa46","2026-03-30T17:39:10.207000","2026-04-27T19:25:08.208000","service_b73c5787-6990-41b0-9126-fd1a7f83d894","service+b73c5787-6990-41b0-9126-fd1a7f83d894@no-reply.base44.com","false"
"","","","","true","","Marcio da Silva Barros","","62984197440","811.481.431-49","","","","marcios.info@gmail.com","","Civil","","69cab53ea0104f543a603eb6","2026-03-30T17:39:10.006000","2026-03-30T17:39:10.006000","service_b73c5787-6990-41b0-9126-fd1a7f83d894","service+b73c5787-6990-41b0-9126-fd1a7f83d894@no-reply.base44.com","false"
"Saúde e Bem-estar","2026-04-15","1975-09-23","86","true","","Morian Scussel Malburg","69e8b3dfc275cae65aee1aa2","62981862568","536.489.861-04","","https://base44.app/api/apps/69c292e80a168be0a1fb9df3/files/mp/public/69c292e80a168be0a1fb9df3/b08d24673_1000478639.jpg","","morian.malburg@goias.gov.br","175","Civil","","69cab53deddee6987dc1c800","2026-03-30T17:39:09.802000","2026-04-28T11:43:38.491000","service_b73c5787-6990-41b0-9126-fd1a7f83d894","service+b73c5787-6990-41b0-9126-fd1a7f83d894@no-reply.base44.com","false"
"Condicionamento","2026-04-17","1973-04-22","69","true","","Antonino Batista Júnior","69e8b3ceaa15a6de33954e67","62992893825","532.638.711-53","","https://base44.app/api/apps/69c292e80a168be0a1fb9df3/files/mp/public/69c292e80a168be0a1fb9df3/164321d23_1000868676.jpg","","antonino.batista@goias.gov.br","176","Civil","","69cab53d8efef97e8a0f03b3","2026-03-30T17:39:09.593000","2026-05-26T21:19:18.745000","service_b73c5787-6990-41b0-9126-fd1a7f83d894","service+b73c5787-6990-41b0-9126-fd1a7f83d894@no-reply.base44.com","false"
"Saúde e Bem-estar","2026-05-06","1999-04-13","61.5","true","","Lívia Borges de Sousa","6a035c5eff55688ed4fcb8b0","62999123777","063.117.161-43","","https://base44.app/api/apps/69c292e80a168be0a1fb9df3/files/mp/public/69c292e80a168be0a1fb9df3/4a1b09043_liviafoto.jpg","","livia.borges.333@gmail.com","165","Civil","","69cab53df488136327286414","2026-03-30T17:39:09.401000","2026-05-29T14:38:09.741000","service_b73c5787-6990-41b0-9126-fd1a7f83d894","service+b73c5787-6990-41b0-9126-fd1a7f83d894@no-reply.base44.com","false"
"","2026-05-18","1979-07-03","","true","","Franklin de Moura Neto","6a0c51d7b0dc29ca97f079c6","62984389881","934.418.191-87","","","","franklinneto@outlook.com","","Civil","","69cab53d77c5ac26543028b2","2026-03-30T17:39:09.178000","2026-05-19T12:34:54.476000","service_b73c5787-6990-41b0-9126-fd1a7f83d894","service+b73c5787-6990-41b0-9126-fd1a7f83d894@no-reply.base44.com","false"
"Condicionamento","2026-06-11","1989-06-28","85","true","","Rodrigo Antônio dos Santos","6a30396df9bfbf37c3be3e59","62992524103","027.888.121-16","","https://base44.app/api/apps/69c292e80a168be0a1fb9df3/files/mp/public/69c292e80a168be0a1fb9df3/79d2da93c_1000451839.jpg","","rodrigo.antonio@goias.gov.br","176","Civil","","69cab53cd487b55f27dea08e","2026-03-30T17:39:08.978000","2026-06-16T14:06:56.858000","service_b73c5787-6990-41b0-9126-fd1a7f83d894","service+b73c5787-6990-41b0-9126-fd1a7f83d894@no-reply.base44.com","false"
"","","","","true","","Larissa Soares de Sousa","","62981374220","703.508.241-77","","","","larissa_soares_sousa@hotmail.com","","Civil","","69cab53c4abcf40dc7fb3ccc","2026-03-30T17:39:08.778000","2026-03-30T17:39:08.778000","service_b73c5787-6990-41b0-9126-fd1a7f83d894","service+b73c5787-6990-41b0-9126-fd1a7f83d894@no-reply.base44.com","false"
"","","","","true","","Amélia Cristina Alves Silva","","62998456336","004.897.161-80","","","","amelia.silva@goias.gov.br","","Civil","","69cab53c602c2168cd62e23e","2026-03-30T17:39:08.572000","2026-03-30T17:39:08.572000","service_b73c5787-6990-41b0-9126-fd1a7f83d894","service+b73c5787-6990-41b0-9126-fd1a7f83d894@no-reply.base44.com","false"
"","","","","true","","Marcus Vinícius de Santana Amaral","","62985480878","864.750.881-53","","","","marcus.amaral@goias.gov.br","","Civil","","69cab53c87a6fe5aff945aba","2026-03-30T17:39:08.386000","2026-03-30T17:39:08.386000","service_b73c5787-6990-41b0-9126-fd1a7f83d894","service+b73c5787-6990-41b0-9126-fd1a7f83d894@no-reply.base44.com","false"
"","","","","true","","Karine Antonio de Sousa","","62999733749","019.936.831-78","","","","karine.sousa@goias.gov.br","","Civil","","69cab535d79a982796b8d965","2026-03-30T17:39:01.301000","2026-03-30T17:39:01.301000","service_b73c5787-6990-41b0-9126-fd1a7f83d894","service+b73c5787-6990-41b0-9126-fd1a7f83d894@no-reply.base44.com","false"
"","","","","true","","Rogério Gomes de Morais","","62985192000","849.889.081-00","","","","morais2536@gmail.com","","Civil","","69cab5358efef97e8a0f03b0","2026-03-30T17:39:01.097000","2026-03-30T17:39:01.097000","service_b73c5787-6990-41b0-9126-fd1a7f83d894","service+b73c5787-6990-41b0-9126-fd1a7f83d894@no-reply.base44.com","false"
"","","","","true","","Patricia Aparecida Alves Teixeira","","62981637757","973.644.441-49","","","","palves.teixeira@yahoo.com.br","","Civil","","69cab53407388167c3f118ba","2026-03-30T17:39:00.906000","2026-03-30T17:39:00.906000","service_b73c5787-6990-41b0-9126-fd1a7f83d894","service+b73c5787-6990-41b0-9126-fd1a7f83d894@no-reply.base44.com","false"
"","","","","true","","Márcio Marques da Silva","","62982543664","004.129.801-26","","","","profedummarques@gmail.com","","Civil","","69cab5341d5dca09ed497c38","2026-03-30T17:39:00.729000","2026-03-30T17:39:00.729000","service_b73c5787-6990-41b0-9126-fd1a7f83d894","service+b73c5787-6990-41b0-9126-fd1a7f83d894@no-reply.base44.com","false"
"","","","","true","","Géssyca Rocha Lima de Faria","","62993235219","040.056.741-51","","","","gessycaconge@gmail.com","","Civil","","69cab53492c1371ddf15e83e","2026-03-30T17:39:00.523000","2026-03-30T17:39:00.523000","service_b73c5787-6990-41b0-9126-fd1a7f83d894","service+b73c5787-6990-41b0-9126-fd1a7f83d894@no-reply.base44.com","false"
"","","","","true","","André Luiz da Silva e Alvim","","62999494278","033.172.254-24","","","","andre.alvim@goias.gov.br","","Civil","","69cab5348a95527f4a12ec31","2026-03-30T17:39:00.309000","2026-03-30T17:39:00.309000","service_b73c5787-6990-41b0-9126-fd1a7f83d894","service+b73c5787-6990-41b0-9126-fd1a7f83d894@no-reply.base44.com","false"
"","2026-06-04","1994-09-25","","true","","Edirene Silva Mendes","6a28493ca016db521dd332b1","62998289420","606.911.312-87","","https://base44.app/api/apps/69c292e80a168be0a1fb9df3/files/mp/public/69c292e80a168be0a1fb9df3/eaf543464_Screenshot_20260330_105149_Instagram.jpg","","edirenemendes909@gmail.com","","Civil","","69cab53444dabb56e3aef606","2026-03-30T17:39:00.122000","2026-06-09T17:47:21.787000","service_b73c5787-6990-41b0-9126-fd1a7f83d894","service+b73c5787-6990-41b0-9126-fd1a7f83d894@no-reply.base44.com","false"
"","","","","true","","Mirelle Rocha Arantes","","62991156031","007.667.991-82","","","","mirellearantes89@gmail.com","","Civil","","69cab533e1984aba4d2effa5","2026-03-30T17:38:59.931000","2026-03-30T17:38:59.931000","service_b73c5787-6990-41b0-9126-fd1a7f83d894","service+b73c5787-6990-41b0-9126-fd1a7f83d894@no-reply.base44.com","false"
"Emagrecimento","2026-06-12","1995-09-14","61","true","","Andressa Kristtyna Rodrigues Oliveira","6a1edae225e1f39bf869001a","62982877577","034.515.491-66","","https://base44.app/api/apps/69c292e80a168be0a1fb9df3/files/mp/public/69c292e80a168be0a1fb9df3/161f0d298_52157.jpg","","andressakoliveira.tur@gmail.com","155","Civil","","69cab533705403585c687b9e","2026-03-30T17:38:59.770000","2026-06-16T17:36:49.562000","service_b73c5787-6990-41b0-9126-fd1a7f83d894","service+b73c5787-6990-41b0-9126-fd1a7f83d894@no-reply.base44.com","false"
"Hipertrofia","2026-06-15","1996-04-15","52","true","","Francislene Monteiro Lima","69eb71414c5a3877ecd8a887","61996469412","015.547.731-56","","https://base44.app/api/apps/69c292e80a168be0a1fb9df3/files/mp/public/69c292e80a168be0a1fb9df3/2a73142c4_Fotocrach.png","","efmonteiro04@gmail.com","172","Civil","","69cab5336d09f1ead4a603b5","2026-03-30T17:38:59.577000","2026-06-16T12:51:00.480000","service_b73c5787-6990-41b0-9126-fd1a7f83d894","service+b73c5787-6990-41b0-9126-fd1a7f83d894@no-reply.base44.com","false"
"","","","","true","","Gustavo Henrique Alvares da Silva Araujo Moura","","62995735174","095.084.701-91","","","","gustavo.moura@goias.gov.br","","Civil","","69cab5337273d4d7cf3f5738","2026-03-30T17:38:59.366000","2026-03-30T17:38:59.366000","service_b73c5787-6990-41b0-9126-fd1a7f83d894","service+b73c5787-6990-41b0-9126-fd1a7f83d894@no-reply.base44.com","false"
"","","","","true","","Patricia Rodrigues e Silva Moura","","62986402596","007.778.211-92","","","","patriciasilvamoura@gmail.com","","Civil","","69cab5336a12805dc16ec718","2026-03-30T17:38:59.153000","2026-03-30T17:38:59.153000","service_b73c5787-6990-41b0-9126-fd1a7f83d894","service+b73c5787-6990-41b0-9126-fd1a7f83d894@no-reply.base44.com","false"
"","","","","true","","Aline Maria do Socorro Cordeiro","","62984819821","827.512.931-15","","","","nicolasgui03@gmail.com","","Civil","","69cab532703ff883d0956c6c","2026-03-30T17:38:58.923000","2026-03-30T17:38:58.923000","service_b73c5787-6990-41b0-9126-fd1a7f83d894","service+b73c5787-6990-41b0-9126-fd1a7f83d894@no-reply.base44.com","false"
"","","","","true","","Jose Martins Carvalho","","62999771036","076.838.551-20","","","","josemartinscarvalhoo@gmail.com","","Civil","","69cab5322259ab5f6f0380e0","2026-03-30T17:38:58.712000","2026-03-30T17:38:58.712000","service_b73c5787-6990-41b0-9126-fd1a7f83d894","service+b73c5787-6990-41b0-9126-fd1a7f83d894@no-reply.base44.com","false"
"","","","","true","","Ludmilla Sousa","","62981165261","025.122.981-59","","","","sousaludy@gmail.com","","Civil","","69cab5321406725f35a35b54","2026-03-30T17:38:58.537000","2026-03-30T17:38:58.537000","service_b73c5787-6990-41b0-9126-fd1a7f83d894","service+b73c5787-6990-41b0-9126-fd1a7f83d894@no-reply.base44.com","false"
"","2026-04-27","1999-03-17","","true","","Lucas Gabriel Souza Ribeiro","69e8b3da0727cf73320d3bc0","62991579277","037.230.721-35","","https://base44.app/api/apps/69c292e80a168be0a1fb9df3/files/mp/public/69c292e80a168be0a1fb9df3/9763e0bb6_0794D0C6-7D1F-4614-9458-05F9E429F620.jpeg","","lucas.ribeiro@goias.gov.br","","Civil","","69cab532ba0b7b3f017ab3af","2026-03-30T17:38:58.319000","2026-05-28T12:04:17.952000","service_b73c5787-6990-41b0-9126-fd1a7f83d894","service+b73c5787-6990-41b0-9126-fd1a7f83d894@no-reply.base44.com","false"
"","","","","true","","Roberto Alan Teles Junior","","62999506270","354.190.081-49","","","","rob.teles@hotmail.com","","Civil","","69cab5310fc456ed86b144bf","2026-03-30T17:38:57.861000","2026-03-30T17:38:57.861000","service_b73c5787-6990-41b0-9126-fd1a7f83d894","service+b73c5787-6990-41b0-9126-fd1a7f83d894@no-reply.base44.com","false"
"","","","","true","","Leandro Loose Guimarães","","62996713225","820.682.081-72","","","","llooseg@gmail.com","","Civil","","69cab53144dabb56e3aef604","2026-03-30T17:38:57.681000","2026-03-30T17:38:57.681000","service_b73c5787-6990-41b0-9126-fd1a7f83d894","service+b73c5787-6990-41b0-9126-fd1a7f83d894@no-reply.base44.com","false"
"","","","","true","","Izabella da Costa Abdo","","62996916191","003.195.711-06","","","","izacst23@gmail.com","","Civil","","69cab531bd2926025f139d85","2026-03-30T17:38:57.491000","2026-03-30T17:38:57.491000","service_b73c5787-6990-41b0-9126-fd1a7f83d894","service+b73c5787-6990-41b0-9126-fd1a7f83d894@no-reply.base44.com","false"
"Emagrecimento","2026-05-06","1989-11-27","64","true","","Marcia da Silva Coutinho","69f1eb6d936f80ebdd9a578e","62982540780","036.063.291-21","","https://base44.app/api/apps/69c292e80a168be0a1fb9df3/files/mp/public/69c292e80a168be0a1fb9df3/52d63f49e_9CB59472-56F2-4048-8F99-4085909FDC67.jpeg","","marciacoutinhofotografia@hotmail.com","154","Civil","","69cab53186a8212571cbebfa","2026-03-30T17:38:57.325000","2026-05-26T12:06:02.965000","service_b73c5787-6990-41b0-9126-fd1a7f83d894","service+b73c5787-6990-41b0-9126-fd1a7f83d894@no-reply.base44.com","false"
"","","","","true","","Lidia Maria Borges Gomes","","62996234751","008.641.541-78","","","","gomeslidia483@gmail.com","","Civil","","69cab52a8644ff0eec993154","2026-03-30T17:38:50.865000","2026-03-30T17:38:50.865000","service_b73c5787-6990-41b0-9126-fd1a7f83d894","service+b73c5787-6990-41b0-9126-fd1a7f83d894@no-reply.base44.com","false"
"Força","2026-05-27","1966-01-09","63","true","","Umbelina Santana Ramos","6a16f068b357802022f1ae94","62984191127","381.935.661-49","","https://base44.app/api/apps/69c292e80a168be0a1fb9df3/files/mp/public/69c292e80a168be0a1fb9df3/c828c37f3_WhatsAppImage2026-05-27at112254.jpeg","","umbelinasramos@gmail.com","168","Civil","","69cab52aca4d9c8a07cb419a","2026-03-30T17:38:50.643000","2026-05-27T14:23:39.262000","service_b73c5787-6990-41b0-9126-fd1a7f83d894","service+b73c5787-6990-41b0-9126-fd1a7f83d894@no-reply.base44.com","false"
"","","","","true","","Ana Paula Rodrigues Teixeira","","62996692008","781.671.756-34","","","","ana.teixeira@goias.gov.br","","Civil","","69cab52a7d26cfae3f44cfeb","2026-03-30T17:38:50.420000","2026-03-30T17:38:50.420000","service_b73c5787-6990-41b0-9126-fd1a7f83d894","service+b73c5787-6990-41b0-9126-fd1a7f83d894@no-reply.base44.com","false"
"","","","","true","","Witt Gabriel Barros da Silva","","62986347890","022.164.312-57","","","","witt.silva@goias.gov.br","","Civil","","69cab52a51c35dcdd2ae4356","2026-03-30T17:38:50.187000","2026-03-30T17:38:50.187000","service_b73c5787-6990-41b0-9126-fd1a7f83d894","service+b73c5787-6990-41b0-9126-fd1a7f83d894@no-reply.base44.com","false"
"","","","","true","","Daniel Antônio Cândido Lima","","62985951089","703.070.661-77","","","","lima.c.a.daniel@gmail.com","","Civil","","69cab5296efe5232ab966b16","2026-03-30T17:38:49.980000","2026-03-30T17:38:49.980000","service_b73c5787-6990-41b0-9126-fd1a7f83d894","service+b73c5787-6990-41b0-9126-fd1a7f83d894@no-reply.base44.com","false"
"","","","","true","","Gabriel Augusto Silva Alves","","62982780958","701.428.071-68","","","","gabriel.asalves@goias.gov.br","","Civil","","69cab529a94012b416ebdc9d","2026-03-30T17:38:49.722000","2026-03-30T17:38:49.722000","service_b73c5787-6990-41b0-9126-fd1a7f83d894","service+b73c5787-6990-41b0-9126-fd1a7f83d894@no-reply.base44.com","false"
"","","","","true","","Gabriel Dias Nerys Junior","","62993046697","045.222.281-80","","","","gabriel.nerys@goias.gov.br","","Civil","","69cab52900553dca6de39a84","2026-03-30T17:38:49.517000","2026-03-30T17:38:49.517000","service_b73c5787-6990-41b0-9126-fd1a7f83d894","service+b73c5787-6990-41b0-9126-fd1a7f83d894@no-reply.base44.com","false"
"","2026-04-23","1991-01-28","","true","","Raniery Morais Miranda","69eb7130c8c6a653226322d0","62992367982","037.678.271-40","","https://base44.app/api/apps/69c292e80a168be0a1fb9df3/files/mp/public/69c292e80a168be0a1fb9df3/4e80c355e_47e9fb68-7059-4e5f-bd22-a449f1d3878b.jpg","","mirandaraniery@gmail.com","","Civil","","69cab5298bf415ccbaf69560","2026-03-30T17:38:49.305000","2026-05-26T11:43:21.507000","service_b73c5787-6990-41b0-9126-fd1a7f83d894","service+b73c5787-6990-41b0-9126-fd1a7f83d894@no-reply.base44.com","false"
"","","","","true","","Alaina Bastos da Silva","","62996704069","069.251.065-64","","","","alayna_silva@hotmail.com","","Civil","","69cab529da8874ecb6d67a98","2026-03-30T17:38:49.126000","2026-03-30T17:38:49.126000","service_b73c5787-6990-41b0-9126-fd1a7f83d894","service+b73c5787-6990-41b0-9126-fd1a7f83d894@no-reply.base44.com","false"
"Hipertrofia","2026-04-09","1985-03-14","64","true","","Camila Amâncio Araújo Valadares","69e8b3cd699596113662a7d8","62998045649","002.621.431-86","","https://base44.app/api/apps/69c292e80a168be0a1fb9df3/files/mp/public/69c292e80a168be0a1fb9df3/263141cfb_6A0B23D7-5534-4535-AAB2-4B02FEE8FF2B.png","","camilaavaladares@gmail.com","165","Civil","","69cab528ab7b73583ccff6f6","2026-03-30T17:38:48.922000","2026-07-02T23:23:18.580000","service_b73c5787-6990-41b0-9126-fd1a7f83d894","service+b73c5787-6990-41b0-9126-fd1a7f83d894@no-reply.base44.com","false"
"Saúde e Bem-estar","2026-05-12","1996-05-10","60","true","","Carolina Assis Silva","6a047b2155dbffe1bf6746cf","62982423140","022.021.201-57","","https://base44.app/api/apps/69c292e80a168be0a1fb9df3/files/mp/public/69c292e80a168be0a1fb9df3/8a75f0560_WhatsAppImage2026-05-26at084407.jpeg","","carolina.asilva@goias.gov.br","1.77","Civil","","69cab528f140868323584a5f","2026-03-30T17:38:48.714000","2026-05-26T11:44:22.028000","service_b73c5787-6990-41b0-9126-fd1a7f83d894","service+b73c5787-6990-41b0-9126-fd1a7f83d894@no-reply.base44.com","false"
"","","","","true","","Danilo Augusto Mariano Alves","","62999055884","016.562.071-41","","","","danilo.alves@goias.gov.br","","Civil","","69cab5286612594d427d70c4","2026-03-30T17:38:48.472000","2026-03-30T17:38:48.472000","service_b73c5787-6990-41b0-9126-fd1a7f83d894","service+b73c5787-6990-41b0-9126-fd1a7f83d894@no-reply.base44.com","false"
"Saúde e Bem-estar","2026-05-18","1992-08-19","","true","","Larissa Lorrayne Alves da Silva","6a0afc5e31801c9d02d0413d","62997014951","037.716.781-96","","https://base44.app/api/apps/69c292e80a168be0a1fb9df3/files/mp/public/69c292e80a168be0a1fb9df3/5cd616b49_WhatsAppImage2026-07-06at103520.jpeg","","larissa.asilva@goias.gov.br","","Civil","","69cab5270fc456ed86b144bb","2026-03-30T17:38:47.804000","2026-07-07T14:25:41.505000","service_b73c5787-6990-41b0-9126-fd1a7f83d894","service+b73c5787-6990-41b0-9126-fd1a7f83d894@no-reply.base44.com","false"
"","2026-05-19","1994-09-20","","true","","Thaís Teixeira Santos","6a0caf640170db9a69a7bebd","62999012640","023.963.321-04","","https://base44.app/api/apps/69c292e80a168be0a1fb9df3/files/mp/public/69c292e80a168be0a1fb9df3/d8079b4e8_17803259040451948481246245583508.jpg","","thais.santos@goias.gov.br","","Civil","","69cab5274f3dd1b5956201e6","2026-03-30T17:38:47.583000","2026-06-01T14:58:43.820000","service_b73c5787-6990-41b0-9126-fd1a7f83d894","service+b73c5787-6990-41b0-9126-fd1a7f83d894@no-reply.base44.com","false"
"Saúde e Bem-estar","2025-12-11","1976-11-09","72","true","","Tatiana de Jesus Mesquita","69f24dca8f997ab8b9cb6aad","62982911312","825.156.891-91","","https://base44.app/api/apps/69c292e80a168be0a1fb9df3/files/mp/public/69c292e80a168be0a1fb9df3/14ae43939_1779899658087953218960385142313.jpg","","tatiana.mesquita@goias.gov.br","1.51","Civil","","69cab527d79a982796b8d962","2026-03-30T17:38:47.378000","2026-05-27T16:34:45.749000","service_b73c5787-6990-41b0-9126-fd1a7f83d894","service+b73c5787-6990-41b0-9126-fd1a7f83d894@no-reply.base44.com","false"
"","","","","true","","Fabiana Alves Nunes de Oliveira","","62999520158","968.787.111-34","","","","fabiana.anoliveira@goias.gov.br","","Civil","","69cab5271d5dca09ed497c34","2026-03-30T17:38:47.097000","2026-03-30T17:38:47.097000","service_b73c5787-6990-41b0-9126-fd1a7f83d894","service+b73c5787-6990-41b0-9126-fd1a7f83d894@no-reply.base44.com","false"
"","2026-05-11","1980-09-12","","true","","Viviany de Oliveira Santos","69e8bd44fcfdf4bb4fa1335d","62981931243","927.724.801-78","","https://base44.app/api/apps/69c292e80a168be0a1fb9df3/files/mp/public/69c292e80a168be0a1fb9df3/2a2bb1464_1000117867.jpg","","viviany.santos@goias.gov.br","","Civil","","69cab526d3dea80a527f023b","2026-03-30T17:38:46.834000","2026-05-27T16:37:24.299000","service_b73c5787-6990-41b0-9126-fd1a7f83d894","service+b73c5787-6990-41b0-9126-fd1a7f83d894@no-reply.base44.com","false"
"Saúde e Bem-estar","2026-07-03","1984-10-03","68","true","","Gisele Christe Passos","6a4bee23f9bc33e0abaf318f","62984596904","006.866.291-24","","https://base44.app/api/apps/69c292e80a168be0a1fb9df3/files/mp/public/69c292e80a168be0a1fb9df3/21ca42639_WhatsAppImage2026-03-23at124959.jpeg","","gisachriste@gmail.com","1.65","Civil","","69cab5264b8ed336c11dff6c","2026-03-30T17:38:46.617000","2026-07-16T13:13:03.522000","service_b73c5787-6990-41b0-9126-fd1a7f83d894","service+b73c5787-6990-41b0-9126-fd1a7f83d894@no-reply.base44.com","false"
"","2026-05-13","1998-12-16","","true","","Adriano Faleiro Gregório","6a0712111e20cc70b7726fa4","62984450427","063.605.841-74","","https://base44.app/api/apps/69c292e80a168be0a1fb9df3/files/mp/public/69c292e80a168be0a1fb9df3/c65c58bce_IMG_20260612_130931.jpg","","avla20112@hotmail.com","","Civil","","69cab526ebee4a1af29385ac","2026-03-30T17:38:46.409000","2026-06-18T16:03:40.681000","service_b73c5787-6990-41b0-9126-fd1a7f83d894","service+b73c5787-6990-41b0-9126-fd1a7f83d894@no-reply.base44.com","false"
"","","","","true","","Arminda Flores de Sousa Silva","","62982177559","130.135.301-97","","","","arflores0752@gmail.com","","Civil","","69cab51db65777e18fa1628d","2026-03-30T17:38:37.880000","2026-03-30T17:38:37.880000","service_b73c5787-6990-41b0-9126-fd1a7f83d894","service+b73c5787-6990-41b0-9126-fd1a7f83d894@no-reply.base44.com","false"
"","2026-04-30","1994-10-17","","true","","Guilherme Lima de Sena","69f8d5070e6979860429cfd6","61995425222","422.840.868-02","","https://base44.app/api/apps/69c292e80a168be0a1fb9df3/files/mp/public/69c292e80a168be0a1fb9df3/2a17f0f09_ProfilePicture2.png","","guisenna73@gmail.com","","Civil","","69cab51d8bf415ccbaf6955b","2026-03-30T17:38:37.653000","2026-05-27T13:29:51.580000","service_b73c5787-6990-41b0-9126-fd1a7f83d894","service+b73c5787-6990-41b0-9126-fd1a7f83d894@no-reply.base44.com","false"
"Emagrecimento","2026-05-18","1972-11-05","78","true","","Andrea Gonçalves Fonseca","6a0caf6101940cd03cbfc270","62999550511","865.039.601-15","","https://base44.app/api/apps/69c292e80a168be0a1fb9df3/files/mp/public/69c292e80a168be0a1fb9df3/d6f72bf7c_Foto-1.jpg","","andreagyn2020@gmail.com","1.7","Civil","","69cab51d1406725f35a35aea","2026-03-30T17:38:37.243000","2026-05-25T18:10:42.557000","service_b73c5787-6990-41b0-9126-fd1a7f83d894","service+b73c5787-6990-41b0-9126-fd1a7f83d894@no-reply.base44.com","false"
"","2026-05-07","1975-06-02","","true","","Gilvan José Meireles","69eb7152f8692d6e4f8926c5","62985303295","760.074.641-72","","https://base44.app/api/apps/69c292e80a168be0a1fb9df3/files/mp/public/69c292e80a168be0a1fb9df3/2e4275085_academia1.png","","gilvan.meireles@goias.gov.br","","Civil","","69cab51df127d1812d9c9585","2026-03-30T17:38:37.009000","2026-05-26T14:25:56.642000","service_b73c5787-6990-41b0-9126-fd1a7f83d894","service+b73c5787-6990-41b0-9126-fd1a7f83d894@no-reply.base44.com","false"
"Reabilitação","2026-07-08","1989-02-16","75","true","","José Porto França Neto","69eb712c92a6132bbc608daf","62999248638","022.489.861-22","","https://base44.app/api/apps/69c292e80a168be0a1fb9df3/files/mp/public/69c292e80a168be0a1fb9df3/1272aec2b_perfil.jpg","","portobritto@gmail.com","178","Civil","","69cab51cf59bbda43a5c5d57","2026-03-30T17:38:36.806000","2026-07-16T14:30:24.752000","service_b73c5787-6990-41b0-9126-fd1a7f83d894","service+b73c5787-6990-41b0-9126-fd1a7f83d894@no-reply.base44.com","false"
"","","","","true","","João Paulo Alcântara Vera","","11954686877","106.153.226-70","","","","joaopaulovera@gmail.com","","Civil","","69cab51cc486fcbd6d1d0a3a","2026-03-30T17:38:36.584000","2026-03-30T17:38:36.584000","service_b73c5787-6990-41b0-9126-fd1a7f83d894","service+b73c5787-6990-41b0-9126-fd1a7f83d894@no-reply.base44.com","false"
"","","","","true","","Débora Rodrigues Gonçalves","","62920008068","701.586.641-24","","","","deborarog99@gmail.com","","Civil","","69cab51c9b141921d6a9babf","2026-03-30T17:38:36.351000","2026-03-30T17:38:36.351000","service_b73c5787-6990-41b0-9126-fd1a7f83d894","service+b73c5787-6990-41b0-9126-fd1a7f83d894@no-reply.base44.com","false"
"","","","","true","","Janaina Magatão","","41996822779","066.973.299-04","","","","janainamagatao@gmail.com","","Civil","","69cab51c459ccebf41fb94c1","2026-03-30T17:38:36.125000","2026-03-30T17:38:36.125000","service_b73c5787-6990-41b0-9126-fd1a7f83d894","service+b73c5787-6990-41b0-9126-fd1a7f83d894@no-reply.base44.com","false"
"","","","","true","","Simone Alves Barreto","","62985723810","937.306.831-87","","","","mone.barreto81@gmail.com","","Civil","","69cab51bf3ea805188341b3b","2026-03-30T17:38:35.925000","2026-03-30T17:38:35.925000","service_b73c5787-6990-41b0-9126-fd1a7f83d894","service+b73c5787-6990-41b0-9126-fd1a7f83d894@no-reply.base44.com","false"
"","","","","true","","Mariana Alves do Carmo de Oliveira","","62993315408","705.008.651-75","","","","ac.marianaoli@gmail.com","","Civil","","69cab51bf488136327286407","2026-03-30T17:38:35.693000","2026-03-30T17:38:35.693000","service_b73c5787-6990-41b0-9126-fd1a7f83d894","service+b73c5787-6990-41b0-9126-fd1a7f83d894@no-reply.base44.com","false"
"","2026-05-07","1993-08-08","","true","","Raquel Caroline Ribeiro D e Lima","69fe289475c7fd5b9a27c574","62985310001","040.832.991-26","","https://base44.app/api/apps/69c292e80a168be0a1fb9df3/files/mp/public/69c292e80a168be0a1fb9df3/0e7805d95_933C6466-3FD8-4198-B5F6-B9577F125944.jpeg","","raquelcribeiro.adv@gmail.com","","Civil","","69cab51b4b8ed336c11dff65","2026-03-30T17:38:35.500000","2026-05-27T14:11:11.513000","service_b73c5787-6990-41b0-9126-fd1a7f83d894","service+b73c5787-6990-41b0-9126-fd1a7f83d894@no-reply.base44.com","false"
"","2026-05-26","1979-02-24","","true","","Renata Mariana Cardoso","6a16e52c5b087334a287dc90","62984729431","715.017.111-72","","","","renata.cardoso@goias.gov.br","","Civil","","69cab51b6bc24f2343ebe33d","2026-03-30T17:38:35.158000","2026-05-27T13:15:29.635000","service_b73c5787-6990-41b0-9126-fd1a7f83d894","service+b73c5787-6990-41b0-9126-fd1a7f83d894@no-reply.base44.com","false"
"","2026-07-10","1984-06-21","","true","","Silvia de Brito Teles Ferreira","69f243fbd37a32e0e3032364","62984200882","011.172.941-61","","https://base44.app/api/apps/69c292e80a168be0a1fb9df3/files/mp/public/69c292e80a168be0a1fb9df3/16f4b901b_2.jpg","","silvia.b.teles@gmail.com","","Civil","","69cab51844dabb56e3aef5fe","2026-03-30T17:38:32.746000","2026-07-14T18:03:09.104000","service_b73c5787-6990-41b0-9126-fd1a7f83d894","service+b73c5787-6990-41b0-9126-fd1a7f83d894@no-reply.base44.com","false"
"Condicionamento","2026-03-04","1983-04-07","","true","","Henrique Hideaki Matsutani","69eb71284e1e0f50e35a8fd2","62981337847","000.746.471-13","","https://base44.app/api/apps/69c292e80a168be0a1fb9df3/files/mp/public/69c292e80a168be0a1fb9df3/f81760bed_1000219472.jpg","","henrique.matsutani@goias.gov.br","","Civil","","69cab518038f3fca852b8f1b","2026-03-30T17:38:32.548000","2026-05-26T11:47:00.164000","service_b73c5787-6990-41b0-9126-fd1a7f83d894","service+b73c5787-6990-41b0-9126-fd1a7f83d894@no-reply.base44.com","false"
"","","","","true","","Thais Alves da Silva Romão Carvalho","","992490096","018.613.041-45","","","","tharomao@gmail.com","","Civil","","69cab518ac828741aaea5a95","2026-03-30T17:38:32.343000","2026-03-30T17:38:32.343000","service_b73c5787-6990-41b0-9126-fd1a7f83d894","service+b73c5787-6990-41b0-9126-fd1a7f83d894@no-reply.base44.com","false"
"","","","","true","","Rosimeire Perpetua de Oliveira","","62993981779","008.331.411-39","","","","rosimeire.oliveira@goias.gov.br","","Civil","","69cab5189cd03e278f1ec641","2026-03-30T17:38:32.147000","2026-03-30T17:38:32.147000","service_b73c5787-6990-41b0-9126-fd1a7f83d894","service+b73c5787-6990-41b0-9126-fd1a7f83d894@no-reply.base44.com","false"
"","","","","true","","Marcos Silva de Almeida","","62981124744","732.507.911-72","","","","marcos.salmeida@goias.gov.br","","Civil","","69cab5173b4fcbd3a94f8c0f","2026-03-30T17:38:31.947000","2026-03-30T17:38:31.947000","service_b73c5787-6990-41b0-9126-fd1a7f83d894","service+b73c5787-6990-41b0-9126-fd1a7f83d894@no-reply.base44.com","false"
"","","","","true","","Cintia Galvão de Araujo","","62994962131","532.435.871-15","","","","cintia.galvao71@gmail.com","","Civil","","69cab5175e93e3b60073f92f","2026-03-30T17:38:31.749000","2026-03-30T17:38:31.749000","service_b73c5787-6990-41b0-9126-fd1a7f83d894","service+b73c5787-6990-41b0-9126-fd1a7f83d894@no-reply.base44.com","false"
"","2026-05-29","1993-12-06","","true","","Iriane Viana Machado","6a1d949bb754edf215f1db40","62998097666","027.941.811-65","","https://base44.app/api/apps/69c292e80a168be0a1fb9df3/files/mp/public/69c292e80a168be0a1fb9df3/8a65c2605_image.jpg","","irianemachado2013@gmail.com","","Civil","","69cab517cad06a1b2d719faa","2026-03-30T17:38:31.544000","2026-06-02T19:26:07.508000","service_b73c5787-6990-41b0-9126-fd1a7f83d894","service+b73c5787-6990-41b0-9126-fd1a7f83d894@no-reply.base44.com","false"
"","","","","true","","Francisco Pereira","","62981217663","126.175.068-35","","","","franciscopereira.fco@gmail.com","","Civil","","69cab5173d33b8f8eaf1c9d4","2026-03-30T17:38:31.362000","2026-03-30T17:38:31.362000","service_b73c5787-6990-41b0-9126-fd1a7f83d894","service+b73c5787-6990-41b0-9126-fd1a7f83d894@no-reply.base44.com","false"
"Emagrecimento","2025-12-22","1995-06-09","74","true","","Vanessa Pereira de Carvalho","69f3a2c36e4365ec9df1c914","62993167651","701.674.051-01","","https://base44.app/api/apps/69c292e80a168be0a1fb9df3/files/mp/public/69c292e80a168be0a1fb9df3/ac73687af_8E29D6B4-4D79-46F7-B6DF-88F08AD90414.jpeg","","vanessapereiraluz@gmail.com","1.6","Civil","","69cab510bf777218eaaa8d8f","2026-03-30T17:38:24.371000","2026-05-26T11:43:41.505000","service_b73c5787-6990-41b0-9126-fd1a7f83d894","service+b73c5787-6990-41b0-9126-fd1a7f83d894@no-reply.base44.com","false"
"","2026-05-05","1981-07-15","","true","","Jonathas Prado","69f9cbc0982435c5f5ca5e3b","62994037000","936.726.911-00","","https://base44.app/api/apps/69c292e80a168be0a1fb9df3/files/mp/public/69c292e80a168be0a1fb9df3/86afce4fb_FOTOROSTO.jpeg","","jonathas.prado@goias.gov.br","","Civil","","69cab510f59bbda43a5c5d53","2026-03-30T17:38:24.162000","2026-05-26T13:47:27.337000","service_b73c5787-6990-41b0-9126-fd1a7f83d894","service+b73c5787-6990-41b0-9126-fd1a7f83d894@no-reply.base44.com","false"
"","","","","true","","Miriã Arraes de Lira","","62981988131","061.079.085-44","","","","arraesmiria@gmail.com","","Civil","","69cab50f6675e6ef0cfaf33c","2026-03-30T17:38:23.919000","2026-03-30T17:38:23.919000","service_b73c5787-6990-41b0-9126-fd1a7f83d894","service+b73c5787-6990-41b0-9126-fd1a7f83d894@no-reply.base44.com","false"
"","","","","true","","Antônio Albino Silva Junior","","62985284292","003.417.991-73","","","","antonio.alsilva@goias.gov.br","","Civil","","69cab50f51c35dcdd2ae434c","2026-03-30T17:38:23.734000","2026-03-30T17:38:23.734000","service_b73c5787-6990-41b0-9126-fd1a7f83d894","service+b73c5787-6990-41b0-9126-fd1a7f83d894@no-reply.base44.com","false"
"","2026-07-10","1996-05-21","65","true","","Larissa Alves do Carmo","6a4e879e001d198edd7a1042","62994684535","700.325.251-17","","https://base44.app/api/apps/69c292e80a168be0a1fb9df3/files/mp/public/69c292e80a168be0a1fb9df3/a12ba08c7_IMG_1215.jpeg","","larialvesac@gmail.com","1.73","Civil","","69cab50f273cbbe977c9d9f7","2026-03-30T17:38:23.490000","2026-07-13T17:08:39.862000","service_b73c5787-6990-41b0-9126-fd1a7f83d894","service+b73c5787-6990-41b0-9126-fd1a7f83d894@no-reply.base44.com","false"
"Saúde e Bem-estar","2026-04-18","1984-03-14","59","true","","Ana Carolina Silva de Araujo Peixoto","69e8b3abbdd54859f2b7eadf","62996379838","004.680.541-97","","https://base44.app/api/apps/69c292e80a168be0a1fb9df3/files/mp/public/69c292e80a168be0a1fb9df3/d55119b9a_1000286844.jpg","","ana.anacarol1403@gmail.com","166","Civil","","69cab50fec6532662ba58f05","2026-03-30T17:38:23.183000","2026-05-30T16:37:34.958000","service_b73c5787-6990-41b0-9126-fd1a7f83d894","service+b73c5787-6990-41b0-9126-fd1a7f83d894@no-reply.base44.com","false"
"","","","","true","","Edimar Luz","","62999885916","156.386.851-20","","","","eluz1278@gmail.com","","Civil","","69cab50e8bf415ccbaf69555","2026-03-30T17:38:22.993000","2026-03-30T17:38:22.993000","service_b73c5787-6990-41b0-9126-fd1a7f83d894","service+b73c5787-6990-41b0-9126-fd1a7f83d894@no-reply.base44.com","false"
"","","","","true","","Vitórya Leandra Pereira","","62999808891","049.588.901-65","","","","vitoryap02@gmail.com","","Civil","","69cab50e1406725f35a35a7e","2026-03-30T17:38:22.789000","2026-03-30T17:38:22.789000","service_b73c5787-6990-41b0-9126-fd1a7f83d894","service+b73c5787-6990-41b0-9126-fd1a7f83d894@no-reply.base44.com","false"
"","2026-05-08","1963-01-14","97","true","","Ronaldo Costa Fernandes Silveira","6a0caf604d1a53c971b1f7d8","62991182567","263.183.263-91","","https://base44.app/api/apps/69c292e80a168be0a1fb9df3/files/mp/public/69c292e80a168be0a1fb9df3/1d36efae8_1001538067.jpg","","ronaldocosta.fernandes@gmail.com","188","Civil","","69cab50ec82236d9d8a777b4","2026-03-30T17:38:22.591000","2026-05-26T13:49:38.698000","service_b73c5787-6990-41b0-9126-fd1a7f83d894","service+b73c5787-6990-41b0-9126-fd1a7f83d894@no-reply.base44.com","false"
"","","","","true","","Janaina Pereira da Silva","","62993959183","009.801.691-19","","","","janaina.psilva@goias.gov.br","","Civil","","69cab50e4cd5e9c60a406387","2026-03-30T17:38:22.352000","2026-03-30T17:38:22.352000","service_b73c5787-6990-41b0-9126-fd1a7f83d894","service+b73c5787-6990-41b0-9126-fd1a7f83d894@no-reply.base44.com","false"
"","","","","true","","Joao Joaquim de Oliveira","","982248810","331.212.306-20","","","","consultoriojoaojoaquim@gmail.com","","Civil","","69cab50ef461bad89c101e42","2026-03-30T17:38:22.168000","2026-03-30T17:38:22.168000","service_b73c5787-6990-41b0-9126-fd1a7f83d894","service+b73c5787-6990-41b0-9126-fd1a7f83d894@no-reply.base44.com","false"
"","2026-04-27","1988-01-02","","true","","Ismael José dos Santos Filho","69eb714b124295d4decc3504","62992670644","734.500.731-68","","https://base44.app/api/apps/69c292e80a168be0a1fb9df3/files/mp/public/69c292e80a168be0a1fb9df3/2febfb36e_WhatsAppImage2026-05-27at113414.jpeg","","ismaelfilho.adv@gmail.com","","Civil","","69cab50d46c2a710ba93c1d4","2026-03-30T17:38:21.781000","2026-05-27T14:34:38.092000","service_b73c5787-6990-41b0-9126-fd1a7f83d894","service+b73c5787-6990-41b0-9126-fd1a7f83d894@no-reply.base44.com","false"
"","","","","true","","Carolina Augusta de Oliveira Alvarez Lima","","61981995566","718.178.401-34","","","","carolinajornalista@gmail.com","","Civil","","69cab50d6634febf001eb840","2026-03-30T17:38:21.558000","2026-03-30T17:38:21.558000","service_b73c5787-6990-41b0-9126-fd1a7f83d894","service+b73c5787-6990-41b0-9126-fd1a7f83d894@no-reply.base44.com","false"
"","","","","true","","Rosilene Fernandes Freitas Caetano","","62985907489","486.532.761-49","","","","rosefcaetano@gmail.com","","Civil","","69cab50db96b655d2d4bf80a","2026-03-30T17:38:21.367000","2026-03-30T17:38:21.367000","service_b73c5787-6990-41b0-9126-fd1a7f83d894","service+b73c5787-6990-41b0-9126-fd1a7f83d894@no-reply.base44.com","false"
"","","","","true","","Gabriel Oliveira dos Santos","","62981619281","708.194.881-27","","","","gabrielfelizjogador@gmail.com","","Civil","","69cab50d998a7dd762eea38b","2026-03-30T17:38:21.170000","2026-03-30T17:38:21.170000","service_b73c5787-6990-41b0-9126-fd1a7f83d894","service+b73c5787-6990-41b0-9126-fd1a7f83d894@no-reply.base44.com","false"
"","","","","true","","Clarice Firmino Gonçalves","","62985692880","855.206.401-49","","","","firmin.go@hotmail.com","","Civil","","69cab50ce0e57fd3f32f6222","2026-03-30T17:38:20.965000","2026-03-30T17:38:20.965000","service_b73c5787-6990-41b0-9126-fd1a7f83d894","service+b73c5787-6990-41b0-9126-fd1a7f83d894@no-reply.base44.com","false"
"Emagrecimento","2026-04-20","1972-04-04","110","true","","Carlos Antonio da Silva Vieira","69e8b419aec854d1886962c7","62999811898","547.936.101-53","","https://base44.app/api/apps/69c292e80a168be0a1fb9df3/files/mp/public/69c292e80a168be0a1fb9df3/d6c46bb6d_image.jpg","","carlaoaudiodesigner@gmail.com","1.85","Civil","","69cab50cf5516a154093aa81","2026-03-30T17:38:20.743000","2026-05-28T11:07:05.002000","service_b73c5787-6990-41b0-9126-fd1a7f83d894","service+b73c5787-6990-41b0-9126-fd1a7f83d894@no-reply.base44.com","false"
"","","","","true","","Robert Bonifácio da Silva","","62999906818","051.918.786-55","","","","rbonisilva@gmail.com","","Civil","","69cab50c9d4550a5367fa64b","2026-03-30T17:38:20.268000","2026-03-30T17:38:20.268000","service_b73c5787-6990-41b0-9126-fd1a7f83d894","service+b73c5787-6990-41b0-9126-fd1a7f83d894@no-reply.base44.com","false"
"","","","","true","","Haline Patrícia Barros Cordeiro","","61986137017","009.394.151-00","","","","halinepaty@gmail.com","","Civil","","69cab4fe73068fc8f2cb2ca7","2026-03-30T17:38:06.077000","2026-03-30T17:38:06.077000","service_b73c5787-6990-41b0-9126-fd1a7f83d894","service+b73c5787-6990-41b0-9126-fd1a7f83d894@no-reply.base44.com","false"
"","2026-05-27","2002-11-04","","true","","Guilherme Henrique Santos Chagas","6a16e8fc13f09dfcf589386e","62992121211","067.056.221-13","","https://base44.app/api/apps/69c292e80a168be0a1fb9df3/files/mp/public/69c292e80a168be0a1fb9df3/584d61de2_6D8ED155-B561-4919-9266-45C384A53D3E.jpeg","","guilherme.ts.chagas@gmail.com","","Civil","","69cab4fdc35c29533c90564a","2026-03-30T17:38:05.763000","2026-05-28T16:06:04.530000","service_b73c5787-6990-41b0-9126-fd1a7f83d894","service+b73c5787-6990-41b0-9126-fd1a7f83d894@no-reply.base44.com","false"
"Emagrecimento","2026-06-16","1976-09-06","","true","","Fabricio Del Duqui","6a314072b94a0e98ae121e1a","62991378050","790.952.161-87","","https://base44.app/api/apps/69c292e80a168be0a1fb9df3/files/mp/public/69c292e80a168be0a1fb9df3/6c22883ad_WhatsAppImage2026-06-16at130512.jpeg","","fduqui@hotmail.com","","Civil","","69cab4fd87a6fe5aff945a4f","2026-03-30T17:38:05.556000","2026-06-16T16:06:41.471000","service_b73c5787-6990-41b0-9126-fd1a7f83d894","service+b73c5787-6990-41b0-9126-fd1a7f83d894@no-reply.base44.com","false"
"Hipertrofia","2026-04-18","1992-05-18","90","true","","Marcio Junio Rodrigues de Freitas","69e8b3cb227404cd41911786","62981054839","036.613.831-67","","https://base44.app/api/apps/69c292e80a168be0a1fb9df3/files/mp/public/69c292e80a168be0a1fb9df3/6ffadb582_WhatsAppImage2024-06-07at171108.jpeg","","marcio.freitas@goias.gov.br","177","Civil","","69cab4fdb65777e18fa16281","2026-03-30T17:38:05.338000","2026-05-27T13:32:09.751000","service_b73c5787-6990-41b0-9126-fd1a7f83d894","service+b73c5787-6990-41b0-9126-fd1a7f83d894@no-reply.base44.com","false"
"","","","","true","","Murillo Soares Santos","","62982840056","009.771.211-60","","","","murillosoaresjor@gmail.com","","Civil","","69cab4fc0dba64e97e55d0b8","2026-03-30T17:38:04.554000","2026-03-30T17:38:04.554000","service_b73c5787-6990-41b0-9126-fd1a7f83d894","service+b73c5787-6990-41b0-9126-fd1a7f83d894@no-reply.base44.com","false"
"","","","","true","","Guiomar Alves de Oliveira","","62982155557","309.415.711-49","","","","guiaguiomar@gmail.com","","Civil","","69cab4fc8535f97ab44b98ae","2026-03-30T17:38:04.346000","2026-03-30T17:38:04.346000","service_b73c5787-6990-41b0-9126-fd1a7f83d894","service+b73c5787-6990-41b0-9126-fd1a7f83d894@no-reply.base44.com","false"
"","","","","true","","Izabella Couto Carneiro","","62991179808","705.592.451-06","","","","izabellacowto10@gmail.com","","Civil","","69cab4fc82a748187c66ec9d","2026-03-30T17:38:04.156000","2026-03-30T17:38:04.156000","service_b73c5787-6990-41b0-9126-fd1a7f83d894","service+b73c5787-6990-41b0-9126-fd1a7f83d894@no-reply.base44.com","false"
"Emagrecimento","2026-04-28","1991-05-22","102","true","","Ludmilla Moreira Soares","69e8b3e2d22c914d80e4573f","62991530730","033.404.391-33","","","","ludmillamsoares@gmail.com","164","Civil","","69cab4fbec49882e582779ed","2026-03-30T17:38:03.966000","2026-04-29T16:33:09.279000","service_b73c5787-6990-41b0-9126-fd1a7f83d894","service+b73c5787-6990-41b0-9126-fd1a7f83d894@no-reply.base44.com","false"
"","","","","true","","Wesley Costa","","62998292799","533.748.601-25","","","","radialistacostajunior@gmail.com","","Civil","","69cab4fb1406725f35a35a77","2026-03-30T17:38:03.737000","2026-03-30T17:38:03.737000","service_b73c5787-6990-41b0-9126-fd1a7f83d894","service+b73c5787-6990-41b0-9126-fd1a7f83d894@no-reply.base44.com","false"
"","","","","true","","Bruno Laguna Pinheiro","","62983222050","016.833.541-76","","","","brlaguna89@gmail.com","","Civil","","69cab4fb4cd5e9c60a40637b","2026-03-30T17:38:03.495000","2026-03-30T17:38:03.495000","service_b73c5787-6990-41b0-9126-fd1a7f83d894","service+b73c5787-6990-41b0-9126-fd1a7f83d894@no-reply.base44.com","false"
"","","","","true","","Yuninni Terena Barbosa Noleto Barros","","62999887548","038.674.451-33","","","","yuninni.barros@goias.gov.br","","Civil","","69cab4fb6417624c6e261b58","2026-03-30T17:38:03.290000","2026-03-30T17:38:03.290000","service_b73c5787-6990-41b0-9126-fd1a7f83d894","service+b73c5787-6990-41b0-9126-fd1a7f83d894@no-reply.base44.com","false"
"Condicionamento","2026-05-07","1978-09-29","85","true","","Márcia de Araújo Gontijo","69fe28955bf56f9dc34635d2","62985410312","832.865.941-72","","https://base44.app/api/apps/69c292e80a168be0a1fb9df3/files/mp/public/69c292e80a168be0a1fb9df3/f15a30401_IMG_2793.jpeg","","marciagontijoadv@gmail.com","165","Civil","","69cab4fa6634febf001eb740","2026-03-30T17:38:02.995000","2026-05-26T11:46:08.814000","service_b73c5787-6990-41b0-9126-fd1a7f83d894","service+b73c5787-6990-41b0-9126-fd1a7f83d894@no-reply.base44.com","false"
"","","","","true","","Aline Almeida de Oliveira","","62982789205","047.779.391-62","","","","alineoliveiraalmeida1207@gmail.com","","Civil","","69cab4fa0341dc85a3ef67c3","2026-03-30T17:38:02.819000","2026-03-30T17:38:02.819000","service_b73c5787-6990-41b0-9126-fd1a7f83d894","service+b73c5787-6990-41b0-9126-fd1a7f83d894@no-reply.base44.com","false"
"Hipertrofia","2026-05-12","2004-02-06","71","true","","Felipe Junqueira Mariano","6a045784a0d5f992481b9d74","62991532342","707.123.491-46","","https://base44.app/api/apps/69c292e80a168be0a1fb9df3/files/mp/public/69c292e80a168be0a1fb9df3/575d3a3fd_20260527_105059.jpg","","felipe.mariano@goias.gov.br","1.65","Civil","","69cab4fa2f92da87a7de44b0","2026-03-30T17:38:02.621000","2026-05-27T13:51:27.077000","service_b73c5787-6990-41b0-9126-fd1a7f83d894","service+b73c5787-6990-41b0-9126-fd1a7f83d894@no-reply.base44.com","false"
"","2026-04-27","1974-10-17","","true","","Helder Raimundo de Moraes","69f0b98c8ab0e5fe3945ffd5","62984177657","759.281.911-20","","https://base44.app/api/apps/69c292e80a168be0a1fb9df3/files/mp/public/69c292e80a168be0a1fb9df3/699238ce2_1000154213.jpg","","helder.moraes@goias.gov.br","","Civil","","69cab4fa68d464d95240f98b","2026-03-30T17:38:02.443000","2026-05-26T14:30:09.768000","service_b73c5787-6990-41b0-9126-fd1a7f83d894","service+b73c5787-6990-41b0-9126-fd1a7f83d894@no-reply.base44.com","false"
"Força","2026-05-04","1997-05-12","60","true","","Julio Cesar de Morais Souza","69f8d5097166a59dfa38211f","62984470951","046.177.431-38","","https://base44.app/api/apps/69c292e80a168be0a1fb9df3/files/mp/public/69c292e80a168be0a1fb9df3/0f640d3bd_1000294978.jpg","","juliocesarmoraissouza@outlook.com.br","165","Civil","","69cab4faeab3702f5a63795e","2026-03-30T17:38:02.240000","2026-05-26T11:52:29.620000","service_b73c5787-6990-41b0-9126-fd1a7f83d894","service+b73c5787-6990-41b0-9126-fd1a7f83d894@no-reply.base44.com","false"
"","2026-04-23","1981-09-11","","true","","Fabiola Ariadne R. Oliveira","69f1eb6b936f80ebdd9a578d","62984633585","948.648.611-53","","","","fabiulosa@gmail.com","","Civil","","69cab4fa957e7338363be374","2026-03-30T17:38:02.037000","2026-04-29T12:31:51.569000","service_b73c5787-6990-41b0-9126-fd1a7f83d894","service+b73c5787-6990-41b0-9126-fd1a7f83d894@no-reply.base44.com","false"
"","","","","true","","Lara Barros Borges Pereira","","62981119741","066.065.221-88","","","","lara.barros.pereira05@gmail.com","","Civil","","69cab4f9ed06ec7125b3158c","2026-03-30T17:38:01.799000","2026-03-30T17:38:01.799000","service_b73c5787-6990-41b0-9126-fd1a7f83d894","service+b73c5787-6990-41b0-9126-fd1a7f83d894@no-reply.base44.com","false"
"","","","","true","","Gabriel Gonçalves Bandão","","62982414545","703.888.251-11","","","","gabriel.brandao@goias.gov.br","","Civil","","69cab4f966090b91bf8f7d3f","2026-03-30T17:38:01.425000","2026-03-30T17:38:01.425000","service_b73c5787-6990-41b0-9126-fd1a7f83d894","service+b73c5787-6990-41b0-9126-fd1a7f83d894@no-reply.base44.com","false"
"","2026-02-16","1978-07-12","","true","","Lucimone Pires Batista","6a16e52f84bfc23278344b0d","62991054099","846.350.101-04","","","","lucimone.batista@goias.gov.br","","Civil","","69cab4f99f88fcad0fed2ea2","2026-03-30T17:38:01.200000","2026-06-18T14:37:51.842000","service_b73c5787-6990-41b0-9126-fd1a7f83d894","service+b73c5787-6990-41b0-9126-fd1a7f83d894@no-reply.base44.com","false"
"","","","","true","","Vanessa Borin Rezende","","62992443519","439.563.191-68","","","","vanessaborin@gmail.com","","Civil","","69cab4f12ccb1906695fbc2c","2026-03-30T17:37:53.684000","2026-03-30T17:37:53.684000","service_b73c5787-6990-41b0-9126-fd1a7f83d894","service+b73c5787-6990-41b0-9126-fd1a7f83d894@no-reply.base44.com","false"
"","","","","true","","Márcio Caiado de Castro Junior","","62992534269","965.118.421-34","","","","marciocaiadojr@gmail.com","","Civil","","69cab4f147a63f912a3462ad","2026-03-30T17:37:53.451000","2026-03-30T17:37:53.451000","service_b73c5787-6990-41b0-9126-fd1a7f83d894","service+b73c5787-6990-41b0-9126-fd1a7f83d894@no-reply.base44.com","false"
"","","","","true","","Emanuelle Mattos Souza","","62993147444","048.282.851-05","","","","manumattossouza@gmail.com","","Civil","","69cab4f1b1579fe718959569","2026-03-30T17:37:53.155000","2026-03-30T17:37:53.155000","service_b73c5787-6990-41b0-9126-fd1a7f83d894","service+b73c5787-6990-41b0-9126-fd1a7f83d894@no-reply.base44.com","false"
"","","","","true","","Giovanna Marques Bernardes","","62984455187","056.833.571-60","","","","giovanna.mbernardes@goias.gov.br","","Civil","","69cab4f02f97d2bf67418d9a","2026-03-30T17:37:52.983000","2026-03-30T17:37:52.983000","service_b73c5787-6990-41b0-9126-fd1a7f83d894","service+b73c5787-6990-41b0-9126-fd1a7f83d894@no-reply.base44.com","false"
"","","","","true","","Victória Vieira Dias","","62996382948","055.539.261-90","","","","vieiravictoria279@gmail.com","","Civil","","69cab4f0d2dad9082e74ad82","2026-03-30T17:37:52.796000","2026-03-30T17:37:52.796000","service_b73c5787-6990-41b0-9126-fd1a7f83d894","service+b73c5787-6990-41b0-9126-fd1a7f83d894@no-reply.base44.com","false"
"","","","","true","","Douglas","","6299999999","727.282.282-82","","","","teste.@gmail.com","","Civil","","69cab4f0d3dea80a527f01c8","2026-03-30T17:37:52.525000","2026-03-30T17:37:52.525000","service_b73c5787-6990-41b0-9126-fd1a7f83d894","service+b73c5787-6990-41b0-9126-fd1a7f83d894@no-reply.base44.com","false"
"Emagrecimento","2026-06-15","1981-08-18","83.5","true","","Erika Silva Ribeiro","6a05ae818f7fa742f566a3a1","62994904345","939.319.481-53","","https://base44.app/api/apps/69c292e80a168be0a1fb9df3/files/mp/public/69c292e80a168be0a1fb9df3/f7699b3f1_99331948153.JPG","","erika180881@gmail.com","168","Civil","","69cab4f02ccb1906695fbc2b","2026-03-30T17:37:52.339000","2026-06-25T19:20:24.220000","service_b73c5787-6990-41b0-9126-fd1a7f83d894","service+b73c5787-6990-41b0-9126-fd1a7f83d894@no-reply.base44.com","false"
"","","","","true","","Elisangela Marques Teixeira Rezende","","62992613841","044.093.766-32","","","","marques2109@gmail.com","","Civil","","69cab4f03eda6f5b6203d3f3","2026-03-30T17:37:52.101000","2026-03-30T17:37:52.101000","service_b73c5787-6990-41b0-9126-fd1a7f83d894","service+b73c5787-6990-41b0-9126-fd1a7f83d894@no-reply.base44.com","false"
"","2026-05-20","2002-11-26","","true","","Yasmin Medeiros de Oliveira","6a103a63f80a4bf1ed8e6c76","62985514697","025.696.501-37","","https://base44.app/api/apps/69c292e80a168be0a1fb9df3/files/mp/public/69c292e80a168be0a1fb9df3/6a5badcb2_WhatsAppImage2026-05-26at93603AM.jpeg","","yasmin.meira.265@gmail.com","","Civil","","69cab4ef4a0411830b859b44","2026-03-30T17:37:51.886000","2026-05-26T12:37:09.018000","service_b73c5787-6990-41b0-9126-fd1a7f83d894","service+b73c5787-6990-41b0-9126-fd1a7f83d894@no-reply.base44.com","false"
"","","","","true","","Aryadiniz Gomes Diniz","","981689403","700.471.601-52","","","","aryadinizgdiniz@gmail.com","","Civil","","69cab4ef8a7dfe74999b7441","2026-03-30T17:37:51.632000","2026-03-30T17:37:51.632000","service_b73c5787-6990-41b0-9126-fd1a7f83d894","service+b73c5787-6990-41b0-9126-fd1a7f83d894@no-reply.base44.com","false"
"","","","","true","","Valéria Eunice de Souza Almeida","","62999365425","010.686.221-99","","","","valeria.almeida@goias.gov.br","","Civil","","69cab4ef8efef97e8a0f0337","2026-03-30T17:37:51.399000","2026-03-30T17:37:51.399000","service_b73c5787-6990-41b0-9126-fd1a7f83d894","service+b73c5787-6990-41b0-9126-fd1a7f83d894@no-reply.base44.com","false"
"Saúde e Bem-estar","2026-06-18","1958-12-26","78","true","","Maria de Fatima Silva Santana","6a33ffef478c12ac401254dd","62982659417","169.492.851-91","","https://base44.app/api/apps/69c292e80a168be0a1fb9df3/files/mp/public/69c292e80a168be0a1fb9df3/cefe0d6b9_1000199954.webp","","maria.ssantana@goias.gov.br","159","Civil","","69cab4efd8848e2a203323b2","2026-03-30T17:37:51.160000","2026-07-03T16:14:55.193000","service_b73c5787-6990-41b0-9126-fd1a7f83d894","service+b73c5787-6990-41b0-9126-fd1a7f83d894@no-reply.base44.com","false"
"Saúde e Bem-estar","2026-06-01","1975-02-22","","true","","Daniela Sales Vecchi Tomazetti","6a2066a0122e32a27e5ea870","62992365950","791.582.421-04","","https://base44.app/api/apps/69c292e80a168be0a1fb9df3/files/mp/public/69c292e80a168be0a1fb9df3/227c204bc_1000133896.jpg","","daniela.tomazetti@goias.gov.br","","Civil","","69cab4ee2f92da87a7de44ac","2026-03-30T17:37:50.949000","2026-06-08T17:20:12.750000","service_b73c5787-6990-41b0-9126-fd1a7f83d894","service+b73c5787-6990-41b0-9126-fd1a7f83d894@no-reply.base44.com","false"
"Hipertrofia","2026-05-05","1989-09-17","80","true","","Thayller Adriell Souza Garcia","69fa2777a6a8382ee6b53a67","62991438977","016.875.961-66","","https://base44.app/api/apps/69c292e80a168be0a1fb9df3/files/mp/public/69c292e80a168be0a1fb9df3/98dfc296b_FOTOPERFILTHAYLLER.png","","thayller.garcia@goias.gov.br","184","Civil","","69cab4ee69e0c3af82747389","2026-03-30T17:37:50.728000","2026-05-26T13:09:22.085000","service_b73c5787-6990-41b0-9126-fd1a7f83d894","service+b73c5787-6990-41b0-9126-fd1a7f83d894@no-reply.base44.com","false"
"","","","","true","","Bruna Roberta Isidório Viana","","38984053891","019.249.816-96","","","","vianabrunaroberta@gmail.com","","Civil","","69cab4ee7d26cfae3f44cec8","2026-03-30T17:37:50.519000","2026-03-30T17:37:50.519000","service_b73c5787-6990-41b0-9126-fd1a7f83d894","service+b73c5787-6990-41b0-9126-fd1a7f83d894@no-reply.base44.com","false"
"","","","","true","","Arthur de Jesus Barcelos Dornas","","61983321276","028.751.191-09","","","","arthur.dornas@goias.gov.br","","Civil","","69cab4ee8c3847a55498d73a","2026-03-30T17:37:50.306000","2026-03-30T17:37:50.306000","service_b73c5787-6990-41b0-9126-fd1a7f83d894","service+b73c5787-6990-41b0-9126-fd1a7f83d894@no-reply.base44.com","false"
"Hipertrofia","2026-05-08","1996-06-19","118","true","","Raphael de Lima Carvalho Moraes","69f243fdfed1f188950d4989","61991110677","009.635.161-67","","https://base44.app/api/apps/69c292e80a168be0a1fb9df3/files/mp/public/69c292e80a168be0a1fb9df3/4102453ec_1000354602.jpg","","raphaelmoraes019@gmail.com","185","Civil","","69cab4ee1d5dca09ed497c22","2026-03-30T17:37:50.106000","2026-05-27T14:42:11.951000","service_b73c5787-6990-41b0-9126-fd1a7f83d894","service+b73c5787-6990-41b0-9126-fd1a7f83d894@no-reply.base44.com","false"
"","","","","true","","Paula Pereira da Conceição","","62994956759","013.156.361-07","","","","paulapereiraconceicao91@gmail.com","","Civil","","69cab4edbd2926025f139c47","2026-03-30T17:37:49.903000","2026-03-30T17:37:49.903000","service_b73c5787-6990-41b0-9126-fd1a7f83d894","service+b73c5787-6990-41b0-9126-fd1a7f83d894@no-reply.base44.com","false"
"","2026-05-06","1983-05-28","","true","","Lívia Maria Batista da Silva","69e8b3d0276e0faaaaece9f8","62982494722","718.910.481-04","","https://base44.app/api/apps/69c292e80a168be0a1fb9df3/files/mp/public/69c292e80a168be0a1fb9df3/f3859eeda_Retratodigitaldepassaportefeminino.png","","liviasa.cultura@gmail.com","","Civil","","69cab4ed0b51026b52fe7c88","2026-03-30T17:37:49.695000","2026-06-16T12:26:09.569000","service_b73c5787-6990-41b0-9126-fd1a7f83d894","service+b73c5787-6990-41b0-9126-fd1a7f83d894@no-reply.base44.com","false"
"","","","","true","","Thaís Moreira da Cruz Colucci","","11993941293","337.483.318-78","","","","thais.colucci@goias.gov.br","","Civil","","69cab4ed0fc456ed86b144b2","2026-03-30T17:37:49.510000","2026-03-30T17:37:49.510000","service_b73c5787-6990-41b0-9126-fd1a7f83d894","service+b73c5787-6990-41b0-9126-fd1a7f83d894@no-reply.base44.com","false"
"","2026-05-05","1993-10-05","","true","","Mara Luciana Silva","69f9e6d2f43c22e3f676dffe","62992654551","024.771.041-52","","","","mara02luciana@icloud.com","","Civil","","69cab4e46efe5232ab966ade","2026-03-30T17:37:40.751000","2026-05-07T13:43:35.354000","service_b73c5787-6990-41b0-9126-fd1a7f83d894","service+b73c5787-6990-41b0-9126-fd1a7f83d894@no-reply.base44.com","false"
"","","","","true","","Alanna Fernandes Lemos","","62991717929","036.319.731-10","","","","euafernandeslemos@gmail.com","","Civil","","69cab4e4f0a4c74ea03ff22e","2026-03-30T17:37:40.541000","2026-03-30T17:37:40.541000","service_b73c5787-6990-41b0-9126-fd1a7f83d894","service+b73c5787-6990-41b0-9126-fd1a7f83d894@no-reply.base44.com","false"
"","","","","true","","Taciara Bonifácio e Gomes","","62982400394","011.000.311-03","","","","taciara.gomes@gmail.com","","Civil","","69cab4e4f0a4c74ea03ff22d","2026-03-30T17:37:40.345000","2026-03-30T17:37:40.345000","service_b73c5787-6990-41b0-9126-fd1a7f83d894","service+b73c5787-6990-41b0-9126-fd1a7f83d894@no-reply.base44.com","false"
"","","","","true","","Micheline Silva e Souza Marques","","","590.249.411-72","","","","micheline_souza_@hotmail.com","","Civil","","69cab4e479d151d78a0a3b4b","2026-03-30T17:37:40.109000","2026-03-30T17:37:40.109000","service_b73c5787-6990-41b0-9126-fd1a7f83d894","service+b73c5787-6990-41b0-9126-fd1a7f83d894@no-reply.base44.com","false"
"Hipertrofia","2026-05-29","1985-07-22","68","true","","Vanessa Ferreira de Oliveira","6a1d949ce6e13dcecedb709f","62981395303","004.594.781-33","","https://base44.app/api/apps/69c292e80a168be0a1fb9df3/files/mp/public/69c292e80a168be0a1fb9df3/d418768c3_1000723913.jpg","","vanessa.foliveira@goias.gov.br","174","Civil","","69cab4e3eddee6987dc1c711","2026-03-30T17:37:39.905000","2026-06-03T12:28:05.691000","service_b73c5787-6990-41b0-9126-fd1a7f83d894","service+b73c5787-6990-41b0-9126-fd1a7f83d894@no-reply.base44.com","false"
"","2026-05-29","1972-03-03","","true","","Paulo Sérgio da Silva Lobo","6a1f14ca9d86f5520fc72468","62982702580","601.362.781-91","","https://base44.app/api/apps/69c292e80a168be0a1fb9df3/files/mp/public/69c292e80a168be0a1fb9df3/d030caa3a_1000478085.jpg","","pauloloboquimico@gmail.com","","Civil","","69cab4e3c3a97d05a892dabe","2026-03-30T17:37:39.461000","2026-06-02T19:03:03.831000","service_b73c5787-6990-41b0-9126-fd1a7f83d894","service+b73c5787-6990-41b0-9126-fd1a7f83d894@no-reply.base44.com","false"
"","2026-05-04","1996-11-10","","true","","Gabriele Batista","69f8d5031b4731838f3aa4db","62994375813","032.252.481-42","","https://base44.app/api/apps/69c292e80a168be0a1fb9df3/files/mp/public/69c292e80a168be0a1fb9df3/5da2c899b_image.jpg","","gabrielecastro01@gmail.com","","Civil","","69cab4e300553dca6de39a7f","2026-03-30T17:37:39.244000","2026-05-26T11:43:56.793000","service_b73c5787-6990-41b0-9126-fd1a7f83d894","service+b73c5787-6990-41b0-9126-fd1a7f83d894@no-reply.base44.com","false"
"","","","","true","","Meire Lucia de Gouveia","","62993885216","691.304.261-20","","","","meire.gouveia@goias.gov.br","","Civil","","69cab4e2038f3fca852b8f0f","2026-03-30T17:37:38.949000","2026-03-30T17:37:38.949000","service_b73c5787-6990-41b0-9126-fd1a7f83d894","service+b73c5787-6990-41b0-9126-fd1a7f83d894@no-reply.base44.com","false"
"Hipertrofia","2026-05-04","1997-07-20","","true","","Jorge Luiz de Oliveira Matias","69f8e2fa7ba4c6c8eb1b7227","62992333233","060.728.971-69","","https://base44.app/api/apps/69c292e80a168be0a1fb9df3/files/mp/public/69c292e80a168be0a1fb9df3/d1c365b07_1000270612.jpg","","jorge.matias@discente.ufg.br","","Civil","","69cab4e2c35c29533c905645","2026-03-30T17:37:38.660000","2026-05-27T10:45:49.460000","service_b73c5787-6990-41b0-9126-fd1a7f83d894","service+b73c5787-6990-41b0-9126-fd1a7f83d894@no-reply.base44.com","false"
"","2026-05-19","2003-06-02","","true","","Isabela Arantes Mota","6a0caf5b87efa41f555a0b3c","62983136136","754.457.861-53","","https://base44.app/api/apps/69c292e80a168be0a1fb9df3/files/mp/public/69c292e80a168be0a1fb9df3/4d6642f90_8bc735b9-5335-4887-999f-830b9ce75ae2.jpg","","arantesmotaisabela@gmail.com","","Civil","","69cab4e1f0a4c74ea03ff22a","2026-03-30T17:37:37.472000","2026-05-26T11:44:40.028000","service_b73c5787-6990-41b0-9126-fd1a7f83d894","service+b73c5787-6990-41b0-9126-fd1a7f83d894@no-reply.base44.com","false"
"","","","","true","","Manuella Kamila Escudeiro Alves de Oliveira","","62995132660","705.442.641-00","","","","manuella.oliveira@goias.gov.br","","Civil","","69cab4c81b69e1a2d2889d45","2026-03-30T17:37:12.492000","2026-03-30T17:37:12.492000","service_b73c5787-6990-41b0-9126-fd1a7f83d894","service+b73c5787-6990-41b0-9126-fd1a7f83d894@no-reply.base44.com","false"
"","","","","true","","Elieber Silva dos Santos","","62996762909","892.902.591-91","","","","augustojungmann@gmail.com","","Civil","","69cab4c837cae48466095f8d","2026-03-30T17:37:12.283000","2026-03-30T17:37:12.283000","service_b73c5787-6990-41b0-9126-fd1a7f83d894","service+b73c5787-6990-41b0-9126-fd1a7f83d894@no-reply.base44.com","false"
"Saúde e Bem-estar","2026-06-25","1984-01-15","80","true","","Heitor de Lima Matos","6a4402dc0923f2d4c55df9f4","62992850910","005.005.041-99","","https://base44.app/api/apps/69c292e80a168be0a1fb9df3/files/mp/public/69c292e80a168be0a1fb9df3/b14521cbe_1000147357.jpg","","heitor.matos@goias.gov.br","185","Civil","","69cab4c8c8cd01b45dcf7866","2026-03-30T17:37:12.065000","2026-07-07T14:11:01.056000","service_b73c5787-6990-41b0-9126-fd1a7f83d894","service+b73c5787-6990-41b0-9126-fd1a7f83d894@no-reply.base44.com","false"
"","2026-05-18","1976-10-15","","true","","Ellysson Fernandes Rosa","6a0c51d25f1da5ace3ccc72c","62984582018","782.143.271-72","","","","ellysson.rosa@goias.gov.br","","Civil","","69cab4c7e29d637c94b89fdb","2026-03-30T17:37:11.870000","2026-05-19T12:05:57.127000","service_b73c5787-6990-41b0-9126-fd1a7f83d894","service+b73c5787-6990-41b0-9126-fd1a7f83d894@no-reply.base44.com","false"
"Saúde e Bem-estar","2026-04-22","1985-07-26","62","true","","Taina Thome Freitas","69e8b3a16f423e49e47411b4","62982856568","011.648.881-61","","https://base44.app/api/apps/69c292e80a168be0a1fb9df3/files/mp/public/69c292e80a168be0a1fb9df3/68ecc32a1_Gemini_Generated_Image_15.png","","taina.thomef@gmail.com","162","Civil","","69cab4c771c685e9f60324aa","2026-03-30T17:37:11.696000","2026-05-26T11:46:58.010000","service_b73c5787-6990-41b0-9126-fd1a7f83d894","service+b73c5787-6990-41b0-9126-fd1a7f83d894@no-reply.base44.com","false"
"Emagrecimento","2026-03-27","1991-03-02","","true","","Priscila Lima Pires","69e8b40d5dd93ff3b5be838b","62981007939","084.978.176-05","","https://base44.app/api/apps/69c292e80a168be0a1fb9df3/files/mp/public/69c292e80a168be0a1fb9df3/2afd61ece_IMG_5041.jpeg","Secretaria de Estado de Ciência, Tecnologia e Inovação","priscila.lpires@goias.gov.br","1.66","Civil","","69cab4c764b86721de5c3a93","2026-03-30T17:37:11.473000","2026-05-29T15:34:50.997000","service_b73c5787-6990-41b0-9126-fd1a7f83d894","service+b73c5787-6990-41b0-9126-fd1a7f83d894@no-reply.base44.com","false"
"","","","","true","","Ana Cassia dos Santos Silva","","63991068392","038.715.971-12","","","","cassia.260923@gmail.com","","Civil","","69cab4c7c84993c6139e2677","2026-03-30T17:37:11.257000","2026-03-30T17:37:11.257000","service_b73c5787-6990-41b0-9126-fd1a7f83d894","service+b73c5787-6990-41b0-9126-fd1a7f83d894@no-reply.base44.com","false"
"Emagrecimento","2026-05-14","1997-09-30","65","true","","Ana Kássia Souza Frota","6a0712136f0f2ba1f5e4f435","62983208706","754.122.251-87","","https://base44.app/api/apps/69c292e80a168be0a1fb9df3/files/mp/public/69c292e80a168be0a1fb9df3/9a3232da5_1b549128-810e-4f22-b2cb-def008c3e9e4.jpeg","","kassiafrotasf@gmail.com","1.62","Civil","","69cab4c7e7844c08c870606b","2026-03-30T17:37:11.066000","2026-05-26T12:35:04.125000","service_b73c5787-6990-41b0-9126-fd1a7f83d894","service+b73c5787-6990-41b0-9126-fd1a7f83d894@no-reply.base44.com","false"
"","","","","true","","Matheus de Souza Godoi","","62981876839","704.848.441-13","","","","matheus.godoi@goias.gov.br","","Civil","","69cab4c62de13ff6fe9e6851","2026-03-30T17:37:10.858000","2026-03-30T17:37:10.858000","service_b73c5787-6990-41b0-9126-fd1a7f83d894","service+b73c5787-6990-41b0-9126-fd1a7f83d894@no-reply.base44.com","false"
"Saúde e Bem-estar","2026-03-26","1965-10-21","56","true","","Gilson Pereira da Silva","69eb713d0daf529bb432fcf3","62984355764","494.276.791-15","","https://base44.app/api/apps/69c292e80a168be0a1fb9df3/files/mp/public/69c292e80a168be0a1fb9df3/a9a6d048d_17794074000704061604407486200049.jpg","","gilson.pereira21@gmail.com","164","Civil","","69cab4bbce9564de9486ce35","2026-03-30T17:36:59.907000","2026-05-21T23:50:40.496000","service_b73c5787-6990-41b0-9126-fd1a7f83d894","service+b73c5787-6990-41b0-9126-fd1a7f83d894@no-reply.base44.com","false"
"","2026-04-02","1972-08-17","","true","","Clarinha Pereira da Silva Sousa","69f0e71cb680d3ecfbb47205","62994118786","414.879.152-68","","https://base44.app/api/apps/69c292e80a168be0a1fb9df3/files/mp/public/69c292e80a168be0a1fb9df3/1427d5fc3_55E8752D-70A9-447F-B3C0-46E1EA3A27D6.jpeg","","clarinhapereira831@gmail.com","","Civil","","69cab4bb2b75e5b3207c8b48","2026-03-30T17:36:59.664000","2026-05-27T14:00:10.208000","service_b73c5787-6990-41b0-9126-fd1a7f83d894","service+b73c5787-6990-41b0-9126-fd1a7f83d894@no-reply.base44.com","false"
"","2026-05-04","1994-06-04","","true","","Thays Rocha Leite","69f88c68187fcd638dc76bbc","62986364301","013.799.711-60","","https://base44.app/api/apps/69c292e80a168be0a1fb9df3/files/mp/public/69c292e80a168be0a1fb9df3/5bb1b6903_IMG_7125.jpeg","","tha_rleite@hotmail.com","","Civil","","69cab4bbaaffc414bef709af","2026-03-30T17:36:59.430000","2026-05-26T17:16:30.902000","service_b73c5787-6990-41b0-9126-fd1a7f83d894","service+b73c5787-6990-41b0-9126-fd1a7f83d894@no-reply.base44.com","false"
"","2026-04-02","1971-08-08","","true","","Delma Maria Guimaraes","69f0e717c3c33b89a2f9e02a","62992065604","548.491.951-72","","https://base44.app/api/apps/69c292e80a168be0a1fb9df3/files/mp/public/69c292e80a168be0a1fb9df3/40f971c3b_9AC5C899-A57F-487A-A048-C6E0FFB01931.png","","delmagui333@gmail.com","","Civil","","69cab4bb4badc9d3592723d2","2026-03-30T17:36:59.214000","2026-05-26T17:17:20.961000","service_b73c5787-6990-41b0-9126-fd1a7f83d894","service+b73c5787-6990-41b0-9126-fd1a7f83d894@no-reply.base44.com","false"
"","","","","true","","Maxileia Pires de Sousa","","62991521593","019.495.561-31","","","","maxileia.sousa@goias.gov.br","","Civil","","69cab4bb8cb0964bb0111631","2026-03-30T17:36:59.019000","2026-03-30T17:36:59.019000","service_b73c5787-6990-41b0-9126-fd1a7f83d894","service+b73c5787-6990-41b0-9126-fd1a7f83d894@no-reply.base44.com","false"
"","","","","true","","Fabiani Carvalho da Silva","","62984518881","887.736.391-68","","","","fabianic@gmail.com","","Civil","","69cab4bad0462b2b218d8033","2026-03-30T17:36:58.795000","2026-03-30T17:36:58.795000","service_b73c5787-6990-41b0-9126-fd1a7f83d894","service+b73c5787-6990-41b0-9126-fd1a7f83d894@no-reply.base44.com","false"
"","","","","true","","Sofia Nunes Carvalho Soares","","62981004406","706.306.191-74","","","","sofianunescsoares27@gmail.com","","Civil","","69cab4babc08a81b1194b15e","2026-03-30T17:36:58.585000","2026-03-30T17:36:58.585000","service_b73c5787-6990-41b0-9126-fd1a7f83d894","service+b73c5787-6990-41b0-9126-fd1a7f83d894@no-reply.base44.com","false"
"","","","","true","","Gabryelly Braga Rezende Alves","","62996260528","041.833.611-33","","","","gabryellybraga1@gmail.com","","Civil","","69cab4baa04e25e25f528eec","2026-03-30T17:36:58.393000","2026-03-30T17:36:58.393000","service_b73c5787-6990-41b0-9126-fd1a7f83d894","service+b73c5787-6990-41b0-9126-fd1a7f83d894@no-reply.base44.com","false"
"","","","","true","","Fernanda Alves de Lima","","62998582728","043.548.241-67","","","","fernandalvesdelima@gmail.com","","Civil","","69cab4ba17c5690cf3d30c7c","2026-03-30T17:36:58.190000","2026-03-30T17:36:58.190000","service_b73c5787-6990-41b0-9126-fd1a7f83d894","service+b73c5787-6990-41b0-9126-fd1a7f83d894@no-reply.base44.com","false"
"","2026-04-29","1991-09-28","","true","","Gabriella Pípolos de Morais","69f3a2be77cdf42929338eca","62995500356","034.437.731-84","","","","gpipolos@gmail.com","","Civil","","69cab4b9e2406c3364a5c7c1","2026-03-30T17:36:57.972000","2026-05-04T12:33:51.441000","service_b73c5787-6990-41b0-9126-fd1a7f83d894","service+b73c5787-6990-41b0-9126-fd1a7f83d894@no-reply.base44.com","false"
"","","","","true","","Valéria Pereira dos Santos","","62981912224","463.190.501-87","","","","valeria.santos@goias.gov.br","","Civil","","69cab4b9a5140fe7f90eaf8a","2026-03-30T17:36:57.774000","2026-03-30T17:36:57.774000","service_b73c5787-6990-41b0-9126-fd1a7f83d894","service+b73c5787-6990-41b0-9126-fd1a7f83d894@no-reply.base44.com","false"
"","","","","true","","Alessandro José Farias","","62981006483","002.481.681-77","","","","alessandro.farias@goias.gov.br","","Civil","","69cab4b94ac30e032e7c5285","2026-03-30T17:36:57.544000","2026-03-30T17:36:57.544000","service_b73c5787-6990-41b0-9126-fd1a7f83d894","service+b73c5787-6990-41b0-9126-fd1a7f83d894@no-reply.base44.com","false"
"","2026-04-30","1985-09-28","","true","","Regiany Martins","69f3859553124dbfb510c91a","62982788955","009.955.851-30","","","","regianymartins29@gmail.com","","Civil","","69cab4b9eba280317bf9cbaf","2026-03-30T17:36:57.335000","2026-04-30T16:40:26.424000","service_b73c5787-6990-41b0-9126-fd1a7f83d894","service+b73c5787-6990-41b0-9126-fd1a7f83d894@no-reply.base44.com","false"
"","2026-04-17","2001-04-19","","true","","Guilherme Paulino Abrão","69e8b3af276e0faaaaece9f3","62981000862","014.926.771-16","","https://base44.app/api/apps/69c292e80a168be0a1fb9df3/files/mp/public/69c292e80a168be0a1fb9df3/37dcd8a64_1001419533.jpg","","guilherme.abr40@gmail.com","","Civil","","69cab4b98987e567777aa8f6","2026-03-30T17:36:57.098000","2026-06-16T13:49:28.653000","service_b73c5787-6990-41b0-9126-fd1a7f83d894","service+b73c5787-6990-41b0-9126-fd1a7f83d894@no-reply.base44.com","false"
"","","","","true","","Nires Rodrigues de Oliveira Andrade","","62995726446","599.552.441-00","","","","niresoliveira11@gmail.com","","Civil","","69cab4b8d15b54ada96fa88f","2026-03-30T17:36:56.812000","2026-03-30T17:36:56.812000","service_b73c5787-6990-41b0-9126-fd1a7f83d894","service+b73c5787-6990-41b0-9126-fd1a7f83d894@no-reply.base44.com","false"
"","","","","true","","Claudia Cristina de Oliveira","","62985363232","764.438.501-06","","","","claudia.coliveira@goias.gov.br","","Civil","","69cab4b84ac04518e466ae06","2026-03-30T17:36:56.022000","2026-03-30T17:36:56.022000","service_b73c5787-6990-41b0-9126-fd1a7f83d894","service+b73c5787-6990-41b0-9126-fd1a7f83d894@no-reply.base44.com","false"
"","","","","true","","Ana Caroline Ferreira de Souza","","62985193701","011.655.371-50","","","","acfsjornalista@gmail.com","","Civil","","69cab4b7c692a809913e80e9","2026-03-30T17:36:55.742000","2026-03-30T17:36:55.742000","service_b73c5787-6990-41b0-9126-fd1a7f83d894","service+b73c5787-6990-41b0-9126-fd1a7f83d894@no-reply.base44.com","false"
"Emagrecimento","2026-05-18","1999-05-10","80","true","","Daniel Vitor Naves Vieira","6a0c51d9414a3f25e668970e","62999912520","009.315.071-70","","https://base44.app/api/apps/69c292e80a168be0a1fb9df3/files/mp/public/69c292e80a168be0a1fb9df3/b62535293_1000082838.jpg","","dvitor68@gmail.com","165","Civil","","69cab4b792bdf3f0285bbd65","2026-03-30T17:36:55.533000","2026-05-26T21:07:16.765000","service_b73c5787-6990-41b0-9126-fd1a7f83d894","service+b73c5787-6990-41b0-9126-fd1a7f83d894@no-reply.base44.com","false"
"","2026-06-16","1964-01-19","","true","","Silvana Aparecida Costa Bueno","6a15cb8611fd3fa1829f2e0a","62999133847","456.317.001-15","","","","silvanabueno11@gmail.com","","Civil","","69cab4b737cae48466095f83","2026-03-30T17:36:55.335000","2026-06-18T14:30:39.240000","service_b73c5787-6990-41b0-9126-fd1a7f83d894","service+b73c5787-6990-41b0-9126-fd1a7f83d894@no-reply.base44.com","false"
"","2026-06-02","1968-05-19","","true","","Eliane da Silva Conceição Marques","6a3e795da19a91be96c573f1","62996870545","371.323.691-72","","https://base44.app/api/apps/69c292e80a168be0a1fb9df3/files/mp/public/69c292e80a168be0a1fb9df3/f25ff4314_IMG_4538.png","","eliane marques@gmail.com","","Civil","","69cab4b766090b91bf8f7c92","2026-03-30T17:36:55.132000","2026-07-06T18:11:50.277000","service_b73c5787-6990-41b0-9126-fd1a7f83d894","service+b73c5787-6990-41b0-9126-fd1a7f83d894@no-reply.base44.com","false"
"","","","","true","","Ilza Ribeiro dos Santos","","62999241156","039.940.281-08","","","","ilzaribeirodsantos@gmail.com","","Civil","","69cab4b2d758881e1a20224b","2026-03-30T17:36:50.583000","2026-03-30T17:36:50.583000","service_b73c5787-6990-41b0-9126-fd1a7f83d894","service+b73c5787-6990-41b0-9126-fd1a7f83d894@no-reply.base44.com","false"
"Emagrecimento","2026-05-14","1989-11-02","122","true","","Sandy Gonçalves Santana","69eb712609a3ab9ccffc1d90","62981308348","004.969.551-79","","https://base44.app/api/apps/69c292e80a168be0a1fb9df3/files/mp/public/69c292e80a168be0a1fb9df3/5bbf82992_d43fafdc-b201-4c14-98c2-21b25d0655c7-1_all_5753.jpg","","sanderas.sgs@gmail.com","1.8","Civil","","69cab4b251341c5e34b04b2e","2026-03-30T17:36:50.380000","2026-05-26T12:23:06.650000","service_b73c5787-6990-41b0-9126-fd1a7f83d894","service+b73c5787-6990-41b0-9126-fd1a7f83d894@no-reply.base44.com","false"
"","2026-04-28","1997-12-27","","true","","Joao Vitor Pedroza","69e8b3d41688ab2449b6171f","62981328997","700.476.811-28","","https://base44.app/api/apps/69c292e80a168be0a1fb9df3/files/mp/public/69c292e80a168be0a1fb9df3/46a67b380_5DE0DF75-F990-42EC-BE78-467717178391.jpg","","joaovitorpedroza@gmail.com","","Civil","","69cab4b25f739b9e014b59df","2026-03-30T17:36:50.167000","2026-05-27T14:40:37.412000","service_b73c5787-6990-41b0-9126-fd1a7f83d894","service+b73c5787-6990-41b0-9126-fd1a7f83d894@no-reply.base44.com","false"
"","2026-06-29","1973-06-07","","true","","Elizabeth Gomes da Rocha Santos","6a5687cbe99db257a8020028","62999910020","574.863.871-15","","","","elizabethgomesrocha.gyn@gmail.com","","Civil","","69cab4b187c342c44615eaba","2026-03-30T17:36:49.969000","2026-07-16T14:08:07.528000","service_b73c5787-6990-41b0-9126-fd1a7f83d894","service+b73c5787-6990-41b0-9126-fd1a7f83d894@no-reply.base44.com","false"
"","2026-04-14","1957-11-18","70","true","","Alda Pereira Ramos","6a199899d94349fd53fef6e6","62982525633","218.095.181-72","","https://base44.app/api/apps/69c292e80a168be0a1fb9df3/files/mp/public/69c292e80a168be0a1fb9df3/90618b3e9_22232526-ee61-45dd-ae95-eefd5e18f1e8.jpeg","","haldapr@gmail.com","160","Civil","","69cab4b14ac04518e466ae05","2026-03-30T17:36:49.778000","2026-06-08T15:03:51.317000","service_b73c5787-6990-41b0-9126-fd1a7f83d894","service+b73c5787-6990-41b0-9126-fd1a7f83d894@no-reply.base44.com","false"
"","","","","true","","Edna Pereira de Souza","","62982387574","035.075.751-83","","","","ednasouza282930@gmail.com","","Civil","","69cab4b16640e4f4aa92f737","2026-03-30T17:36:49.548000","2026-03-30T17:36:49.548000","service_b73c5787-6990-41b0-9126-fd1a7f83d894","service+b73c5787-6990-41b0-9126-fd1a7f83d894@no-reply.base44.com","false"
"","","","","true","","Adrielle de Almeida Marques","","62996820449","704.535.341-39","","","","adrielleamarqs@gmail.com","","Civil","","69cab4b137cae48466095f81","2026-03-30T17:36:49.212000","2026-03-30T17:36:49.212000","service_b73c5787-6990-41b0-9126-fd1a7f83d894","service+b73c5787-6990-41b0-9126-fd1a7f83d894@no-reply.base44.com","false"
"Força","2026-04-17","1975-01-03","80","true","","Marcos Vinicius Arantes de Morais","69e8b42097a92473c7834626","62992739494","800.616.051-15","","https://base44.app/api/apps/69c292e80a168be0a1fb9df3/files/mp/public/69c292e80a168be0a1fb9df3/57216eda7_WhatsAppImage2026-05-26at090206.jpeg","","marcosviniciusarantesmorais@gmail.com","1.75","Civil","","69cab4b1aa8b91b9733ba71e","2026-03-30T17:36:49.005000","2026-05-26T17:21:59.699000","service_b73c5787-6990-41b0-9126-fd1a7f83d894","service+b73c5787-6990-41b0-9126-fd1a7f83d894@no-reply.base44.com","false"
"","2026-05-07","1971-07-25","","true","","Iracy Maria Marinho","6a020e37b60fef97178bbd4d","62994192877","370.320.201-78","","https://base44.app/api/apps/69c292e80a168be0a1fb9df3/files/mp/public/69c292e80a168be0a1fb9df3/18d9160be_1002492349.jpg","","iracym605@gmail.com","","Civil","","69cab4b09d4550a5367fa605","2026-03-30T17:36:48.370000","2026-07-06T18:48:12.574000","service_b73c5787-6990-41b0-9126-fd1a7f83d894","service+b73c5787-6990-41b0-9126-fd1a7f83d894@no-reply.base44.com","false"
"Saúde e Bem-estar","2026-06-10","1980-09-10","93","true","","Clarissa dos Santos Melo Duarte","6a2aaf023a2bb1378a22db13","62983264378","707.631.001-53","","https://base44.app/api/apps/69c292e80a168be0a1fb9df3/files/mp/public/69c292e80a168be0a1fb9df3/b71efeead_WhatsAppImage2026-02-10at124534.jpeg","","clarissa.duarte@goias.gov.br","169","Civil","","69cab4b05e5de2d972aae6a0","2026-03-30T17:36:48.168000","2026-06-17T12:20:42.361000","service_b73c5787-6990-41b0-9126-fd1a7f83d894","service+b73c5787-6990-41b0-9126-fd1a7f83d894@no-reply.base44.com","false"
"","","","","true","","Maria de Fátima Silva Rosedo","","62982225593","015.248.581-37","","","","mariasilvarosedo0115@gmail.com","","Civil","","69cab4af02b37f9dda26bd51","2026-03-30T17:36:47.924000","2026-03-30T17:36:47.924000","service_b73c5787-6990-41b0-9126-fd1a7f83d894","service+b73c5787-6990-41b0-9126-fd1a7f83d894@no-reply.base44.com","false"
"","","","","true","","Suely Correa Brazao","","62998603644","438.405.581-15","","","","suelycorreabarros@gmail.com","","Civil","","69cab4af723ffed4db3a816a","2026-03-30T17:36:47.711000","2026-03-30T17:36:47.711000","service_b73c5787-6990-41b0-9126-fd1a7f83d894","service+b73c5787-6990-41b0-9126-fd1a7f83d894@no-reply.base44.com","false"
"","","","","true","","Lígia Estolano de Oliveria Carvalho","","62999274568","881.628.341-68","","","","estolanoligia3@gmail.com","","Civil","","69cab4af5e5de2d972aae69f","2026-03-30T17:36:47.484000","2026-03-30T17:36:47.484000","service_b73c5787-6990-41b0-9126-fd1a7f83d894","service+b73c5787-6990-41b0-9126-fd1a7f83d894@no-reply.base44.com","false"
"","","","","true","","Walquir Cabral Vilela","","62999562008","216.618.391-34","","","","walquir.vilela@goias.gov.br","","Civil","","69cab4afc2f4cc323623389a","2026-03-30T17:36:47.263000","2026-03-30T17:36:47.263000","service_b73c5787-6990-41b0-9126-fd1a7f83d894","service+b73c5787-6990-41b0-9126-fd1a7f83d894@no-reply.base44.com","false"
"","","","","true","","Ronilda Helena Cardoso","","62999655656","281.884.381-20","","","","ronildaec@gmail.com","","Civil","","69cab4af2d16dfdf93d1cfde","2026-03-30T17:36:47.058000","2026-03-30T17:36:47.058000","service_b73c5787-6990-41b0-9126-fd1a7f83d894","service+b73c5787-6990-41b0-9126-fd1a7f83d894@no-reply.base44.com","false"
"Condicionamento","2026-04-23","1999-07-22","84","true","","Guilherme Alves de Souza Araújo","69efb2548749b9622136a800","62986060725","701.849.111-84","","https://base44.app/api/apps/69c292e80a168be0a1fb9df3/files/mp/public/69c292e80a168be0a1fb9df3/5ffa47d06_image.jpg","","gui_vip2207@hotmail.com","178","Civil","","69cab4aecb5fa9ca033f05e8","2026-03-30T17:36:46.867000","2026-05-26T20:05:31.877000","service_b73c5787-6990-41b0-9126-fd1a7f83d894","service+b73c5787-6990-41b0-9126-fd1a7f83d894@no-reply.base44.com","false"
"Saúde e Bem-estar","2026-04-16","1979-02-25","60","true","","Tatiane Ferreira e Silva Medeiros","69f0a7979080024735454f5b","62981664712","865.493.751-34","","https://base44.app/api/apps/69c292e80a168be0a1fb9df3/files/mp/public/69c292e80a168be0a1fb9df3/6fb86b983_17797964666436948589142846236690.jpg","","tatianefsm2000@gmail.com","163","Civil","","69cab4ae71c685e9f60324a3","2026-03-30T17:36:46.546000","2026-05-26T11:55:25.812000","service_b73c5787-6990-41b0-9126-fd1a7f83d894","service+b73c5787-6990-41b0-9126-fd1a7f83d894@no-reply.base44.com","false"
"","","","","true","","Samuel Peregrino de Lima","","62993913038","705.658.991-04","","","","samuelperegrinolima@gmail.com","","Civil","","69cab4ae6f5d2fec749e8687","2026-03-30T17:36:46.310000","2026-03-30T17:36:46.310000","service_b73c5787-6990-41b0-9126-fd1a7f83d894","service+b73c5787-6990-41b0-9126-fd1a7f83d894@no-reply.base44.com","false"
"","2026-07-07","1984-06-13","","true","","Suzana Marinho de Brito","6a4e4645d32fb5b68c42bbfa","62991333227","010.612.011-55","","","","suzanamarinhoo@gmail.com","","Civil","","69cab4ae62a55b0c552f6497","2026-03-30T17:36:46.109000","2026-07-09T17:29:33","service_b73c5787-6990-41b0-9126-fd1a7f83d894","service+b73c5787-6990-41b0-9126-fd1a7f83d894@no-reply.base44.com","false"
"","2026-06-02","1981-02-18","","true","","Janise Fontenelle","69f1eb67f3d081e7f412e0e1","62981934893","925.739.671-15","","https://base44.app/api/apps/69c292e80a168be0a1fb9df3/files/mp/public/69c292e80a168be0a1fb9df3/4a382c0ee_IMG_1235.jpeg","","janisefonte@gmail.com","","Civil","","69cab4ad6a367eee7bbc4726","2026-03-30T17:36:45.925000","2026-06-02T17:56:47.101000","service_b73c5787-6990-41b0-9126-fd1a7f83d894","service+b73c5787-6990-41b0-9126-fd1a7f83d894@no-reply.base44.com","false"
"","","","","true","","Durval Pereira Fé Filho","","62999246416","451.766.713-87","","","","durval0405@gmail.com","","Civil","","69cab4adfac751acac8730f2","2026-03-30T17:36:45.721000","2026-03-30T17:36:45.721000","service_b73c5787-6990-41b0-9126-fd1a7f83d894","service+b73c5787-6990-41b0-9126-fd1a7f83d894@no-reply.base44.com","false"
"","","","","true","","Edina Aparecida Goulart","","62984164446","450.933.181-91","","","","edina.goulart30@gmail.com","","Civil","","69cab4ad212be5c51cba4fed","2026-03-30T17:36:45.283000","2026-03-30T17:59:50.561000","service_b73c5787-6990-41b0-9126-fd1a7f83d894","service+b73c5787-6990-41b0-9126-fd1a7f83d894@no-reply.base44.com","false"
"Emagrecimento","2026-04-28","1987-09-17","","true","","Raimunda Soronha de Oliveira dos Reis","69f0ed6a8aee7b0f624a8555","62994181583","022.717.011-39","","https://base44.app/api/apps/69c292e80a168be0a1fb9df3/files/mp/public/69c292e80a168be0a1fb9df3/9c1536d80_IMG_20221230_184031.jpg","","soronha.reis@gmail.com","","Civil","","69cab4acf9e6540401a079f2","2026-03-30T17:36:44.893000","2026-05-27T11:14:41.045000","service_b73c5787-6990-41b0-9126-fd1a7f83d894","service+b73c5787-6990-41b0-9126-fd1a7f83d894@no-reply.base44.com","false"
"","2026-03-27","1984-10-14","","true","","Carlos Henrique Ferreira Santos","69eb815a6faab5200f1325b9","62984034612","999.854.111-53","","https://base44.app/api/apps/69c292e80a168be0a1fb9df3/files/mp/public/69c292e80a168be0a1fb9df3/587ec0a56_1000366165.jpg","","carlohenrysanto@gmail.com","","Civil","","69cab4ac0916e78eed2006b2","2026-03-30T17:36:44.692000","2026-05-21T17:14:02.759000","service_b73c5787-6990-41b0-9126-fd1a7f83d894","service+b73c5787-6990-41b0-9126-fd1a7f83d894@no-reply.base44.com","false"
"","","","","true","","Joao Batista Peres Junior","","62985630013","547.398.371-53","","","","peresjunior@gmail.com","","Civil","","69cab4ac0036939490373ac4","2026-03-30T17:36:44.374000","2026-03-30T17:36:44.374000","service_b73c5787-6990-41b0-9126-fd1a7f83d894","service+b73c5787-6990-41b0-9126-fd1a7f83d894@no-reply.base44.com","false"
"","","","","true","","Katia Ribeiro Aguiar Silva","","62981249913","700.916.251-49","","","","katiasix@gmail.com","","Civil","","69cab4ac62a55b0c552f6496","2026-03-30T17:36:44.166000","2026-03-30T17:36:44.166000","service_b73c5787-6990-41b0-9126-fd1a7f83d894","service+b73c5787-6990-41b0-9126-fd1a7f83d894@no-reply.base44.com","false"
"Condicionamento","","1977-08-02","100","true","","Alessandro Melo da Silva","69e8b3a65ff5808ccc1df34e","62981249903","775.673.071-20","","","","alessandromsilva@gmail.com","183","Civil","","69cab4abab6be942859d62d4","2026-03-30T17:36:43.960000","2026-07-02T12:05:13.414000","service_b73c5787-6990-41b0-9126-fd1a7f83d894","service+b73c5787-6990-41b0-9126-fd1a7f83d894@no-reply.base44.com","false"
"","2026-04-27","1983-10-17","70","true","","Marcos Lopes de Souza","69efccfae228f77c31effa3e","62985089869","003.738.081-86","","https://base44.app/api/apps/69c292e80a168be0a1fb9df3/files/mp/public/69c292e80a168be0a1fb9df3/e95f54f91_WhatsAppImage2026-05-27at081122.jpeg","","marcos.lsouza@goias.gov.br","169","Civil","","69cab4a6d886e77a5a0bd8f9","2026-03-30T17:36:38.953000","2026-05-27T11:12:12.015000","service_b73c5787-6990-41b0-9126-fd1a7f83d894","service+b73c5787-6990-41b0-9126-fd1a7f83d894@no-reply.base44.com","false"
"","","","","true","","Lourival Lopes de Morais","","6291650697","161.080.001-04","","","","llopesdemorais2458@gmail.com","","Civil","","69cab4a68153edd0da1e9fb9","2026-03-30T17:36:38.682000","2026-03-30T17:36:38.682000","service_b73c5787-6990-41b0-9126-fd1a7f83d894","service+b73c5787-6990-41b0-9126-fd1a7f83d894@no-reply.base44.com","false"
"Emagrecimento","2026-05-27","1988-10-13","79","true","","Laiz de Moraes Silva","6a1985ff6640af2a5735033f","62991548823","035.031.151-02","","https://base44.app/api/apps/69c292e80a168be0a1fb9df3/files/mp/public/69c292e80a168be0a1fb9df3/fef1d26f6_WhatsAppImage2026-05-29at111411.jpeg","","laiz.geaco@gmail.com","168","Civil","","69cab4a6cb0eeca73fb0ea1f","2026-03-30T17:36:38.481000","2026-05-29T14:16:10.799000","service_b73c5787-6990-41b0-9126-fd1a7f83d894","service+b73c5787-6990-41b0-9126-fd1a7f83d894@no-reply.base44.com","false"
"","2026-04-29","1992-07-03","","true","","Guilherme Henrique Silva Costa","69f35391594eba71f28fb6ad","62984301582","046.777.451-02","","https://base44.app/api/apps/69c292e80a168be0a1fb9df3/files/mp/public/69c292e80a168be0a1fb9df3/85a06771e_WhatsAppImage2026-05-26at163031.jpeg","","guilherme.hcosta@goias.gov.br","","Civil","","69cab4a6d780b67cefdd205b","2026-03-30T17:36:38.285000","2026-05-26T19:31:07.511000","service_b73c5787-6990-41b0-9126-fd1a7f83d894","service+b73c5787-6990-41b0-9126-fd1a7f83d894@no-reply.base44.com","false"
"","","","","true","","Yana Clezia Ribeiro Aguiar","","61991182379","546.696.001-25","","","","yanacleziaribeiroaguiarcortes@gmail.com","","Civil","","69cab4a62dbb1303042f5952","2026-03-30T17:36:38.069000","2026-03-30T17:36:38.069000","service_b73c5787-6990-41b0-9126-fd1a7f83d894","service+b73c5787-6990-41b0-9126-fd1a7f83d894@no-reply.base44.com","false"
"","","","","true","","Tony Luiz Mateus Lima","","62981684178","911.608.801-82","","","","tony.mateus.direito@gmail.com","","Civil","","69cab4a3dcf73f5631e5f6c3","2026-03-30T17:36:35.986000","2026-03-30T17:36:35.986000","service_b73c5787-6990-41b0-9126-fd1a7f83d894","service+b73c5787-6990-41b0-9126-fd1a7f83d894@no-reply.base44.com","false"
"","","","","true","","Andreza Marcatti Calembo Batista","","62983102848","004.065.751-50","","","","andrezacalembo@gmail.com","","Civil","","69cab4a3ce1c3df3215b2821","2026-03-30T17:36:35.786000","2026-03-30T17:36:35.786000","service_b73c5787-6990-41b0-9126-fd1a7f83d894","service+b73c5787-6990-41b0-9126-fd1a7f83d894@no-reply.base44.com","false"
"","2026-05-07","2000-02-02","","true","","Marcos Rodrigo da Silva","6a0caf5d34356254fca6261c","62985359444","073.607.963-77","","https://base44.app/api/apps/69c292e80a168be0a1fb9df3/files/mp/public/69c292e80a168be0a1fb9df3/8b3b9b1b3_image.jpg","","rodrigo.marcos81@gmail.com","","Civil","","69cab4a3c1c42a0056c3ec30","2026-03-30T17:36:35.539000","2026-05-26T16:01:33.067000","service_b73c5787-6990-41b0-9126-fd1a7f83d894","service+b73c5787-6990-41b0-9126-fd1a7f83d894@no-reply.base44.com","false"
"","","","","true","","Thays Aparecida Gomes Bueno","","62996516298","041.809.941-35","","","","thays.bueno@goias.gov.br","","Civil","","69cab4a3cc4929491d413856","2026-03-30T17:36:35.350000","2026-03-30T17:36:35.350000","service_b73c5787-6990-41b0-9126-fd1a7f83d894","service+b73c5787-6990-41b0-9126-fd1a7f83d894@no-reply.base44.com","false"
"Saúde e Bem-estar","2026-02-18","1969-01-02","72","true","","Kenia Gomes Rodrigues Rios","69fc80be57f680cb816ca13e","62996266806","467.612.681-68","","https://base44.app/api/apps/69c292e80a168be0a1fb9df3/files/mp/public/69c292e80a168be0a1fb9df3/3d05e6ec6_image.jpg","","keniagomes13@yahoo.com.br","167","Civil","","69cab4a3ce9564de9486ce32","2026-03-30T17:36:35.152000","2026-06-16T12:40:01.280000","service_b73c5787-6990-41b0-9126-fd1a7f83d894","service+b73c5787-6990-41b0-9126-fd1a7f83d894@no-reply.base44.com","false"
"Emagrecimento","2026-08-26","1999-03-30","62","true","","Jheniffer dos Santos Silva","6a174167070e9be1ca2e1fcf","62993592182","700.248.911-93","","https://base44.app/api/apps/69c292e80a168be0a1fb9df3/files/mp/public/69c292e80a168be0a1fb9df3/a2c78b9fa_WhatsAppImage2026-05-29at111939.jpeg","","jhenifferdossantossilva@hotmail.com","160","Civil","","69cab4a2206fd882dafd1572","2026-03-30T17:36:34.973000","2026-05-29T14:20:05.380000","service_b73c5787-6990-41b0-9126-fd1a7f83d894","service+b73c5787-6990-41b0-9126-fd1a7f83d894@no-reply.base44.com","false"
"","","","","true","","Daniel Mariano da Silva","","62983159029","104.253.981-29","","","","danielmark58510@gmail.com","","Civil","","69cab4a2ef4dc55be747ebd2","2026-03-30T17:36:34.747000","2026-03-30T17:36:34.747000","service_b73c5787-6990-41b0-9126-fd1a7f83d894","service+b73c5787-6990-41b0-9126-fd1a7f83d894@no-reply.base44.com","false"
"Saúde e Bem-estar","2026-04-20","1993-03-12","79","true","","Paulo Henrique Nunes da Silva Araújo","69e8b3a96c5e364f790390bf","62981640478","048.568.601-51","","https://base44.app/api/apps/69c292e80a168be0a1fb9df3/files/mp/public/69c292e80a168be0a1fb9df3/0d25f0479_IMG_6953.jpeg","","paulo.saraujo@goias.gov.br","166","Civil","","69cab4a2f74af4c7f98e624b","2026-03-30T17:36:34.531000","2026-05-28T12:01:25.074000","service_b73c5787-6990-41b0-9126-fd1a7f83d894","service+b73c5787-6990-41b0-9126-fd1a7f83d894@no-reply.base44.com","false"
"","","","","true","","Manoel Borges Brito","","62982713642","776.818.355-04","","","","manoelbrito724@gmail.com","","Civil","","69cab4a235089c731a4647b0","2026-03-30T17:36:34.332000","2026-03-30T17:36:34.332000","service_b73c5787-6990-41b0-9126-fd1a7f83d894","service+b73c5787-6990-41b0-9126-fd1a7f83d894@no-reply.base44.com","false"
"","","","","true","","Kézia Pimentel de Oliveira","","62985919948","749.315.041-91","","","","keziap94@gmail.com","","Civil","","69cab4a2ef4dc55be747ebd1","2026-03-30T17:36:34.124000","2026-03-30T17:36:34.124000","service_b73c5787-6990-41b0-9126-fd1a7f83d894","service+b73c5787-6990-41b0-9126-fd1a7f83d894@no-reply.base44.com","false"
"","2026-05-05","1987-05-16","","true","","Cristina Maria Costa Prado","69fb76a3ee52fc9de3d098e8","62981377879","025.277.211-33","","https://base44.app/api/apps/69c292e80a168be0a1fb9df3/files/mp/public/69c292e80a168be0a1fb9df3/2c33fc109_1000380631.jpg","","cristina.prado@goias.gov.br","","Civil","","69cab4a1625c88b62a9b4704","2026-03-30T17:36:33.682000","2026-05-26T11:43:42.515000","service_b73c5787-6990-41b0-9126-fd1a7f83d894","service+b73c5787-6990-41b0-9126-fd1a7f83d894@no-reply.base44.com","false"
"","","","","true","","Jose Alberto Costa Pereira","","62992777643","700.816.561-74","","","","josealbertocostaa@gmail.com","","Civil","","69cab4a187c342c44615eab6","2026-03-30T17:36:33.454000","2026-03-30T17:36:33.454000","service_b73c5787-6990-41b0-9126-fd1a7f83d894","service+b73c5787-6990-41b0-9126-fd1a7f83d894@no-reply.base44.com","false"
"","","","","true","","Cristiano Araújo Maciel Alves","","62993023031","968.684.654-91","","","","alvescris29@gmail.com","","Civil","","69cab4a1b991009994710856","2026-03-30T17:36:33.217000","2026-03-30T17:36:33.217000","service_b73c5787-6990-41b0-9126-fd1a7f83d894","service+b73c5787-6990-41b0-9126-fd1a7f83d894@no-reply.base44.com","false"
"","","","","true","","Kamilly Victória Madureira Rocha","","62996887833","041.975.431-82","","","","kamillyvictoriamr@gmail.com","","Civil","","69cab4a1f74af4c7f98e624a","2026-03-30T17:36:33.013000","2026-03-30T17:36:33.013000","service_b73c5787-6990-41b0-9126-fd1a7f83d894","service+b73c5787-6990-41b0-9126-fd1a7f83d894@no-reply.base44.com","false"
"","2026-03-18","1985-08-09","","true","","Isidoro Tavares Rosa","69e8b3e556cb0efc368cf481","64981371960","002.643.281-16","","https://base44.app/api/apps/69c292e80a168be0a1fb9df3/files/mp/public/69c292e80a168be0a1fb9df3/8daa1aca0_WhatsAppImage2026-05-27at162504.jpeg","","isidoro.rosa@goias.gov.br","","Civil","","69cab4a035089c731a4647af","2026-03-30T17:36:32.769000","2026-05-28T11:53:28.924000","service_b73c5787-6990-41b0-9126-fd1a7f83d894","service+b73c5787-6990-41b0-9126-fd1a7f83d894@no-reply.base44.com","false"
"","2026-04-22","2000-08-20","","true","","Anna Laura Leite Itacarambi","69eb714467c4aa87e450dfaa","64992557723","035.116.361-16","","","","annalauraleiteitacarambi123@gmail.com","","Civil","","69cab4a04ac30e032e7c5272","2026-03-30T17:36:32.474000","2026-04-28T11:49:18.444000","service_b73c5787-6990-41b0-9126-fd1a7f83d894","service+b73c5787-6990-41b0-9126-fd1a7f83d894@no-reply.base44.com","false"
"","2026-04-22","1979-02-14","","true","","Lia Rodrigues de Oliveira","69eb7138fbc3eca467b8986b","62981330161","853.499.841-87","","https://base44.app/api/apps/69c292e80a168be0a1fb9df3/files/mp/public/69c292e80a168be0a1fb9df3/5f607ebed_67A9B3A6-A825-486E-AC56-F437B407C61B.png","","liarodrigues@hotmail.com","","Civil","","69cab4a03ab6550526927a0e","2026-03-30T17:36:32.257000","2026-05-21T17:35:37.141000","service_b73c5787-6990-41b0-9126-fd1a7f83d894","service+b73c5787-6990-41b0-9126-fd1a7f83d894@no-reply.base44.com","false"
"Emagrecimento","2026-06-11","1994-02-04","80","true","","Johanna Tássia Xavier da Silva","6a329d064df3b6d4d629d489","62993084411","700.041.631-92","","https://base44.app/api/apps/69c292e80a168be0a1fb9df3/files/mp/public/69c292e80a168be0a1fb9df3/ea110d303_IMG_20250801_151345_225.webp","","johanna.arquiteta@gmail.com","153","Civil","","69cab4a0bc08a81b1194b154","2026-03-30T17:36:32.036000","2026-06-30T15:57:08.146000","service_b73c5787-6990-41b0-9126-fd1a7f83d894","service+b73c5787-6990-41b0-9126-fd1a7f83d894@no-reply.base44.com","false"
"","","","","true","","Zilda da Silva","","62994486781","766.336.751-00","","","","zildadasilvamila@gmail.com","","Civil","","69cab49fb105230925053df8","2026-03-30T17:36:31.830000","2026-03-30T17:36:31.830000","service_b73c5787-6990-41b0-9126-fd1a7f83d894","service+b73c5787-6990-41b0-9126-fd1a7f83d894@no-reply.base44.com","false"
"Emagrecimento","2026-04-22","1982-11-02","82","true","","Danilo de Sousa Prado","69d3fe53345c29f351310df5","62985573219","025.278.561-44","","https://base44.app/api/apps/69c292e80a168be0a1fb9df3/files/mp/public/69c292e80a168be0a1fb9df3/84f257575_1000088000.jpg","","daniloprado.mat@gmail.com","169","Civil","","69cab49fb9d3a0623eb94b4a","2026-03-30T17:36:31.642000","2026-05-26T12:00:59.183000","service_b73c5787-6990-41b0-9126-fd1a7f83d894","service+b73c5787-6990-41b0-9126-fd1a7f83d894@no-reply.base44.com","false"
"","","","","true","","Isabela Costa Mascarenhas","","63992323442","074.136.361-58","","","","iisabelacm@outlook.com","","Civil","","69cab49f62a55b0c552f6493","2026-03-30T17:36:31.428000","2026-03-30T17:36:31.428000","service_b73c5787-6990-41b0-9126-fd1a7f83d894","service+b73c5787-6990-41b0-9126-fd1a7f83d894@no-reply.base44.com","false"
"","","","","true","","Andressa Souza Pereira","","62985778592","757.059.151-87","","","","andressasouzap10@gmail.com","","Civil","","69cab49f1b69e1a2d2889cda","2026-03-30T17:36:31.215000","2026-03-30T17:36:31.215000","service_b73c5787-6990-41b0-9126-fd1a7f83d894","service+b73c5787-6990-41b0-9126-fd1a7f83d894@no-reply.base44.com","false"
"","2026-05-19","1994-02-02","","true","","Josimarcos Souza dos Santos","6a0d98c9b7003c0f5a932339","62992886966","040.444.301-01","","","","santosjosimarcossouza@gmail.com","","Civil","","69cab49ec3a97d05a892daaf","2026-03-30T17:36:30.454000","2026-05-20T12:24:47.252000","service_b73c5787-6990-41b0-9126-fd1a7f83d894","service+b73c5787-6990-41b0-9126-fd1a7f83d894@no-reply.base44.com","false"
"","2026-04-17","1998-01-14","","true","","Douglas Fleury Parreira Barros","69e8b40f9b7ab425aa2ca185","62996384304","706.031.051-73","","https://base44.app/api/apps/69c292e80a168be0a1fb9df3/files/mp/public/69c292e80a168be0a1fb9df3/bc120e0ca_IMG_4880.jpeg","","douglas.fleury@gmail.com","","Civil","","69cab49ee29fe8dc7e61491a","2026-03-30T17:36:30.239000","2026-05-28T16:58:03","service_b73c5787-6990-41b0-9126-fd1a7f83d894","service+b73c5787-6990-41b0-9126-fd1a7f83d894@no-reply.base44.com","false"
"Saúde e Bem-estar","2026-05-15","1971-05-28","103","true","","Lorena Rodrigues Leite Caixeta","6a0758cb5e36a09b3ddf5b33","62999802827","532.746.281-15","","https://base44.app/api/apps/69c292e80a168be0a1fb9df3/files/mp/public/69c292e80a168be0a1fb9df3/2719e61ab_IMG-20260526-WA0002.jpg","","arquitetalorenacaixeta@gmail.com","176","Civil","","69cab49e1f76f85a7183b3c1","2026-03-30T17:36:30.045000","2026-05-26T11:44:52.729000","service_b73c5787-6990-41b0-9126-fd1a7f83d894","service+b73c5787-6990-41b0-9126-fd1a7f83d894@no-reply.base44.com","false"
"Hipertrofia","2026-05-19","1994-03-15","71.6","true","","Adriel Simões de Mendonça","69e8b412c600b78d79b1891c","62991304064","035.806.501-14","","https://base44.app/api/apps/69c292e80a168be0a1fb9df3/files/mp/public/69c292e80a168be0a1fb9df3/d57a8d37a_WhatsAppImage2026-05-28at105013.jpeg","","adriel.mendonca@goias.gov.br","1.61","Civil","","69cab499a4016fdcc7a67982","2026-03-30T17:36:25.064000","2026-05-28T13:51:00.521000","service_b73c5787-6990-41b0-9126-fd1a7f83d894","service+b73c5787-6990-41b0-9126-fd1a7f83d894@no-reply.base44.com","false"
"Saúde e Bem-estar","2026-03-26","1966-02-01","63","true","","Dalvania Maria de Paula","69e8b3d69a28df9075eaf0c3","62981668743","641.961.511-91","","https://base44.app/api/apps/69c292e80a168be0a1fb9df3/files/mp/public/69c292e80a168be0a1fb9df3/effac4b2c_WhatsAppImage2026-05-27at090117.jpeg","","daldepaula@hotmail.com","1.63","Civil","","69cab4988b4364504b50edb9","2026-03-30T17:36:24.877000","2026-05-27T12:02:25.990000","service_b73c5787-6990-41b0-9126-fd1a7f83d894","service+b73c5787-6990-41b0-9126-fd1a7f83d894@no-reply.base44.com","false"
"","2026-04-22","1991-03-08","","true","","André Fonseca Pinto Osorio","69eb7124b260ea0371181af3","62991897417","037.148.771-42","","https://base44.app/api/apps/69c292e80a168be0a1fb9df3/files/mp/public/69c292e80a168be0a1fb9df3/05c878a64_image.jpg","","andre.osorio@goias.gov.br","","Civil","","69cab498a17506f70c6237c3","2026-03-30T17:36:24.609000","2026-05-26T11:40:21.934000","service_b73c5787-6990-41b0-9126-fd1a7f83d894","service+b73c5787-6990-41b0-9126-fd1a7f83d894@no-reply.base44.com","false"
"","","","","true","","Matheus Barcelos de Jesus","","62981580184","750.313.451-87","","","","barcelosprf@gmail.com","","Civil","","69cab498731c29d608754335","2026-03-30T17:36:24.376000","2026-03-30T17:36:24.376000","service_b73c5787-6990-41b0-9126-fd1a7f83d894","service+b73c5787-6990-41b0-9126-fd1a7f83d894@no-reply.base44.com","false"
"","2026-03-31","2005-04-11","","true","","Sophia Lannah Beatriz Ferreira de Sousa","69e8b3e3ed8dfc592768740f","62995784516","712.859.591-08","","https://base44.app/api/apps/69c292e80a168be0a1fb9df3/files/mp/public/69c292e80a168be0a1fb9df3/cf9c6f0c7_IMG_20260521_162055_602.webp","","sophialannah123@gmail.com","","Civil","","69cab498f494b0e0a3a2252c","2026-03-30T17:36:24.158000","2026-05-26T11:55:49.525000","service_b73c5787-6990-41b0-9126-fd1a7f83d894","service+b73c5787-6990-41b0-9126-fd1a7f83d894@no-reply.base44.com","false"
"","","","","true","","Lucas Mota da Silva Lobo","","62986187827","707.868.221-12","","","","lucasmota2004silva@gmail.com","","Civil","","69cab4978cb0964bb0111629","2026-03-30T17:36:23.956000","2026-03-30T17:36:23.956000","service_b73c5787-6990-41b0-9126-fd1a7f83d894","service+b73c5787-6990-41b0-9126-fd1a7f83d894@no-reply.base44.com","false"
"","","","","true","","Stéfhani Gabriela Almeida Lopes","","64981211273","017.902.801-41","","","","stefhanialmeida@gmail.com","","Civil","","69cab49708f005d5d8b06b55","2026-03-30T17:36:23.763000","2026-03-30T17:36:23.763000","service_b73c5787-6990-41b0-9126-fd1a7f83d894","service+b73c5787-6990-41b0-9126-fd1a7f83d894@no-reply.base44.com","false"
"","2026-04-22","1979-06-25","","true","","Michelle Calisto Ferreira","69e8b3bd3549f8bb642ed66f","62984624523","941.684.821-20","","https://base44.app/api/apps/69c292e80a168be0a1fb9df3/files/mp/public/69c292e80a168be0a1fb9df3/17ec93a6f_WhatsAppImage2026-05-27at102316.jpeg","","michellegyn25@hotmail.com","","Civil","","69cab497891322eb46e67534","2026-03-30T17:36:23.519000","2026-05-27T13:23:47.492000","service_b73c5787-6990-41b0-9126-fd1a7f83d894","service+b73c5787-6990-41b0-9126-fd1a7f83d894@no-reply.base44.com","false"
"Hipertrofia","2026-02-23","1996-03-08","75","true","","Christopher Rezende dos Santos","69e8b3b7c661173bf72396b3","62993572758","757.906.531-20","","https://base44.app/api/apps/69c292e80a168be0a1fb9df3/files/mp/public/69c292e80a168be0a1fb9df3/f937de2d8_WhatsAppImage2023-01-12at085042.jpeg","","christopher-rs@outlook.com","175","Civil","","69cab4979b5fdbe480b0e5ac","2026-03-30T17:36:23.218000","2026-06-12T14:03:48.574000","service_b73c5787-6990-41b0-9126-fd1a7f83d894","service+b73c5787-6990-41b0-9126-fd1a7f83d894@no-reply.base44.com","false"
"","","","","true","","Tiago Ribeiro Santana","","62982010446","022.597.251-47","","","","tiagorbsantana@gmail.com","","Civil","","69cab49666090b91bf8f7c83","2026-03-30T17:36:22.809000","2026-03-30T17:36:22.809000","service_b73c5787-6990-41b0-9126-fd1a7f83d894","service+b73c5787-6990-41b0-9126-fd1a7f83d894@no-reply.base44.com","false"
"Hipertrofia","2026-02-26","1994-06-18","82","true","","Nilton Barbosa Coelho","69e8b3b4c17154e6b5f73e0c","62992891495","000.154.222-24","","https://base44.app/api/apps/69c292e80a168be0a1fb9df3/files/mp/public/69c292e80a168be0a1fb9df3/67833d967_1000069605.jpg","","nilton.coelho@goias.gov.br","171","Civil","","69cab49682d361e5e28db07c","2026-03-30T17:36:22.550000","2026-06-01T02:56:54.313000","service_b73c5787-6990-41b0-9126-fd1a7f83d894","service+b73c5787-6990-41b0-9126-fd1a7f83d894@no-reply.base44.com","false"
"","2026-05-18","1995-10-23","","true","","Natalya Rodrigues Pereira","6a0c58b654f54b7a89655155","64993268337","054.520.541-70","","https://base44.app/api/apps/69c292e80a168be0a1fb9df3/files/mp/public/69c292e80a168be0a1fb9df3/be34015c0_1000088244.jpg","","natalyarodrigues174@gmail.com","","Civil","","69cab4965bbd1a25efdeafad","2026-03-30T17:36:22.276000","2026-05-26T17:42:54.667000","service_b73c5787-6990-41b0-9126-fd1a7f83d894","service+b73c5787-6990-41b0-9126-fd1a7f83d894@no-reply.base44.com","false"
"Saúde e Bem-estar","2026-05-18","1996-09-06","68","true","","Ana Clara Barbacena Camelo","69f0e732a32f7ffb33e50f1b","62985320868","043.722.761-84","","https://base44.app/api/apps/69c292e80a168be0a1fb9df3/files/mp/public/69c292e80a168be0a1fb9df3/bcc9e7a93_274da422-eccc-4a30-8b8d-9b963529ebac-1_all_6786.jpg","","anaclarabarbacena@gmail.com","170","Civil","","69cab496d430c0cf1dbd7e72","2026-03-30T17:36:22.089000","2026-05-26T17:55:55.403000","service_b73c5787-6990-41b0-9126-fd1a7f83d894","service+b73c5787-6990-41b0-9126-fd1a7f83d894@no-reply.base44.com","false"
"","","","","true","","Paula Moraes Tavares","","62999287519","755.784.411-49","","","","paulamoraestavares@gmail.com","","Civil","","69cab495007f2693effcdcfb","2026-03-30T17:36:21.888000","2026-03-30T17:36:21.888000","service_b73c5787-6990-41b0-9126-fd1a7f83d894","service+b73c5787-6990-41b0-9126-fd1a7f83d894@no-reply.base44.com","false"
"","","","","true","","Fernanda Rocha Duarte","","62995271413","957.965.331-34","","","","nandarrocha08@gmail.com","","Civil","","69cab4953a3e4d00345bc7e4","2026-03-30T17:36:21.660000","2026-03-30T17:36:21.660000","service_b73c5787-6990-41b0-9126-fd1a7f83d894","service+b73c5787-6990-41b0-9126-fd1a7f83d894@no-reply.base44.com","false"
"Condicionamento","2026-04-29","2003-02-05","59","true","","Elisa Parreira de Castro Alves","69f3539372bfccf5cae537b8","62993208783","054.015.761-96","","https://base44.app/api/apps/69c292e80a168be0a1fb9df3/files/mp/public/69c292e80a168be0a1fb9df3/0128d23a7_WhatsAppImage2026-05-26at84640AM.jpeg","","elisa.pdca@gmail.com","169","Civil","","69cab4958987e567777aa8e9","2026-03-30T17:36:21.451000","2026-05-26T11:47:39.063000","service_b73c5787-6990-41b0-9126-fd1a7f83d894","service+b73c5787-6990-41b0-9126-fd1a7f83d894@no-reply.base44.com","false"
"","2026-05-04","1974-05-05","","true","","Juliana Alves Pires Dutra","69fc8735d20f1d73322be178","62999245812","633.553.701-00","","https://base44.app/api/apps/69c292e80a168be0a1fb9df3/files/mp/public/69c292e80a168be0a1fb9df3/ee2beb83f_WhatsAppImage2026-06-22at145414.jpeg","","julianavitor@gmail.com","","Civil","","69cab495a04e25e25f528ed8","2026-03-30T17:36:21.252000","2026-06-22T17:55:56.795000","service_b73c5787-6990-41b0-9126-fd1a7f83d894","service+b73c5787-6990-41b0-9126-fd1a7f83d894@no-reply.base44.com","false"
"","2026-04-28","1998-04-13","","true","","Amanda Kele Rodrigues","6a10397e24c24f2be15b66d6","62984905812","038.209.221-05","","https://base44.app/api/apps/69c292e80a168be0a1fb9df3/files/mp/public/69c292e80a168be0a1fb9df3/58e7e3aab_WhatsAppImage2026-05-27at145315.jpeg","","amandakelleyr@gmail.com","","Civil","","69cab49505c9d4dc04304c60","2026-03-30T17:36:21.054000","2026-05-27T17:53:42.570000","service_b73c5787-6990-41b0-9126-fd1a7f83d894","service+b73c5787-6990-41b0-9126-fd1a7f83d894@no-reply.base44.com","false"
"","","","","true","","Danila Ferreira de Paula Feitosa","","62991592005","905.185.001-87","","","","danilafpaula@gmail.com","","Civil","","69cab494a04e25e25f528ed7","2026-03-30T17:36:20.674000","2026-03-30T17:36:20.674000","service_b73c5787-6990-41b0-9126-fd1a7f83d894","service+b73c5787-6990-41b0-9126-fd1a7f83d894@no-reply.base44.com","false"
"","","","","true","","Marília da Silva Oliveira","","62981359666","005.534.011-30","","","","marilia7@gmail.com","","Civil","","69cab494c1c42a0056c3ec2b","2026-03-30T17:36:20.470000","2026-03-30T17:36:20.470000","service_b73c5787-6990-41b0-9126-fd1a7f83d894","service+b73c5787-6990-41b0-9126-fd1a7f83d894@no-reply.base44.com","false"
"","","","","true","","Luciana Fontoura Vitorino","","62995711414","011.313.311-17","","","","lucianavitorinof@gmail.com","","Civil","","69cab4940baa94f5defb6b46","2026-03-30T17:36:20.287000","2026-03-30T17:36:20.287000","service_b73c5787-6990-41b0-9126-fd1a7f83d894","service+b73c5787-6990-41b0-9126-fd1a7f83d894@no-reply.base44.com","false"
"","2026-04-30","1982-05-17","","true","","Dlana Muara Borges de Abreu Queiroz","69eb713451d23acd09316014","62982809847","980.136.291-04","","https://base44.app/api/apps/69c292e80a168be0a1fb9df3/files/mp/public/69c292e80a168be0a1fb9df3/56a871db5_1001518269.jpg","","dlanaborges@hotmail.com","","Civil","","69cab494cc4929491d41384d","2026-03-30T17:36:20.079000","2026-06-17T13:27:06.905000","service_b73c5787-6990-41b0-9126-fd1a7f83d894","service+b73c5787-6990-41b0-9126-fd1a7f83d894@no-reply.base44.com","false"
"","2026-01-26","1977-02-08","","true","","Jeferson Cardoso dos Santos","6a5687cdcdd7058ab7f6f9ee","62999897450","796.787.001-82","","","","jefersoncardoso.gyn@gmail.com","","Civil","","69cab493a3df2700b57f1b4d","2026-03-30T17:36:19.862000","2026-07-16T14:03:29.973000","service_b73c5787-6990-41b0-9126-fd1a7f83d894","service+b73c5787-6990-41b0-9126-fd1a7f83d894@no-reply.base44.com","false"
"Saúde e Bem-estar","2026-02-26","1998-05-23","75","true","","Ádina Lorraíne Souza da Silva Coêlho","69e8b3bb5dd93ff3b5be8375","62996248036","060.703.521-81","","https://base44.app/api/apps/69c292e80a168be0a1fb9df3/files/mp/public/69c292e80a168be0a1fb9df3/3a8315b9e_1000318239.jpg","","adinalorraine.bio@gmail.com","175","Civil","","69cab49326fbff187dc4d24d","2026-03-30T17:36:19.661000","2026-06-03T20:22:42.901000","service_b73c5787-6990-41b0-9126-fd1a7f83d894","service+b73c5787-6990-41b0-9126-fd1a7f83d894@no-reply.base44.com","false"
"","2026-04-17","1999-08-29","","true","","Thiago Marques Leão","69e8b3a39df58dcdca94d144","62982112603","755.910.221-20","","https://base44.app/api/apps/69c292e80a168be0a1fb9df3/files/mp/public/69c292e80a168be0a1fb9df3/365ffb647_image.jpg","","thiagomarquesleao@gmail.com","","Civil","","69cab49382a748187c66ec50","2026-03-30T17:36:19.439000","2026-05-29T19:10:55.565000","service_b73c5787-6990-41b0-9126-fd1a7f83d894","service+b73c5787-6990-41b0-9126-fd1a7f83d894@no-reply.base44.com","false"
"","","","","true","","Jarliane Guajajara Santos","","62982223095","079.018.093-61","","","","lianaguacom@gmail.com","","Civil","","69cab493891322eb46e67533","2026-03-30T17:36:19.268000","2026-03-30T17:36:19.268000","service_b73c5787-6990-41b0-9126-fd1a7f83d894","service+b73c5787-6990-41b0-9126-fd1a7f83d894@no-reply.base44.com","false"
"","","","","true","","Renata Rodrigues Arantes","","62999938742","706.990.201-82","","","","renataarantes64@gmail.com","","Civil","","69cab493e0a859e994ec6027","2026-03-30T17:36:19.037000","2026-03-30T17:36:19.037000","service_b73c5787-6990-41b0-9126-fd1a7f83d894","service+b73c5787-6990-41b0-9126-fd1a7f83d894@no-reply.base44.com","false"
"","","","","true","","Gabriela de Souza Braz","","62983259629","051.118.051-92","","","","braz.gabrielasouza@gmail.com","","Civil","","69cab49262a55b0c552f6484","2026-03-30T17:36:18.527000","2026-03-30T17:36:18.527000","service_b73c5787-6990-41b0-9126-fd1a7f83d894","service+b73c5787-6990-41b0-9126-fd1a7f83d894@no-reply.base44.com","false"
"","2026-04-22","1996-07-13","","true","","Jhulli Êmily Martins Nunes","69e8b3e6578c929cf94963e6","62991185595","702.690.511-20","","https://base44.app/api/apps/69c292e80a168be0a1fb9df3/files/mp/public/69c292e80a168be0a1fb9df3/2fe029f41_F0A246F4-50D1-4709-BA92-DAC87B9B873A-16715-00000554D4237BBC.jpeg","","jhulliemily2014@gmail.com","","Civil","","69cab48cce1c3df3215b2752","2026-03-30T17:36:12.680000","2026-05-26T11:44:21.779000","service_b73c5787-6990-41b0-9126-fd1a7f83d894","service+b73c5787-6990-41b0-9126-fd1a7f83d894@no-reply.base44.com","false"
"Saúde e Bem-estar","2026-03-13","1962-06-16","74","true","","Indiara Porfírio Ribeiro","69e8b3bf55bcfeb78675459e","62999090299","263.011.991-20","","https://base44.app/api/apps/69c292e80a168be0a1fb9df3/files/mp/public/69c292e80a168be0a1fb9df3/ccf8b330d_image.jpg","","indiarajujuba@gmail.com","166","Civil","","69cab48c17c5690cf3d30c6d","2026-03-30T17:36:12.426000","2026-05-29T09:35:43.557000","service_b73c5787-6990-41b0-9126-fd1a7f83d894","service+b73c5787-6990-41b0-9126-fd1a7f83d894@no-reply.base44.com","false"
"","","","","true","","Nayana Moara Borges Queiroz","","62982104571","703.770.361-37","","","","naymoara21@gmail.com","","Civil","","69cab48c4a0411830b859a21","2026-03-30T17:36:12.216000","2026-03-30T17:36:12.216000","service_b73c5787-6990-41b0-9126-fd1a7f83d894","service+b73c5787-6990-41b0-9126-fd1a7f83d894@no-reply.base44.com","false"
"","","","","true","","Reila Cristina de Morais Silva","","62993607242","716.373.791-29","","","","reilamorais3@gmail.com","","Civil","","69cab48b73068fc8f2cb2b5e","2026-03-30T17:36:11.994000","2026-03-30T17:36:11.994000","service_b73c5787-6990-41b0-9126-fd1a7f83d894","service+b73c5787-6990-41b0-9126-fd1a7f83d894@no-reply.base44.com","false"
"","2026-03-18","1983-06-10","","true","","Sallyan Vinhadeli Vasconcelos","69f1fc7d5180372f8b56f510","981322525","374.374.701-44","","https://base44.app/api/apps/69c292e80a168be0a1fb9df3/files/mp/public/69c292e80a168be0a1fb9df3/7f2101e2e_image.jpg","","sallyanv@gmail.com","","Civil","","69cab48b4ae3b7f6a68fd706","2026-03-30T17:36:11.785000","2026-05-28T11:11:44.261000","service_b73c5787-6990-41b0-9126-fd1a7f83d894","service+b73c5787-6990-41b0-9126-fd1a7f83d894@no-reply.base44.com","false"
"Condicionamento","2026-04-28","1989-10-19","50","true","","Nádya de Sá Almeida Costa Silva","69f09cc40b09eba29a789e8a","62984104591","028.746.981-64","","https://base44.app/api/apps/69c292e80a168be0a1fb9df3/files/mp/public/69c292e80a168be0a1fb9df3/dbbdc09e0_Foto2.JPG","","nadya.silva@goias.gov.br","160","Civil","","69cab48b36611447155e197c","2026-03-30T17:36:11.571000","2026-05-25T17:08:19.381000","service_b73c5787-6990-41b0-9126-fd1a7f83d894","service+b73c5787-6990-41b0-9126-fd1a7f83d894@no-reply.base44.com","false"
"","2026-03-13","1971-11-03","","true","","Maria dos Reis Pereira Santos","69f0abbe8fef09ddc7cda46c","62996752031","605.443.501-97","","https://base44.app/api/apps/69c292e80a168be0a1fb9df3/files/mp/public/69c292e80a168be0a1fb9df3/43fc6a1fe_WhatsAppImage2026-05-29at0914252.jpeg","","maria.rpsantos@goias.gov.br","","Civil","","69cab48b68d464d95240f964","2026-03-30T17:36:11.366000","2026-05-29T12:20:40.728000","service_b73c5787-6990-41b0-9126-fd1a7f83d894","service+b73c5787-6990-41b0-9126-fd1a7f83d894@no-reply.base44.com","false"
"","","","","true","","Karla Gracielle dos Passos Bueno","","62983031234","950.435.001-15","","","","karlabuenobrasil@gmail.com","","Civil","","69cab48aa17506f70c6237bf","2026-03-30T17:36:10.926000","2026-03-30T17:36:10.926000","service_b73c5787-6990-41b0-9126-fd1a7f83d894","service+b73c5787-6990-41b0-9126-fd1a7f83d894@no-reply.base44.com","false"
"","","","","true","","Sheilla Inacio Geraes Leao","","62983149010","857.593.091-53","","","","sheillageraes@gmail.com","","Civil","","69cab489e6e1052ce52e698a","2026-03-30T17:36:09.963000","2026-03-30T17:36:09.963000","service_b73c5787-6990-41b0-9126-fd1a7f83d894","service+b73c5787-6990-41b0-9126-fd1a7f83d894@no-reply.base44.com","false"
"","","","","true","","Eduardo Maia Facchini","","99992290249","623.691.943-75","","","","eduardo.facchini81@goias.gov.br","","Civil","","69cab489e2406c3364a5c7b0","2026-03-30T17:36:09.351000","2026-03-30T17:36:09.351000","service_b73c5787-6990-41b0-9126-fd1a7f83d894","service+b73c5787-6990-41b0-9126-fd1a7f83d894@no-reply.base44.com","false"
"","","","","true","","Joao Pedro Siqueira Fleury Gomide","","62984647835","018.147.511-14","","","","joaopedrogomide04@gmail.com","","Civil","","69cab489cf17471360df8bfa","2026-03-30T17:36:09.137000","2026-03-30T17:36:09.137000","service_b73c5787-6990-41b0-9126-fd1a7f83d894","service+b73c5787-6990-41b0-9126-fd1a7f83d894@no-reply.base44.com","false"
"Saúde e Bem-estar","2026-01-21","1974-01-19","68","true","","Joelma Maria Lopes","69fc8834a5e1e393ab79c311","62996260540","760.888.981-00","","https://base44.app/api/apps/69c292e80a168be0a1fb9df3/files/mp/public/69c292e80a168be0a1fb9df3/97733fee9_1000485747.jpg","","joelma.gomes@goias.gov.br","165","Civil","","69cab4862de13ff6fe9e683c","2026-03-30T17:36:06.136000","2026-05-27T11:09:02.816000","service_b73c5787-6990-41b0-9126-fd1a7f83d894","service+b73c5787-6990-41b0-9126-fd1a7f83d894@no-reply.base44.com","false"
"","","","","true","","Mauro Cesar Ramos","","62981882033","016.483.541-57","","","","mauro.ramos@goias.gov.br","","Civil","","69cab485c54c748b07566fec","2026-03-30T17:36:05.920000","2026-03-30T17:36:05.920000","service_b73c5787-6990-41b0-9126-fd1a7f83d894","service+b73c5787-6990-41b0-9126-fd1a7f83d894@no-reply.base44.com","false"
"","2026-04-28","1985-05-09","61.25","true","","Mariana Albino da Silva","69f1eb6197b49acac81ad46a","62996660293","025.813.711-88","","https://base44.app/api/apps/69c292e80a168be0a1fb9df3/files/mp/public/69c292e80a168be0a1fb9df3/564ed8bf2_WhatsAppImage2026-05-27at164411.jpeg","","mariana.albinosilva85@gmail.com","1.69","Civil","","69cab485b105230925053def","2026-03-30T17:36:05.731000","2026-05-27T19:45:56.531000","service_b73c5787-6990-41b0-9126-fd1a7f83d894","service+b73c5787-6990-41b0-9126-fd1a7f83d894@no-reply.base44.com","false"
"","2026-03-12","1971-06-14","","true","","Karla Correia Mendes","69f0ab75971b3976ef33a57d","62999903949","527.260.291-91","","https://base44.app/api/apps/69c292e80a168be0a1fb9df3/files/mp/public/69c292e80a168be0a1fb9df3/d4d3706c8_FOTOKARLA.png","","karla.mendes@goias.gov.br","","Civil","","69cab4850c384307831324d8","2026-03-30T17:36:05.531000","2026-05-26T11:55:48.345000","service_b73c5787-6990-41b0-9126-fd1a7f83d894","service+b73c5787-6990-41b0-9126-fd1a7f83d894@no-reply.base44.com","false"
"","","","","true","","Allany Lopes da Silva","","62985832755","707.910.351-74","","","","allanylopes1314@gmail.com","","Civil","","69cab4854a0411830b859a1d","2026-03-30T17:36:05.283000","2026-03-30T17:36:05.283000","service_b73c5787-6990-41b0-9126-fd1a7f83d894","service+b73c5787-6990-41b0-9126-fd1a7f83d894@no-reply.base44.com","false"
"Hipertrofia","2026-06-16","1979-03-14","","true","","Ligia Miranda Pellozo","6a32cd80208fb25cb8c86f69","62982422303","867.777.181-68","","https://base44.app/api/apps/69c292e80a168be0a1fb9df3/files/mp/public/69c292e80a168be0a1fb9df3/1214c0d4f_859afef8-99b6-48d0-9fe8-d47c1da1468b-1_all_33590.jpg","","ligiapellozo@gmail.com","","Civil","","69cab4852d16dfdf93d1cf6f","2026-03-30T17:36:05.076000","2026-06-20T12:36:32.194000","service_b73c5787-6990-41b0-9126-fd1a7f83d894","service+b73c5787-6990-41b0-9126-fd1a7f83d894@no-reply.base44.com","false"
"","","","","true","","Iasmym Alves Rodrigues","","62991192588","064.837.751-21","","","","iasmym2000.21@gmail.com","","Civil","","69cab484bc08a81b1194b0d9","2026-03-30T17:36:04.805000","2026-03-30T17:36:04.805000","service_b73c5787-6990-41b0-9126-fd1a7f83d894","service+b73c5787-6990-41b0-9126-fd1a7f83d894@no-reply.base44.com","false"
"Emagrecimento","2026-03-11","1980-10-06","75","true","","Laura Lula Ramos","69e8b3b1c23f02f059fbe05f","62982748059","727.931.471-68","","https://base44.app/api/apps/69c292e80a168be0a1fb9df3/files/mp/public/69c292e80a168be0a1fb9df3/274c3abbb_1000654588.jpg","","lauralular@gmail.com","1.7","Civil","","69cab4845646d7497cb9aa56","2026-03-30T17:36:04.603000","2026-05-26T12:20:20.273000","service_b73c5787-6990-41b0-9126-fd1a7f83d894","service+b73c5787-6990-41b0-9126-fd1a7f83d894@no-reply.base44.com","false"
"Emagrecimento","2026-05-26","2001-05-12","62","true","","Keiliane dos Santos Silva","69e8b410c23f02f059fbe081","62981952010","707.800.181-84","","https://base44.app/api/apps/69c292e80a168be0a1fb9df3/files/mp/public/69c292e80a168be0a1fb9df3/eb6ba17b0_FullSizeRender.jpeg","","keilineker@gmail.com","1.58","Civil","","69cab4841ce56b674d36384d","2026-03-30T17:36:04.332000","2026-06-18T10:57:42.780000","service_b73c5787-6990-41b0-9126-fd1a7f83d894","service+b73c5787-6990-41b0-9126-fd1a7f83d894@no-reply.base44.com","false"
"Emagrecimento","2026-03-25","2005-01-16","63","true","","Mel Cardoso Souza","69e8b3e718a06dc553782bd2","62982826021","075.108.201-54","","https://base44.app/api/apps/69c292e80a168be0a1fb9df3/files/mp/public/69c292e80a168be0a1fb9df3/a31e85d2c_D6A0AEEC-703D-4B8F-87D7-80A6670E3971.jpeg","","mel2005cardoso@gmail.com","1.58","Civil","","69cab4844ae3b7f6a68fd705","2026-03-30T17:36:04.144000","2026-05-26T13:16:25.375000","service_b73c5787-6990-41b0-9126-fd1a7f83d894","service+b73c5787-6990-41b0-9126-fd1a7f83d894@no-reply.base44.com","false"
"Hipertrofia","2026-04-24","1995-02-16","56.5","true","","Raynna Pereira Neves Barros","69f0aa040009751ec470fa8b","62993383837","701.211.821-00","","https://base44.app/api/apps/69c292e80a168be0a1fb9df3/files/mp/public/69c292e80a168be0a1fb9df3/8771962a9_IMG_8511.jpeg","","nevesraynna@gmail.com","1.54","Civil","","69cab483bcb9efeb569c67e1","2026-03-30T17:36:03.900000","2026-05-27T20:15:09.358000","service_b73c5787-6990-41b0-9126-fd1a7f83d894","service+b73c5787-6990-41b0-9126-fd1a7f83d894@no-reply.base44.com","false"
"Força","2026-06-17","1994-05-14","70","true","","Ana Gabriela Azevedo de Carvalho","6a32dd64fa8afd91fe1039d0","62994698185","042.318.711-24","","https://base44.app/api/apps/69c292e80a168be0a1fb9df3/files/mp/public/69c292e80a168be0a1fb9df3/efd2ba712_1000439612.jpg","","gabyangeel@hotmail.com","","Civil","","69cab48362078b73df941f5f","2026-03-30T17:36:03.683000","2026-06-18T23:31:39.160000","service_b73c5787-6990-41b0-9126-fd1a7f83d894","service+b73c5787-6990-41b0-9126-fd1a7f83d894@no-reply.base44.com","false"
"Emagrecimento","2026-06-09","2000-10-31","","true","","Geovana Monteiro da Silva","69ec0f73c400e529d8b7c8bb","62994701310","052.426.102-47","","https://base44.app/api/apps/69c292e80a168be0a1fb9df3/files/mp/public/69c292e80a168be0a1fb9df3/d7670e521_E3B3D421-04CF-4514-860A-B359D490596E.jpeg","","geovanamts02@gmail.com","","Civil","","69cab483f6786b7148f4c689","2026-03-30T17:36:03.470000","2026-06-11T15:26:30.234000","service_b73c5787-6990-41b0-9126-fd1a7f83d894","service+b73c5787-6990-41b0-9126-fd1a7f83d894@no-reply.base44.com","false"
"Hipertrofia","2026-06-16","2006-09-16","","true","","Inglyd da Paz Ribeiro","6a3979a6e675b117e5394175","62992424397","100.846.471-67","","https://base44.app/api/apps/69c292e80a168be0a1fb9df3/files/mp/public/69c292e80a168be0a1fb9df3/eeda506e7_IMG_4510.png","","inglyd26@gmail.com","","Civil","","69cab4833d652cdad2226c29","2026-03-30T17:36:03.218000","2026-06-22T18:41:24.014000","service_b73c5787-6990-41b0-9126-fd1a7f83d894","service+b73c5787-6990-41b0-9126-fd1a7f83d894@no-reply.base44.com","false"
"","2026-05-21","2003-04-12","","true","","Rayanny Christinny da Silva Carmo","6a319335edfe428978aac2ad","62992327536","709.360.021-23","","https://base44.app/api/apps/69c292e80a168be0a1fb9df3/files/mp/public/69c292e80a168be0a1fb9df3/0874e2904_IMG_0098.jpeg","","rayannysilva18@icloud.com","","Civil","","69cab483e6e1052ce52e6988","2026-03-30T17:36:03.008000","2026-06-17T13:05:11.102000","service_b73c5787-6990-41b0-9126-fd1a7f83d894","service+b73c5787-6990-41b0-9126-fd1a7f83d894@no-reply.base44.com","false"
"","","","","true","","Geovanna Ribeiro Costa","69e8b3dd874d2bd5ad2a9467","62994840739","712.306.441-05","","","","gsampaio23costa@gmail.com","","Civil","","69cab48283683d022a0666d0","2026-03-30T17:36:02.755000","2026-04-22T13:54:08.567000","service_b73c5787-6990-41b0-9126-fd1a7f83d894","service+b73c5787-6990-41b0-9126-fd1a7f83d894@no-reply.base44.com","false"
"","","","","true","","Milton Antonio Ananias Junior","","","018.710.541-33","","","","","","Civil","","69ca7a6461513c641d236fe5","2026-03-30T13:28:04.716000","2026-03-30T13:28:22.460000","69c292e80a168be0a1fb9df4","funcionalpplt@gmail.com","false"
"","","","","true","","João Henrique Freitas Braga","69ca6fe7eb3d71695e875380","","024.972.651-35","","","","joaohfb3@hotmail.com","","Militar","","69ca6e566a70c7e41eb651da","2026-03-30T12:36:38.116000","2026-03-30T12:46:04.824000","69c292e80a168be0a1fb9df4","funcionalpplt@gmail.com","false"
"Hipertrofia","","","","true","","José De Oliveira Zenha Neto","69c6ded079c5ebac1d0a1372","","023.457.341-40","","","SECAMI","","","Militar","","69c6da92c5a0e65411dd4335","2026-03-27T19:29:22.158000","2026-03-30T17:25:12.269000","69c292e80a168be0a1fb9df4","funcionalpplt@gmail.com","false"
"Hipertrofia","2026-03-16","1985-12-10","81","true","135711","Dieisson Pires Guimarães","69c3e7b8fcf6be38975061f8","62982305861","009.026.811-33","","https://base44.app/api/apps/69c292e80a168be0a1fb9df3/files/mp/public/69c292e80a168be0a1fb9df3/142db9e00_SelfieDieisson1.jpeg","Secretaria de Estado da Casa Militar","dpiresguimaraes@gmail.com","1.71","Militar","","69c3e94d5d60f416ce565c4e","2026-03-25T13:55:25.373000","2026-04-24T18:14:35.083000","69c292e80a168be0a1fb9df4","funcionalpplt@gmail.com","false"
"Condicionamento","2026-03-10","1983-05-26","88","true","adminadmin","Rafael Londe Hagen","69c3d34b532ba9674f7d28c5","62984320288","005.386.291-00","123","https://base44.app/api/apps/69c292e80a168be0a1fb9df3/files/mp/public/69c292e80a168be0a1fb9df3/0381418e3_17794541328558842790139287846689.jpg","Secretaria de Estado da Casa Militar","rafaelhagen@hotmail.com","1.86","Civil","2554","69c2d3ee87aec14ce3dd0d68","2026-03-24T18:11:58.593000","2026-05-22T12:49:15.610000","69c292e80a168be0a1fb9df4","funcionalpplt@gmail.com","false"