"date","completed_exercises","workout_plan_id","sheet_label","exercise_loads","student_id","completed","id","created_date","updated_date","created_by_id","created_by","is_sample"
"2026-07-16","[""Cadeira  Abdutora"",""Leg press"",""Mesa flexora"",""Puxada Alta"",""Barra fixa supinada (chin up)"",""Tríceps corda"",""Tríceps com barra reta ou W"",""Cadeira extensora"",""Prancha""]","6a14c020b3786a4a7cfaa293","A","[{""load"":""25"",""exercise_name"":""Cadeira  Abdutora""},{""load"":""40"",""exercise_name"":""Leg press""},{""load"":""15"",""exercise_name"":""Mesa flexora""},{""load"":""15"",""exercise_name"":""Puxada Alta""},{""load"":""42"",""exercise_name"":""Barra fixa supinada (chin up)""},{""load"":""5"",""exercise_name"":""Tríceps corda""},{""load"":""5"",""exercise_name"":""Tríceps com barra reta ou W""},{""load"":""20"",""exercise_name"":""Cadeira extensora""},{""load"":""60"",""exercise_name"":""Prancha""}]","69cab498f494b0e0a3a2252c","true","6a594dd9b8edd1886be7e0a3","2026-07-16T21:32:09.326000","2026-07-16T22:18:16.187000","69e8b3e3ed8dfc592768740f","sophialannah123@gmail.com","false"
"2026-07-16","[""Agachamento hack"",""Levantamento terra sumô"",""Leg press"",""Cadeira extensora"",""Mesa flexora"",""Afundo"",""Prancha""]","6a175518c3a8019dccebfe4c","C","[{""load"":""14"",""exercise_name"":""Agachamento hack""},{""load"":""14"",""exercise_name"":""Levantamento terra sumô""},{""load"":""17,5"",""exercise_name"":""Leg press""},{""load"":""17,5"",""exercise_name"":""Cadeira extensora""},{""load"":""30"",""exercise_name"":""Mesa flexora""}]","69cab5528917bc7d06ec9f36","true","6a593fa292b82695a416b783","2026-07-16T20:31:30.536000","2026-07-16T21:01:24.141000","69e8b3c510a6ab1ad3da4cd2","caiooliveira92@gmail.com","false"
"2026-07-16","[""Barra fixa supinada (chin up)"",""Rosca simultânea"",""Encolhimento"",""Rosca martelo"",""Crucifixo invertido com halteres"",""Rosca scott"",""Elevação lateral inclinada"",""Prancha""]","6a0cbd67da952ffe4068a9d1","B","[{""load"":""30"",""exercise_name"":""Barra fixa supinada (chin up)""},{""load"":""10"",""exercise_name"":""Rosca simultânea""},{""load"":""10"",""exercise_name"":""Encolhimento""},{""load"":""10"",""exercise_name"":""Rosca martelo""},{""load"":""10"",""exercise_name"":""Crucifixo invertido com halteres""},{""load"":""10"",""exercise_name"":""Rosca scott""},{""load"":""5"",""exercise_name"":""Elevação lateral inclinada""},{""load"":""0"",""exercise_name"":""Prancha""}]","69cab5409b141921d6a9baca","true","6a592fddf7cd96a05306c88c","2026-07-16T19:24:13.623000","2026-07-16T19:56:19.250000","6a022e0e6d475b0b2334af8e","brenuovrb@gmail.com","false"
"2026-07-16","[""Voador ou peck deck"",""Leg press"",""Agachamento hack"",""cadeira adutora"",""Cadeira  Abdutora"",""cadeira flexora"",""Supino máquina"",""Tríceps com barra reta ou W"",""Tríceps corda"",""Prancha""]","6a3aff38688c29e89bf134fa","A","[]","69cab533705403585c687b9e","true","6a58ffba373dd7afbc24cec9","2026-07-16T15:58:50.191000","2026-07-16T16:21:23.445000","6a1edae225e1f39bf869001a","andressakoliveira.tur@gmail.com","false"
"2026-07-15","[""Cadeira  Abdutora"",""Mesa flexora"",""Cadeira extensora"",""Leg press"",""Tríceps corda"",""Tríceps com barra reta ou W"",""Puxada Alta"",""Barra fixa supinada (chin up)"",""Prancha""]","6a14c020b3786a4a7cfaa293","A","[{""load"":""30"",""exercise_name"":""Cadeira  Abdutora""},{""load"":""15"",""exercise_name"":""Mesa flexora""},{""load"":""25"",""exercise_name"":""Cadeira extensora""},{""load"":""40"",""exercise_name"":""Leg press""},{""load"":""5"",""exercise_name"":""Tríceps corda""},{""load"":""5"",""exercise_name"":""Tríceps com barra reta ou W""},{""load"":""15"",""exercise_name"":""Puxada Alta""},{""load"":""42"",""exercise_name"":""Barra fixa supinada (chin up)""},{""load"":""60"",""exercise_name"":""Prancha""}]","69cab498f494b0e0a3a2252c","true","6a57f9a0d555f6f5e7adeeae","2026-07-15T21:20:32.170000","2026-07-15T22:02:01.883000","69e8b3e3ed8dfc592768740f","sophialannah123@gmail.com","false"
"2026-07-15","[""Agachamento sumô"",""Mesa flexora"",""Cadeira  Abdutora"",""Elevação de panturrilhas no leg press"",""Prancha"",""Rosca alternada"",""Pull down"",""Rosca direta com barra reta ou W"",""Puxada Alta"",""Stiff""]","6a3b008e5918672192eebf9e","B","[{""load"":""30"",""exercise_name"":""Cadeira  Abdutora""}]","69cab533705403585c687b9e","true","6a57f51e413f90c71f5f0073","2026-07-15T21:01:18.588000","2026-07-15T21:04:42.829000","6a1edae225e1f39bf869001a","andressakoliveira.tur@gmail.com","false"
"2026-07-15","[""Supino máquina"",""Crucifixo"",""Tríceps com barra reta ou W"",""Voador ou peck deck"",""ABDOMINAL TRADICIONAL"",""Paralelas"",""Tríceps banco""]","6a0f6799d8abb1b6c2ca0d8f","B","[{""load"":""25"",""exercise_name"":""Supino máquina""},{""load"":""2,5"",""exercise_name"":""Crucifixo""},{""load"":""12,5"",""exercise_name"":""Tríceps com barra reta ou W""},{""load"":""12,5"",""exercise_name"":""Voador ou peck deck""},{""load"":""5"",""exercise_name"":""ABDOMINAL TRADICIONAL""}]","69cab5528917bc7d06ec9f36","true","6a57ea82d816660a8ea82b91","2026-07-15T20:16:02.901000","2026-07-15T21:09:19.971000","69e8b3c510a6ab1ad3da4cd2","caiooliveira92@gmail.com","false"
"2026-07-15","[""Elevação de panturrilhas no leg press"",""cadeira flexora"",""Cadeira  Abdutora"",""Supino máquina"",""Tríceps com barra reta ou W"",""Agachamento sumô"",""Voador ou peck deck"",""Tríceps francês""]","6a46c7540ec257ea5e754fd2","B","[{""load"":""50"",""exercise_name"":""Elevação de panturrilhas no leg press""},{""load"":""25"",""exercise_name"":""cadeira flexora""},{""load"":""30"",""exercise_name"":""Cadeira  Abdutora""},{""load"":""15"",""exercise_name"":""Supino máquina""},{""load"":""7,5"",""exercise_name"":""Tríceps com barra reta ou W""},{""load"":""4"",""exercise_name"":""Agachamento sumô""},{""load"":""5"",""exercise_name"":""Voador ou peck deck""},{""load"":""4"",""exercise_name"":""Tríceps francês""}]","69cab4b05e5de2d972aae6a0","false","6a57e07b88ec2eb03175349c","2026-07-15T19:33:15.729000","2026-07-15T20:11:28.584000","6a2aaf023a2bb1378a22db13","clarissasmelo@gmail.com","false"
"2026-07-14","[""Mesa flexora"",""Leg press"",""Elevação lateral com halteres"",""Stiff"",""Afundo"",""Remada alta com halteres""]","6a0ce1e351b602fb5330e92e","C","[{""load"":""25"",""exercise_name"":""Mesa flexora""},{""load"":""80"",""exercise_name"":""Leg press""}]","69cab51d8bf415ccbaf6955b","false","6a56bb2c06b423c5a43a7854","2026-07-14T22:41:48.261000","2026-07-14T22:42:27.966000","69f8d5070e6979860429cfd6","guisenna73@gmail.com","false"
"2026-07-14","[""Leg press"",""Tríceps francês"",""Cadeira  Abdutora"",""cadeira adutora"",""Passada lateral"",""Tríceps com barra reta ou W"",""Supino máquina"",""Voador ou peck deck"",""ABDOMINAL REMADOR""]","6a286fecd256cedb3be7523e","B","[{""load"":""40"",""exercise_name"":""Leg press""},{""load"":""3"",""exercise_name"":""Tríceps francês""},{""load"":""30"",""exercise_name"":""Cadeira  Abdutora""},{""load"":""25"",""exercise_name"":""cadeira adutora""},{""load"":""60"",""exercise_name"":""Passada lateral""},{""load"":""5"",""exercise_name"":""Tríceps com barra reta ou W""},{""load"":""5"",""exercise_name"":""Supino máquina""},{""load"":""5"",""exercise_name"":""Voador ou peck deck""},{""load"":""60"",""exercise_name"":""ABDOMINAL REMADOR""}]","69cab498f494b0e0a3a2252c","true","6a56a8bd93a43ec9743e8edc","2026-07-14T21:23:09.189000","2026-07-14T22:04:10.935000","69e8b3e3ed8dfc592768740f","sophialannah123@gmail.com","false"
"2026-07-14","[""Leg press"",""Cadeira extensora"",""Cadeira  Abdutora"",""Supino máquina"",""Elevação de panturrilhas no leg press"",""Tríceps com barra reta ou W"",""Tríceps francês""]","6a1df87dd946b3789d7c0335","A","[{""load"":""40"",""exercise_name"":""Leg press""},{""load"":""25"",""exercise_name"":""Cadeira extensora""},{""load"":""35"",""exercise_name"":""Cadeira  Abdutora""},{""load"":""10"",""exercise_name"":""Supino máquina""},{""load"":""20"",""exercise_name"":""Elevação de panturrilhas no leg press""},{""load"":""7,5"",""exercise_name"":""Tríceps com barra reta ou W""},{""load"":""5"",""exercise_name"":""Tríceps francês""}]","6a15d57c344b691a4877ca97","false","6a56a8045eb6161775dc25c2","2026-07-14T21:20:04.277000","2026-07-14T21:40:30.459000","6a103a6242a03e3f6e05eccd","marilia7@gmail.com","false"
"2026-07-14","[""ABDOMINAL TRADICIONAL"",""Leg press"",""Agachamento livre"",""Rosca direta com barra reta ou W"",""Rosca alternada"",""Puxada Alta"",""Voador invertido"",""Elevação de panturrilhas sentado na máquina"",""Cadeira  Abdutora"",""cadeira adutora""]","6a33052003a8a0b276fbe36c","A","[{""load"":""0"",""exercise_name"":""ABDOMINAL TRADICIONAL""},{""load"":""50"",""exercise_name"":""Leg press""},{""load"":""20"",""exercise_name"":""Agachamento livre""},{""load"":""5"",""exercise_name"":""Rosca direta com barra reta ou W""},{""load"":""3"",""exercise_name"":""Rosca alternada""},{""load"":""20"",""exercise_name"":""Puxada Alta""},{""load"":""30"",""exercise_name"":""Voador invertido""},{""load"":""30"",""exercise_name"":""Elevação de panturrilhas sentado na máquina""},{""load"":""40"",""exercise_name"":""Cadeira  Abdutora""},{""load"":""40"",""exercise_name"":""cadeira adutora""}]","6a2ab495dd0a4b30a31fc926","true","6a569f07c4adb559ef3beb73","2026-07-14T20:41:43.541000","2026-07-14T20:55:47.520000","6a16e530d523f85a83c52aa9","lilicabiologa17@gmail.com","false"
"2026-07-14","[""Rosca martelo"",""cadeira flexora"",""Cadeira extensora"",""cadeira adutora"",""Puxada Alta"",""Barra fixa supinada (chin up)"",""Rosca direta com barra reta ou W"",""ABDOMINAL INFRA""]","6a46c7540ec257ea5e754fd2","B","[{""load"":""35"",""exercise_name"":""Cadeira  Abdutora""},{""load"":""3"",""exercise_name"":""Rosca martelo""},{""load"":""30"",""exercise_name"":""cadeira flexora""},{""load"":""25"",""exercise_name"":""Cadeira extensora""},{""load"":""30"",""exercise_name"":""cadeira adutora""},{""load"":""15"",""exercise_name"":""Puxada Alta""},{""load"":""25"",""exercise_name"":""Barra fixa supinada (chin up)""},{""load"":""7,5"",""exercise_name"":""Rosca direta com barra reta ou W""},{""load"":""0"",""exercise_name"":""ABDOMINAL INFRA""}]","69cab4b05e5de2d972aae6a0","false","6a568a432f215f102a21e529","2026-07-14T19:13:07.454000","2026-07-14T19:46:26.840000","6a2aaf023a2bb1378a22db13","clarissasmelo@gmail.com","false"
"2026-07-14","[""Cadeira  Abdutora"",""Agachamento sumô"",""Mesa flexora"",""Stiff"",""Puxada Alta"",""Elevação de panturrilhas no leg press"",""Rosca direta com barra reta ou W"",""Rosca alternada"",""Pull down"",""Prancha""]","6a3b008e5918672192eebf9e","B","[]","69cab533705403585c687b9e","true","6a565ada926574727e0064a3","2026-07-14T15:50:50.595000","2026-07-14T16:13:44.969000","6a1edae225e1f39bf869001a","andressakoliveira.tur@gmail.com","false"
"2026-07-13","[""Puxada Alta"",""Pull down"",""Rosca alternada"",""Rosca direta na polia"",""Voador invertido"",""Rosca martelo"",""Barra fixa supinada (chin up)"",""ABDOMINAL INFRA""]","6a0ce0cc9688df98efb0d06d","A","[{""load"":""40"",""exercise_name"":""Puxada Alta""},{""load"":""12,5"",""exercise_name"":""Pull down""},{""load"":""9"",""exercise_name"":""Rosca alternada""},{""load"":""12,5"",""exercise_name"":""Rosca direta na polia""},{""load"":""12"",""exercise_name"":""Voador invertido""},{""load"":""9"",""exercise_name"":""Rosca martelo""},{""load"":""85"",""exercise_name"":""Barra fixa supinada (chin up)""},{""load"":""80"",""exercise_name"":""ABDOMINAL INFRA""}]","69cab51d8bf415ccbaf6955b","true","6a555edf7674f6924d697aba","2026-07-13T21:55:43.371000","2026-07-13T22:21:51.608000","69f8d5070e6979860429cfd6","guisenna73@gmail.com","false"
"2026-07-13","[""Leg press"",""Mesa flexora"",""Cadeira  Abdutora"",""Cadeira extensora"",""Barra fixa supinada (chin up)"",""Puxada Alta"",""Tríceps com barra reta ou W"",""Tríceps corda""]","6a14c020b3786a4a7cfaa293","A","[{""load"":""40"",""exercise_name"":""Leg press""},{""load"":""10"",""exercise_name"":""Mesa flexora""},{""load"":""35"",""exercise_name"":""Cadeira  Abdutora""},{""load"":""25"",""exercise_name"":""Cadeira extensora""},{""load"":""42"",""exercise_name"":""Barra fixa supinada (chin up)""},{""load"":""15"",""exercise_name"":""Puxada Alta""},{""load"":""5"",""exercise_name"":""Tríceps com barra reta ou W""},{""load"":""5"",""exercise_name"":""Tríceps corda""}]","69cab498f494b0e0a3a2252c","false","6a555628215407de69ec5818","2026-07-13T21:18:32.812000","2026-07-13T22:09:03.124000","69e8b3e3ed8dfc592768740f","sophialannah123@gmail.com","false"
"2026-07-13","[""Prancha"",""Tríceps corda"",""Voador ou peck deck"",""Tríceps com barra reta ou W"",""Supino máquina"",""cadeira adutora"",""Cadeira  Abdutora"",""cadeira flexora"",""Leg press"",""Agachamento hack""]","6a3aff38688c29e89bf134fa","A","[{""load"":""25"",""exercise_name"":""cadeira adutora""},{""load"":""35"",""exercise_name"":""Cadeira  Abdutora""},{""load"":""25"",""exercise_name"":""cadeira flexora""},{""load"":""40"",""exercise_name"":""Leg press""}]","69cab533705403585c687b9e","true","6a5551205e2dbf54a6927853","2026-07-13T20:57:04.580000","2026-07-13T21:17:15.790000","6a1edae225e1f39bf869001a","andressakoliveira.tur@gmail.com","false"
"2026-07-13","[""Pull down"",""Rosca direta na polia"",""Puxada Alta"",""Encolhimento"",""Elevação lateral com halteres"",""Elevação frontal com halteres"",""Rosca alternada"",""ABDOMINAL TRADICIONAL""]","6a0cc35ba19566f147b9f109","A","[{""load"":""15"",""exercise_name"":""Pull down""},{""load"":""10"",""exercise_name"":""Rosca direta na polia""},{""load"":""30"",""exercise_name"":""Puxada Alta""},{""load"":""5"",""exercise_name"":""Encolhimento""},{""load"":""5"",""exercise_name"":""Elevação lateral com halteres""},{""load"":""4"",""exercise_name"":""Elevação frontal com halteres""},{""load"":""4"",""exercise_name"":""Rosca alternada""}]","69cab5528917bc7d06ec9f36","true","6a5546ed13e7688bb8d8c88c","2026-07-13T20:13:33.848000","2026-07-13T21:15:55.413000","69e8b3c510a6ab1ad3da4cd2","caiooliveira92@gmail.com","false"
"2026-07-13","[""Elevação de panturrilhas no leg press"",""cadeira flexora"",""Agachamento sumô"",""Supino máquina""]","6a46c7540ec257ea5e754fd2","B","[{""load"":""50"",""exercise_name"":""Elevação de panturrilhas no leg press""},{""load"":""15"",""exercise_name"":""cadeira flexora""},{""load"":""4"",""exercise_name"":""Agachamento sumô""},{""load"":""15"",""exercise_name"":""Supino máquina""}]","69cab4b05e5de2d972aae6a0","false","6a553a3c84025f752d7d1ee1","2026-07-13T19:19:24.923000","2026-07-13T19:45:28.051000","6a2aaf023a2bb1378a22db13","clarissasmelo@gmail.com","false"
"2026-07-11","[""Puxada Alta"",""Remada baixa""]","69ec127a2c132ca320edbe3e","B","[{""load"":""80"",""exercise_name"":""Puxada Alta""},{""load"":""80"",""exercise_name"":""Remada baixa""}]","69c2d3ee87aec14ce3dd0d68","false","6a525678e74fd6c876db21e4","2026-07-11T14:43:04.008000","2026-07-11T14:49:20.496000","69c3d34b532ba9674f7d28c5","rafaelhagen@hotmail.com","false"
"2026-07-10","[""Agachamento livre"",""Leg press"",""Mesa flexora"",""Elevação de panturrilhas em pé na máquina"",""Cadeira extensora""]","69ec1305a6be6686d86d128a","C","[{""load"":""30"",""exercise_name"":""Agachamento livre""},{""load"":""80"",""exercise_name"":""Leg press""},{""load"":""90"",""exercise_name"":""Mesa flexora""},{""load"":""30"",""exercise_name"":""Elevação de panturrilhas em pé na máquina""},{""load"":""80"",""exercise_name"":""Cadeira extensora""}]","69c2d3ee87aec14ce3dd0d68","true","6a516ebb6887accc351ed0f6","2026-07-10T22:14:19.159000","2026-07-10T22:56:23.784000","69c3d34b532ba9674f7d28c5","rafaelhagen@hotmail.com","false"
"2026-07-10","[""cadeira adutora"",""Tríceps francês"",""Leg press"",""Cadeira  Abdutora"",""Tríceps com barra reta ou W"",""Voador ou peck deck"",""Supino máquina"",""ABDOMINAL REMADOR"",""Passada lateral""]","6a286fecd256cedb3be7523e","B","[{""load"":""25"",""exercise_name"":""cadeira adutora""},{""load"":""3"",""exercise_name"":""Tríceps francês""},{""load"":""40"",""exercise_name"":""Leg press""},{""load"":""25"",""exercise_name"":""Cadeira  Abdutora""},{""load"":""5"",""exercise_name"":""Tríceps com barra reta ou W""},{""load"":""2,5"",""exercise_name"":""Voador ou peck deck""},{""load"":""5"",""exercise_name"":""Supino máquina""},{""load"":""60"",""exercise_name"":""ABDOMINAL REMADOR""},{""load"":""0"",""exercise_name"":""Passada lateral""}]","69cab498f494b0e0a3a2252c","true","6a5161e4c4838ba2b2591439","2026-07-10T21:19:32.759000","2026-07-10T21:59:12.586000","69e8b3e3ed8dfc592768740f","sophialannah123@gmail.com","false"
"2026-07-10","[""Cadeira  Abdutora"",""Agachamento sumô"",""Mesa flexora"",""Stiff"",""Puxada Alta"",""Rosca direta com barra reta ou W"",""Pull down""]","6a35a9be2a7e4c613ce6397d","B","[{""load"":""20"",""exercise_name"":""Puxada Alta""}]","69cab5336d09f1ead4a603b5","false","6a515ec16a7d1adecbf64e71","2026-07-10T21:06:09.198000","2026-07-10T21:06:29.720000","69eb71414c5a3877ecd8a887","efmonteiro04@gmail.com","false"
"2026-07-10","[""Puxada Alta"",""Rosca direta com barra reta ou W"",""Pull down"",""Rosca alternada"",""Elevação de panturrilhas no leg press"",""Prancha"",""Stiff"",""Mesa flexora"",""Agachamento sumô"",""Cadeira  Abdutora""]","6a3b008e5918672192eebf9e","B","[{""load"":""25"",""exercise_name"":""Puxada Alta""},{""load"":""5"",""exercise_name"":""Rosca direta com barra reta ou W""}]","69cab533705403585c687b9e","true","6a515b432bd6aa0b89884782","2026-07-10T20:51:15.128000","2026-07-10T21:29:29.624000","6a1edae225e1f39bf869001a","andressakoliveira.tur@gmail.com","false"
"2026-07-10","[""Leg press"",""cadeira flexora"",""Cadeira extensora"",""cadeira adutora"",""Rosca martelo"",""Rosca direta com barra reta ou W"",""Puxada Alta"",""Barra fixa supinada (chin up)""]","6a3d90b09264b9f36f6418f7","A","[{""load"":""50"",""exercise_name"":""Leg press""},{""load"":""15"",""exercise_name"":""cadeira flexora""},{""load"":""15"",""exercise_name"":""Cadeira extensora""},{""load"":""25"",""exercise_name"":""cadeira adutora""},{""load"":""3"",""exercise_name"":""Rosca martelo""},{""load"":""7,5"",""exercise_name"":""Rosca direta com barra reta ou W""},{""load"":""20"",""exercise_name"":""Puxada Alta""},{""load"":""15"",""exercise_name"":""Barra fixa supinada (chin up)""}]","69cab4b05e5de2d972aae6a0","false","6a513981937355e32d75fb9d","2026-07-10T18:27:13.119000","2026-07-10T19:16:18.826000","6a2aaf023a2bb1378a22db13","clarissasmelo@gmail.com","false"
"2026-07-10","[""Agachamento hack"",""Leg press"",""Cadeira extensora"",""Mesa flexora"",""Elevação de panturrilhas em pé com o peso do corpo"",""Cadeira abdutora""]","69f9f9244f9c34a2bdeb6291","C","[{""load"":""0"",""exercise_name"":""Agachamento hack""},{""load"":""50"",""exercise_name"":""Leg press""},{""load"":""30"",""exercise_name"":""Cadeira extensora""},{""load"":""40"",""exercise_name"":""Mesa flexora""},{""load"":""0"",""exercise_name"":""Elevação de panturrilhas em pé com o peso do corpo""},{""load"":""55"",""exercise_name"":""Cadeira abdutora""}]","69cab53deddee6987dc1c800","true","6a50d2fa10235377e7287868","2026-07-10T11:09:46.473000","2026-07-10T11:25:28.627000","69e8b3dfc275cae65aee1aa2","morianmalburg@gmail.com","false"
"2026-07-09","[""Cadeira  Abdutora"",""Mesa flexora"",""Leg press"",""Cadeira extensora"",""Barra fixa supinada (chin up)"",""Tríceps corda"",""Tríceps com barra reta ou W""]","6a14c020b3786a4a7cfaa293","A","[{""load"":""15"",""exercise_name"":""Cadeira  Abdutora""},{""load"":""15"",""exercise_name"":""Mesa flexora""},{""load"":""30"",""exercise_name"":""Leg press""},{""load"":""20"",""exercise_name"":""Cadeira extensora""},{""load"":""42"",""exercise_name"":""Barra fixa supinada (chin up)""},{""load"":""5"",""exercise_name"":""Tríceps corda""},{""load"":""5"",""exercise_name"":""Tríceps com barra reta ou W""}]","69cab498f494b0e0a3a2252c","false","6a50108130f252fbdec7defb","2026-07-09T21:20:01.476000","2026-07-09T21:49:57.528000","69e8b3e3ed8dfc592768740f","sophialannah123@gmail.com","false"
"2026-07-09","[""Cadeira extensora"",""cadeira flexora"",""Leg press"",""Afundo"",""Tríceps francês"",""Tríceps com barra reta ou W"",""cadeira adutora"",""Supino máquina"",""Voador ou peck deck"",""ABDOMINAL INFRA""]","6a443a77bd3c211b96097f49","A","[{""load"":""25"",""exercise_name"":""Cadeira extensora""},{""load"":""25"",""exercise_name"":""cadeira flexora""},{""load"":""35"",""exercise_name"":""Leg press""},{""load"":""5"",""exercise_name"":""Tríceps francês""},{""load"":""5"",""exercise_name"":""Tríceps com barra reta ou W""},{""load"":""35"",""exercise_name"":""cadeira adutora""},{""load"":""5"",""exercise_name"":""Supino máquina""},{""load"":""35"",""exercise_name"":""Voador ou peck deck""},{""load"":""0"",""exercise_name"":""ABDOMINAL INFRA""}]","6a440c3c1a215e360855c18a","true","6a500a1fc5eaf29c8b9d0494","2026-07-09T20:52:47.234000","2026-07-09T21:19:20.626000","6a43b3e2a2881f5f82218f67","renata.b.lozano@gmail.com","false"
"2026-07-09","[""Tríceps banco"",""Supino máquina"",""Tríceps corda"",""Paralelas"",""Tríceps coice"",""Crucifixo"",""Tríceps com barra reta ou W"",""ABDOMINAL REMADOR""]","6a0ce1d10bae4ce105e647c5","B","[{""load"":""85"",""exercise_name"":""Tríceps banco""},{""load"":""25"",""exercise_name"":""Supino máquina""},{""load"":""12,5"",""exercise_name"":""Tríceps corda""},{""load"":""85"",""exercise_name"":""Paralelas""},{""load"":""10"",""exercise_name"":""Tríceps coice""},{""load"":""9"",""exercise_name"":""Crucifixo""},{""load"":""15"",""exercise_name"":""Tríceps com barra reta ou W""},{""load"":""10"",""exercise_name"":""ABDOMINAL REMADOR""}]","69cab51d8bf415ccbaf6955b","true","6a5008ed13de10981c3d1b8c","2026-07-09T20:47:41.880000","2026-07-09T21:12:09.097000","69f8d5070e6979860429cfd6","guisenna73@gmail.com","false"
"2026-07-09","[""Cadeira  Abdutora"",""Agachamento sumô"",""Supino máquina"",""Voador ou peck deck"",""Tríceps com barra reta ou W"",""Tríceps francês"",""Elevação de panturrilhas no leg press"",""ABDOMINAL TRADICIONAL""]","6a46c7540ec257ea5e754fd2","B","[{""load"":""30"",""exercise_name"":""Cadeira  Abdutora""},{""load"":""3"",""exercise_name"":""Agachamento sumô""},{""load"":""15"",""exercise_name"":""Supino máquina""},{""load"":""5"",""exercise_name"":""Voador ou peck deck""},{""load"":""10"",""exercise_name"":""Tríceps com barra reta ou W""},{""load"":""3"",""exercise_name"":""Tríceps francês""},{""load"":""50"",""exercise_name"":""Elevação de panturrilhas no leg press""}]","69cab4b05e5de2d972aae6a0","false","6a5006b90e60854c4a795130","2026-07-09T20:38:17.654000","2026-07-09T21:38:54.833000","6a2aaf023a2bb1378a22db13","clarissasmelo@gmail.com","false"
"2026-07-09","[""Leg press"",""Mesa flexora"",""cadeira adutora"",""Cadeira  Abdutora"",""Agachamento hack"",""Supino máquina"",""Tríceps com barra reta ou W"",""Voador ou peck deck"",""Tríceps corda"",""ABDOMINAL REMADOR""]","6a35a7e6d7d7b23c7e61b30c","A","[]","69cab5336d09f1ead4a603b5","true","6a4fc622073fd1cf1792483a","2026-07-09T16:02:42.527000","2026-07-09T16:21:57.744000","69eb71414c5a3877ecd8a887","efmonteiro04@gmail.com","false"
"2026-07-09","[""Prancha"",""Rosca alternada"",""Pull down"",""Rosca direta com barra reta ou W"",""Puxada Alta"",""Cadeira  Abdutora"",""Elevação de panturrilhas no leg press"",""Mesa flexora"",""Stiff"",""Agachamento sumô""]","6a3b008e5918672192eebf9e","B","[{""load"":""30"",""exercise_name"":""Cadeira  Abdutora""},{""load"":""20"",""exercise_name"":""Elevação de panturrilhas no leg press""},{""load"":""15"",""exercise_name"":""Mesa flexora""}]","69cab533705403585c687b9e","true","6a4fc2fc37cd7438ab8f3348","2026-07-09T15:49:16.770000","2026-07-09T16:11:46.663000","6a1edae225e1f39bf869001a","andressakoliveira.tur@gmail.com","false"
"2026-07-09","[""Puxada Alta"",""Remada serrote"",""Rosca arrastada (drag curl)"",""Rosca alternada"",""Prancha""]","69f9f50bddd7ac56462379f7","B","[{""load"":""45"",""exercise_name"":""Puxada Alta""},{""load"":""0"",""exercise_name"":""Remada serrote""},{""load"":""14"",""exercise_name"":""Rosca arrastada (drag curl)""},{""load"":""14"",""exercise_name"":""Rosca alternada""},{""load"":""0"",""exercise_name"":""Prancha""}]","69cab53deddee6987dc1c800","false","6a4f811daa258bdf685e34bb","2026-07-09T11:08:13.470000","2026-07-09T11:41:58.798000","69e8b3dfc275cae65aee1aa2","morianmalburg@gmail.com","false"
"2026-07-08","[""Leg press"",""cadeira flexora"",""Cadeira extensora"",""cadeira adutora"",""Rosca martelo"",""Puxada Alta"",""Rosca direta com barra reta ou W"",""ABDOMINAL INFRA""]","6a3d90b09264b9f36f6418f7","A","[{""load"":""50"",""exercise_name"":""Leg press""},{""load"":""25"",""exercise_name"":""cadeira flexora""},{""load"":""20"",""exercise_name"":""Cadeira extensora""},{""load"":""25"",""exercise_name"":""cadeira adutora""},{""load"":""3"",""exercise_name"":""Rosca martelo""},{""load"":""20"",""exercise_name"":""Puxada Alta""},{""load"":""5"",""exercise_name"":""Rosca direta com barra reta ou W""}]","69cab4b05e5de2d972aae6a0","false","6a4eb2ea7c84a61c9c17c696","2026-07-08T20:28:26.476000","2026-07-08T21:12:03.498000","6a2aaf023a2bb1378a22db13","clarissasmelo@gmail.com","false"
"2026-07-08","[""Supino máquina"",""Cadeira  Abdutora"",""Tríceps com barra reta ou W"",""Mesa flexora"",""Elevação lateral com halteres"",""Afundo"",""Voador ou peck deck"",""Tríceps testa"",""ABDOMINAL TRADICIONAL"",""POLI CHINELO""]","6a18a2bd026fba7fdbbcb77c","A","[]","69fc846f76670092689fba5b","true","6a4eb07fbbbfa9b162014b92","2026-07-08T20:18:07.538000","2026-07-08T20:44:05.657000","69f3a2bdd479a05ce50eb8df","giovannaalves978@gmail.com","false"
"2026-07-08","[""Leg press"",""Cadeira extensora"",""Agachamento hack"",""Levantamento terra sumô"",""Afundo"",""Mesa flexora"",""Prancha""]","6a175518c3a8019dccebfe4c","C","[{""load"":""15"",""exercise_name"":""Leg press""},{""load"":""25"",""exercise_name"":""Cadeira extensora""},{""load"":""16"",""exercise_name"":""Agachamento hack""},{""load"":""16"",""exercise_name"":""Levantamento terra sumô""},{""load"":""3"",""exercise_name"":""Afundo""},{""load"":""27,5"",""exercise_name"":""Mesa flexora""}]","69cab5528917bc7d06ec9f36","true","6a4eb07c74a1ae57aa8c57a8","2026-07-08T20:18:04.565000","2026-07-08T21:15:58.295000","69e8b3c510a6ab1ad3da4cd2","caiooliveira92@gmail.com","false"
"2026-07-08","[""Leg press"",""Agachamento hack"",""cadeira adutora"",""Cadeira  Abdutora"",""cadeira flexora"",""Voador ou peck deck"",""Supino máquina"",""Tríceps com barra reta ou W"",""Tríceps corda"",""Prancha""]","6a3aff38688c29e89bf134fa","A","[{""load"":""5"",""exercise_name"":""Voador ou peck deck""},{""load"":""10"",""exercise_name"":""Supino máquina""},{""load"":""5"",""exercise_name"":""Tríceps com barra reta ou W""},{""load"":""5"",""exercise_name"":""Tríceps corda""}]","69cab533705403585c687b9e","true","6a4e7203dbd5dd423953a1ee","2026-07-08T15:51:31.924000","2026-07-08T16:45:10.575000","6a1edae225e1f39bf869001a","andressakoliveira.tur@gmail.com","false"
"2026-07-08","[""Leg press"",""Agachamento hack"",""cadeira adutora"",""Cadeira  Abdutora""]","6a3aff38688c29e89bf134fa","A","[]","69cab533705403585c687b9e","false","6a4e7202a445baadf56d14ff","2026-07-08T15:51:30.513000","2026-07-08T15:51:37.215000","6a1edae225e1f39bf869001a","andressakoliveira.tur@gmail.com","false"
"2026-07-07","[""Puxada Alta"",""Pull down"",""Rosca alternada"",""Rosca direta na polia"",""Barra fixa supinada (chin up)"",""Voador invertido"",""Rosca martelo"",""ABDOMINAL INFRA""]","6a0ce0cc9688df98efb0d06d","A","[{""load"":""40"",""exercise_name"":""Puxada Alta""},{""load"":""12,5"",""exercise_name"":""Pull down""},{""load"":""9"",""exercise_name"":""Rosca alternada""},{""load"":""12,5"",""exercise_name"":""Rosca direta na polia""},{""load"":""85"",""exercise_name"":""Barra fixa supinada (chin up)""},{""load"":""10"",""exercise_name"":""Voador invertido""},{""load"":""10"",""exercise_name"":""Rosca martelo""},{""load"":""80"",""exercise_name"":""ABDOMINAL INFRA""}]","69cab51d8bf415ccbaf6955b","true","6a4d7d4d25c363605cbe7283","2026-07-07T22:27:25.629000","2026-07-07T23:02:56.139000","69f8d5070e6979860429cfd6","guisenna73@gmail.com","false"
"2026-07-07","[""Cadeira  Abdutora"",""cadeira adutora"",""Leg press"",""Tríceps com barra reta ou W"",""Voador ou peck deck"",""Tríceps francês"",""Passada lateral"",""Supino máquina""]","6a286fecd256cedb3be7523e","B","[{""load"":""20"",""exercise_name"":""Cadeira  Abdutora""},{""load"":""20"",""exercise_name"":""cadeira adutora""},{""load"":""40"",""exercise_name"":""Leg press""},{""load"":""5"",""exercise_name"":""Tríceps com barra reta ou W""},{""load"":""2,5"",""exercise_name"":""Voador ou peck deck""},{""load"":""60"",""exercise_name"":""Tríceps francês""},{""load"":""60"",""exercise_name"":""Passada lateral""},{""load"":""5"",""exercise_name"":""Supino máquina""}]","69cab498f494b0e0a3a2252c","false","6a4d6cc0bf8ca77ec58c0aa7","2026-07-07T21:16:48.099000","2026-07-07T21:55:00.061000","69e8b3e3ed8dfc592768740f","sophialannah123@gmail.com","false"
"2026-07-07","[""Supino máquina"",""Paralelas"",""Tríceps com barra reta ou W"",""Voador ou peck deck"",""Tríceps banco"",""ABDOMINAL TRADICIONAL"",""Crucifixo""]","6a0f6799d8abb1b6c2ca0d8f","B","[{""load"":""25"",""exercise_name"":""Supino máquina""},{""load"":""35"",""exercise_name"":""Paralelas""},{""load"":""12,5"",""exercise_name"":""Tríceps com barra reta ou W""},{""load"":""5"",""exercise_name"":""Voador ou peck deck""}]","69cab5528917bc7d06ec9f36","true","6a4d61321c84a983983906d4","2026-07-07T20:27:30.051000","2026-07-07T21:24:16.814000","69e8b3c510a6ab1ad3da4cd2","caiooliveira92@gmail.com","false"
"2026-07-07","[""Supino máquina"",""Voador ou peck deck"",""Supino reto"",""Elevação lateral com halteres"",""Elevação frontal com halteres"",""Tríceps com barra reta ou W"",""Tríceps corda""]","69f9f2b7a32d0a3bc78348c9","A","[{""load"":""35"",""exercise_name"":""Supino máquina""},{""load"":""15"",""exercise_name"":""Voador ou peck deck""},{""load"":""24"",""exercise_name"":""Supino reto""},{""load"":""12"",""exercise_name"":""Elevação lateral com halteres""},{""load"":""12"",""exercise_name"":""Elevação frontal com halteres""},{""load"":""20"",""exercise_name"":""Tríceps com barra reta ou W""},{""load"":""15"",""exercise_name"":""Tríceps corda""}]","69cab53deddee6987dc1c800","true","6a4cdd174fbf569dc4439edc","2026-07-07T11:03:51.594000","2026-07-07T11:50:20.681000","69e8b3dfc275cae65aee1aa2","morianmalburg@gmail.com","false"
"2026-07-06","[""Cadeira extensora"",""Leg press"",""Mesa flexora"",""Tríceps corda"",""Elevação lateral com halteres"",""Supino máquina"",""Crucifixo"",""Tríceps francês"",""ABDOMINAL TRADICIONAL"",""Cadeira  Abdutora""]","6a0e31ebd6ba63d54dce96ce","A","[{""load"":""20"",""exercise_name"":""Cadeira extensora""},{""load"":""40"",""exercise_name"":""Leg press""},{""load"":""15"",""exercise_name"":""Mesa flexora""},{""load"":""5"",""exercise_name"":""Tríceps corda""},{""load"":""2"",""exercise_name"":""Elevação lateral com halteres""},{""load"":""10"",""exercise_name"":""Supino máquina""},{""load"":""3"",""exercise_name"":""Crucifixo""},{""load"":""3"",""exercise_name"":""Tríceps francês""},{""load"":""0"",""exercise_name"":""ABDOMINAL TRADICIONAL""},{""load"":""25"",""exercise_name"":""Cadeira  Abdutora""}]","69cab496d430c0cf1dbd7e72","true","6a4c2ae9db7b7586e1c468e4","2026-07-06T22:23:37.391000","2026-07-06T22:50:59.580000","69f0e732a32f7ffb33e50f1b","anaclarabarbacena@gmail.com","false"
"2026-07-06","[""Pull down"",""Rosca direta na polia"",""Puxada Alta"",""Elevação lateral com halteres"",""Rosca alternada"",""ABDOMINAL TRADICIONAL"",""Encolhimento"",""Elevação frontal com halteres""]","6a0cc35ba19566f147b9f109","A","[{""load"":""12,5"",""exercise_name"":""Pull down""},{""load"":""10"",""exercise_name"":""Rosca direta na polia""},{""load"":""30"",""exercise_name"":""Puxada Alta""},{""load"":""4"",""exercise_name"":""Elevação lateral com halteres""},{""load"":""4"",""exercise_name"":""Rosca alternada""},{""load"":""4"",""exercise_name"":""ABDOMINAL TRADICIONAL""}]","69cab5528917bc7d06ec9f36","true","6a4c1e95c7f4fd105fa0fa6c","2026-07-06T21:31:01.973000","2026-07-06T22:31:09.131000","69e8b3c510a6ab1ad3da4cd2","caiooliveira92@gmail.com","false"
"2026-07-06","[""Barra fixa supinada (chin up)"",""Tríceps com barra reta ou W"",""Tríceps corda"",""Cadeira  Abdutora"",""Cadeira extensora"",""Mesa flexora"",""Leg press"",""Prancha"",""Puxada Alta""]","6a14c020b3786a4a7cfaa293","A","[{""load"":""49"",""exercise_name"":""Barra fixa supinada (chin up)""},{""load"":""5"",""exercise_name"":""Tríceps com barra reta ou W""},{""load"":""7"",""exercise_name"":""Tríceps corda""},{""load"":""20"",""exercise_name"":""Cadeira  Abdutora""},{""load"":""20"",""exercise_name"":""Cadeira extensora""},{""load"":""15"",""exercise_name"":""Mesa flexora""},{""load"":""40"",""exercise_name"":""Leg press""},{""load"":""60"",""exercise_name"":""Prancha""},{""load"":""20"",""exercise_name"":""Puxada Alta""}]","69cab498f494b0e0a3a2252c","true","6a4c1b85fa4017d4820d48ee","2026-07-06T21:17:57.196000","2026-07-06T21:55:32.574000","69e8b3e3ed8dfc592768740f","sophialannah123@gmail.com","false"
"2026-07-06","[""Leg press"",""Puxada Alta"",""Rosca alternada"",""Elevação de panturrilhas no leg press"",""Elevação frontal com halteres"",""ABDOMINAL TRADICIONAL"",""Cadeira extensora"",""Remada curvada"",""Agachamento hack""]","6a18a2bd026fba7fdbbcb77c","A","[]","69fc846f76670092689fba5b","true","6a4c0d82a41295a3c408a2fe","2026-07-06T20:18:10.050000","2026-07-06T20:54:16.504000","69f3a2bdd479a05ce50eb8df","giovannaalves978@gmail.com","false"
"2026-07-06","[""Cadeira  Abdutora"",""cadeira adutora"",""Elevação de panturrilhas sentado na máquina"",""Leg press"",""ABDOMINAL TRADICIONAL"",""Agachamento livre"",""Puxada Alta"",""Voador invertido"",""Rosca alternada"",""Rosca direta com barra reta ou W""]","6a33052003a8a0b276fbe36c","A","[{""load"":""20"",""exercise_name"":""Cadeira  Abdutora""},{""load"":""30"",""exercise_name"":""cadeira adutora""},{""load"":""20"",""exercise_name"":""Elevação de panturrilhas sentado na máquina""},{""load"":""20"",""exercise_name"":""Leg press""},{""load"":""0"",""exercise_name"":""ABDOMINAL TRADICIONAL""},{""load"":""10"",""exercise_name"":""Agachamento livre""},{""load"":""15"",""exercise_name"":""Puxada Alta""},{""load"":""20"",""exercise_name"":""Voador invertido""},{""load"":""2"",""exercise_name"":""Rosca alternada""},{""load"":""10"",""exercise_name"":""Rosca direta com barra reta ou W""}]","6a2ab495dd0a4b30a31fc926","true","6a4c0bc37b920184d9c13e43","2026-07-06T20:10:43.777000","2026-07-06T20:51:50.405000","6a16e530d523f85a83c52aa9","lilicabiologa17@gmail.com","false"
"2026-07-06","[""Prancha"",""Tríceps corda"",""Voador ou peck deck"",""Tríceps com barra reta ou W"",""Supino máquina"",""Leg press"",""cadeira adutora"",""Cadeira  Abdutora"",""Agachamento hack"",""cadeira flexora""]","6a3aff38688c29e89bf134fa","A","[{""load"":""40"",""exercise_name"":""Leg press""},{""load"":""20"",""exercise_name"":""cadeira adutora""},{""load"":""35"",""exercise_name"":""Cadeira  Abdutora""},{""load"":""20"",""exercise_name"":""cadeira flexora""}]","69cab533705403585c687b9e","true","6a4bcdf7b09670d778a8127a","2026-07-06T15:47:03.555000","2026-07-06T16:12:00.694000","6a1edae225e1f39bf869001a","andressakoliveira.tur@gmail.com","false"
"2026-07-06","[""Leg press"",""cadeira flexora"",""cadeira adutora"",""Afundo""]","6a443a77bd3c211b96097f49","A","[{""load"":""80"",""exercise_name"":""Leg press""},{""load"":""40"",""exercise_name"":""cadeira flexora""},{""load"":""40"",""exercise_name"":""cadeira adutora""},{""load"":""15"",""exercise_name"":""Afundo""}]","6a440c3c1a215e360855c18a","false","6a4b838138b619a02bab965a","2026-07-06T10:29:21.293000","2026-07-06T17:44:29.748000","6a43b3e2a2881f5f82218f67","renata.b.lozano@gmail.com","false"
"2026-07-06","[""Tríceps corda"",""Rosca alternada"",""Elevação lateral com halteres"",""Supino máquina"",""Voador ou peck deck""]","6a032fcb519dc1b1f51cc1e2","A","[{""load"":""7.5"",""exercise_name"":""Tríceps corda""},{""load"":""3"",""exercise_name"":""Rosca alternada""},{""load"":""3"",""exercise_name"":""Elevação lateral com halteres""},{""load"":""10"",""exercise_name"":""Supino máquina""},{""load"":""2.5"",""exercise_name"":""Voador ou peck deck""}]","69cab50fec6532662ba58f05","false","6a4b7d7460db1ba6358035dd","2026-07-06T10:03:32.140000","2026-07-06T10:14:38.373000","69e8b3abbdd54859f2b7eadf","ana.anacarol1403@gmail.com","false"
"2026-07-03","[""Leg press"",""Cadeira extensora"",""Mesa flexora"",""Cadeira  Abdutora"",""Supino máquina"",""Tríceps corda"",""Crucifixo"",""Tríceps francês"",""Elevação lateral com halteres"",""ABDOMINAL TRADICIONAL""]","6a0e31ebd6ba63d54dce96ce","A","[{""load"":""40"",""exercise_name"":""Leg press""},{""load"":""15"",""exercise_name"":""Cadeira extensora""},{""load"":""20"",""exercise_name"":""Mesa flexora""},{""load"":""30"",""exercise_name"":""Cadeira  Abdutora""},{""load"":""10"",""exercise_name"":""Supino máquina""},{""load"":""5"",""exercise_name"":""Tríceps corda""},{""load"":""3"",""exercise_name"":""Crucifixo""},{""load"":""3"",""exercise_name"":""Tríceps francês""},{""load"":""2"",""exercise_name"":""Elevação lateral com halteres""},{""load"":""0"",""exercise_name"":""ABDOMINAL TRADICIONAL""}]","69cab496d430c0cf1dbd7e72","true","6a4837bed89df629aed60b87","2026-07-03T22:29:18.515000","2026-07-03T23:03:13.887000","69f0e732a32f7ffb33e50f1b","anaclarabarbacena@gmail.com","false"
"2026-07-03","[""Leg press""]","6a46c7540ec257ea5e754fd2","B","[{""load"":""50"",""exercise_name"":""Elevação de panturrilhas no leg press""},{""load"":""20"",""exercise_name"":""cadeira flexora""},{""load"":""20"",""exercise_name"":""Cadeira  Abdutora""},{""load"":""50"",""exercise_name"":""Leg press""}]","69cab4b05e5de2d972aae6a0","false","6a480a470f93222e3f8b85aa","2026-07-03T19:15:19.830000","2026-07-03T20:22:34.572000","6a2aaf023a2bb1378a22db13","clarissasmelo@gmail.com","false"
"2026-07-03","[""Barra fixa supinada (chin up)"",""Rosca simultânea"",""Encolhimento"",""Rosca martelo"",""Crucifixo invertido com halteres"",""Rosca scott"",""Prancha"",""Elevação lateral inclinada""]","6a0cbd67da952ffe4068a9d1","B","[{""load"":""25"",""exercise_name"":""Barra fixa supinada (chin up)""},{""load"":""10"",""exercise_name"":""Rosca simultânea""},{""load"":""10"",""exercise_name"":""Encolhimento""},{""load"":""10"",""exercise_name"":""Rosca martelo""},{""load"":""5"",""exercise_name"":""Crucifixo invertido com halteres""},{""load"":""10"",""exercise_name"":""Rosca scott""},{""load"":""0"",""exercise_name"":""Prancha""},{""load"":""5"",""exercise_name"":""Elevação lateral inclinada""}]","69cab5409b141921d6a9baca","true","6a47e2aad0fb91464926bef9","2026-07-03T16:26:18.728000","2026-07-03T16:51:38.407000","6a022e0e6d475b0b2334af8e","brenuovrb@gmail.com","false"
"2026-07-03","[""Agachamento livre"",""Leg press"",""Mesa flexora"",""Cadeira extensora"",""Elevação de panturrilhas em pé na máquina""]","69ec1305a6be6686d86d128a","C","[{""load"":""30"",""exercise_name"":""Agachamento livre""},{""load"":""160"",""exercise_name"":""Leg press""},{""load"":""50"",""exercise_name"":""Mesa flexora""},{""load"":""80"",""exercise_name"":""Cadeira extensora""},{""load"":""30"",""exercise_name"":""Elevação de panturrilhas em pé na máquina""}]","69c2d3ee87aec14ce3dd0d68","true","6a47d71b6373ff52feb45230","2026-07-03T15:36:59.766000","2026-07-03T16:37:07.717000","69c3d34b532ba9674f7d28c5","rafaelhagen@hotmail.com","false"
"2026-07-03","[""Voador ou peck deck"",""Supino máquina"",""Supino reto"",""Elevação lateral com halteres"",""Elevação frontal com halteres"",""Tríceps com barra reta ou W"",""Tríceps corda""]","69f9f2b7a32d0a3bc78348c9","A","[{""load"":""15"",""exercise_name"":""Voador ou peck deck""},{""load"":""30"",""exercise_name"":""Supino máquina""},{""load"":""24"",""exercise_name"":""Supino reto""},{""load"":""12"",""exercise_name"":""Elevação lateral com halteres""},{""load"":""15"",""exercise_name"":""Elevação frontal com halteres""},{""load"":""20"",""exercise_name"":""Tríceps com barra reta ou W""},{""load"":""15"",""exercise_name"":""Tríceps corda""}]","69cab53deddee6987dc1c800","true","6a47971d079b2b8aad229854","2026-07-03T11:03:57.933000","2026-07-03T11:21:11.718000","69e8b3dfc275cae65aee1aa2","morianmalburg@gmail.com","false"
"2026-07-02","[""Passada lateral"",""Agachamento livre"",""Levantamento terra sumô"",""Cadeira  Abdutora"",""Rosca alternada"",""Elevação frontal com halteres"",""Puxada Alta""]","6a0e33130759ee34ad9ae728","B","[{""load"":""5"",""exercise_name"":""Passada lateral""},{""load"":""5"",""exercise_name"":""Agachamento livre""},{""load"":""5"",""exercise_name"":""Levantamento terra sumô""},{""load"":""30"",""exercise_name"":""Cadeira  Abdutora""},{""load"":""3"",""exercise_name"":""Rosca alternada""},{""load"":""3"",""exercise_name"":""Elevação frontal com halteres""},{""load"":""7.5"",""exercise_name"":""Puxada Alta""}]","69cab496d430c0cf1dbd7e72","false","6a46e7aab8d96a8d64e2ef48","2026-07-02T22:35:22.179000","2026-07-02T23:17:25.093000","69f0e732a32f7ffb33e50f1b","anaclarabarbacena@gmail.com","false"
"2026-07-02","[""Leg press"",""Cadeira extensora"",""Agachamento hack"",""Levantamento terra sumô"",""Afundo"",""Mesa flexora"",""Prancha""]","6a175518c3a8019dccebfe4c","C","[{""load"":""15"",""exercise_name"":""Leg press""},{""load"":""22,5"",""exercise_name"":""Cadeira extensora""},{""load"":""16"",""exercise_name"":""Agachamento hack""},{""load"":""16"",""exercise_name"":""Levantamento terra sumô""},{""load"":""4"",""exercise_name"":""Afundo""},{""load"":""22,5"",""exercise_name"":""Mesa flexora""}]","69cab5528917bc7d06ec9f36","true","6a46c68809b7997624901321","2026-07-02T20:14:00.277000","2026-07-02T20:59:28.354000","69e8b3c510a6ab1ad3da4cd2","caiooliveira92@gmail.com","false"
"2026-07-02","[""Agachamento hack"",""Leg press"",""Cadeira extensora"",""Mesa flexora"",""Cadeira abdutora"",""Elevação de panturrilhas em pé com o peso do corpo""]","69f9f9244f9c34a2bdeb6291","C","[{""load"":""0"",""exercise_name"":""Agachamento hack""},{""load"":""50"",""exercise_name"":""Leg press""},{""load"":""30"",""exercise_name"":""Cadeira extensora""},{""load"":""40"",""exercise_name"":""Mesa flexora""},{""load"":""50"",""exercise_name"":""Cadeira abdutora""},{""load"":""0"",""exercise_name"":""Elevação de panturrilhas em pé com o peso do corpo""}]","69cab53deddee6987dc1c800","true","6a46430ae577c7ab1db3b2c2","2026-07-02T10:52:58.345000","2026-07-02T11:12:58.747000","69e8b3dfc275cae65aee1aa2","morianmalburg@gmail.com","false"
"2026-07-02","[""Leg press"",""Cadeira extensora"",""cadeira flexora"",""cadeira adutora"",""Afundo"",""Tríceps francês"",""Voador ou peck deck"",""Supino máquina"",""Tríceps com barra reta ou W"",""ABDOMINAL INFRA""]","6a443a77bd3c211b96097f49","A","[{""load"":""20"",""exercise_name"":""Leg press""},{""load"":""30"",""exercise_name"":""Cadeira extensora""},{""load"":""25"",""exercise_name"":""cadeira flexora""},{""load"":""30"",""exercise_name"":""cadeira adutora""},{""load"":""6"",""exercise_name"":""Afundo""},{""load"":""5"",""exercise_name"":""Tríceps francês""},{""load"":""5"",""exercise_name"":""Voador ou peck deck""},{""load"":""10"",""exercise_name"":""Supino máquina""},{""load"":""10"",""exercise_name"":""Tríceps com barra reta ou W""},{""load"":""0"",""exercise_name"":""ABDOMINAL INFRA""}]","6a440c3c1a215e360855c18a","true","6a463a83937e74579cdac2cc","2026-07-02T10:16:35.259000","2026-07-02T10:53:17.308000","6a43b3e2a2881f5f82218f67","renata.b.lozano@gmail.com","false"
"2026-07-02","[""Tríceps corda"",""Tríceps com barra reta ou W"",""Voador ou peck deck"",""ABDOMINAL REMADOR"",""Leg press"",""Agachamento hack"",""cadeira adutora"",""Cadeira  Abdutora"",""Mesa flexora"",""Supino máquina""]","6a35a7e6d7d7b23c7e61b30c","A","[{""load"":""15"",""exercise_name"":""Tríceps corda""},{""load"":""10"",""exercise_name"":""Tríceps com barra reta ou W""},{""load"":""10"",""exercise_name"":""Voador ou peck deck""},{""load"":""40"",""exercise_name"":""Leg press""},{""load"":""25"",""exercise_name"":""cadeira adutora""},{""load"":""30"",""exercise_name"":""Cadeira  Abdutora""},{""load"":""10"",""exercise_name"":""Mesa flexora""},{""load"":""10"",""exercise_name"":""Supino máquina""}]","69cab5336d09f1ead4a603b5","true","6a463a1bbe159641f93a8678","2026-07-02T10:14:51.779000","2026-07-02T10:42:41.475000","69eb71414c5a3877ecd8a887","efmonteiro04@gmail.com","false"
"2026-07-01","[""Cadeira extensora"",""Leg press"",""Cadeira  Abdutora"",""Mesa flexora"",""Supino máquina"",""Tríceps corda"",""Elevação lateral com halteres"",""Crucifixo"",""Tríceps francês"",""ABDOMINAL TRADICIONAL""]","6a0e31ebd6ba63d54dce96ce","A","[{""load"":""30"",""exercise_name"":""Cadeira extensora""},{""load"":""30"",""exercise_name"":""Leg press""},{""load"":""30"",""exercise_name"":""Cadeira  Abdutora""},{""load"":""15"",""exercise_name"":""Mesa flexora""},{""load"":""5"",""exercise_name"":""Supino máquina""},{""load"":""5"",""exercise_name"":""Tríceps corda""},{""load"":""2"",""exercise_name"":""Elevação lateral com halteres""},{""load"":""3"",""exercise_name"":""Crucifixo""},{""load"":""3"",""exercise_name"":""Tríceps francês""},{""load"":""0"",""exercise_name"":""ABDOMINAL TRADICIONAL""}]","69cab496d430c0cf1dbd7e72","true","6a459638e2f4dcea864241c4","2026-07-01T22:35:36.722000","2026-07-01T23:05:36.422000","69f0e732a32f7ffb33e50f1b","anaclarabarbacena@gmail.com","false"
"2026-07-01","[""Cadeira  Abdutora"",""Agachamento sumô"",""Mesa flexora"",""Stiff"",""Puxada Alta"",""Rosca direta com barra reta ou W"",""Pull down"",""Rosca alternada"",""Elevação de panturrilhas no leg press"",""Prancha""]","6a35a9be2a7e4c613ce6397d","B","[{""load"":""30"",""exercise_name"":""Cadeira  Abdutora""},{""load"":""9"",""exercise_name"":""Agachamento sumô""},{""load"":""10"",""exercise_name"":""Mesa flexora""},{""load"":""15"",""exercise_name"":""Stiff""},{""load"":""20"",""exercise_name"":""Puxada Alta""},{""load"":""10"",""exercise_name"":""Rosca direta com barra reta ou W""},{""load"":""10"",""exercise_name"":""Pull down""},{""load"":""4"",""exercise_name"":""Rosca alternada""}]","69cab5336d09f1ead4a603b5","true","6a458512e2b4a8e6d794eee3","2026-07-01T21:22:26.800000","2026-07-01T21:40:43.838000","69eb71414c5a3877ecd8a887","efmonteiro04@gmail.com","false"
"2026-07-01","[""cadeira flexora"",""Agachamento sumô"",""Agachamento búlgaro"",""Cadeira  Abdutora""]","6a3af74a26aaabf8e98ac2d5","B","[]","6a304dbb6505c47b19606f12","false","6a4583d619dc8f87744a6553","2026-07-01T21:17:10.356000","2026-07-01T21:47:09.677000","6a2aea1cd0de8de3acfb63a3","camilacostamm11@gmail.com","false"
"2026-07-01","[""Puxada Alta"",""Rosca alternada"",""Rosca direta com barra reta ou W"",""Pull down"",""Mesa flexora"",""Elevação de panturrilhas no leg press"",""Cadeira  Abdutora"",""Agachamento sumô"",""Stiff"",""Prancha""]","6a3b008e5918672192eebf9e","B","[{""load"":""25"",""exercise_name"":""Puxada Alta""},{""load"":""3"",""exercise_name"":""Rosca alternada""},{""load"":""6"",""exercise_name"":""Rosca direta com barra reta ou W""},{""load"":""7.5"",""exercise_name"":""Pull down""},{""load"":""20"",""exercise_name"":""Mesa flexora""}]","69cab533705403585c687b9e","true","6a45814324c9d8243238ac03","2026-07-01T21:06:11.358000","2026-07-01T21:43:24.893000","6a1edae225e1f39bf869001a","andressakoliveira.tur@gmail.com","false"
"2026-07-01","[""Pull down"",""Rosca direta na polia"",""Encolhimento"",""Elevação lateral com halteres"",""Rosca alternada"",""Elevação frontal com halteres"",""Puxada Alta"",""ABDOMINAL TRADICIONAL""]","6a0cc35ba19566f147b9f109","A","[{""load"":""12,5"",""exercise_name"":""Pull down""},{""load"":""7,5"",""exercise_name"":""Rosca direta na polia""},{""load"":""4"",""exercise_name"":""Encolhimento""},{""load"":""4"",""exercise_name"":""Elevação lateral com halteres""},{""load"":""4"",""exercise_name"":""Rosca alternada""},{""load"":""4"",""exercise_name"":""Elevação frontal com halteres""}]","69cab5528917bc7d06ec9f36","true","6a457953531dabba4451eda9","2026-07-01T20:32:19.088000","2026-07-01T21:25:29.627000","69e8b3c510a6ab1ad3da4cd2","caiooliveira92@gmail.com","false"
"2026-07-01","[""Leg press"",""cadeira flexora"",""Cadeira extensora"",""cadeira adutora"",""Rosca martelo"",""Puxada Alta"",""Rosca direta com barra reta ou W""]","6a3d90b09264b9f36f6418f7","A","[{""load"":""50"",""exercise_name"":""Leg press""},{""load"":""15"",""exercise_name"":""cadeira flexora""},{""load"":""25"",""exercise_name"":""Cadeira extensora""},{""load"":""25"",""exercise_name"":""cadeira adutora""},{""load"":""3"",""exercise_name"":""Rosca martelo""},{""load"":""20"",""exercise_name"":""Puxada Alta""}]","69cab4b05e5de2d972aae6a0","false","6a4578b417013eab2a59afc2","2026-07-01T20:29:40.869000","2026-07-01T21:10:48.798000","6a2aaf023a2bb1378a22db13","clarissasmelo@gmail.com","false"
"2026-07-01","[""Elevação de panturrilhas no leg press"",""Cadeira extensora"",""Rosca alternada"",""Agachamento hack"",""Elevação frontal com halteres"",""Leg press"",""Remada curvada"",""ABDOMINAL TRADICIONAL"",""Puxada Alta""]","6a18a2bd026fba7fdbbcb77c","A","[]","69fc846f76670092689fba5b","true","6a457476e9e6b93f734b0c85","2026-07-01T20:11:34.107000","2026-07-01T20:43:52.816000","69f3a2bdd479a05ce50eb8df","giovannaalves978@gmail.com","false"
"2026-07-01","[""Supino reto"",""Supino inclinado"",""Desenvolvimento com halteres"",""Elevação lateral com cabo"",""Tríceps testa""]","69ec115c12a09769714bf36c","A","[{""load"":""40"",""exercise_name"":""Supino reto""},{""load"":""28"",""exercise_name"":""Supino inclinado""},{""load"":""0"",""exercise_name"":""Desenvolvimento com halteres""},{""load"":""0"",""exercise_name"":""Elevação lateral com cabo""},{""load"":""0"",""exercise_name"":""Tríceps testa""}]","69c2d3ee87aec14ce3dd0d68","true","6a452ecb7bdc80175ffa1c9f","2026-07-01T15:14:19.222000","2026-07-01T15:30:54.865000","69c3d34b532ba9674f7d28c5","rafaelhagen@hotmail.com","false"
"2026-06-30","[""Leg press"",""Agachamento hack"",""Cadeira  Abdutora"",""cadeira adutora"",""cadeira flexora"",""Tríceps com barra reta ou W"",""Voador ou peck deck"",""Supino máquina"",""Tríceps corda"",""Prancha""]","6a3aff38688c29e89bf134fa","A","[{""load"":""20"",""exercise_name"":""Leg press""},{""load"":""30"",""exercise_name"":""Cadeira  Abdutora""},{""load"":""25"",""exercise_name"":""cadeira adutora""},{""load"":""30"",""exercise_name"":""cadeira flexora""},{""load"":""2.5"",""exercise_name"":""Tríceps com barra reta ou W""},{""load"":""2.5"",""exercise_name"":""Voador ou peck deck""},{""load"":""10"",""exercise_name"":""Supino máquina""},{""load"":""5"",""exercise_name"":""Tríceps corda""}]","69cab533705403585c687b9e","true","6a443066ff811c31f40083d5","2026-06-30T21:08:54.796000","2026-06-30T21:50:30.895000","6a1edae225e1f39bf869001a","andressakoliveira.tur@gmail.com","false"
"2026-06-30","[""Supino máquina"",""Tríceps com barra reta ou W"",""Voador ou peck deck"",""Paralelas"",""ABDOMINAL TRADICIONAL"",""Crucifixo"",""Tríceps banco""]","6a0f6799d8abb1b6c2ca0d8f","B","[{""load"":""22,5"",""exercise_name"":""Supino máquina""},{""load"":""12,5"",""exercise_name"":""Tríceps com barra reta ou W""},{""load"":""5"",""exercise_name"":""Voador ou peck deck""},{""load"":""42"",""exercise_name"":""Paralelas""},{""load"":""4"",""exercise_name"":""ABDOMINAL TRADICIONAL""}]","69cab5528917bc7d06ec9f36","true","6a442844f89c3cf200059402","2026-06-30T20:34:12.835000","2026-06-30T21:23:16.818000","69e8b3c510a6ab1ad3da4cd2","caiooliveira92@gmail.com","false"
"2026-06-30","[""Levantamento terra sumô"",""Agachamento hack"",""Cadeira extensora"",""Mesa flexora"",""Leg press"",""Elevação de panturrilhas no leg press"",""Prancha"",""ABDOMINAL TRADICIONAL""]","6a0e3fab10668469013bf60b","C","[{""load"":""5"",""exercise_name"":""Levantamento terra sumô""},{""load"":""25"",""exercise_name"":""Cadeira extensora""},{""load"":""25"",""exercise_name"":""Mesa flexora""},{""load"":""10"",""exercise_name"":""Leg press""},{""load"":""10"",""exercise_name"":""Elevação de panturrilhas no leg press""}]","69cab4bbce9564de9486ce35","true","6a4411aa36ed977ad0f12433","2026-06-30T18:57:46.565000","2026-06-30T19:41:02.913000","69eb713d0daf529bb432fcf3","gilson.pereira21@gmail.com","false"
"2026-06-30","[""Puxada Alta"",""Remada serrote"",""Rosca arrastada (drag curl)"",""Rosca alternada"",""Prancha""]","69f9f50bddd7ac56462379f7","B","[{""load"":""40"",""exercise_name"":""Puxada Alta""},{""load"":""0"",""exercise_name"":""Remada serrote""},{""load"":""12"",""exercise_name"":""Rosca arrastada (drag curl)""},{""load"":""12"",""exercise_name"":""Rosca alternada""},{""load"":""0"",""exercise_name"":""Prancha""}]","69cab53deddee6987dc1c800","false","6a43a15a2548c2dfa0c5abd6","2026-06-30T10:58:34.191000","2026-06-30T11:17:09.997000","69e8b3dfc275cae65aee1aa2","morianmalburg@gmail.com","false"
"2026-06-30","[""Cadeira  Abdutora"",""Agachamento sumô"",""Mesa flexora"",""Stiff"",""Puxada Alta"",""Rosca direta com barra reta ou W"",""Pull down"",""Rosca alternada"",""Elevação de panturrilhas no leg press"",""Prancha""]","6a35a9be2a7e4c613ce6397d","B","[{""load"":""20"",""exercise_name"":""Cadeira  Abdutora""},{""load"":""6"",""exercise_name"":""Agachamento sumô""},{""load"":""10"",""exercise_name"":""Mesa flexora""},{""load"":""15"",""exercise_name"":""Stiff""},{""load"":""25"",""exercise_name"":""Puxada Alta""},{""load"":""10"",""exercise_name"":""Rosca direta com barra reta ou W""},{""load"":""10"",""exercise_name"":""Pull down""},{""load"":""4"",""exercise_name"":""Rosca alternada""}]","69cab5336d09f1ead4a603b5","true","6a439dd7c460462b0924374e","2026-06-30T10:43:35.842000","2026-06-30T10:44:12.455000","69eb71414c5a3877ecd8a887","efmonteiro04@gmail.com","false"
"2026-06-29","[""Puxada Alta"",""Remada baixa"",""Remada curvada"",""Rosca direta na polia"",""Encolhimento""]","69ec127a2c132ca320edbe3e","B","[{""load"":""80"",""exercise_name"":""Puxada Alta""},{""load"":""80"",""exercise_name"":""Remada baixa""},{""load"":""50"",""exercise_name"":""Remada curvada""},{""load"":""0"",""exercise_name"":""Rosca direta na polia""},{""load"":""0"",""exercise_name"":""Encolhimento""}]","69c2d3ee87aec14ce3dd0d68","true","6a427920aa17a386562b56b9","2026-06-29T13:54:40.513000","2026-06-29T14:04:41.146000","69c3d34b532ba9674f7d28c5","rafaelhagen@hotmail.com","false"
"2026-06-29","[""Voador ou peck deck"",""Supino máquina"",""Supino reto"",""Elevação lateral com halteres"",""Elevação frontal com halteres"",""Tríceps com barra reta ou W"",""Tríceps corda""]","69f9f2b7a32d0a3bc78348c9","A","[{""load"":""15"",""exercise_name"":""Voador ou peck deck""},{""load"":""30"",""exercise_name"":""Supino máquina""},{""load"":""20"",""exercise_name"":""Supino reto""},{""load"":""12"",""exercise_name"":""Elevação lateral com halteres""},{""load"":""12"",""exercise_name"":""Elevação frontal com halteres""},{""load"":""20"",""exercise_name"":""Tríceps com barra reta ou W""},{""load"":""15"",""exercise_name"":""Tríceps corda""}]","69cab53deddee6987dc1c800","true","6a424c82e5b0d09d717bc173","2026-06-29T10:44:18.911000","2026-06-29T11:06:08.774000","69e8b3dfc275cae65aee1aa2","morianmalburg@gmail.com","false"
"2026-06-29","[""Leg press"",""Agachamento hack"",""cadeira adutora"",""Cadeira  Abdutora"",""Mesa flexora"",""Supino máquina"",""Tríceps com barra reta ou W"",""Voador ou peck deck"",""Tríceps corda"",""ABDOMINAL REMADOR""]","6a35a7e6d7d7b23c7e61b30c","A","[{""load"":""20"",""exercise_name"":""cadeira adutora""},{""load"":""20"",""exercise_name"":""Cadeira  Abdutora""},{""load"":""10"",""exercise_name"":""Mesa flexora""},{""load"":""10"",""exercise_name"":""Supino máquina""},{""load"":""10"",""exercise_name"":""Tríceps com barra reta ou W""},{""load"":""10"",""exercise_name"":""Voador ou peck deck""},{""load"":""10"",""exercise_name"":""Tríceps corda""},{""load"":""15"",""exercise_name"":""ABDOMINAL REMADOR""}]","69cab5336d09f1ead4a603b5","true","6a42453a6fdcadcdbc6c26cf","2026-06-29T10:13:14.146000","2026-06-29T10:57:18.759000","69eb71414c5a3877ecd8a887","efmonteiro04@gmail.com","false"
"2026-06-26","[""Leg press"",""Cadeira extensora"",""Cadeira  Abdutora"",""Supino máquina"",""Tríceps com barra reta ou W"",""Voador ou peck deck"",""Elevação de panturrilhas no leg press""]","6a1df87dd946b3789d7c0335","A","[{""load"":""30"",""exercise_name"":""Leg press""},{""load"":""20"",""exercise_name"":""Cadeira extensora""},{""load"":""25"",""exercise_name"":""Cadeira  Abdutora""},{""load"":""10"",""exercise_name"":""Supino máquina""},{""load"":""7,5"",""exercise_name"":""Tríceps com barra reta ou W""},{""load"":""2,5"",""exercise_name"":""Voador ou peck deck""},{""load"":""50"",""exercise_name"":""Elevação de panturrilhas no leg press""}]","6a15d57c344b691a4877ca97","false","6a3eedfc3f4887a961c26eb1","2026-06-26T21:24:12.278000","2026-06-26T21:50:16.097000","6a103a6242a03e3f6e05eccd","marilia7@gmail.com","false"
"2026-06-26","[""Cadeira extensora"",""Leg press"",""Agachamento hack"",""Afundo"",""Mesa flexora"",""Prancha"",""Levantamento terra sumô""]","6a175518c3a8019dccebfe4c","C","[{""load"":""20"",""exercise_name"":""Cadeira extensora""},{""load"":""10"",""exercise_name"":""Leg press""},{""load"":""14"",""exercise_name"":""Agachamento hack""},{""load"":""3"",""exercise_name"":""Afundo""},{""load"":""25"",""exercise_name"":""Mesa flexora""}]","69cab5528917bc7d06ec9f36","true","6a3ee0a0f09eae0ad1c5c46d","2026-06-26T20:27:12.201000","2026-06-26T21:11:03.249000","69e8b3c510a6ab1ad3da4cd2","caiooliveira92@gmail.com","false"
"2026-06-26","[""Rosca alternada"",""Barra fixa supinada (chin up)"",""Rosca martelo"",""Voador invertido"",""Rosca direta na polia"",""Encolhimento"",""Desenvolvimento com halteres""]","6a0b52a21ed29f984a873300","B","[{""load"":""4"",""exercise_name"":""Rosca alternada""},{""load"":""4"",""exercise_name"":""Rosca martelo""},{""load"":""5"",""exercise_name"":""Voador invertido""},{""load"":""7.5"",""exercise_name"":""Rosca direta na polia""},{""load"":""5"",""exercise_name"":""Encolhimento""},{""load"":""4"",""exercise_name"":""Desenvolvimento com halteres""}]","69cab4bbce9564de9486ce35","true","6a3edd9a029af24a81aa146e","2026-06-26T20:14:18.868000","2026-06-26T20:48:24.713000","69eb713d0daf529bb432fcf3","gilson.pereira21@gmail.com","false"
"2026-06-26","[""Leg press"",""Cadeira extensora"",""Supino máquina"",""Agachamento sumô""]","6a05e4253e2ca8b7693aaec3","C","[]","69cab48c17c5690cf3d30c6d","false","6a3ec03fd6e4344541adac81","2026-06-26T18:09:03.957000","2026-06-26T18:30:38.791000","69e8b3bf55bcfeb78675459e","indiarajujuba@gmail.com","false"
"2026-06-26","[""Agachamento livre"",""Leg press"",""Mesa flexora"",""Cadeira extensora"",""Elevação de panturrilhas em pé na máquina""]","69ec1305a6be6686d86d128a","C","[{""load"":""30"",""exercise_name"":""Agachamento livre""},{""load"":""160"",""exercise_name"":""Leg press""},{""load"":""50"",""exercise_name"":""Mesa flexora""},{""load"":""90"",""exercise_name"":""Cadeira extensora""},{""load"":""40"",""exercise_name"":""Elevação de panturrilhas em pé na máquina""}]","69c2d3ee87aec14ce3dd0d68","true","6a3e904e749c34d267be924a","2026-06-26T14:44:30.958000","2026-06-26T15:26:29.269000","69c3d34b532ba9674f7d28c5","rafaelhagen@hotmail.com","false"
"2026-06-26","[""Leg press"",""Cadeira extensora"",""Mesa flexora"",""Elevação de panturrilhas em pé com o peso do corpo"",""Agachamento hack"",""Cadeira abdutora""]","69f9f9244f9c34a2bdeb6291","C","[{""load"":""50"",""exercise_name"":""Leg press""},{""load"":""40"",""exercise_name"":""Cadeira extensora""},{""load"":""40"",""exercise_name"":""Mesa flexora""},{""load"":""0"",""exercise_name"":""Elevação de panturrilhas em pé com o peso do corpo""},{""load"":""0"",""exercise_name"":""Agachamento hack""},{""load"":""50"",""exercise_name"":""Cadeira abdutora""}]","69cab53deddee6987dc1c800","true","6a3e5dbe75453b21f5ada272","2026-06-26T11:08:46.077000","2026-06-26T11:23:48.935000","69e8b3dfc275cae65aee1aa2","morianmalburg@gmail.com","false"
"2026-06-25","[""cadeira flexora"",""Cadeira  Abdutora"",""Rosca alternada"",""Elevação frontal com halteres"",""Rosca direta com barra reta ou W"",""Agachamento búlgaro"",""Mesa flexora"",""Voador invertido"",""Puxada Alta"",""Elevação lateral na polia""]","6a3d9c53cca52498fcbfae12","B","[{""load"":""20"",""exercise_name"":""cadeira flexora""},{""load"":""25"",""exercise_name"":""Cadeira  Abdutora""},{""load"":""3"",""exercise_name"":""Rosca alternada""},{""load"":""3"",""exercise_name"":""Elevação frontal com halteres""},{""load"":""0"",""exercise_name"":""Rosca direta com barra reta ou W""},{""load"":""0"",""exercise_name"":""Agachamento búlgaro""},{""load"":""15"",""exercise_name"":""Mesa flexora""},{""load"":""2,5"",""exercise_name"":""Voador invertido""},{""load"":""15"",""exercise_name"":""Puxada Alta""},{""load"":""3"",""exercise_name"":""Elevação lateral na polia""}]","6a15d57c344b691a4877ca97","true","6a3d9e3e3f53c952e220876e","2026-06-25T21:31:42.392000","2026-06-25T22:20:23.403000","6a103a6242a03e3f6e05eccd","marilia7@gmail.com","false"
"2026-06-25","[""Cadeira extensora"",""Leg press"",""Supino máquina"",""Voador ou peck deck"",""Tríceps testa"",""Tríceps francês"",""Levantamento terra sumô"",""Cadeira abdutora"",""Prancha""]","6a0b7c939009e98f2d6eb508","A","[{""load"":""45"",""exercise_name"":""Cadeira extensora""},{""load"":""30"",""exercise_name"":""Leg press""},{""load"":""20"",""exercise_name"":""Supino máquina""},{""load"":""10"",""exercise_name"":""Voador ou peck deck""},{""load"":""5"",""exercise_name"":""Tríceps testa""},{""load"":""2,5"",""exercise_name"":""Tríceps francês""},{""load"":""20"",""exercise_name"":""Levantamento terra sumô""},{""load"":""50"",""exercise_name"":""Cadeira abdutora""},{""load"":""0"",""exercise_name"":""Prancha""}]","69cab4a1625c88b62a9b4704","true","6a3d8de6cdd67ed6fc0481f3","2026-06-25T20:21:58.073000","2026-06-25T21:09:13.647000","69fb76a3ee52fc9de3d098e8","cristinamcosta.arq@gmail.com","false"
"2026-06-24","[""Puxada Alta"",""Tríceps com barra reta ou W"",""Rosca simultânea"",""Desenvolvimento com halteres"",""Leg press"",""Afundo"",""ABDOMINAL TRADICIONAL""]","6a05e2f138a913567365b024","B","[]","69cab48c17c5690cf3d30c6d","true","6a3c1c806143672cef091534","2026-06-24T18:05:52.588000","2026-06-24T18:29:11.804000","69e8b3bf55bcfeb78675459e","indiarajujuba@gmail.com","false"
"2026-06-24","[""Cadeira extensora"",""Leg press"",""Desenvolvimento com halteres"",""Agachamento livre"",""POLI CHINELO"",""Prancha"",""Voador invertido""]","6a0cbfccf2075ccc2037a0d3","C","[{""load"":""25"",""exercise_name"":""Cadeira extensora""},{""load"":""40"",""exercise_name"":""Leg press""},{""load"":""10"",""exercise_name"":""Desenvolvimento com halteres""},{""load"":""0"",""exercise_name"":""Agachamento livre""},{""load"":""0"",""exercise_name"":""POLI CHINELO""},{""load"":""0"",""exercise_name"":""Prancha""},{""load"":""5"",""exercise_name"":""Voador invertido""}]","69cab5409b141921d6a9baca","true","6a3c04d31a9be26957b395ce","2026-06-24T16:24:51.085000","2026-06-24T16:54:42.039000","6a022e0e6d475b0b2334af8e","brenuovrb@gmail.com","false"
"2026-06-24","[""Cadeira extensora"",""Mesa flexora"",""Leg press"",""Barra fixa supinada (chin up)"",""Puxada Alta"",""Tríceps com barra reta ou W"",""Tríceps corda"",""Cadeira  Abdutora"",""Prancha""]","6a14c020b3786a4a7cfaa293","A","[{""load"":""20"",""exercise_name"":""Cadeira extensora""},{""load"":""10"",""exercise_name"":""Mesa flexora""},{""load"":""40"",""exercise_name"":""Leg press""},{""load"":""49"",""exercise_name"":""Barra fixa supinada (chin up)""},{""load"":""15"",""exercise_name"":""Puxada Alta""},{""load"":""5"",""exercise_name"":""Tríceps com barra reta ou W""},{""load"":""5"",""exercise_name"":""Tríceps corda""},{""load"":""20"",""exercise_name"":""Cadeira  Abdutora""},{""load"":""60"",""exercise_name"":""Prancha""}]","69cab498f494b0e0a3a2252c","true","6a3c0353598a6c6c8117b62c","2026-06-24T16:18:27.362000","2026-06-24T16:51:09.716000","69e8b3e3ed8dfc592768740f","sophialannah123@gmail.com","false"
"2026-06-24","[""Puxada Alta"",""Remada serrote"",""Rosca arrastada (drag curl)"",""Rosca alternada"",""Prancha""]","69f9f50bddd7ac56462379f7","B","[{""load"":""35"",""exercise_name"":""Puxada Alta""},{""load"":""0"",""exercise_name"":""Remada serrote""},{""load"":""5"",""exercise_name"":""Rosca arrastada (drag curl)""},{""load"":""12"",""exercise_name"":""Rosca alternada""},{""load"":""0"",""exercise_name"":""Prancha""}]","69cab53deddee6987dc1c800","false","6a3bb9aba93276b2d094eca2","2026-06-24T11:04:11.457000","2026-06-24T11:30:03.564000","69e8b3dfc275cae65aee1aa2","morianmalburg@gmail.com","false"
"2026-06-24","[""Elevação lateral com halteres"",""Tríceps corda"",""Rosca alternada"",""Voador ou peck deck"",""Supino máquina"",""Puxada Alta""]","6a032fcb519dc1b1f51cc1e2","A","[{""load"":""3"",""exercise_name"":""Elevação lateral com halteres""},{""load"":""5"",""exercise_name"":""Tríceps corda""},{""load"":""3"",""exercise_name"":""Rosca alternada""},{""load"":""2.5"",""exercise_name"":""Voador ou peck deck""},{""load"":""10"",""exercise_name"":""Supino máquina""},{""load"":""10"",""exercise_name"":""Puxada Alta""}]","69cab50fec6532662ba58f05","true","6a3bab7c8a3180b748a210c3","2026-06-24T10:03:40.868000","2026-06-24T10:24:29.704000","69e8b3abbdd54859f2b7eadf","ana.anacarol1403@gmail.com","false"
"2026-06-23","[""Mesa flexora"",""Stiff"",""Puxada Alta"",""Rosca alternada"",""Cadeira  Abdutora"",""Agachamento sumô"",""Pull down"",""Rosca direta com barra reta ou W"",""Elevação de panturrilhas no leg press"",""Prancha""]","6a3b008e5918672192eebf9e","B","[{""load"":""10"",""exercise_name"":""Mesa flexora""},{""load"":""15"",""exercise_name"":""Stiff""},{""load"":""20"",""exercise_name"":""Puxada Alta""},{""load"":""4"",""exercise_name"":""Rosca alternada""},{""load"":""25"",""exercise_name"":""Cadeira  Abdutora""},{""load"":""16"",""exercise_name"":""Agachamento sumô""},{""load"":""15"",""exercise_name"":""Pull down""},{""load"":""15"",""exercise_name"":""Rosca direta com barra reta ou W""}]","69cab533705403585c687b9e","true","6a3b02c2309893bd70cf2bda","2026-06-23T22:03:46.715000","2026-06-23T22:29:02.284000","6a1edae225e1f39bf869001a","andressakoliveira.tur@gmail.com","false"
"2026-06-23","[""Cadeira  Abdutora"",""Cadeira extensora"",""Leg press"",""Agachamento hack"",""Supino máquina"",""Voador ou peck deck""]","6a3af6b2a541486841c09a2b","A","[]","6a304dbb6505c47b19606f12","false","6a3afee7c4edb56bea2dec05","2026-06-23T21:47:19.719000","2026-06-23T22:07:20.836000","6a2aea1cd0de8de3acfb63a3","camilacostamm11@gmail.com","false"
"2026-06-23","[""Agachamento sumô"",""Cadeira  Abdutora"",""Rosca alternada"",""Mesa flexora"",""Stiff"",""Puxada Alta"",""Pull down"",""Rosca direta com barra reta ou W"",""Elevação de panturrilhas no leg press"",""Prancha""]","6a35a9be2a7e4c613ce6397d","B","[{""load"":""9"",""exercise_name"":""Agachamento sumô""},{""load"":""20"",""exercise_name"":""Cadeira  Abdutora""},{""load"":""4"",""exercise_name"":""Rosca alternada""},{""load"":""10"",""exercise_name"":""Mesa flexora""},{""load"":""15"",""exercise_name"":""Stiff""},{""load"":""20"",""exercise_name"":""Puxada Alta""},{""load"":""20"",""exercise_name"":""Pull down""},{""load"":""15"",""exercise_name"":""Rosca direta com barra reta ou W""}]","69cab5336d09f1ead4a603b5","true","6a3af828a5293d0621dee7a5","2026-06-23T21:18:32.121000","2026-06-23T22:29:12.259000","69eb71414c5a3877ecd8a887","efmonteiro04@gmail.com","false"
"2026-06-23","[""Cadeira  Abdutora"",""Leg press"",""Voador ou peck deck"",""Tríceps com barra reta ou W"",""Supino máquina"",""Tríceps francês"",""cadeira adutora"",""Passada lateral"",""ABDOMINAL REMADOR""]","6a286fecd256cedb3be7523e","B","[{""load"":""20"",""exercise_name"":""Cadeira  Abdutora""},{""load"":""40"",""exercise_name"":""Leg press""},{""load"":""10"",""exercise_name"":""Voador ou peck deck""},{""load"":""7,5"",""exercise_name"":""Tríceps com barra reta ou W""},{""load"":""20"",""exercise_name"":""Supino máquina""},{""load"":""5"",""exercise_name"":""Tríceps francês""},{""load"":""20"",""exercise_name"":""cadeira adutora""},{""load"":""60"",""exercise_name"":""Passada lateral""},{""load"":""60"",""exercise_name"":""ABDOMINAL REMADOR""}]","69cab498f494b0e0a3a2252c","true","6a3af81d5de94a3a24f602df","2026-06-23T21:18:21.893000","2026-06-23T22:00:07.079000","69e8b3e3ed8dfc592768740f","sophialannah123@gmail.com","false"
"2026-06-23","[""Paralelas"",""Crucifixo"",""Tríceps banco"",""Tríceps com barra reta ou W"",""Voador ou peck deck"",""ABDOMINAL TRADICIONAL"",""Supino máquina""]","6a0f6799d8abb1b6c2ca0d8f","B","[{""load"":""42"",""exercise_name"":""Paralelas""},{""load"":""4"",""exercise_name"":""Crucifixo""},{""load"":""12,5"",""exercise_name"":""Tríceps com barra reta ou W""},{""load"":""5"",""exercise_name"":""Voador ou peck deck""}]","69cab5528917bc7d06ec9f36","true","6a3ae9ea0cf094a70dc7b1cd","2026-06-23T20:17:46.614000","2026-06-23T21:09:52.373000","69e8b3c510a6ab1ad3da4cd2","caiooliveira92@gmail.com","false"
"2026-06-23","[""Supino máquina"",""Cadeira  Abdutora"",""Elevação lateral com halteres"",""ABDOMINAL TRADICIONAL"",""Tríceps com barra reta ou W"",""Voador ou peck deck"",""Mesa flexora"",""Afundo"",""Tríceps testa"",""POLI CHINELO""]","6a18a3a0a3493a90d7f23ab9","B","[]","69fc846f76670092689fba5b","true","6a3ae991e19b96bc725b6e90","2026-06-23T20:16:17.920000","2026-06-23T20:39:59.585000","69f3a2bdd479a05ce50eb8df","giovannaalves978@gmail.com","false"
"2026-06-23","[""Supino máquina"",""Agachamento sumô"",""Leg press"",""Cadeira extensora"",""Elevação de panturrilhas sentado na máquina""]","6a05e166f3fee59d1399480b","A","[]","69cab48c17c5690cf3d30c6d","false","6a3acbbf000ef6392c343c9d","2026-06-23T18:09:03.424000","2026-06-23T18:33:12.943000","69e8b3bf55bcfeb78675459e","indiarajujuba@gmail.com","false"
"2026-06-22","[""Leg press"",""Cadeira extensora"",""Cadeira  Abdutora"",""Supino máquina"",""Voador ou peck deck"",""Tríceps com barra reta ou W"",""Afundo"",""Tríceps francês"",""Prancha""]","6a1df87dd946b3789d7c0335","A","[{""load"":""40"",""exercise_name"":""Leg press""},{""load"":""20"",""exercise_name"":""Cadeira extensora""},{""load"":""40"",""exercise_name"":""Cadeira  Abdutora""},{""load"":""10"",""exercise_name"":""Supino máquina""},{""load"":""2,5"",""exercise_name"":""Voador ou peck deck""},{""load"":""7,5"",""exercise_name"":""Tríceps com barra reta ou W""},{""load"":""0"",""exercise_name"":""Afundo""},{""load"":""4"",""exercise_name"":""Tríceps francês""},{""load"":""0"",""exercise_name"":""Prancha""}]","6a15d57c344b691a4877ca97","true","6a39a96f7adb1874e0f98faa","2026-06-22T21:30:23.022000","2026-06-22T22:16:24.731000","6a103a6242a03e3f6e05eccd","marilia7@gmail.com","false"
"2026-06-22","[""Voador ou peck deck"",""Tríceps corda"",""Supino máquina"",""Tríceps com barra reta ou W"",""Leg press"",""Mesa flexora"",""Agachamento hack"",""Cadeira  Abdutora"",""cadeira adutora"",""ABDOMINAL REMADOR""]","6a35a7e6d7d7b23c7e61b30c","A","[{""load"":""5"",""exercise_name"":""Voador ou peck deck""},{""load"":""5"",""exercise_name"":""Tríceps corda""},{""load"":""5"",""exercise_name"":""Supino máquina""},{""load"":""7,5"",""exercise_name"":""Tríceps com barra reta ou W""},{""load"":""10"",""exercise_name"":""Mesa flexora""},{""load"":""15"",""exercise_name"":""Cadeira  Abdutora""},{""load"":""15"",""exercise_name"":""cadeira adutora""}]","69cab5336d09f1ead4a603b5","true","6a39a4e958bab0435b1059e1","2026-06-22T21:11:05.835000","2026-06-22T22:15:29.725000","69eb71414c5a3877ecd8a887","efmonteiro04@gmail.com","false"
"2026-06-22","[""Paralelas"",""Tríceps corda"",""Voador ou peck deck"",""Tríceps com barra reta ou W"",""Tríceps francês"",""Elevação frontal com halteres"",""Supino inclinado"",""Prancha""]","6a0b51ffd38409db0dc68cbc","A","[{""load"":""7,5"",""exercise_name"":""Tríceps corda""},{""load"":""10"",""exercise_name"":""Voador ou peck deck""},{""load"":""10"",""exercise_name"":""Tríceps com barra reta ou W""},{""load"":""6"",""exercise_name"":""Tríceps francês""}]","69cab4bbce9564de9486ce35","true","6a399753977e7cffa90f3d4d","2026-06-22T20:13:07.990000","2026-06-22T20:54:34.558000","69eb713d0daf529bb432fcf3","gilson.pereira21@gmail.com","false"
"2026-06-22","[""Agachamento hack"",""Rosca alternada"",""Leg press"",""Elevação frontal com halteres"",""Remada curvada"",""Elevação de panturrilhas no leg press"",""Puxada Alta"",""Cadeira extensora"",""ABDOMINAL TRADICIONAL""]","6a18a2bd026fba7fdbbcb77c","A","[]","69fc846f76670092689fba5b","true","6a3996d6283a5c4d3293e128","2026-06-22T20:11:02.703000","2026-06-22T20:48:56.709000","69f3a2bdd479a05ce50eb8df","giovannaalves978@gmail.com","false"
"2026-06-22","[""Barra fixa supinada (chin up)"",""Rosca simultânea"",""Encolhimento"",""Rosca martelo"",""Crucifixo invertido com halteres"",""Rosca scott"",""Prancha"",""Elevação lateral inclinada""]","6a0cbd67da952ffe4068a9d1","B","[{""load"":""30"",""exercise_name"":""Barra fixa supinada (chin up)""},{""load"":""10"",""exercise_name"":""Rosca simultânea""},{""load"":""10"",""exercise_name"":""Encolhimento""},{""load"":""10"",""exercise_name"":""Rosca martelo""},{""load"":""5"",""exercise_name"":""Crucifixo invertido com halteres""},{""load"":""10"",""exercise_name"":""Rosca scott""},{""load"":""0"",""exercise_name"":""Prancha""},{""load"":""5"",""exercise_name"":""Elevação lateral inclinada""}]","69cab5409b141921d6a9baca","true","6a39615e6fd44e735edaab3b","2026-06-22T16:22:54.535000","2026-06-22T16:47:09.114000","6a022e0e6d475b0b2334af8e","brenuovrb@gmail.com","false"
"2026-06-22","[""Voador ou peck deck"",""Supino máquina"",""Supino reto"",""Elevação lateral com halteres"",""Elevação frontal com halteres"",""Tríceps com barra reta ou W"",""Tríceps corda""]","69f9f2b7a32d0a3bc78348c9","A","[{""load"":""15"",""exercise_name"":""Voador ou peck deck""},{""load"":""35"",""exercise_name"":""Supino máquina""},{""load"":""20"",""exercise_name"":""Supino reto""},{""load"":""12"",""exercise_name"":""Elevação lateral com halteres""},{""load"":""12"",""exercise_name"":""Elevação frontal com halteres""},{""load"":""20"",""exercise_name"":""Tríceps com barra reta ou W""},{""load"":""15"",""exercise_name"":""Tríceps corda""}]","69cab53deddee6987dc1c800","true","6a391677fdd99f26b6707acf","2026-06-22T11:03:19.744000","2026-06-22T11:24:33.686000","69e8b3dfc275cae65aee1aa2","morianmalburg@gmail.com","false"
"2026-06-22","[""Elevação de panturrilhas no leg press"",""Leg press"",""Mesa flexora"",""Cadeira extensora"",""Cadeira abdutora"",""Levantamento terra sumô""]","6a032b28079535f68254b04a","B","[{""load"":""30"",""exercise_name"":""Elevação de panturrilhas no leg press""},{""load"":""30"",""exercise_name"":""Leg press""},{""load"":""15"",""exercise_name"":""Mesa flexora""},{""load"":""20"",""exercise_name"":""Cadeira extensora""},{""load"":""20"",""exercise_name"":""Cadeira abdutora""},{""load"":""5"",""exercise_name"":""Levantamento terra sumô""}]","69cab50fec6532662ba58f05","false","6a3909d1c015f26efcf2b0eb","2026-06-22T10:09:21.178000","2026-06-22T10:32:51.145000","69e8b3abbdd54859f2b7eadf","ana.anacarol1403@gmail.com","false"
"2026-06-19","[""Pull down"",""Rosca direta na polia"",""Encolhimento"",""Elevação lateral com halteres"",""Rosca alternada"",""Puxada Alta"",""Elevação frontal com halteres"",""ABDOMINAL TRADICIONAL""]","6a0cc35ba19566f147b9f109","A","[{""load"":""12,5"",""exercise_name"":""Pull down""},{""load"":""7,5"",""exercise_name"":""Rosca direta na polia""},{""load"":""4"",""exercise_name"":""Elevação lateral com halteres""},{""load"":""4"",""exercise_name"":""Rosca alternada""},{""load"":""30"",""exercise_name"":""Puxada Alta""},{""load"":""4"",""exercise_name"":""Elevação frontal com halteres""}]","69cab5528917bc7d06ec9f36","true","6a35a5c8e487e035bfc0f787","2026-06-19T20:25:44.802000","2026-06-19T21:09:44.534000","69e8b3c510a6ab1ad3da4cd2","caiooliveira92@gmail.com","false"
"2026-06-19","[""Puxada Alta"",""Remada serrote"",""Rosca arrastada (drag curl)"",""Rosca alternada"",""Prancha""]","69f9f50bddd7ac56462379f7","B","[{""load"":""35"",""exercise_name"":""Puxada Alta""},{""load"":""0"",""exercise_name"":""Remada serrote""},{""load"":""12"",""exercise_name"":""Rosca arrastada (drag curl)""},{""load"":""12"",""exercise_name"":""Rosca alternada""},{""load"":""0"",""exercise_name"":""Prancha""}]","69cab53deddee6987dc1c800","false","6a352198473b4ff4540851ae","2026-06-19T11:01:44.282000","2026-06-19T11:29:24.279000","69e8b3dfc275cae65aee1aa2","morianmalburg@gmail.com","false"
"2026-06-19","[""Cadeira extensora"",""Leg press"",""Tríceps testa"",""Tríceps francês"",""Supino máquina"",""Voador ou peck deck"",""Cadeira abdutora"",""Prancha"",""Levantamento terra sumô""]","6a0b7c939009e98f2d6eb508","A","[{""load"":""50"",""exercise_name"":""Cadeira extensora""},{""load"":""30"",""exercise_name"":""Leg press""},{""load"":""12,5"",""exercise_name"":""Tríceps testa""},{""load"":""2,5"",""exercise_name"":""Tríceps francês""},{""load"":""25"",""exercise_name"":""Supino máquina""},{""load"":""5"",""exercise_name"":""Voador ou peck deck""},{""load"":""40"",""exercise_name"":""Cadeira abdutora""},{""load"":""0"",""exercise_name"":""Prancha""},{""load"":""0"",""exercise_name"":""Levantamento terra sumô""}]","69cab4a1625c88b62a9b4704","true","6a3516c0bac4a98c78ccebfe","2026-06-19T10:15:28.261000","2026-06-19T10:54:36.765000","69fb76a3ee52fc9de3d098e8","cristinamcosta.arq@gmail.com","false"
"2026-06-18","[""Elevação de panturrilhas sentado com halteres"",""Cadeira  Abdutora"",""Levantamento terra sumô"",""Puxada Alta"",""Agachamento livre"",""Rosca alternada"",""Pull down"",""Elevação frontal com halteres"",""Passada lateral"",""Prancha""]","6a0e33130759ee34ad9ae728","B","[{""load"":""30"",""exercise_name"":""Elevação de panturrilhas sentado com halteres""},{""load"":""30"",""exercise_name"":""Cadeira  Abdutora""},{""load"":""10"",""exercise_name"":""Levantamento terra sumô""},{""load"":""20"",""exercise_name"":""Puxada Alta""},{""load"":""6"",""exercise_name"":""Agachamento livre""},{""load"":""3"",""exercise_name"":""Rosca alternada""},{""load"":""7.5"",""exercise_name"":""Pull down""},{""load"":""2"",""exercise_name"":""Elevação frontal com halteres""},{""load"":""0"",""exercise_name"":""Passada lateral""},{""load"":""0"",""exercise_name"":""Prancha""}]","69cab496d430c0cf1dbd7e72","true","6a347001b67e8ffe1322f828","2026-06-18T22:24:01.592000","2026-06-18T22:54:30.422000","69f0e732a32f7ffb33e50f1b","anaclarabarbacena@gmail.com","false"
"2026-06-18","[""Cadeira  Abdutora"",""cadeira adutora"",""ABDOMINAL TRADICIONAL"",""Puxada Alta"",""Rosca alternada"",""Leg press"",""Elevação de panturrilhas sentado na máquina"",""Voador invertido"",""Rosca direta com barra reta ou W"",""Agachamento livre""]","6a33052003a8a0b276fbe36c","A","[{""load"":""30"",""exercise_name"":""Cadeira  Abdutora""},{""load"":""30"",""exercise_name"":""cadeira adutora""},{""load"":""0"",""exercise_name"":""ABDOMINAL TRADICIONAL""},{""load"":""30"",""exercise_name"":""Puxada Alta""},{""load"":""3"",""exercise_name"":""Rosca alternada""},{""load"":""10"",""exercise_name"":""Leg press""},{""load"":""30"",""exercise_name"":""Elevação de panturrilhas sentado na máquina""},{""load"":""5"",""exercise_name"":""Voador invertido""},{""load"":""5"",""exercise_name"":""Rosca direta com barra reta ou W""},{""load"":""5"",""exercise_name"":""Agachamento livre""}]","6a2ab495dd0a4b30a31fc926","true","6a3454e2a163505a27d6583a","2026-06-18T20:28:18.986000","2026-06-18T21:22:49.547000","6a16e530d523f85a83c52aa9","lilicabiologa17@gmail.com","false"
"2026-06-18","[""Leg press"",""Mesa flexora"",""Cadeira extensora"",""Agachamento hack"",""Levantamento terra sumô"",""Afundo"",""Prancha""]","6a175518c3a8019dccebfe4c","C","[{""load"":""40"",""exercise_name"":""Leg press""},{""load"":""25"",""exercise_name"":""Mesa flexora""},{""load"":""17,5"",""exercise_name"":""Cadeira extensora""},{""load"":""12"",""exercise_name"":""Agachamento hack""},{""load"":""12"",""exercise_name"":""Levantamento terra sumô""}]","69cab5528917bc7d06ec9f36","true","6a3452c3e861d6d7890ebd7b","2026-06-18T20:19:15.752000","2026-06-18T20:53:21.148000","69e8b3c510a6ab1ad3da4cd2","caiooliveira92@gmail.com","false"
"2026-06-18","[""Levantamento terra sumô"",""Agachamento hack"",""Cadeira extensora"",""Leg press"",""Mesa flexora"",""Elevação de panturrilhas no leg press"",""ABDOMINAL TRADICIONAL"",""Prancha""]","6a0e3fab10668469013bf60b","C","[{""load"":""5"",""exercise_name"":""Levantamento terra sumô""},{""load"":""30"",""exercise_name"":""Cadeira extensora""},{""load"":""10"",""exercise_name"":""Leg press""},{""load"":""20"",""exercise_name"":""Mesa flexora""},{""load"":""10"",""exercise_name"":""Elevação de panturrilhas no leg press""}]","69cab4bbce9564de9486ce35","true","6a34510cca4d1d0b1abbef6a","2026-06-18T20:11:56.536000","2026-06-18T20:51:44.681000","69eb713d0daf529bb432fcf3","gilson.pereira21@gmail.com","false"
"2026-06-18","[""Supino máquina"",""Cadeira  Abdutora"",""Tríceps com barra reta ou W"",""Elevação lateral com halteres"",""Afundo"",""POLI CHINELO"",""Tríceps testa"",""ABDOMINAL TRADICIONAL"",""Mesa flexora"",""Voador ou peck deck""]","6a18a2bd026fba7fdbbcb77c","A","[]","69fc846f76670092689fba5b","true","6a34504b03db276936f093c1","2026-06-18T20:08:43.399000","2026-06-18T20:52:00.993000","69f3a2bdd479a05ce50eb8df","giovannaalves978@gmail.com","false"
"2026-06-18","[""Cadeira extensora"",""Desenvolvimento com halteres"",""Leg press"",""Voador invertido"",""Agachamento livre"",""POLI CHINELO"",""Prancha""]","6a0cbfccf2075ccc2037a0d3","C","[{""load"":""25"",""exercise_name"":""Cadeira extensora""},{""load"":""10"",""exercise_name"":""Desenvolvimento com halteres""},{""load"":""40"",""exercise_name"":""Leg press""},{""load"":""10"",""exercise_name"":""Voador invertido""},{""load"":""0"",""exercise_name"":""Agachamento livre""},{""load"":""0"",""exercise_name"":""POLI CHINELO""},{""load"":""0"",""exercise_name"":""Prancha""}]","69cab5409b141921d6a9baca","true","6a34446d9000bd6fad8d78da","2026-06-18T19:18:05.079000","2026-06-18T19:40:43.003000","6a022e0e6d475b0b2334af8e","brenuovrb@gmail.com","false"
"2026-06-17","[""Tríceps com barra reta ou W"",""Tríceps corda"",""Crucifixo"",""Supino máquina"",""Tríceps banco"",""Paralelas"",""Tríceps coice"",""ABDOMINAL REMADOR""]","6a0ce1d10bae4ce105e647c5","B","[{""load"":""12,5"",""exercise_name"":""Tríceps com barra reta ou W""},{""load"":""12,5"",""exercise_name"":""Tríceps corda""},{""load"":""10"",""exercise_name"":""Crucifixo""}]","69cab51d8bf415ccbaf6955b","true","6a330f396eec01e96ab2acfa","2026-06-17T21:18:49.463000","2026-06-17T21:40:46.293000","69f8d5070e6979860429cfd6","guisenna73@gmail.com","false"
"2026-06-17","[""Paralelas"",""Tríceps com barra reta ou W"",""Supino máquina"",""Crucifixo"",""Tríceps banco"",""ABDOMINAL TRADICIONAL"",""Voador ou peck deck""]","6a0f6799d8abb1b6c2ca0d8f","B","[{""load"":""42"",""exercise_name"":""Paralelas""},{""load"":""10"",""exercise_name"":""Tríceps com barra reta ou W""},{""load"":""15"",""exercise_name"":""Supino máquina""},{""load"":""3"",""exercise_name"":""Crucifixo""}]","69cab5528917bc7d06ec9f36","true","6a3301d606f803eeeebd4c95","2026-06-17T20:21:42.007000","2026-06-17T20:54:58.123000","69e8b3c510a6ab1ad3da4cd2","caiooliveira92@gmail.com","false"
"2026-06-17","[""Puxada Alta"",""Rosca alternada"",""Leg press"",""Elevação de panturrilhas no leg press"",""Elevação frontal com halteres"",""Cadeira extensora"",""Remada curvada""]","6a18a2bd026fba7fdbbcb77c","A","[]","69fc846f76670092689fba5b","false","6a32fff8ff5a7f766bf98e14","2026-06-17T20:13:44.480000","2026-06-17T20:46:35.269000","69f3a2bdd479a05ce50eb8df","giovannaalves978@gmail.com","false"
"2026-06-17","[""Rosca alternada"",""Rosca martelo"",""Voador invertido"",""Barra fixa supinada (chin up)"",""Rosca direta na polia"",""Encolhimento"",""Desenvolvimento com halteres""]","6a0b52a21ed29f984a873300","B","[{""load"":""4"",""exercise_name"":""Rosca alternada""},{""load"":""4"",""exercise_name"":""Rosca martelo""},{""load"":""10"",""exercise_name"":""Voador invertido""},{""load"":""28"",""exercise_name"":""Barra fixa supinada (chin up)""},{""load"":""7,5"",""exercise_name"":""Rosca direta na polia""},{""load"":""6"",""exercise_name"":""Encolhimento""},{""load"":""4"",""exercise_name"":""Desenvolvimento com halteres""}]","69cab4bbce9564de9486ce35","true","6a32fff41f14db9239057603","2026-06-17T20:13:40.433000","2026-06-17T20:48:53.422000","69eb713d0daf529bb432fcf3","gilson.pereira21@gmail.com","false"
"2026-06-17","[""Crucifixo invertido com halteres"",""Rosca simultânea"",""Barra fixa supinada (chin up)"",""Encolhimento"",""Rosca martelo"",""Rosca scott"",""Prancha"",""Elevação lateral inclinada""]","6a0cbd67da952ffe4068a9d1","B","[{""load"":""5"",""exercise_name"":""Crucifixo invertido com halteres""},{""load"":""10"",""exercise_name"":""Rosca simultânea""},{""load"":""25"",""exercise_name"":""Barra fixa supinada (chin up)""},{""load"":""10"",""exercise_name"":""Encolhimento""},{""load"":""10"",""exercise_name"":""Rosca martelo""},{""load"":""10"",""exercise_name"":""Rosca scott""},{""load"":""0"",""exercise_name"":""Prancha""},{""load"":""5"",""exercise_name"":""Elevação lateral inclinada""}]","69cab5409b141921d6a9baca","true","6a32c919a477f9612a9e2fe0","2026-06-17T16:19:37.503000","2026-06-17T16:44:26.247000","6a022e0e6d475b0b2334af8e","brenuovrb@gmail.com","false"
"2026-06-17","[""Cadeira  Abdutora"",""Mesa flexora"",""Leg press"",""Tríceps com barra reta ou W"",""Tríceps corda"",""Puxada Alta"",""Barra fixa supinada (chin up)"",""Prancha"",""Cadeira extensora""]","6a14c020b3786a4a7cfaa293","A","[{""load"":""20"",""exercise_name"":""Cadeira  Abdutora""},{""load"":""20"",""exercise_name"":""Mesa flexora""},{""load"":""40"",""exercise_name"":""Leg press""},{""load"":""5"",""exercise_name"":""Tríceps com barra reta ou W""},{""load"":""5"",""exercise_name"":""Tríceps corda""},{""load"":""20"",""exercise_name"":""Puxada Alta""},{""load"":""40"",""exercise_name"":""Barra fixa supinada (chin up)""},{""load"":""60"",""exercise_name"":""Prancha""},{""load"":""20"",""exercise_name"":""Cadeira extensora""}]","69cab498f494b0e0a3a2252c","true","6a32c90c081fe35956b0cfd8","2026-06-17T16:19:24.673000","2026-06-17T16:49:00.565000","69e8b3e3ed8dfc592768740f","sophialannah123@gmail.com","false"
"2026-06-17","[""Voador ou peck deck"",""Supino máquina"",""Supino reto"",""Elevação lateral com halteres"",""Elevação frontal com halteres"",""Tríceps com barra reta ou W"",""Tríceps corda""]","69f9f2b7a32d0a3bc78348c9","A","[{""load"":""15"",""exercise_name"":""Voador ou peck deck""},{""load"":""35"",""exercise_name"":""Supino máquina""},{""load"":""20"",""exercise_name"":""Supino reto""},{""load"":""12"",""exercise_name"":""Elevação lateral com halteres""},{""load"":""12"",""exercise_name"":""Elevação frontal com halteres""},{""load"":""20"",""exercise_name"":""Tríceps com barra reta ou W""},{""load"":""15"",""exercise_name"":""Tríceps corda""}]","69cab53deddee6987dc1c800","true","6a327dcdaed8fa63f6e65521","2026-06-17T10:58:21.723000","2026-06-17T11:21:52.097000","69e8b3dfc275cae65aee1aa2","morianmalburg@gmail.com","false"
"2026-06-17","[""Tríceps corda"",""Supino máquina"",""Voador ou peck deck""]","6a032fcb519dc1b1f51cc1e2","A","[{""load"":""5"",""exercise_name"":""Tríceps corda""},{""load"":""5"",""exercise_name"":""Supino máquina""},{""load"":""5"",""exercise_name"":""Voador ou peck deck""}]","69cab50fec6532662ba58f05","false","6a327116d98fca09cebb67fb","2026-06-17T10:04:06.400000","2026-06-17T10:04:58.323000","69e8b3abbdd54859f2b7eadf","ana.anacarol1403@gmail.com","false"
"2026-06-16","[""Cad. extensora"",""Mesa flexora"",""Leg press"",""Remada alta com halteres"",""Afundo"",""Stiff"",""Elevação lateral com halteres"",""Elevação de panturrilhas em pé com o peso do corpo""]","6a0ce1e351b602fb5330e92e","C","[{""load"":""30"",""exercise_name"":""Cad. extensora""},{""load"":""25"",""exercise_name"":""Mesa flexora""},{""load"":""80"",""exercise_name"":""Leg press""}]","69cab51d8bf415ccbaf6955b","true","6a31c1f2c498e4cddbafca33","2026-06-16T21:36:50.112000","2026-06-16T21:37:21.747000","69f8d5070e6979860429cfd6","guisenna73@gmail.com","false"
"2026-06-16","[""Tríceps banco"",""Paralelas"",""Pullover com halteres"",""Crucifixo"",""Supino inclinado"",""Flexão diamante"",""ABDOMINAL REMADOR""]","6a272bf8227f64d7d263fa90","B","[{""load"":""0"",""exercise_name"":""Tríceps banco""},{""load"":""42"",""exercise_name"":""Paralelas""},{""load"":""20"",""exercise_name"":""Pullover com halteres""},{""load"":""10"",""exercise_name"":""Crucifixo""},{""load"":""7,5"",""exercise_name"":""Supino inclinado""},{""load"":""0"",""exercise_name"":""Flexão diamante""},{""load"":""0"",""exercise_name"":""ABDOMINAL REMADOR""}]","6a1f17c025cad254d07827e1","false","6a31b35ecc539bb4176bbfe6","2026-06-16T20:34:38.868000","2026-06-16T21:15:42.255000","6a1f14cec59abaa5e126073b","jhonathan.silva@goias.gov.br","false"
"2026-06-16","[""Leg press"",""Cadeira abdutora"",""Voador ou peck deck"",""Tríceps testa"",""Supino máquina"",""Cadeira extensora"",""Tríceps francês"",""Prancha"",""Levantamento terra sumô""]","6a0b7c939009e98f2d6eb508","A","[{""load"":""80"",""exercise_name"":""Leg press""},{""load"":""55"",""exercise_name"":""Cadeira abdutora""},{""load"":""5"",""exercise_name"":""Voador ou peck deck""},{""load"":""10"",""exercise_name"":""Tríceps testa""},{""load"":""25"",""exercise_name"":""Supino máquina""},{""load"":""40"",""exercise_name"":""Cadeira extensora""},{""load"":""9"",""exercise_name"":""Tríceps francês""},{""load"":""0"",""exercise_name"":""Prancha""},{""load"":""20"",""exercise_name"":""Levantamento terra sumô""}]","69cab4a1625c88b62a9b4704","true","6a31b2c941fd4d579d5a1cfa","2026-06-16T20:32:09.856000","2026-06-16T21:13:40.293000","69fb76a3ee52fc9de3d098e8","cristinamcosta.arq@gmail.com","false"
"2026-06-16","[""Voador ou peck deck"",""Cadeira  Abdutora"",""Elevação lateral com halteres"",""Supino máquina"",""ABDOMINAL TRADICIONAL"",""Tríceps com barra reta ou W"",""Afundo"",""Mesa flexora"",""Tríceps testa"",""POLI CHINELO""]","6a18a3a0a3493a90d7f23ab9","B","[]","69fc846f76670092689fba5b","true","6a31aef6c275af3b1e700360","2026-06-16T20:15:50.228000","2026-06-16T22:41:28.480000","69f3a2bdd479a05ce50eb8df","giovannaalves978@gmail.com","false"
"2026-06-16","[""Pull down"",""Rosca direta na polia"",""Encolhimento"",""Elevação lateral com halteres"",""Puxada Alta"",""Rosca alternada"",""Elevação frontal com halteres"",""ABDOMINAL TRADICIONAL""]","6a0cc35ba19566f147b9f109","A","[{""load"":""12,5"",""exercise_name"":""Pull down""},{""load"":""7,5"",""exercise_name"":""Rosca direta na polia""}]","69cab5528917bc7d06ec9f36","true","6a31ad48c2714ef88b01c367","2026-06-16T20:08:40.582000","2026-06-16T21:55:37.266000","69e8b3c510a6ab1ad3da4cd2","caiooliveira92@gmail.com","false"
"2026-06-16","[""Cadeira extensora"",""Supino máquina"",""Tríceps com barra reta ou W"",""Tríceps francês"",""Afundo"",""Voador ou peck deck"",""Prancha"",""Leg press""]","6a1ddc7bc91cbbfb41d3bea4","A","[{""load"":""25"",""exercise_name"":""Cadeira extensora""},{""load"":""5"",""exercise_name"":""Supino máquina""}]","6a15d611390b03b5280412b4","true","6a3173f8b2ce3fde1b4b617d","2026-06-16T16:04:08.899000","2026-06-16T16:39:05.518000","6a15cb855ddae0a12bbc417c","herikapabline@gmail.com","false"
"2026-06-16","[""Remada serrote"",""Rosca arrastada (drag curl)"",""Rosca alternada"",""Puxada Alta"",""Prancha""]","69f9f50bddd7ac56462379f7","B","[{""load"":""0"",""exercise_name"":""Remada serrote""},{""load"":""10"",""exercise_name"":""Rosca arrastada (drag curl)""},{""load"":""10"",""exercise_name"":""Rosca alternada""},{""load"":""35"",""exercise_name"":""Puxada Alta""},{""load"":""0"",""exercise_name"":""Prancha""}]","69cab53deddee6987dc1c800","false","6a312dde122c5653e0fa8193","2026-06-16T11:05:02.121000","2026-06-16T11:24:38.556000","69e8b3dfc275cae65aee1aa2","morianmalburg@gmail.com","false"
"2026-06-15","[""Cadeira  Abdutora"",""Mesa flexora"",""Cadeira extensora"",""Leg press"",""Supino máquina"",""Tríceps corda"",""Crucifixo"",""Tríceps francês"",""Elevação lateral com halteres"",""ABDOMINAL TRADICIONAL""]","6a0e31ebd6ba63d54dce96ce","A","[{""load"":""25"",""exercise_name"":""Cadeira  Abdutora""},{""load"":""25"",""exercise_name"":""Mesa flexora""},{""load"":""15"",""exercise_name"":""Cadeira extensora""},{""load"":""15"",""exercise_name"":""Leg press""},{""load"":""10"",""exercise_name"":""Supino máquina""},{""load"":""5"",""exercise_name"":""Tríceps corda""},{""load"":""3"",""exercise_name"":""Crucifixo""},{""load"":""3"",""exercise_name"":""Tríceps francês""},{""load"":""3"",""exercise_name"":""Elevação lateral com halteres""},{""load"":""0"",""exercise_name"":""ABDOMINAL TRADICIONAL""}]","69cab496d430c0cf1dbd7e72","true","6a307ab1a8d2704a3956a4d4","2026-06-15T22:20:33.203000","2026-06-15T22:55:49.833000","69f0e732a32f7ffb33e50f1b","anaclarabarbacena@gmail.com","false"
"2026-06-15","[""Pull down"",""Rosca alternada"",""Puxada Alta"",""Rosca direta na polia"",""Voador invertido"",""Rosca martelo"",""Barra fixa supinada (chin up)"",""ABDOMINAL INFRA""]","6a0ce0cc9688df98efb0d06d","A","[{""load"":""12,5"",""exercise_name"":""Pull down""},{""load"":""9"",""exercise_name"":""Rosca alternada""},{""load"":""45"",""exercise_name"":""Puxada Alta""},{""load"":""12,5"",""exercise_name"":""Rosca direta na polia""},{""load"":""10"",""exercise_name"":""Voador invertido""},{""load"":""9"",""exercise_name"":""Rosca martelo""},{""load"":""10"",""exercise_name"":""Barra fixa supinada (chin up)""}]","69cab51d8bf415ccbaf6955b","true","6a306dd0dbc80985a3d85c5d","2026-06-15T21:25:36.816000","2026-06-16T01:08:51.418000","69f8d5070e6979860429cfd6","guisenna73@gmail.com","false"
"2026-06-15","[""Rosca alternada"",""Puxada Alta"",""Elevação lateral com halteres"",""Voador invertido"",""Elevação frontal com halteres"",""Pull down""]","6a20957703aa9f8f6f54a627","A","[{""load"":""12"",""exercise_name"":""Rosca alternada""},{""load"":""45"",""exercise_name"":""Puxada Alta""},{""load"":""6"",""exercise_name"":""Elevação lateral com halteres""},{""load"":""15"",""exercise_name"":""Voador invertido""},{""load"":""6"",""exercise_name"":""Elevação frontal com halteres""},{""load"":""25"",""exercise_name"":""Pull down""}]","6a1f17c025cad254d07827e1","false","6a3066298dd1abbcd9c24dcc","2026-06-15T20:52:57.560000","2026-06-15T21:34:21.779000","6a1f14cec59abaa5e126073b","jhonathan.silva@goias.gov.br","false"
"2026-06-15","[""Cadeira extensora"",""Elevação de panturrilhas no leg press"",""Leg press"",""Rosca alternada"",""Elevação frontal com halteres"",""Puxada Alta"",""Agachamento hack"",""Remada curvada"",""ABDOMINAL TRADICIONAL""]","6a18a2bd026fba7fdbbcb77c","A","[]","69fc846f76670092689fba5b","true","6a3060df8d0eb2cf9f3392d7","2026-06-15T20:30:23.591000","2026-06-15T20:53:31.294000","69f3a2bdd479a05ce50eb8df","giovannaalves978@gmail.com","false"
"2026-06-15","[""Paralelas"",""Tríceps corda"",""Voador ou peck deck"",""Tríceps com barra reta ou W"",""Supino inclinado"",""Tríceps francês"",""Elevação frontal com halteres"",""Prancha""]","6a0b51ffd38409db0dc68cbc","A","[]","69cab4bbce9564de9486ce35","true","6a305d54505ec8e00ab93b34","2026-06-15T20:15:16.351000","2026-06-15T20:50:57.634000","69eb713d0daf529bb432fcf3","gilson.pereira21@gmail.com","false"
"2026-06-15","[""Puxada Alta"",""Cadeira  Abdutora"",""Pull down"",""Rosca alternada"",""Rosca simultânea"",""Elevação frontal com halteres"",""Mesa flexora"",""Agachamento búlgaro"",""Agachamento sumô""]","6a1f2b9f44e40658f4407468","B","[{""load"":""20"",""exercise_name"":""Puxada Alta""},{""load"":""30"",""exercise_name"":""Cadeira  Abdutora""},{""load"":""7,5"",""exercise_name"":""Pull down""},{""load"":""2"",""exercise_name"":""Rosca alternada""},{""load"":""2"",""exercise_name"":""Rosca simultânea""},{""load"":""2"",""exercise_name"":""Elevação frontal com halteres""},{""load"":""15"",""exercise_name"":""Mesa flexora""},{""load"":""0"",""exercise_name"":""Agachamento búlgaro""},{""load"":""9"",""exercise_name"":""Agachamento sumô""}]","6a15d611390b03b5280412b4","true","6a302348a580fc7dcfd89414","2026-06-15T16:07:36.638000","2026-06-15T16:54:53.844000","6a15cb855ddae0a12bbc417c","herikapabline@gmail.com","false"
"2026-06-15","[""Supino reto"",""Supino inclinado"",""Desenvolvimento com halteres"",""Elevação lateral com cabo"",""Tríceps testa""]","69ec115c12a09769714bf36c","A","[{""load"":""40"",""exercise_name"":""Supino reto""},{""load"":""28"",""exercise_name"":""Supino inclinado""},{""load"":""0"",""exercise_name"":""Desenvolvimento com halteres""},{""load"":""0"",""exercise_name"":""Elevação lateral com cabo""},{""load"":""0"",""exercise_name"":""Tríceps testa""}]","69c2d3ee87aec14ce3dd0d68","true","6a300c7c1f86dddbd1af8027","2026-06-15T14:30:20.443000","2026-06-15T15:34:52.566000","69c3d34b532ba9674f7d28c5","rafaelhagen@hotmail.com","false"
"2026-06-12","[""Agachamento livre"",""Leg press"",""Mesa flexora"",""Cadeira extensora"",""Elevação de panturrilhas em pé na máquina""]","69ec1305a6be6686d86d128a","C","[{""load"":""35"",""exercise_name"":""Agachamento livre""},{""load"":""160"",""exercise_name"":""Leg press""},{""load"":""90"",""exercise_name"":""Mesa flexora""},{""load"":""90"",""exercise_name"":""Cadeira extensora""},{""load"":""40"",""exercise_name"":""Elevação de panturrilhas em pé na máquina""}]","69c2d3ee87aec14ce3dd0d68","true","6a2c7e9f695020abcb730728","2026-06-12T21:48:15.108000","2026-06-12T22:20:03.923000","69c3d34b532ba9674f7d28c5","rafaelhagen@hotmail.com","false"
"2026-06-12","[""Supino inclinado"",""Crucifixo"",""Paralelas"",""Tríceps banco"",""Tríceps testa"",""ABDOMINAL REMADOR"",""Pullover com halteres"",""Flexão diamante""]","6a272bf8227f64d7d263fa90","B","[{""load"":""10"",""exercise_name"":""Supino inclinado""},{""load"":""10"",""exercise_name"":""Crucifixo""},{""load"":""42"",""exercise_name"":""Paralelas""},{""load"":""0"",""exercise_name"":""Tríceps banco""},{""load"":""5"",""exercise_name"":""Tríceps testa""},{""load"":""0"",""exercise_name"":""ABDOMINAL REMADOR""},{""load"":""10"",""exercise_name"":""Pullover com halteres""}]","6a1f17c025cad254d07827e1","true","6a2c78ea7c16faaee810d44f","2026-06-12T21:23:54.200000","2026-06-12T22:20:41.697000","6a1f14cec59abaa5e126073b","jhonathan.silva@goias.gov.br","false"
"2026-06-12","[""Cadeira extensora"",""Leg press"",""Supino máquina"",""Tríceps com barra reta ou W"",""Voador ou peck deck"",""Tríceps francês"",""Afundo"",""Prancha""]","6a1ddc7bc91cbbfb41d3bea4","A","[]","6a15d611390b03b5280412b4","true","6a2c325ecccf6ae8722a5393","2026-06-12T16:22:54.986000","2026-06-12T16:53:03.823000","6a15cb855ddae0a12bbc417c","herikapabline@gmail.com","false"
"2026-06-12","[""Voador ou peck deck"",""Supino máquina"",""Supino reto"",""Elevação lateral com halteres"",""Elevação frontal com halteres"",""Tríceps com barra reta ou W"",""Tríceps corda""]","69f9f2b7a32d0a3bc78348c9","A","[{""load"":""15"",""exercise_name"":""Voador ou peck deck""},{""load"":""30"",""exercise_name"":""Supino máquina""},{""load"":""20"",""exercise_name"":""Supino reto""},{""load"":""10"",""exercise_name"":""Elevação lateral com halteres""},{""load"":""10"",""exercise_name"":""Elevação frontal com halteres""},{""load"":""20"",""exercise_name"":""Tríceps com barra reta ou W""},{""load"":""15"",""exercise_name"":""Tríceps corda""}]","69cab53deddee6987dc1c800","true","6a2be61e3af06d183ccd5668","2026-06-12T10:57:34.285000","2026-06-12T11:18:08.624000","69e8b3dfc275cae65aee1aa2","morianmalburg@gmail.com","false"
"2026-06-11","[""Agachamento hack"",""Mesa flexora"",""Cadeira extensora"",""Leg press"",""Agachamento livre"",""Elevação de panturrilhas no leg press"",""Elevação de panturrilhas em pé na máquina"",""ABDOMINAL INFRA"",""Prancha""]","6a29c953e5d45bf6aa1dad0e","A","[{""load"":""20"",""exercise_name"":""Agachamento hack""},{""load"":""45"",""exercise_name"":""Mesa flexora""},{""load"":""30"",""exercise_name"":""Cadeira extensora""},{""load"":""60"",""exercise_name"":""Leg press""},{""load"":""0"",""exercise_name"":""Agachamento livre""},{""load"":""60"",""exercise_name"":""Elevação de panturrilhas no leg press""},{""load"":""60"",""exercise_name"":""Elevação de panturrilhas em pé na máquina""},{""load"":""0"",""exercise_name"":""ABDOMINAL INFRA""},{""load"":""0"",""exercise_name"":""Prancha""}]","6a28490940b20bf445d77ea6","true","6a2afdd7c686d1649619b833","2026-06-11T18:26:31.711000","2026-06-11T18:27:24.519000","6a28488fb42e0b4d317ef9f5","heldersecami@gmail.com","false"
"2026-06-11","[""Cadeira  Abdutora"",""Rosca simultânea"",""Rosca alternada"",""Puxada Alta"",""Agachamento búlgaro"",""Elevação frontal com halteres"",""Pull down"",""Agachamento sumô"",""Mesa flexora""]","6a1f2b9f44e40658f4407468","B","[]","6a15d611390b03b5280412b4","true","6a2adf2153c866a7a063eeb5","2026-06-11T16:15:29.704000","2026-06-11T17:00:03.959000","6a15cb855ddae0a12bbc417c","herikapabline@gmail.com","false"
"2026-06-11","[""Agachamento hack"",""Leg press"",""Cadeira extensora"",""Mesa flexora"",""Cadeira abdutora"",""Elevação de panturrilhas em pé com o peso do corpo""]","69f9f9244f9c34a2bdeb6291","C","[{""load"":""0"",""exercise_name"":""Agachamento hack""},{""load"":""40"",""exercise_name"":""Leg press""},{""load"":""25"",""exercise_name"":""Cadeira extensora""},{""load"":""35"",""exercise_name"":""Mesa flexora""},{""load"":""40"",""exercise_name"":""Cadeira abdutora""},{""load"":""0"",""exercise_name"":""Elevação de panturrilhas em pé com o peso do corpo""}]","69cab53deddee6987dc1c800","true","6a2a98c0fe9b2642c2865803","2026-06-11T11:15:12.092000","2026-06-11T11:30:15.551000","69e8b3dfc275cae65aee1aa2","morianmalburg@gmail.com","false"
"2026-06-10","[""Agachamento hack"",""Cadeira abdutora"",""Cadeira extensora"",""Agachamento livre"",""Supino máquina"",""Voador ou peck deck"",""Tríceps com barra reta ou W"",""Tríceps francês""]","6a0b53e84ca07c1ae1b52404","A","[{""load"":""45"",""exercise_name"":""Cadeira abdutora""},{""load"":""35"",""exercise_name"":""Cadeira extensora""},{""load"":""10"",""exercise_name"":""Supino máquina""},{""load"":""5"",""exercise_name"":""Voador ou peck deck""},{""load"":""7.5"",""exercise_name"":""Tríceps com barra reta ou W""},{""load"":""3"",""exercise_name"":""Tríceps francês""}]","69efa4149a982f6976102820","true","6a29e36676521e3338514ac8","2026-06-10T22:21:26.880000","2026-06-10T23:11:30.629000","69e8b3ac72ff58fcfafa20b1","cristinathco@gmail.com","false"
"2026-06-10","[""Cadeira extensora"",""Desenvolvimento com halteres"",""Leg press"",""Voador invertido"",""Agachamento livre"",""POLI CHINELO"",""Prancha""]","6a0cbfccf2075ccc2037a0d3","C","[{""load"":""20"",""exercise_name"":""Cadeira extensora""},{""load"":""10"",""exercise_name"":""Desenvolvimento com halteres""},{""load"":""40"",""exercise_name"":""Leg press""},{""load"":""5"",""exercise_name"":""Voador invertido""},{""load"":""0"",""exercise_name"":""Agachamento livre""},{""load"":""0"",""exercise_name"":""POLI CHINELO""},{""load"":""0"",""exercise_name"":""Prancha""}]","69cab5409b141921d6a9baca","true","6a29b918a09ee0c96d91b569","2026-06-10T19:20:56.888000","2026-06-10T19:27:55.073000","6a022e0e6d475b0b2334af8e","brenuovrb@gmail.com","false"
"2026-06-09","[""Puxada Alta"",""Elevação lateral com halteres"",""Elevação frontal com halteres"",""Pull down"",""Rosca alternada"",""Rosca direta na polia"",""Voador invertido""]","6a20957703aa9f8f6f54a627","A","[{""load"":""40"",""exercise_name"":""Puxada Alta""},{""load"":""4"",""exercise_name"":""Elevação lateral com halteres""},{""load"":""4"",""exercise_name"":""Elevação frontal com halteres""},{""load"":""22,5"",""exercise_name"":""Pull down""},{""load"":""12"",""exercise_name"":""Rosca alternada""},{""load"":""15"",""exercise_name"":""Rosca direta na polia""},{""load"":""15"",""exercise_name"":""Voador invertido""}]","6a1f17c025cad254d07827e1","false","6a2896659c534650e8cb286c","2026-06-09T22:40:37.550000","2026-06-09T23:12:11.764000","6a1f14cec59abaa5e126073b","jhonathan.silva@goias.gov.br","false"
"2026-06-09","[""Voador ou peck deck"",""Agachamento hack"",""Tríceps testa"",""ABDOMINAL TRADICIONAL"",""Rosca alternada"",""Elevação frontal com halteres"",""Puxada Alta"",""Flexão de braço""]","6a0cd96d398dead50e916f57","C","[{""load"":""2"",""exercise_name"":""Tríceps testa""},{""load"":""3"",""exercise_name"":""Rosca alternada""},{""load"":""2"",""exercise_name"":""Elevação frontal com halteres""},{""load"":""20"",""exercise_name"":""Puxada Alta""}]","69efa4149a982f6976102820","true","6a288b0e59c8a6564249529d","2026-06-09T21:52:14.165000","2026-06-09T23:11:20.573000","69e8b3ac72ff58fcfafa20b1","cristinathco@gmail.com","false"
"2026-06-09","[""Mesa flexora"",""Leg press""]","6a0ce1e351b602fb5330e92e","C","[{""load"":""25"",""exercise_name"":""Mesa flexora""},{""load"":""80"",""exercise_name"":""Leg press""}]","69cab51d8bf415ccbaf6955b","false","6a2889539a8b643365ba9cfa","2026-06-09T21:44:51.437000","2026-06-09T21:45:03.128000","69f8d5070e6979860429cfd6","guisenna73@gmail.com","false"
"2026-06-09","[""Cadeira  Abdutora"",""Tríceps corda""]","6a1611e131cd38ab418e8318","B","[{""load"":""25"",""exercise_name"":""Cadeira  Abdutora""},{""load"":""0"",""exercise_name"":""Tríceps corda""}]","69cab4965bbd1a25efdeafad","false","6a2884e247af72fbdef585a1","2026-06-09T21:25:54.463000","2026-06-09T21:31:31.006000","6a0c58b654f54b7a89655155","natalyarodrigues174@gmail.com","false"
"2026-06-09","[""Cadeira extensora"",""Leg press"",""Cadeira  Abdutora"",""Mesa flexora"",""Barra fixa supinada (chin up)"",""Puxada Alta"",""Tríceps corda"",""Tríceps com barra reta ou W"",""Prancha""]","6a14c020b3786a4a7cfaa293","A","[{""load"":""20"",""exercise_name"":""Cadeira extensora""},{""load"":""30"",""exercise_name"":""Leg press""},{""load"":""20"",""exercise_name"":""Cadeira  Abdutora""},{""load"":""15"",""exercise_name"":""Mesa flexora""},{""load"":""42"",""exercise_name"":""Barra fixa supinada (chin up)""},{""load"":""20"",""exercise_name"":""Puxada Alta""},{""load"":""5"",""exercise_name"":""Tríceps corda""},{""load"":""7,5"",""exercise_name"":""Tríceps com barra reta ou W""},{""load"":""60"",""exercise_name"":""Prancha""}]","69cab498f494b0e0a3a2252c","true","6a288224d24a8c431365ec6a","2026-06-09T21:14:12.462000","2026-06-09T22:00:56.659000","69e8b3e3ed8dfc592768740f","sophialannah123@gmail.com","false"
"2026-06-09","[""Cadeira  Abdutora"",""POLI CHINELO""]","6a18a3a0a3493a90d7f23ab9","B","[]","69fc846f76670092689fba5b","false","6a2878d032e9f3f927c0848f","2026-06-09T20:34:24.202000","2026-06-09T20:34:33.872000","69f3a2bdd479a05ce50eb8df","giovannaalves978@gmail.com","false"
"2026-06-09","[""Cadeira abdutora"",""Cadeira extensora"",""Leg press"",""Supino máquina"",""Tríceps francês"",""Tríceps testa"",""Voador ou peck deck"",""Levantamento terra sumô"",""Prancha""]","6a0b7c939009e98f2d6eb508","A","[{""load"":""45"",""exercise_name"":""Cadeira abdutora""},{""load"":""40"",""exercise_name"":""Cadeira extensora""},{""load"":""25"",""exercise_name"":""Leg press""},{""load"":""25"",""exercise_name"":""Supino máquina""},{""load"":""2,5"",""exercise_name"":""Tríceps francês""},{""load"":""7,5"",""exercise_name"":""Tríceps testa""},{""load"":""5"",""exercise_name"":""Voador ou peck deck""},{""load"":""10"",""exercise_name"":""Levantamento terra sumô""},{""load"":""0"",""exercise_name"":""Prancha""}]","69cab4a1625c88b62a9b4704","true","6a287801735692aaecf92aee","2026-06-09T20:30:57.605000","2026-06-09T21:15:31.528000","69fb76a3ee52fc9de3d098e8","cristinamcosta.arq@gmail.com","false"
"2026-06-09","[""Cadeira extensora"",""Leg press"",""Supino máquina"",""Voador ou peck deck"",""Afundo"",""Tríceps com barra reta ou W"",""Tríceps francês"",""Prancha""]","6a1ddc7bc91cbbfb41d3bea4","A","[]","6a15d611390b03b5280412b4","true","6a28741821a51a133a860526","2026-06-09T20:14:16.862000","2026-06-09T21:13:37.540000","6a15cb855ddae0a12bbc417c","herikapabline@gmail.com","false"
"2026-06-09","[""Stiff"",""Elevação pélvica com barra"",""Mesa flexora"",""Elevação de panturrilhas em pé com o peso do corpo"",""Passada lateral"",""Rosca direta com barra reta ou W""]","6a05e4253e2ca8b7693aaec3","C","[]","69cab48c17c5690cf3d30c6d","false","6a2866ad0c838dc05b75221e","2026-06-09T19:17:01.422000","2026-06-09T19:42:27.289000","69e8b3bf55bcfeb78675459e","indiarajujuba@gmail.com","false"
"2026-06-09","[""Puxada Alta"",""Rosca arrastada (drag curl)"",""Rosca alternada"",""Remada serrote"",""Prancha""]","69f9f50bddd7ac56462379f7","B","[{""load"":""35"",""exercise_name"":""Puxada Alta""},{""load"":""5"",""exercise_name"":""Rosca arrastada (drag curl)""},{""load"":""5"",""exercise_name"":""Rosca alternada""},{""load"":""0"",""exercise_name"":""Remada serrote""},{""load"":""40"",""exercise_name"":""Prancha""}]","69cab53deddee6987dc1c800","false","6a27f28c0299b61f5d684ac3","2026-06-09T11:01:32.490000","2026-06-09T11:18:57.255000","69e8b3dfc275cae65aee1aa2","morianmalburg@gmail.com","false"
"2026-06-08","[""Cadeira  Abdutora"",""Cadeira extensora"",""Mesa flexora"",""Supino máquina"",""Tríceps corda"",""Elevação lateral com halteres"",""Leg press""]","6a0e31ebd6ba63d54dce96ce","A","[{""load"":""30"",""exercise_name"":""Cadeira  Abdutora""},{""load"":""15"",""exercise_name"":""Cadeira extensora""},{""load"":""20"",""exercise_name"":""Mesa flexora""},{""load"":""15"",""exercise_name"":""Supino máquina""},{""load"":""5"",""exercise_name"":""Tríceps corda""},{""load"":""2"",""exercise_name"":""Elevação lateral com halteres""},{""load"":""10"",""exercise_name"":""Leg press""}]","69cab496d430c0cf1dbd7e72","false","6a2746d8244da5d7276651df","2026-06-08T22:48:56.200000","2026-06-08T23:18:44.149000","69f0e732a32f7ffb33e50f1b","anaclarabarbacena@gmail.com","false"
"2026-06-08","[""Agachamento hack"",""Tríceps francês"",""Cadeira abdutora"",""Cadeira extensora"",""Supino máquina"",""Agachamento livre"",""Voador ou peck deck"",""Tríceps com barra reta ou W""]","6a0b53e84ca07c1ae1b52404","A","[{""load"":""4"",""exercise_name"":""Tríceps francês""},{""load"":""40"",""exercise_name"":""Cadeira abdutora""},{""load"":""30"",""exercise_name"":""Cadeira extensora""},{""load"":""10"",""exercise_name"":""Supino máquina""},{""load"":""5"",""exercise_name"":""Voador ou peck deck""},{""load"":""10"",""exercise_name"":""Tríceps com barra reta ou W""}]","69efa4149a982f6976102820","true","6a27413587d1cc4c984199a9","2026-06-08T22:24:53.861000","2026-06-08T22:50:21.146000","69e8b3ac72ff58fcfafa20b1","cristinathco@gmail.com","false"
"2026-06-08","[""Leg press"",""Elevação de panturrilhas no leg press"",""Cadeira extensora"",""Mesa flexora"",""Tríceps corda"",""Puxada Alta""]","6a14bc5c0fe8c48312c5b6ba","A","[{""load"":""40"",""exercise_name"":""Leg press""},{""load"":""40"",""exercise_name"":""Elevação de panturrilhas no leg press""},{""load"":""25"",""exercise_name"":""Cadeira extensora""},{""load"":""15"",""exercise_name"":""Mesa flexora""},{""load"":""7.5"",""exercise_name"":""Tríceps corda""},{""load"":""20"",""exercise_name"":""Puxada Alta""}]","69cab4965bbd1a25efdeafad","false","6a2731e376357aa099eb5a32","2026-06-08T21:19:31.370000","2026-06-08T21:46:26.624000","6a0c58b654f54b7a89655155","natalyarodrigues174@gmail.com","false"
"2026-06-08","[""Supino inclinado"",""Crucifixo"",""Tríceps testa"",""Tríceps banco"",""Paralelas""]","6a272bf8227f64d7d263fa90","B","[{""load"":""10"",""exercise_name"":""Supino inclinado""},{""load"":""10"",""exercise_name"":""Crucifixo""},{""load"":""2,5"",""exercise_name"":""Tríceps testa""},{""load"":""0"",""exercise_name"":""Tríceps banco""},{""load"":""42"",""exercise_name"":""Paralelas""}]","6a1f17c025cad254d07827e1","false","6a27304b3ea1fb631e1020a5","2026-06-08T21:12:43.681000","2026-06-08T21:30:48.173000","6a1f14cec59abaa5e126073b","jhonathan.silva@goias.gov.br","false"
"2026-06-08","[""Leg press"",""Cadeira extensora"",""Supino máquina"",""Voador ou peck deck"",""Tríceps com barra reta ou W"",""Tríceps francês"",""Cadeira  Abdutora"",""Prancha""]","6a1df59f88bd00e0e022c9df","A","[{""load"":""40"",""exercise_name"":""Leg press""},{""load"":""25"",""exercise_name"":""Cadeira extensora""},{""load"":""10"",""exercise_name"":""Supino máquina""},{""load"":""5"",""exercise_name"":""Voador ou peck deck""},{""load"":""7,5"",""exercise_name"":""Tríceps com barra reta ou W""},{""load"":""2"",""exercise_name"":""Tríceps francês""},{""load"":""35"",""exercise_name"":""Cadeira  Abdutora""},{""load"":""0"",""exercise_name"":""Prancha""}]","69cab49326fbff187dc4d24d","true","6a272ec4dd50297a991d8827","2026-06-08T21:06:12.439000","2026-06-08T21:47:38.914000","69e8b3bb5dd93ff3b5be8375","adinalorraine.bio@gmail.com","false"
"2026-06-08","[""Puxada Alta"",""Crucifixo invertido com halteres"",""Rosca simultânea"",""Supino máquina"",""Desenvolvimento com halteres"",""Tríceps com barra reta ou W""]","6a05e2f138a913567365b024","B","[]","69cab48c17c5690cf3d30c6d","true","6a27155b8c092f4ebacdc705","2026-06-08T19:17:47.838000","2026-06-08T19:37:21.509000","69e8b3bf55bcfeb78675459e","indiarajujuba@gmail.com","false"
"2026-06-08","[""Puxada Alta"",""Remada baixa"",""Remada curvada"",""Rosca direta na polia"",""Encolhimento""]","69ec127a2c132ca320edbe3e","B","[{""load"":""80"",""exercise_name"":""Puxada Alta""},{""load"":""80"",""exercise_name"":""Remada baixa""},{""load"":""50"",""exercise_name"":""Remada curvada""},{""load"":""50"",""exercise_name"":""Rosca direta na polia""},{""load"":""70"",""exercise_name"":""Encolhimento""}]","69c2d3ee87aec14ce3dd0d68","true","6a26ce096d995cb8286f55ba","2026-06-08T14:13:29.093000","2026-06-08T14:48:27.181000","69c3d34b532ba9674f7d28c5","rafaelhagen@hotmail.com","false"
"2026-06-08","[""Supino máquina"",""Voador ou peck deck"",""Supino reto"",""Elevação lateral com halteres"",""Elevação frontal com halteres"",""Tríceps com barra reta ou W"",""Tríceps corda""]","69f9f2b7a32d0a3bc78348c9","A","[{""load"":""25"",""exercise_name"":""Supino máquina""},{""load"":""15"",""exercise_name"":""Voador ou peck deck""},{""load"":""10"",""exercise_name"":""Supino reto""},{""load"":""5"",""exercise_name"":""Elevação lateral com halteres""},{""load"":""5"",""exercise_name"":""Elevação frontal com halteres""},{""load"":""20"",""exercise_name"":""Tríceps com barra reta ou W""},{""load"":""15"",""exercise_name"":""Tríceps corda""}]","69cab53deddee6987dc1c800","true","6a2698c2245b3c45b2d12009","2026-06-08T10:26:10.572000","2026-06-08T10:49:02.793000","69e8b3dfc275cae65aee1aa2","morianmalburg@gmail.com","false"
"2026-06-08","[""Elevação lateral com halteres"",""Rosca alternada"",""Supino máquina""]","6a032fcb519dc1b1f51cc1e2","A","[{""load"":""3"",""exercise_name"":""Elevação lateral com halteres""},{""load"":""3"",""exercise_name"":""Rosca alternada""},{""load"":""5"",""exercise_name"":""Supino máquina""}]","69cab50fec6532662ba58f05","false","6a2692d20b551c6db8804741","2026-06-08T10:00:50.897000","2026-06-08T10:21:05.385000","69e8b3abbdd54859f2b7eadf","ana.anacarol1403@gmail.com","false"
"2026-06-03","[""Passada lateral"",""Elevação de panturrilhas sentado com halteres"",""Agachamento livre"",""Puxada Alta"",""Rosca alternada"",""Cadeira  Abdutora"",""Pull down"",""Elevação frontal com halteres"",""Levantamento terra sumô"",""Prancha""]","6a0e33130759ee34ad9ae728","B","[{""load"":""30"",""exercise_name"":""Passada lateral""},{""load"":""30"",""exercise_name"":""Elevação de panturrilhas sentado com halteres""},{""load"":""5"",""exercise_name"":""Agachamento livre""},{""load"":""20"",""exercise_name"":""Puxada Alta""},{""load"":""2"",""exercise_name"":""Rosca alternada""},{""load"":""30"",""exercise_name"":""Cadeira  Abdutora""},{""load"":""7.5"",""exercise_name"":""Pull down""},{""load"":""2"",""exercise_name"":""Elevação frontal com halteres""},{""load"":""10"",""exercise_name"":""Levantamento terra sumô""},{""load"":""0"",""exercise_name"":""Prancha""}]","69cab496d430c0cf1dbd7e72","true","6a209ee738d522205423ac3c","2026-06-03T21:38:47.713000","2026-06-03T22:28:35.836000","69f0e732a32f7ffb33e50f1b","anaclarabarbacena@gmail.com","false"
"2026-06-03","[""Cadeira extensora"",""Cadeira  Abdutora"",""Mesa flexora"",""Leg press"",""Tríceps corda"",""Tríceps com barra reta ou W"",""Barra fixa supinada (chin up)"",""Puxada Alta""]","6a14c020b3786a4a7cfaa293","A","[{""load"":""20"",""exercise_name"":""Cadeira extensora""},{""load"":""15"",""exercise_name"":""Cadeira  Abdutora""},{""load"":""15"",""exercise_name"":""Mesa flexora""},{""load"":""30"",""exercise_name"":""Leg press""},{""load"":""5"",""exercise_name"":""Tríceps corda""},{""load"":""5"",""exercise_name"":""Tríceps com barra reta ou W""},{""load"":""42"",""exercise_name"":""Barra fixa supinada (chin up)""},{""load"":""15"",""exercise_name"":""Puxada Alta""}]","69cab498f494b0e0a3a2252c","false","6a209cf8a1c011e67bc50e14","2026-06-03T21:30:32.993000","2026-06-03T22:26:43.633000","69e8b3e3ed8dfc592768740f","sophialannah123@gmail.com","false"
"2026-06-03","[""Puxada Alta"",""Pull down"",""Rosca direta na polia"",""Elevação lateral com halteres"",""Elevação frontal com halteres"",""Voador invertido""]","6a20957703aa9f8f6f54a627","A","[{""load"":""35"",""exercise_name"":""Puxada Alta""},{""load"":""22,5"",""exercise_name"":""Pull down""},{""load"":""12,5"",""exercise_name"":""Rosca direta na polia""},{""load"":""5"",""exercise_name"":""Elevação lateral com halteres""},{""load"":""4"",""exercise_name"":""Elevação frontal com halteres""},{""load"":""10"",""exercise_name"":""Voador invertido""}]","6a1f17c025cad254d07827e1","false","6a209a510b337fdbaf95ec54","2026-06-03T21:19:13.187000","2026-06-03T21:23:21.549000","6a1f14cec59abaa5e126073b","jhonathan.silva@goias.gov.br","false"
"2026-06-03","[""Leg press"",""Cadeira extensora"",""Agachamento hack"",""Mesa flexora"",""Afundo"",""Levantamento terra sumô"",""Prancha""]","6a175518c3a8019dccebfe4c","C","[{""load"":""40"",""exercise_name"":""Leg press""},{""load"":""25"",""exercise_name"":""Cadeira extensora""},{""load"":""2,5"",""exercise_name"":""Agachamento hack""},{""load"":""30"",""exercise_name"":""Mesa flexora""},{""load"":""3"",""exercise_name"":""Afundo""},{""load"":""2,5"",""exercise_name"":""Levantamento terra sumô""},{""load"":""0"",""exercise_name"":""Prancha""}]","69cab5528917bc7d06ec9f36","true","6a2098fd4ea3602262679b90","2026-06-03T21:13:33.894000","2026-06-03T21:55:55.451000","69e8b3c510a6ab1ad3da4cd2","caiooliveira92@gmail.com","false"
"2026-06-03","[""Puxada Alta""]","69ec127a2c132ca320edbe3e","B","[{""load"":""80"",""exercise_name"":""Puxada Alta""}]","69c2d3ee87aec14ce3dd0d68","false","6a2092360e6ff3e4470f3e18","2026-06-03T20:44:38.380000","2026-06-03T20:44:38.380000","69c3d34b532ba9674f7d28c5","rafaelhagen@hotmail.com","false"
"2026-06-03","[""Levantamento terra sumô"",""Prancha"",""Leg press"",""Cadeira extensora"",""Cadeira abdutora"",""Tríceps testa"",""Tríceps francês"",""Supino máquina"",""Voador ou peck deck""]","6a0b7c939009e98f2d6eb508","A","[{""load"":""10"",""exercise_name"":""Levantamento terra sumô""},{""load"":""0"",""exercise_name"":""Prancha""},{""load"":""20"",""exercise_name"":""Leg press""},{""load"":""30"",""exercise_name"":""Cadeira extensora""},{""load"":""35"",""exercise_name"":""Cadeira abdutora""},{""load"":""10"",""exercise_name"":""Tríceps testa""},{""load"":""7"",""exercise_name"":""Tríceps francês""},{""load"":""20"",""exercise_name"":""Supino máquina""},{""load"":""5"",""exercise_name"":""Voador ou peck deck""}]","69cab4a1625c88b62a9b4704","true","6a208d10204acd7b20ac613a","2026-06-03T20:22:40.063000","2026-06-03T21:03:46.407000","69fb76a3ee52fc9de3d098e8","cristinamcosta.arq@gmail.com","false"
"2026-06-03","[""Supino máquina"",""Cadeira extensora"",""Leg press"",""Elevação de panturrilhas sentado na máquina"",""Agachamento sumô"",""Agachamento frontal"",""Prancha""]","6a05e166f3fee59d1399480b","A","[]","69cab48c17c5690cf3d30c6d","true","6a207f228fb790c7855d9443","2026-06-03T19:23:14.889000","2026-06-03T19:57:09.261000","69e8b3bf55bcfeb78675459e","indiarajujuba@gmail.com","false"
"2026-06-03","[""Cadeira  Abdutora"",""Mesa flexora"",""Agachamento sumô"",""Puxada Alta"",""Rosca simultânea"",""Rosca alternada"",""Agachamento búlgaro"",""Pull down"",""Elevação frontal com halteres""]","6a1f2b9f44e40658f4407468","B","[]","6a15d611390b03b5280412b4","true","6a20471166efa31364a13ffe","2026-06-03T15:24:01.287000","2026-06-03T15:57:01.730000","6a15cb855ddae0a12bbc417c","herikapabline@gmail.com","false"
"2026-06-03","[""Agachamento hack"",""Leg press"",""Cadeira extensora"",""Mesa flexora"",""Cadeira abdutora"",""Elevação de panturrilhas em pé com o peso do corpo""]","69f9f9244f9c34a2bdeb6291","C","[{""load"":""0"",""exercise_name"":""Agachamento hack""},{""load"":""50"",""exercise_name"":""Leg press""},{""load"":""25"",""exercise_name"":""Cadeira extensora""},{""load"":""40"",""exercise_name"":""Mesa flexora""},{""load"":""45"",""exercise_name"":""Cadeira abdutora""},{""load"":""0"",""exercise_name"":""Elevação de panturrilhas em pé com o peso do corpo""}]","69cab53deddee6987dc1c800","true","6a200bd917a54fc796b6bbdb","2026-06-03T11:11:21.934000","2026-06-03T11:23:19.208000","69e8b3dfc275cae65aee1aa2","morianmalburg@gmail.com","false"
"2026-06-03","[""Elevação de panturrilhas no leg press"",""Leg press"",""Cadeira abdutora"",""Cadeira extensora"",""Mesa flexora""]","6a032b28079535f68254b04a","B","[{""load"":""30"",""exercise_name"":""Elevação de panturrilhas no leg press""},{""load"":""40"",""exercise_name"":""Leg press""},{""load"":""25"",""exercise_name"":""Cadeira abdutora""},{""load"":""15"",""exercise_name"":""Cadeira extensora""},{""load"":""10"",""exercise_name"":""Mesa flexora""}]","69cab50fec6532662ba58f05","false","6a1ffce5b6deb93828266471","2026-06-03T10:07:33.733000","2026-06-03T10:22:56.002000","69e8b3abbdd54859f2b7eadf","ana.anacarol1403@gmail.com","false"
"2026-06-02","[""Flexão de braço"",""Elevação frontal com halteres"",""Rosca alternada"",""Puxada Alta"",""ABDOMINAL TRADICIONAL"",""Tríceps testa"",""Voador ou peck deck"",""Agachamento hack""]","6a0cd96d398dead50e916f57","C","[{""load"":""2"",""exercise_name"":""Elevação frontal com halteres""},{""load"":""2"",""exercise_name"":""Rosca alternada""},{""load"":""20"",""exercise_name"":""Puxada Alta""},{""load"":""2"",""exercise_name"":""Tríceps testa""}]","69efa4149a982f6976102820","true","6a1f57372d9c3c3ac8a22320","2026-06-02T22:20:39.182000","2026-06-02T22:52:22.341000","69e8b3ac72ff58fcfafa20b1","cristinathco@gmail.com","false"
"2026-06-02","[""Cadeira extensora"",""Mesa flexora"",""Supino máquina"",""Leg press"",""Elevação lateral com halteres"",""Tríceps corda"",""Cadeira  Abdutora"",""Crucifixo"",""Tríceps francês"",""ABDOMINAL TRADICIONAL""]","6a0e31ebd6ba63d54dce96ce","A","[{""load"":""15"",""exercise_name"":""Cadeira extensora""},{""load"":""15"",""exercise_name"":""Mesa flexora""},{""load"":""5"",""exercise_name"":""Supino máquina""},{""load"":""10"",""exercise_name"":""Leg press""},{""load"":""2"",""exercise_name"":""Elevação lateral com halteres""},{""load"":""5"",""exercise_name"":""Tríceps corda""},{""load"":""25"",""exercise_name"":""Cadeira  Abdutora""},{""load"":""2"",""exercise_name"":""Crucifixo""},{""load"":""2"",""exercise_name"":""Tríceps francês""},{""load"":""0"",""exercise_name"":""ABDOMINAL TRADICIONAL""}]","69cab496d430c0cf1dbd7e72","true","6a1f552aa030ed15405478e3","2026-06-02T22:11:54.846000","2026-06-02T22:57:10.731000","69f0e732a32f7ffb33e50f1b","anaclarabarbacena@gmail.com","false"
"2026-06-02","[""Cadeira  Abdutora"",""Crucifixo"",""Tríceps com barra reta ou W"",""Tríceps corda"",""Supino máquina"",""Elevação pélvica com barra"",""Prancha""]","6a1611e131cd38ab418e8318","B","[{""load"":""20"",""exercise_name"":""Cadeira  Abdutora""},{""load"":""5"",""exercise_name"":""Crucifixo""},{""load"":""10"",""exercise_name"":""Tríceps com barra reta ou W""},{""load"":""0"",""exercise_name"":""Tríceps corda""},{""load"":""20"",""exercise_name"":""Supino máquina""},{""load"":""0"",""exercise_name"":""Elevação pélvica com barra""},{""load"":""0"",""exercise_name"":""Prancha""}]","69cab4965bbd1a25efdeafad","false","6a1f4a8b90ebd6f1d5c1c3b2","2026-06-02T21:26:35.754000","2026-06-02T21:57:58.553000","6a0c58b654f54b7a89655155","natalyarodrigues174@gmail.com","false"
"2026-06-02","[""Supino máquina"",""Paralelas"",""Crucifixo"",""Voador ou peck deck"",""Tríceps banco"",""Tríceps com barra reta ou W"",""ABDOMINAL TRADICIONAL""]","6a0f6799d8abb1b6c2ca0d8f","B","[{""load"":""22,5"",""exercise_name"":""Supino máquina""},{""load"":""49"",""exercise_name"":""Paralelas""},{""load"":""5"",""exercise_name"":""Crucifixo""},{""load"":""10"",""exercise_name"":""Voador ou peck deck""},{""load"":""12,5"",""exercise_name"":""Tríceps com barra reta ou W""},{""load"":""00"",""exercise_name"":""ABDOMINAL TRADICIONAL""}]","69cab5528917bc7d06ec9f36","true","6a1f3acaa9c43d892c7a6d4a","2026-06-02T20:19:22.185000","2026-06-02T20:54:50.532000","69e8b3c510a6ab1ad3da4cd2","caiooliveira92@gmail.com","false"
"2026-06-02","[""Cadeira  Abdutora"",""Mesa flexora"",""Tríceps com barra reta ou W"",""Afundo"",""Supino máquina"",""Tríceps testa"",""ABDOMINAL TRADICIONAL"",""Voador ou peck deck"",""POLI CHINELO""]","6a18a3a0a3493a90d7f23ab9","B","[]","69fc846f76670092689fba5b","true","6a1f3a9438cb67b8db0e592c","2026-06-02T20:18:28.887000","2026-06-02T20:53:28.535000","69f3a2bdd479a05ce50eb8df","giovannaalves978@gmail.com","false"
"2026-06-02","[""Leg press"",""Cadeira extensora"",""Desenvolvimento com halteres"",""Voador invertido"",""Agachamento livre"",""POLI CHINELO"",""Prancha""]","6a0cbfccf2075ccc2037a0d3","C","[{""load"":""40"",""exercise_name"":""Leg press""},{""load"":""20"",""exercise_name"":""Cadeira extensora""},{""load"":""10"",""exercise_name"":""Desenvolvimento com halteres""},{""load"":""5"",""exercise_name"":""Voador invertido""},{""load"":""0"",""exercise_name"":""Agachamento livre""},{""load"":""0"",""exercise_name"":""POLI CHINELO""},{""load"":""0"",""exercise_name"":""Prancha""}]","69cab5409b141921d6a9baca","true","6a1f2c7e8a337639c2a49242","2026-06-02T19:18:22.792000","2026-06-02T19:39:26.866000","6a022e0e6d475b0b2334af8e","brenuovrb@gmail.com","false"
"2026-06-02","[""Puxada Alta"",""Remada serrote"",""Rosca arrastada (drag curl)"",""Rosca alternada"",""Prancha""]","69f9f50bddd7ac56462379f7","B","[{""load"":""30"",""exercise_name"":""Puxada Alta""},{""load"":""0"",""exercise_name"":""Remada serrote""},{""load"":""5"",""exercise_name"":""Rosca arrastada (drag curl)""},{""load"":""5"",""exercise_name"":""Rosca alternada""},{""load"":""0"",""exercise_name"":""Prancha""}]","69cab53deddee6987dc1c800","false","6a1eba5ae7bbf57175b6ddf5","2026-06-02T11:11:22.875000","2026-06-02T11:38:29.446000","69e8b3dfc275cae65aee1aa2","morianmalburg@gmail.com","false"
"2026-06-01","[""Cadeira  Abdutora"",""Passada lateral"",""Pull down"",""Rosca alternada"",""Agachamento livre"",""Puxada Alta"",""Elevação de panturrilhas sentado com halteres"",""Elevação frontal com halteres"",""Levantamento terra sumô"",""Prancha""]","6a0e33130759ee34ad9ae728","B","[{""load"":""30"",""exercise_name"":""Cadeira  Abdutora""},{""load"":""25"",""exercise_name"":""Passada lateral""},{""load"":""10"",""exercise_name"":""Pull down""},{""load"":""2"",""exercise_name"":""Rosca alternada""},{""load"":""4"",""exercise_name"":""Agachamento livre""},{""load"":""20"",""exercise_name"":""Puxada Alta""},{""load"":""30"",""exercise_name"":""Elevação de panturrilhas sentado com halteres""},{""load"":""2"",""exercise_name"":""Elevação frontal com halteres""},{""load"":""4"",""exercise_name"":""Levantamento terra sumô""},{""load"":""0"",""exercise_name"":""Prancha""}]","69cab496d430c0cf1dbd7e72","true","6a1e06a503e0e5dd0ca9fc6e","2026-06-01T22:24:37.756000","2026-06-01T23:06:22.025000","69f0e732a32f7ffb33e50f1b","anaclarabarbacena@gmail.com","false"
"2026-06-01","[""Pull down"",""Rosca alternada"",""Puxada Alta"",""Rosca direta na polia"",""Rosca martelo"",""Voador invertido"",""Barra fixa supinada (chin up)"",""ABDOMINAL INFRA""]","6a0ce0cc9688df98efb0d06d","A","[{""load"":""15"",""exercise_name"":""Pull down""},{""load"":""9"",""exercise_name"":""Rosca alternada""},{""load"":""40"",""exercise_name"":""Puxada Alta""},{""load"":""12,5"",""exercise_name"":""Rosca direta na polia""},{""load"":""9"",""exercise_name"":""Rosca martelo""},{""load"":""10"",""exercise_name"":""Voador invertido""},{""load"":""1"",""exercise_name"":""Barra fixa supinada (chin up)""},{""load"":""1"",""exercise_name"":""ABDOMINAL INFRA""}]","69cab51d8bf415ccbaf6955b","true","6a1dfbe3bf296be219863bf5","2026-06-01T21:38:43.959000","2026-06-01T22:01:24.033000","69f8d5070e6979860429cfd6","guisenna73@gmail.com","false"
"2026-06-01","[""Cadeira extensora"",""Cadeira  Abdutora"",""Elevação de panturrilhas no leg press"",""Leg press"",""Mesa flexora"",""Tríceps francês"",""Tríceps corda""]","6a14bc5c0fe8c48312c5b6ba","A","[{""load"":""20"",""exercise_name"":""Cadeira extensora""},{""load"":""25"",""exercise_name"":""Cadeira  Abdutora""},{""load"":""40"",""exercise_name"":""Elevação de panturrilhas no leg press""},{""load"":""40"",""exercise_name"":""Leg press""},{""load"":""20"",""exercise_name"":""Mesa flexora""},{""load"":""2"",""exercise_name"":""Tríceps francês""},{""load"":""7. 5"",""exercise_name"":""Tríceps corda""}]","69cab4965bbd1a25efdeafad","false","6a1df8e881a15b0c0c6e0361","2026-06-01T21:26:00.798000","2026-06-01T22:04:10.668000","6a0c58b654f54b7a89655155","natalyarodrigues174@gmail.com","false"
"2026-06-01","[""Tríceps com barra reta ou W"",""Leg press"",""Cadeira extensora"",""Supino máquina"",""Voador ou peck deck"",""Tríceps francês"",""Cadeira  Abdutora""]","6a1df59f88bd00e0e022c9df","A","[{""load"":""7,5"",""exercise_name"":""Tríceps com barra reta ou W""},{""load"":""40"",""exercise_name"":""Leg press""},{""load"":""20"",""exercise_name"":""Cadeira extensora""},{""load"":""5"",""exercise_name"":""Supino máquina""},{""load"":""5"",""exercise_name"":""Voador ou peck deck""},{""load"":""2"",""exercise_name"":""Tríceps francês""},{""load"":""25"",""exercise_name"":""Cadeira  Abdutora""}]","69cab49326fbff187dc4d24d","false","6a1df82338a43b8f35e95344","2026-06-01T21:22:43.685000","2026-06-01T21:41:54.967000","69e8b3bb5dd93ff3b5be8375","adinalorraine.bio@gmail.com","false"
"2026-06-01","[""Cadeira abdutora"",""Cadeira extensora"",""Tríceps francês"",""Supino máquina"",""Agachamento livre"",""Tríceps com barra reta ou W"",""Agachamento hack"",""Voador ou peck deck""]","6a0b53e84ca07c1ae1b52404","A","[{""load"":""40"",""exercise_name"":""Cadeira abdutora""},{""load"":""25"",""exercise_name"":""Cadeira extensora""},{""load"":""3"",""exercise_name"":""Tríceps francês""},{""load"":""10"",""exercise_name"":""Supino máquina""},{""load"":""10"",""exercise_name"":""Agachamento livre""},{""load"":""10"",""exercise_name"":""Tríceps com barra reta ou W""},{""load"":""2.5"",""exercise_name"":""Voador ou peck deck""}]","69efa4149a982f6976102820","true","6a1df5785b9a71fd5d34ef44","2026-06-01T21:11:20.277000","2026-06-01T21:52:47.806000","69e8b3ac72ff58fcfafa20b1","cristinathco@gmail.com","false"
"2026-06-01","[""Pull down"",""Encolhimento"",""Rosca alternada"",""Elevação lateral com halteres"",""Elevação frontal com halteres""]","6a17566845c39fb17a3917b7","A","[{""load"":""10"",""exercise_name"":""Pull down""},{""load"":""3"",""exercise_name"":""Encolhimento""},{""load"":""4"",""exercise_name"":""Rosca alternada""},{""load"":""4"",""exercise_name"":""Elevação lateral com halteres""},{""load"":""3"",""exercise_name"":""Elevação frontal com halteres""}]","69cab5533f4cbe4cc715f000","false","6a1de9cdc71d10fbf6e7e90f","2026-06-01T20:21:33.971000","2026-06-01T20:48:25.037000","69e8bd46281c43278d0d48e9","gabrielgynh@gmail.com","false"
"2026-06-01","[""Pull down"",""Rosca direta na polia"",""Encolhimento"",""Elevação lateral com halteres"",""Rosca alternada"",""Elevação frontal com halteres"",""Puxada Alta"",""ABDOMINAL TRADICIONAL""]","6a0cc35ba19566f147b9f109","A","[{""load"":""12,5"",""exercise_name"":""Pull down""},{""load"":""10"",""exercise_name"":""Rosca direta na polia""},{""load"":""4"",""exercise_name"":""Encolhimento""},{""load"":""4"",""exercise_name"":""Elevação lateral com halteres""},{""load"":""4"",""exercise_name"":""Rosca alternada""},{""load"":""4"",""exercise_name"":""Elevação frontal com halteres""},{""load"":""30"",""exercise_name"":""Puxada Alta""}]","69cab5528917bc7d06ec9f36","true","6a1de990242dcbf9336e1a25","2026-06-01T20:20:32.715000","2026-06-01T21:24:51.203000","69e8b3c510a6ab1ad3da4cd2","caiooliveira92@gmail.com","false"
"2026-06-01","[""Agachamento hack"",""Puxada Alta"",""Rosca alternada"",""Leg press"",""Elevação de panturrilhas no leg press"",""Remada curvada"",""Cadeira extensora""]","6a18a2bd026fba7fdbbcb77c","A","[]","69fc846f76670092689fba5b","false","6a1de884892713f6d8f3c222","2026-06-01T20:16:04.734000","2026-06-01T20:51:02.355000","69f3a2bdd479a05ce50eb8df","giovannaalves978@gmail.com","false"
"2026-06-01","[""Supino reto"",""Supino inclinado"",""Desenvolvimento com halteres"",""Elevação lateral com cabo"",""Tríceps testa""]","69ec115c12a09769714bf36c","A","[{""load"":""40"",""exercise_name"":""Supino reto""},{""load"":""28"",""exercise_name"":""Supino inclinado""},{""load"":""14"",""exercise_name"":""Desenvolvimento com halteres""},{""load"":""10"",""exercise_name"":""Elevação lateral com cabo""},{""load"":""50"",""exercise_name"":""Tríceps testa""}]","69c2d3ee87aec14ce3dd0d68","true","6a1dde66ad97d21f95895eb1","2026-06-01T19:32:54.977000","2026-06-01T20:35:08.426000","69c3d34b532ba9674f7d28c5","rafaelhagen@hotmail.com","false"
"2026-06-01","[""Crucifixo invertido com halteres"",""Barra fixa supinada (chin up)"",""Rosca simultânea"",""Encolhimento"",""Rosca martelo"",""Rosca scott"",""Prancha"",""Elevação lateral inclinada""]","6a0cbd67da952ffe4068a9d1","B","[{""load"":""5"",""exercise_name"":""Crucifixo invertido com halteres""},{""load"":""30"",""exercise_name"":""Barra fixa supinada (chin up)""},{""load"":""10"",""exercise_name"":""Rosca simultânea""},{""load"":""10"",""exercise_name"":""Encolhimento""},{""load"":""10"",""exercise_name"":""Rosca martelo""},{""load"":""10"",""exercise_name"":""Rosca scott""},{""load"":""0"",""exercise_name"":""Prancha""},{""load"":""4"",""exercise_name"":""Elevação lateral inclinada""}]","69cab5409b141921d6a9baca","true","6a1db0d062b3865fbc4802ce","2026-06-01T16:18:24.543000","2026-06-01T16:59:14.497000","6a022e0e6d475b0b2334af8e","brenuovrb@gmail.com","false"
"2026-06-01","[""Voador ou peck deck"",""Supino máquina"",""Supino reto"",""Elevação lateral com halteres"",""Elevação frontal com halteres"",""Tríceps com barra reta ou W"",""Tríceps corda""]","69f9f2b7a32d0a3bc78348c9","A","[{""load"":""15"",""exercise_name"":""Voador ou peck deck""},{""load"":""30"",""exercise_name"":""Supino máquina""},{""load"":""10"",""exercise_name"":""Supino reto""},{""load"":""5"",""exercise_name"":""Elevação lateral com halteres""},{""load"":""5"",""exercise_name"":""Elevação frontal com halteres""},{""load"":""17.5"",""exercise_name"":""Tríceps com barra reta ou W""},{""load"":""12.5"",""exercise_name"":""Tríceps corda""}]","69cab53deddee6987dc1c800","true","6a1d5d8e69551db535a27612","2026-06-01T10:23:10.996000","2026-06-01T10:46:00.961000","69e8b3dfc275cae65aee1aa2","morianmalburg@gmail.com","false"
"2026-06-01","[""Elevação lateral com halteres"",""Rosca alternada"",""Supino máquina"",""Voador ou peck deck"",""Puxada Alta"",""Tríceps corda""]","6a032fcb519dc1b1f51cc1e2","A","[{""load"":""3"",""exercise_name"":""Elevação lateral com halteres""},{""load"":""3"",""exercise_name"":""Rosca alternada""},{""load"":""5"",""exercise_name"":""Supino máquina""},{""load"":""2.5"",""exercise_name"":""Voador ou peck deck""},{""load"":""20"",""exercise_name"":""Puxada Alta""},{""load"":""5"",""exercise_name"":""Tríceps corda""}]","69cab50fec6532662ba58f05","true","6a1d5834f43993f799ead963","2026-06-01T10:00:20.065000","2026-06-01T10:23:09.651000","69e8b3abbdd54859f2b7eadf","ana.anacarol1403@gmail.com","false"
"2026-05-29","[""Cadeira abdutora"",""Cadeira extensora"",""Tríceps francês"",""Supino máquina"",""Agachamento livre"",""Tríceps com barra reta ou W"",""Agachamento hack"",""Voador ou peck deck""]","6a0b53e84ca07c1ae1b52404","A","[{""load"":""40"",""exercise_name"":""Cadeira abdutora""},{""load"":""40"",""exercise_name"":""Cadeira extensora""},{""load"":""3"",""exercise_name"":""Tríceps francês""},{""load"":""15"",""exercise_name"":""Supino máquina""},{""load"":""5"",""exercise_name"":""Tríceps com barra reta ou W""},{""load"":""2.5"",""exercise_name"":""Voador ou peck deck""}]","69efa4149a982f6976102820","true","6a1a01c2ef70e565fef597f3","2026-05-29T21:14:42.106000","2026-05-29T22:25:29.156000","69e8b3ac72ff58fcfafa20b1","cristinathco@gmail.com","false"
"2026-05-29","[""Leg press"",""Cadeira extensora"",""Agachamento hack"",""Mesa flexora"",""Afundo"",""Levantamento terra sumô"",""Prancha""]","6a0f6926f61df07114db1fcb","C","[{""load"":""7,5"",""exercise_name"":""Leg press""},{""load"":""22,5"",""exercise_name"":""Cadeira extensora""},{""load"":""2,5"",""exercise_name"":""Agachamento hack""},{""load"":""27,5"",""exercise_name"":""Mesa flexora""},{""load"":""3"",""exercise_name"":""Afundo""}]","69cab5533f4cbe4cc715f000","true","6a19f517a255f7cf16861828","2026-05-29T20:20:39.260000","2026-05-30T01:16:22.685000","69e8bd46281c43278d0d48e9","gabrielgynh@gmail.com","false"
"2026-05-29","[""Leg press"",""Cadeira extensora"",""Agachamento hack"",""Afundo"",""Levantamento terra sumô"",""Mesa flexora"",""Prancha""]","6a175518c3a8019dccebfe4c","C","[{""load"":""7,5"",""exercise_name"":""Leg press""},{""load"":""20"",""exercise_name"":""Cadeira extensora""},{""load"":""2,5"",""exercise_name"":""Agachamento hack""},{""load"":""3"",""exercise_name"":""Afundo""},{""load"":""0"",""exercise_name"":""Levantamento terra sumô""},{""load"":""27,5"",""exercise_name"":""Mesa flexora""}]","69cab5528917bc7d06ec9f36","true","6a19f3c0a41374b3165d6f28","2026-05-29T20:14:56.902000","2026-05-29T20:58:26.409000","69e8b3c510a6ab1ad3da4cd2","caiooliveira92@gmail.com","false"
"2026-05-29","[""Cadeira extensora"",""Leg press"",""Supino máquina"",""Agachamento sumô"",""Agachamento frontal""]","6a05e166f3fee59d1399480b","A","[]","69cab48c17c5690cf3d30c6d","false","6a19e4f31abf2bc8f48fa624","2026-05-29T19:11:47.168000","2026-05-29T19:36:53.377000","69e8b3bf55bcfeb78675459e","indiarajujuba@gmail.com","false"
"2026-05-29","[""Puxada Alta"",""Remada curvada"",""Remada baixa"",""Rosca direta na polia"",""Encolhimento""]","69ec127a2c132ca320edbe3e","B","[{""load"":""60"",""exercise_name"":""Puxada Alta""},{""load"":""30"",""exercise_name"":""Remada curvada""},{""load"":""50"",""exercise_name"":""Remada baixa""},{""load"":""25"",""exercise_name"":""Rosca direta na polia""},{""load"":""30"",""exercise_name"":""Encolhimento""}]","69c2d3ee87aec14ce3dd0d68","true","6a19b5c930c5493efdf7770a","2026-05-29T15:50:33.058000","2026-05-29T15:59:40.425000","69c3d34b532ba9674f7d28c5","rafaelhagen@hotmail.com","false"
"2026-05-29","[""Agachamento hack"",""Leg press"",""Cadeira extensora"",""Mesa flexora"",""Cadeira abdutora"",""Elevação de panturrilhas em pé com o peso do corpo""]","69f9f9244f9c34a2bdeb6291","C","[{""load"":""0"",""exercise_name"":""Agachamento hack""},{""load"":""50"",""exercise_name"":""Leg press""},{""load"":""20"",""exercise_name"":""Cadeira extensora""},{""load"":""30"",""exercise_name"":""Mesa flexora""},{""load"":""35"",""exercise_name"":""Cadeira abdutora""},{""load"":""0"",""exercise_name"":""Elevação de panturrilhas em pé com o peso do corpo""}]","69cab53deddee6987dc1c800","true","6a197360f5b17394b0127410","2026-05-29T11:07:12.335000","2026-05-29T11:26:48.189000","69e8b3dfc275cae65aee1aa2","morianmalburg@gmail.com","false"
"2026-05-28","[""Cadeira  Abdutora"",""Cadeira extensora"",""Mesa flexora"",""Leg press"",""Crucifixo"",""Supino máquina"",""Tríceps francês"",""Tríceps corda"",""Elevação lateral com halteres"",""ABDOMINAL TRADICIONAL""]","6a0e31ebd6ba63d54dce96ce","A","[{""load"":""30"",""exercise_name"":""Cadeira  Abdutora""},{""load"":""15"",""exercise_name"":""Cadeira extensora""},{""load"":""20"",""exercise_name"":""Mesa flexora""},{""load"":""10"",""exercise_name"":""Leg press""},{""load"":""3"",""exercise_name"":""Crucifixo""},{""load"":""3"",""exercise_name"":""Supino máquina""},{""load"":""3"",""exercise_name"":""Tríceps francês""},{""load"":""3"",""exercise_name"":""Tríceps corda""},{""load"":""3"",""exercise_name"":""Elevação lateral com halteres""},{""load"":""0"",""exercise_name"":""ABDOMINAL TRADICIONAL""}]","69cab496d430c0cf1dbd7e72","true","6a18bccf6a85a113aaa53164","2026-05-28T22:08:15.313000","2026-05-28T22:54:11.943000","69f0e732a32f7ffb33e50f1b","anaclarabarbacena@gmail.com","false"
"2026-05-28","[""Leg press"",""Cadeira extensora"",""Mesa flexora"",""Cadeira  Abdutora"",""Tríceps corda"",""Puxada Alta"",""Tríceps com barra reta ou W"",""Barra fixa supinada (chin up)""]","6a14c020b3786a4a7cfaa293","A","[{""load"":""30"",""exercise_name"":""Leg press""},{""load"":""20"",""exercise_name"":""Cadeira extensora""},{""load"":""15"",""exercise_name"":""Mesa flexora""},{""load"":""30"",""exercise_name"":""Cadeira  Abdutora""},{""load"":""2,5"",""exercise_name"":""Tríceps corda""},{""load"":""15"",""exercise_name"":""Puxada Alta""},{""load"":""5"",""exercise_name"":""Tríceps com barra reta ou W""},{""load"":""42"",""exercise_name"":""Barra fixa supinada (chin up)""}]","69cab498f494b0e0a3a2252c","false","6a18b3e9c6fca1be80194d61","2026-05-28T21:30:17.842000","2026-05-28T22:24:40.270000","69e8b3e3ed8dfc592768740f","sophialannah123@gmail.com","false"
"2026-05-28","[""Cad. extensora"",""Mesa flexora"",""Leg press""]","6a0ce1e351b602fb5330e92e","C","[{""load"":""35"",""exercise_name"":""Cad. extensora""},{""load"":""25"",""exercise_name"":""Mesa flexora""},{""load"":""80"",""exercise_name"":""Leg press""}]","69cab51d8bf415ccbaf6955b","false","6a18ae90133deb830104d0a5","2026-05-28T21:07:28.758000","2026-05-28T21:07:52.126000","69f8d5070e6979860429cfd6","guisenna73@gmail.com","false"
"2026-05-28","[""Flexão de braço"",""Tríceps testa"",""ABDOMINAL TRADICIONAL"",""Elevação frontal com halteres"",""Rosca alternada"",""Voador ou peck deck"",""Puxada Alta"",""Agachamento hack""]","6a0cd96d398dead50e916f57","C","[{""load"":""1"",""exercise_name"":""Tríceps testa""},{""load"":""2"",""exercise_name"":""Elevação frontal com halteres""},{""load"":""2"",""exercise_name"":""Rosca alternada""}]","69efa4149a982f6976102820","true","6a18ae46ed3ac1051d3b43af","2026-05-28T21:06:14.082000","2026-05-28T22:07:00.652000","69e8b3ac72ff58fcfafa20b1","cristinathco@gmail.com","false"
"2026-05-28","[""Puxada Alta"",""Rosca alternada"",""Leg press"",""Elevação de panturrilhas no leg press"",""Cadeira extensora""]","6a18a2bd026fba7fdbbcb77c","A","[]","69fc846f76670092689fba5b","false","6a18a6a683a9b6beb4c67c01","2026-05-28T20:33:42.262000","2026-05-28T20:56:32.984000","69f3a2bdd479a05ce50eb8df","giovannaalves978@gmail.com","false"
"2026-05-28","[""Stiff"",""Elevação pélvica com barra"",""Mesa flexora"",""Passada lateral"",""Cadeira abdutora"",""Elevação de panturrilhas em pé com o peso do corpo"",""Rosca direta com barra reta ou W""]","6a05e4253e2ca8b7693aaec3","C","[]","69cab48c17c5690cf3d30c6d","true","6a1897636520fb93c14115cd","2026-05-28T19:28:35.475000","2026-05-28T19:49:28.449000","69e8b3bf55bcfeb78675459e","indiarajujuba@gmail.com","false"
"2026-05-28","[""Agachamento livre"",""Leg press"",""Mesa flexora"",""Cadeira extensora"",""Elevação de panturrilhas em pé na máquina""]","69ec1305a6be6686d86d128a","C","[{""load"":""35"",""exercise_name"":""Agachamento livre""},{""load"":""80"",""exercise_name"":""Leg press""},{""load"":""50"",""exercise_name"":""Mesa flexora""},{""load"":""60"",""exercise_name"":""Cadeira extensora""},{""load"":""40"",""exercise_name"":""Elevação de panturrilhas em pé na máquina""}]","69c2d3ee87aec14ce3dd0d68","true","6a186f66968bcb942af20570","2026-05-28T16:37:58.415000","2026-05-28T16:38:14.533000","69c3d34b532ba9674f7d28c5","rafaelhagen@hotmail.com","false"
"2026-05-28","[""Remada serrote"",""Rosca arrastada (drag curl)"",""Puxada Alta"",""Rosca alternada"",""Prancha""]","69f9f50bddd7ac56462379f7","B","[{""load"":""0"",""exercise_name"":""Remada serrote""},{""load"":""5"",""exercise_name"":""Rosca arrastada (drag curl)""},{""load"":""30"",""exercise_name"":""Puxada Alta""},{""load"":""4"",""exercise_name"":""Rosca alternada""},{""load"":""0"",""exercise_name"":""Prancha""}]","69cab53deddee6987dc1c800","false","6a18214a0eec3e028151af07","2026-05-28T11:04:42.517000","2026-05-28T11:33:06.153000","69e8b3dfc275cae65aee1aa2","morianmalburg@gmail.com","false"
"2026-05-27","[""Cadeira extensora"",""Leg press"",""Crucifixo"",""Mesa flexora"",""Elevação lateral com halteres"",""Cadeira  Abdutora"",""Tríceps corda"",""Supino máquina"",""Tríceps francês"",""ABDOMINAL TRADICIONAL""]","6a0e31ebd6ba63d54dce96ce","A","[{""load"":""10"",""exercise_name"":""Cadeira extensora""},{""load"":""30"",""exercise_name"":""Leg press""},{""load"":""2.5"",""exercise_name"":""Crucifixo""},{""load"":""15"",""exercise_name"":""Mesa flexora""},{""load"":""2"",""exercise_name"":""Elevação lateral com halteres""},{""load"":""25"",""exercise_name"":""Cadeira  Abdutora""},{""load"":""5"",""exercise_name"":""Tríceps corda""},{""load"":""5"",""exercise_name"":""Supino máquina""},{""load"":""2.5"",""exercise_name"":""Tríceps francês""},{""load"":""0"",""exercise_name"":""ABDOMINAL TRADICIONAL""}]","69cab496d430c0cf1dbd7e72","true","6a176c085d34be99ed8e88e9","2026-05-27T22:11:20.771000","2026-05-27T22:45:34.910000","69f0e732a32f7ffb33e50f1b","anaclarabarbacena@gmail.com","false"
"2026-05-27","[""Cad. extensora"",""Mesa flexora"",""Leg press""]","6a0ce1e351b602fb5330e92e","C","[{""load"":""35"",""exercise_name"":""Cad. extensora""},{""load"":""25"",""exercise_name"":""Mesa flexora""},{""load"":""80"",""exercise_name"":""Leg press""}]","69cab51d8bf415ccbaf6955b","false","6a1763b3accd9d6e61d87127","2026-05-27T21:35:47.558000","2026-05-27T21:47:50.145000","69f8d5070e6979860429cfd6","guisenna73@gmail.com","false"
"2026-05-27","[""Leg press"",""Cadeira extensora"",""Agachamento hack"",""Mesa flexora"",""Afundo"",""Levantamento terra sumô"",""Prancha""]","6a175518c3a8019dccebfe4c","C","[]","69cab5528917bc7d06ec9f36","true","6a175e39dd346fbf14fdf259","2026-05-27T21:12:25.245000","2026-05-27T21:12:38.057000","69e8b3c510a6ab1ad3da4cd2","caiooliveira92@gmail.com","false"
"2026-05-27","[""Cadeira extensora"",""Cadeira abdutora"",""Tríceps francês"",""Supino máquina"",""Agachamento livre"",""Agachamento hack"",""Tríceps com barra reta ou W"",""Voador ou peck deck""]","6a0b53e84ca07c1ae1b52404","A","[{""load"":""30"",""exercise_name"":""Cadeira extensora""},{""load"":""40"",""exercise_name"":""Cadeira abdutora""},{""load"":""3"",""exercise_name"":""Tríceps francês""},{""load"":""5"",""exercise_name"":""Supino máquina""},{""load"":""2.5"",""exercise_name"":""Tríceps com barra reta ou W""}]","69efa4149a982f6976102820","true","6a175cb8b1acca8c5a5dec21","2026-05-27T21:06:00.631000","2026-05-27T21:53:18.168000","69e8b3ac72ff58fcfafa20b1","cristinathco@gmail.com","false"
"2026-05-27","[""Leg press"",""Cadeira extensora"",""Agachamento hack"",""Mesa flexora"",""Afundo"",""Levantamento terra sumô"",""Prancha""]","6a0f6926f61df07114db1fcb","C","[{""load"":""50"",""exercise_name"":""Leg press""},{""load"":""25"",""exercise_name"":""Cadeira extensora""},{""load"":""30"",""exercise_name"":""Mesa flexora""},{""load"":""3"",""exercise_name"":""Afundo""},{""load"":""40"",""exercise_name"":""Prancha""}]","69cab5533f4cbe4cc715f000","true","6a17506c6721153ea9eeae9d","2026-05-27T20:13:32.270000","2026-05-27T21:13:05.922000","69e8bd46281c43278d0d48e9","gabrielgynh@gmail.com","false"
"2026-05-27","[""Leg press"",""Cadeira extensora"",""Desenvolvimento com halteres"",""Voador invertido"",""Agachamento livre"",""POLI CHINELO"",""Prancha""]","6a0cbfccf2075ccc2037a0d3","C","[{""load"":""40"",""exercise_name"":""Leg press""},{""load"":""20"",""exercise_name"":""Cadeira extensora""},{""load"":""6"",""exercise_name"":""Desenvolvimento com halteres""},{""load"":""5"",""exercise_name"":""Voador invertido""},{""load"":""0"",""exercise_name"":""Agachamento livre""},{""load"":""0"",""exercise_name"":""POLI CHINELO""},{""load"":""0"",""exercise_name"":""Prancha""}]","69cab5409b141921d6a9baca","true","6a1719fbec23072b75ca4026","2026-05-27T16:21:15.228000","2026-05-27T16:48:00.839000","6a022e0e6d475b0b2334af8e","brenuovrb@gmail.com","false"
"2026-05-27","[""Cadeira extensora"",""Elevação de panturrilhas no leg press"",""Leg press"",""Cadeira abdutora"",""Mesa flexora"",""Levantamento terra sumô""]","6a032b28079535f68254b04a","B","[{""load"":""15"",""exercise_name"":""Cadeira extensora""},{""load"":""30"",""exercise_name"":""Elevação de panturrilhas no leg press""},{""load"":""40"",""exercise_name"":""Leg press""},{""load"":""15"",""exercise_name"":""Cadeira abdutora""},{""load"":""15"",""exercise_name"":""Mesa flexora""},{""load"":""9"",""exercise_name"":""Levantamento terra sumô""}]","69cab50fec6532662ba58f05","false","6a16c8234b42d74226b57b3a","2026-05-27T10:32:03.125000","2026-05-27T10:39:37.404000","69e8b3abbdd54859f2b7eadf","ana.anacarol1403@gmail.com","false"
"2026-05-26","[""Agachamento livre"",""Elevação de panturrilhas sentado com halteres"",""Passada lateral"",""Cadeira  Abdutora"",""Levantamento terra sumô"",""Puxada Alta"",""Rosca alternada"",""Pull down"",""Elevação frontal com halteres"",""Prancha""]","6a0e33130759ee34ad9ae728","B","[{""load"":""5"",""exercise_name"":""Agachamento livre""},{""load"":""10"",""exercise_name"":""Elevação de panturrilhas sentado com halteres""},{""load"":""0"",""exercise_name"":""Passada lateral""},{""load"":""25"",""exercise_name"":""Cadeira  Abdutora""},{""load"":""15"",""exercise_name"":""Levantamento terra sumô""},{""load"":""20"",""exercise_name"":""Puxada Alta""},{""load"":""2"",""exercise_name"":""Rosca alternada""},{""load"":""10"",""exercise_name"":""Pull down""},{""load"":""0"",""exercise_name"":""Elevação frontal com halteres""},{""load"":""0"",""exercise_name"":""Prancha""}]","69cab496d430c0cf1dbd7e72","true","6a161c84ab5d5524ffb2e5c1","2026-05-26T22:19:48.140000","2026-05-26T22:53:07.316000","69f0e732a32f7ffb33e50f1b","anaclarabarbacena@gmail.com","false"
"2026-05-26","[""Supino máquina"",""Tríceps corda"",""Crucifixo"",""Elevação pélvica com barra"",""Afundo""]","6a1611e131cd38ab418e8318","B","[{""load"":""5"",""exercise_name"":""Supino máquina""},{""load"":""7.5"",""exercise_name"":""Tríceps corda""},{""load"":""5"",""exercise_name"":""Crucifixo""},{""load"":""0"",""exercise_name"":""Elevação pélvica com barra""},{""load"":""3"",""exercise_name"":""Afundo""}]","69cab4965bbd1a25efdeafad","false","6a16149fc8c7a3494fc02321","2026-05-26T21:46:07.188000","2026-05-26T21:56:18.092000","6a0c58b654f54b7a89655155","natalyarodrigues174@gmail.com","false"
"2026-05-26","[""Flexão de braço"",""Elevação frontal com halteres"",""Puxada Alta"",""Rosca alternada"",""ABDOMINAL TRADICIONAL"",""Voador ou peck deck"",""Agachamento hack"",""Tríceps testa""]","6a0cd96d398dead50e916f57","C","[{""load"":""25"",""exercise_name"":""Elevação frontal com halteres""},{""load"":""25"",""exercise_name"":""Puxada Alta""},{""load"":""3"",""exercise_name"":""Rosca alternada""},{""load"":""2.5"",""exercise_name"":""Voador ou peck deck""},{""load"":""1"",""exercise_name"":""Tríceps testa""}]","69efa4149a982f6976102820","true","6a160b2d36caccd4fcb3d5ef","2026-05-26T21:05:49.759000","2026-05-26T22:00:54.860000","69e8b3ac72ff58fcfafa20b1","cristinathco@gmail.com","false"
"2026-05-26","[""Cadeira extensora"",""Cadeira abdutora"",""Levantamento terra sumô"",""Voador ou peck deck"",""Tríceps francês"",""Tríceps testa"",""Supino máquina"",""Prancha""]","6a0b7c939009e98f2d6eb508","A","[{""load"":""30"",""exercise_name"":""Cadeira extensora""},{""load"":""50"",""exercise_name"":""Cadeira abdutora""},{""load"":""10"",""exercise_name"":""Levantamento terra sumô""},{""load"":""5"",""exercise_name"":""Voador ou peck deck""},{""load"":""6"",""exercise_name"":""Tríceps francês""},{""load"":""7,5"",""exercise_name"":""Tríceps testa""},{""load"":""10"",""exercise_name"":""Supino máquina""},{""load"":""0"",""exercise_name"":""Prancha""}]","69cab4a1625c88b62a9b4704","false","6a1602e51be97008aa09f5f8","2026-05-26T20:30:29.810000","2026-05-26T21:15:24.051000","69fb76a3ee52fc9de3d098e8","cristinamcosta.arq@gmail.com","false"
"2026-05-26","[""Supino máquina"",""Paralelas"",""Crucifixo"",""Tríceps com barra reta ou W"",""Voador ou peck deck"",""Tríceps banco"",""ABDOMINAL TRADICIONAL""]","6a0f6799d8abb1b6c2ca0d8f","B","[{""load"":""22,5"",""exercise_name"":""Supino máquina""},{""load"":""49"",""exercise_name"":""Paralelas""},{""load"":""7,5"",""exercise_name"":""Crucifixo""},{""load"":""10"",""exercise_name"":""Tríceps com barra reta ou W""},{""load"":""4"",""exercise_name"":""Voador ou peck deck""}]","69cab5528917bc7d06ec9f36","true","6a15feaeb591336f9fa307ae","2026-05-26T20:12:30.224000","2026-05-26T20:59:42.540000","69e8b3c510a6ab1ad3da4cd2","caiooliveira92@gmail.com","false"
"2026-05-26","[""Barra fixa supinada (chin up)"",""Rosca simultânea"",""Encolhimento"",""Rosca martelo"",""Crucifixo invertido com halteres"",""Rosca scott"",""Prancha"",""Elevação lateral inclinada""]","6a0cbd67da952ffe4068a9d1","B","[{""load"":""30"",""exercise_name"":""Barra fixa supinada (chin up)""},{""load"":""10"",""exercise_name"":""Rosca simultânea""},{""load"":""10"",""exercise_name"":""Encolhimento""},{""load"":""10"",""exercise_name"":""Rosca martelo""},{""load"":""5"",""exercise_name"":""Crucifixo invertido com halteres""},{""load"":""8"",""exercise_name"":""Rosca scott""},{""load"":""0"",""exercise_name"":""Prancha""},{""load"":""5"",""exercise_name"":""Elevação lateral inclinada""}]","69cab5409b141921d6a9baca","true","6a15f2de6445caa16a568ef3","2026-05-26T19:22:06.462000","2026-05-26T19:47:07.709000","6a022e0e6d475b0b2334af8e","brenuovrb@gmail.com","false"
"2026-05-26","[""Supino reto"",""Supino inclinado"",""Desenvolvimento com halteres"",""Elevação lateral com cabo"",""Tríceps testa""]","69ec115c12a09769714bf36c","A","[{""load"":""40"",""exercise_name"":""Supino reto""},{""load"":""28"",""exercise_name"":""Supino inclinado""},{""load"":""14"",""exercise_name"":""Desenvolvimento com halteres""},{""load"":""10"",""exercise_name"":""Elevação lateral com cabo""},{""load"":""50"",""exercise_name"":""Tríceps testa""}]","69c2d3ee87aec14ce3dd0d68","true","6a15b52551033b27c80280bd","2026-05-26T14:58:45.902000","2026-05-26T15:10:25.875000","69c3d34b532ba9674f7d28c5","rafaelhagen@hotmail.com","false"
"2026-05-26","[""Supino máquina"",""Voador ou peck deck"",""Supino reto"",""Elevação lateral com halteres"",""Elevação frontal com halteres"",""Tríceps com barra reta ou W"",""Tríceps corda""]","69f9f2b7a32d0a3bc78348c9","A","[{""load"":""25"",""exercise_name"":""Supino máquina""},{""load"":""10"",""exercise_name"":""Voador ou peck deck""},{""load"":""10"",""exercise_name"":""Supino reto""},{""load"":""4"",""exercise_name"":""Elevação lateral com halteres""},{""load"":""4"",""exercise_name"":""Elevação frontal com halteres""},{""load"":""15"",""exercise_name"":""Tríceps com barra reta ou W""},{""load"":""10"",""exercise_name"":""Tríceps corda""}]","69cab53deddee6987dc1c800","true","6a157e2f432f15b8533914c1","2026-05-26T11:04:15.769000","2026-05-26T11:26:39.537000","69e8b3dfc275cae65aee1aa2","morianmalburg@gmail.com","false"
"2026-05-25","[""Cadeira  Abdutora"",""Cadeira extensora"",""Mesa flexora"",""Leg press"",""Barra fixa supinada (chin up)"",""Tríceps corda"",""Puxada Alta"",""Tríceps com barra reta ou W"",""Prancha""]","6a14c020b3786a4a7cfaa293","A","[{""load"":""20"",""exercise_name"":""Cadeira  Abdutora""},{""load"":""20"",""exercise_name"":""Cadeira extensora""},{""load"":""15"",""exercise_name"":""Mesa flexora""},{""load"":""30"",""exercise_name"":""Leg press""},{""load"":""15"",""exercise_name"":""Barra fixa supinada (chin up)""},{""load"":""2,5"",""exercise_name"":""Tríceps corda""},{""load"":""5"",""exercise_name"":""Puxada Alta""},{""load"":""7,5"",""exercise_name"":""Tríceps com barra reta ou W""},{""load"":""60"",""exercise_name"":""Prancha""}]","69cab498f494b0e0a3a2252c","true","6a14c045dff08950b0e6af82","2026-05-25T21:33:57.287000","2026-05-25T22:23:08.018000","69e8b3e3ed8dfc592768740f","sophialannah123@gmail.com","false"
"2026-05-25","[""Cadeira extensora"",""Cadeira  Abdutora"",""Leg press"",""Elevação de panturrilhas no leg press"",""Puxada Alta"",""Mesa flexora"",""Tríceps corda"",""Pull down"",""Tríceps francês""]","6a14bc5c0fe8c48312c5b6ba","A","[{""load"":""15"",""exercise_name"":""Cadeira extensora""},{""load"":""20"",""exercise_name"":""Cadeira  Abdutora""},{""load"":""50"",""exercise_name"":""Elevação de panturrilhas no leg press""},{""load"":""25"",""exercise_name"":""Puxada Alta""},{""load"":""7.5"",""exercise_name"":""Tríceps corda""},{""load"":""7.5"",""exercise_name"":""Pull down""},{""load"":""3"",""exercise_name"":""Tríceps francês""}]","69cab4965bbd1a25efdeafad","false","6a14bc9784e4f5c73df05832","2026-05-25T21:18:15.446000","2026-05-25T22:08:23.648000","6a0c58b654f54b7a89655155","natalyarodrigues174@gmail.com","false"
"2026-05-25","[""Cadeira abdutora"",""Agachamento hack"",""Supino máquina"",""Tríceps francês"",""Cadeira extensora"",""Voador ou peck deck"",""Tríceps com barra reta ou W"",""Agachamento livre""]","6a0b53e84ca07c1ae1b52404","A","[{""load"":""40"",""exercise_name"":""Cadeira abdutora""},{""load"":""5"",""exercise_name"":""Supino máquina""},{""load"":""3"",""exercise_name"":""Tríceps francês""},{""load"":""25"",""exercise_name"":""Cadeira extensora""},{""load"":""5"",""exercise_name"":""Voador ou peck deck""},{""load"":""7.5"",""exercise_name"":""Tríceps com barra reta ou W""}]","69efa4149a982f6976102820","true","6a14b897709e2a0333350e01","2026-05-25T21:01:11.729000","2026-05-25T22:10:19.107000","69e8b3ac72ff58fcfafa20b1","cristinathco@gmail.com","false"
"2026-05-25","[""Pull down"",""Rosca direta na polia"",""Puxada Alta"",""Encolhimento"",""Elevação lateral com halteres"",""Rosca alternada"",""Elevação frontal com halteres"",""ABDOMINAL TRADICIONAL""]","6a0cc35ba19566f147b9f109","A","[{""load"":""12,5"",""exercise_name"":""Pull down""},{""load"":""7,5"",""exercise_name"":""Rosca direta na polia""},{""load"":""25"",""exercise_name"":""Puxada Alta""},{""load"":""3"",""exercise_name"":""Encolhimento""},{""load"":""3"",""exercise_name"":""Elevação lateral com halteres""},{""load"":""3"",""exercise_name"":""Rosca alternada""},{""load"":""3"",""exercise_name"":""Elevação frontal com halteres""}]","69cab5528917bc7d06ec9f36","true","6a14adbdac801accdd83f27f","2026-05-25T20:14:53.977000","2026-05-25T20:56:56.281000","69e8b3c510a6ab1ad3da4cd2","caiooliveira92@gmail.com","false"
"2026-05-25","[""Rosca martelo"",""Rosca simultânea"",""Rosca arrastada (drag curl)"",""Remada serrote"",""Puxada Alta""]","69fbf0f147863d192c17d211","B","[]","69cab51cf59bbda43a5c5d57","false","6a1499ea28ea9481698c5b93","2026-05-25T18:50:18.528000","2026-05-25T18:50:34.361000","69eb712c92a6132bbc608daf","portobritto@gmail.com","false"
"2026-05-25","[""Puxada Alta"",""Supino máquina"",""Desenvolvimento com halteres"",""Rosca simultânea"",""Tríceps com barra reta ou W"",""Crucifixo invertido com halteres""]","6a05e2f138a913567365b024","B","[]","69cab48c17c5690cf3d30c6d","true","6a14902b6486d0f4cd039e97","2026-05-25T18:08:43.334000","2026-05-25T18:34:04.602000","69e8b3bf55bcfeb78675459e","indiarajujuba@gmail.com","false"
"2026-05-25","[""Puxada Alta"",""Remada curvada"",""Remada baixa"",""Rosca direta na polia"",""Encolhimento""]","69ec127a2c132ca320edbe3e","B","[{""load"":""80"",""exercise_name"":""Puxada Alta""},{""load"":""30"",""exercise_name"":""Remada curvada""},{""load"":""50"",""exercise_name"":""Remada baixa""},{""load"":""25"",""exercise_name"":""Rosca direta na polia""},{""load"":""30"",""exercise_name"":""Encolhimento""}]","69c2d3ee87aec14ce3dd0d68","true","6a14665bd5f30cd7556680f4","2026-05-25T15:10:19.158000","2026-05-25T15:43:03.971000","69c3d34b532ba9674f7d28c5","rafaelhagen@hotmail.com","false"
"2026-05-25","[""Agachamento hack"",""Leg press"",""Cadeira extensora"",""Mesa flexora"",""Cadeira abdutora"",""Elevação de panturrilhas em pé com o peso do corpo""]","69f9f9244f9c34a2bdeb6291","C","[{""load"":""0"",""exercise_name"":""Agachamento hack""},{""load"":""40"",""exercise_name"":""Leg press""},{""load"":""20"",""exercise_name"":""Cadeira extensora""},{""load"":""30"",""exercise_name"":""Mesa flexora""},{""load"":""40"",""exercise_name"":""Cadeira abdutora""},{""load"":""0"",""exercise_name"":""Elevação de panturrilhas em pé com o peso do corpo""}]","69cab53deddee6987dc1c800","true","6a142e3abe972cec419501b8","2026-05-25T11:10:50.856000","2026-05-25T11:30:37.589000","69e8b3dfc275cae65aee1aa2","morianmalburg@gmail.com","false"
"2026-05-25","[""Rosca alternada"",""Elevação lateral com halteres"",""Puxada Alta"",""Supino máquina"",""Tríceps corda""]","6a032fcb519dc1b1f51cc1e2","A","[{""load"":""2"",""exercise_name"":""Rosca alternada""},{""load"":""2"",""exercise_name"":""Elevação lateral com halteres""},{""load"":""20"",""exercise_name"":""Puxada Alta""},{""load"":""15"",""exercise_name"":""Supino máquina""},{""load"":""5"",""exercise_name"":""Tríceps corda""}]","69cab50fec6532662ba58f05","false","6a142199de0664415563ed09","2026-05-25T10:16:57.674000","2026-05-25T10:44:07.721000","69e8b3abbdd54859f2b7eadf","ana.anacarol1403@gmail.com","false"
"2026-05-22","[""Supino máquina"",""Leg press"",""Cadeira extensora"",""Elevação de panturrilhas sentado na máquina"",""Agachamento sumô"",""Agachamento frontal"",""Prancha""]","6a05e166f3fee59d1399480b","A","[]","69cab48c17c5690cf3d30c6d","true","6a10acdaed742df84004e071","2026-05-22T19:22:02.825000","2026-05-22T19:57:24.711000","69e8b3bf55bcfeb78675459e","indiarajujuba@gmail.com","false"
"2026-05-22","[""Leg press"",""Agachamento livre"",""Mesa flexora"",""Cadeira extensora"",""Elevação de panturrilhas em pé na máquina""]","69ec1305a6be6686d86d128a","C","[{""load"":""160"",""exercise_name"":""Leg press""},{""load"":""30"",""exercise_name"":""Agachamento livre""},{""load"":""45"",""exercise_name"":""Mesa flexora""},{""load"":""55"",""exercise_name"":""Cadeira extensora""},{""load"":""20"",""exercise_name"":""Elevação de panturrilhas em pé na máquina""}]","69c2d3ee87aec14ce3dd0d68","true","6a106d9e29cd1a8fee1bae9b","2026-05-22T14:52:14.276000","2026-05-22T15:31:29.189000","69c3d34b532ba9674f7d28c5","rafaelhagen@hotmail.com","false"
"2026-05-22","[""Puxada Alta"",""Remada serrote"",""Rosca arrastada (drag curl)"",""Rosca alternada"",""Prancha""]","69f9f50bddd7ac56462379f7","B","[{""load"":""30"",""exercise_name"":""Puxada Alta""},{""load"":""0"",""exercise_name"":""Remada serrote""},{""load"":""4"",""exercise_name"":""Rosca arrastada (drag curl)""},{""load"":""5"",""exercise_name"":""Rosca alternada""},{""load"":""30"",""exercise_name"":""Prancha""}]","69cab53deddee6987dc1c800","false","6a1039698d1c20913b5b6494","2026-05-22T11:09:29.563000","2026-05-22T11:41:04.966000","69e8b3dfc275cae65aee1aa2","morianmalburg@gmail.com","false"
"2026-05-21","[""Cadeira extensora"",""Mesa flexora"",""Cadeira  Abdutora"",""Leg press"",""Elevação lateral com halteres"",""Tríceps francês"",""ABDOMINAL TRADICIONAL"",""Supino máquina"",""Crucifixo"",""Tríceps corda""]","6a0e31ebd6ba63d54dce96ce","A","[{""load"":""15"",""exercise_name"":""Cadeira extensora""},{""load"":""20"",""exercise_name"":""Mesa flexora""},{""load"":""20"",""exercise_name"":""Cadeira  Abdutora""},{""load"":""30"",""exercise_name"":""Leg press""},{""load"":""2"",""exercise_name"":""Elevação lateral com halteres""},{""load"":""2"",""exercise_name"":""Tríceps francês""},{""load"":""0"",""exercise_name"":""ABDOMINAL TRADICIONAL""},{""load"":""5"",""exercise_name"":""Supino máquina""},{""load"":""5"",""exercise_name"":""Crucifixo""},{""load"":""10"",""exercise_name"":""Tríceps corda""}]","69cab496d430c0cf1dbd7e72","true","6a0f847c82c0083ac15b9a43","2026-05-21T22:17:32.371000","2026-05-21T22:59:35.901000","69f0e732a32f7ffb33e50f1b","anaclarabarbacena@gmail.com","false"
"2026-05-21","[""Agachamento hack"",""Tríceps francês"",""Cadeira abdutora"",""Cadeira extensora"",""Supino máquina"",""Agachamento livre"",""Tríceps com barra reta ou W"",""Voador ou peck deck""]","6a0b53e84ca07c1ae1b52404","A","[{""load"":""3"",""exercise_name"":""Tríceps francês""},{""load"":""35"",""exercise_name"":""Cadeira abdutora""},{""load"":""20"",""exercise_name"":""Cadeira extensora""},{""load"":""5"",""exercise_name"":""Supino máquina""},{""load"":""5"",""exercise_name"":""Tríceps com barra reta ou W""},{""load"":""2.5"",""exercise_name"":""Voador ou peck deck""}]","69efa4149a982f6976102820","true","6a0f74a62a2a777b22e5df2c","2026-05-21T21:09:58.770000","2026-05-21T21:53:01.259000","69e8b3ac72ff58fcfafa20b1","cristinathco@gmail.com","false"
"2026-05-21","[""Rosca alternada"",""Barra fixa supinada (chin up)"",""Rosca direta na polia"",""Rosca martelo"",""Voador invertido"",""Encolhimento"",""Desenvolvimento com halteres""]","6a0b52a21ed29f984a873300","B","[{""load"":""4"",""exercise_name"":""Rosca alternada""},{""load"":""10"",""exercise_name"":""Voador invertido""},{""load"":""7"",""exercise_name"":""Encolhimento""},{""load"":""5"",""exercise_name"":""Desenvolvimento com halteres""}]","69cab4bbce9564de9486ce35","true","6a0f6844a0993326b690ea44","2026-05-21T20:17:08.059000","2026-05-21T21:06:18.624000","69eb713d0daf529bb432fcf3","gilson.pereira21@gmail.com","false"
"2026-05-21","[""Barra fixa supinada (chin up)"",""Rosca simultânea"",""Encolhimento"",""Rosca martelo"",""Crucifixo invertido com halteres"",""Rosca scott"",""Prancha"",""Elevação lateral inclinada""]","6a0cbd67da952ffe4068a9d1","B","[{""load"":""30"",""exercise_name"":""Barra fixa supinada (chin up)""},{""load"":""8"",""exercise_name"":""Rosca simultânea""},{""load"":""10"",""exercise_name"":""Encolhimento""},{""load"":""10"",""exercise_name"":""Rosca martelo""},{""load"":""5"",""exercise_name"":""Crucifixo invertido com halteres""},{""load"":""7"",""exercise_name"":""Rosca scott""},{""load"":""0"",""exercise_name"":""Prancha""},{""load"":""8"",""exercise_name"":""Elevação lateral inclinada""}]","69cab5409b141921d6a9baca","true","6a0f5dbbc172db8212841fb9","2026-05-21T19:32:11.647000","2026-05-21T20:22:56.601000","6a022e0e6d475b0b2334af8e","brenuovrb@gmail.com","false"
"2026-05-21","[""Puxada Alta"",""Supino máquina"",""Rosca simultânea"",""Tríceps com barra reta ou W"",""Desenvolvimento com halteres"",""Crucifixo invertido com halteres""]","6a05e2f138a913567365b024","B","[]","69cab48c17c5690cf3d30c6d","true","6a0f5713f6dccc050155aeb8","2026-05-21T19:03:47.428000","2026-05-21T20:11:43.153000","69e8b3bf55bcfeb78675459e","indiarajujuba@gmail.com","false"
"2026-05-21","[]","6a0cc35ba19566f147b9f109","A","[]","69cab5528917bc7d06ec9f36","false","6a0f3ad03a0d334bb237cd45","2026-05-21T17:03:12.698000","2026-05-21T17:03:15.456000","69e8b3c510a6ab1ad3da4cd2","caiooliveira92@gmail.com","false"
"2026-05-21","[""Supino reto"",""Supino inclinado"",""Desenvolvimento com halteres"",""Elevação lateral com cabo"",""Tríceps testa""]","69ec115c12a09769714bf36c","A","[{""load"":""40"",""exercise_name"":""Supino reto""},{""load"":""28"",""exercise_name"":""Supino inclinado""},{""load"":""14"",""exercise_name"":""Desenvolvimento com halteres""},{""load"":""10"",""exercise_name"":""Elevação lateral com cabo""},{""load"":""50"",""exercise_name"":""Tríceps testa""}]","69c2d3ee87aec14ce3dd0d68","true","6a0f1f26308a2b94df8b1750","2026-05-21T15:05:10.588000","2026-05-21T15:42:56.636000","69c3d34b532ba9674f7d28c5","rafaelhagen@hotmail.com","false"
"2026-05-21","[""Voador ou peck deck"",""Supino máquina"",""Supino reto"",""Elevação lateral com halteres"",""Elevação frontal com halteres"",""Tríceps com barra reta ou W"",""Tríceps corda""]","69f9f2b7a32d0a3bc78348c9","A","[{""load"":""10"",""exercise_name"":""Voador ou peck deck""},{""load"":""20"",""exercise_name"":""Supino máquina""},{""load"":""9"",""exercise_name"":""Supino reto""},{""load"":""4"",""exercise_name"":""Elevação lateral com halteres""},{""load"":""4"",""exercise_name"":""Elevação frontal com halteres""},{""load"":""17.5"",""exercise_name"":""Tríceps com barra reta ou W""},{""load"":""12.5"",""exercise_name"":""Tríceps corda""}]","69cab53deddee6987dc1c800","true","6a0ee6c34bcc1e02295f8c2f","2026-05-21T11:04:35.450000","2026-05-21T11:43:46.868000","69e8b3dfc275cae65aee1aa2","morianmalburg@gmail.com","false"
"2026-05-20","[""Puxada Alta"",""Elevação lateral com halteres"",""Rosca alternada""]","6a032fcb519dc1b1f51cc1e2","A","[{""load"":""15"",""exercise_name"":""Puxada Alta""},{""load"":""3"",""exercise_name"":""Elevação lateral com halteres""},{""load"":""3"",""exercise_name"":""Rosca alternada""}]","69cab50fec6532662ba58f05","false","6a0e488ebda0b9d11b469e6c","2026-05-20T23:49:34.639000","2026-05-20T23:50:37.078000","69e8b3abbdd54859f2b7eadf","ana.anacarol1403@gmail.com","false"
"2026-05-20","[""Pull down"",""Rosca alternada"",""Puxada Alta"",""Rosca direta na polia"",""Voador invertido"",""Rosca martelo""]","6a0ce0cc9688df98efb0d06d","A","[{""load"":""15"",""exercise_name"":""Pull down""},{""load"":""9"",""exercise_name"":""Rosca alternada""},{""load"":""35"",""exercise_name"":""Puxada Alta""},{""load"":""12,5"",""exercise_name"":""Rosca direta na polia""},{""load"":""10"",""exercise_name"":""Voador invertido""},{""load"":""9"",""exercise_name"":""Rosca martelo""}]","69cab51d8bf415ccbaf6955b","false","6a0e31982c7a6a56b60085cb","2026-05-20T22:11:36.251000","2026-05-20T22:43:42.517000","69f8d5070e6979860429cfd6","guisenna73@gmail.com","false"
"2026-05-20","[""Puxada Alta""]","69fbed5c858b73d9da247e39","A","[]","69cab51cf59bbda43a5c5d57","false","6a0e219b15cf2f2a103b02da","2026-05-20T21:03:23.907000","2026-05-20T21:03:54.402000","69eb712c92a6132bbc608daf","portobritto@gmail.com","false"
"2026-05-20","[""Leg press"",""Cadeira abdutora"",""Levantamento terra sumô"",""Cadeira extensora"",""Tríceps testa"",""Supino máquina"",""Tríceps francês"",""Voador ou peck deck"",""Prancha""]","6a0b7c939009e98f2d6eb508","A","[{""load"":""20"",""exercise_name"":""Leg press""},{""load"":""35"",""exercise_name"":""Cadeira abdutora""},{""load"":""10"",""exercise_name"":""Levantamento terra sumô""},{""load"":""25"",""exercise_name"":""Cadeira extensora""},{""load"":""10"",""exercise_name"":""Tríceps testa""},{""load"":""10"",""exercise_name"":""Supino máquina""},{""load"":""5"",""exercise_name"":""Tríceps francês""},{""load"":""5"",""exercise_name"":""Voador ou peck deck""},{""load"":""0"",""exercise_name"":""Prancha""}]","69cab4a1625c88b62a9b4704","true","6a0e199a6d5fd379874997cd","2026-05-20T20:29:14.851000","2026-05-20T21:20:30.323000","69fb76a3ee52fc9de3d098e8","cristinamcosta.arq@gmail.com","false"
"2026-05-20","[""Agachamento hack"",""Leg press"",""Cadeira extensora"",""Mesa flexora"",""Cadeira abdutora"",""Elevação de panturrilhas em pé com o peso do corpo""]","69f9f9244f9c34a2bdeb6291","C","[{""load"":""0"",""exercise_name"":""Agachamento hack""},{""load"":""50"",""exercise_name"":""Leg press""},{""load"":""15"",""exercise_name"":""Cadeira extensora""},{""load"":""25"",""exercise_name"":""Mesa flexora""},{""load"":""35"",""exercise_name"":""Cadeira abdutora""},{""load"":""0"",""exercise_name"":""Elevação de panturrilhas em pé com o peso do corpo""}]","69cab53deddee6987dc1c800","true","6a0e07ade27729832aeadd30","2026-05-20T19:12:45.339000","2026-05-20T19:32:44.621000","69e8b3dfc275cae65aee1aa2","morianmalburg@gmail.com","false"
"2026-05-19","[""Elevação frontal com halteres""]","6a0cd832596b9099cee3289d","C","[{""load"":""25"",""exercise_name"":""Mesa flexora""},{""load"":""1"",""exercise_name"":""Elevação frontal com halteres""}]","69efa4149a982f6976102820","false","6a0cdbb0b6fe169f48dd9795","2026-05-19T21:52:48.061000","2026-05-20T00:42:16.249000","69e8b3ac72ff58fcfafa20b1","cristinathco@gmail.com","false"
"2026-05-19","[""Supino máquina"",""Tríceps corda"",""Supino inclinado"",""Elevação de panturrilhas em pé com o peso do corpo"",""Tríceps francês"",""Paralelas"",""Prancha""]","6a061ee24b89fca6f819dbac","B","[{""load"":""20"",""exercise_name"":""Supino máquina""},{""load"":""12,5"",""exercise_name"":""Tríceps corda""},{""load"":""8"",""exercise_name"":""Supino inclinado""},{""load"":""0"",""exercise_name"":""Elevação de panturrilhas em pé com o peso do corpo""},{""load"":""5"",""exercise_name"":""Tríceps francês""},{""load"":""0"",""exercise_name"":""Paralelas""},{""load"":""0"",""exercise_name"":""Prancha""}]","69cab5409b141921d6a9baca","true","6a0cbf2bc40db09c919b62df","2026-05-19T19:51:07.445000","2026-05-19T20:17:08.310000","6a022e0e6d475b0b2334af8e","brenuovrb@gmail.com","false"
"2026-05-19","[""Leg press"",""Cadeira extensora"",""Supino máquina"",""Agachamento frontal"",""Elevação de panturrilhas sentado na máquina""]","6a05e166f3fee59d1399480b","A","[]","69cab48c17c5690cf3d30c6d","false","6a0cb86877be7169e9e7979c","2026-05-19T19:22:16.643000","2026-05-19T19:41:02.334000","69e8b3bf55bcfeb78675459e","indiarajujuba@gmail.com","false"
"2026-05-18","[""Cadeira abdutora"",""Cadeira extensora"",""Supino máquina"",""Agachamento livre"",""Tríceps francês""]","6a0b53e84ca07c1ae1b52404","A","[{""load"":""25"",""exercise_name"":""Cadeira abdutora""},{""load"":""15"",""exercise_name"":""Cadeira extensora""},{""load"":""5"",""exercise_name"":""Supino máquina""},{""load"":""5"",""exercise_name"":""Tríceps francês""}]","69efa4149a982f6976102820","false","6a0b7b892a0c0dcf3346b7e7","2026-05-18T20:50:17.636000","2026-05-18T21:34:07.938000","69e8b3ac72ff58fcfafa20b1","cristinathco@gmail.com","false"
"2026-05-18","[""Paralelas"",""Tríceps corda"",""Voador ou peck deck"",""Tríceps com barra reta ou W"",""Supino inclinado"",""Tríceps francês"",""Elevação frontal com halteres"",""Prancha""]","6a0b51ffd38409db0dc68cbc","A","[{""load"":""49"",""exercise_name"":""Paralelas""},{""load"":""10"",""exercise_name"":""Tríceps corda""},{""load"":""10"",""exercise_name"":""Voador ou peck deck""},{""load"":""7,5"",""exercise_name"":""Tríceps com barra reta ou W""},{""load"":""4"",""exercise_name"":""Supino inclinado""},{""load"":""5"",""exercise_name"":""Tríceps francês""},{""load"":""5"",""exercise_name"":""Elevação frontal com halteres""}]","69cab4bbce9564de9486ce35","true","6a0b736f20cfd95a0fd6fa1b","2026-05-18T20:15:43.282000","2026-05-18T20:58:03.978000","69eb713d0daf529bb432fcf3","gilson.pereira21@gmail.com","false"
"2026-05-18","[""Agachamento hack"",""Pull down"",""Elevação frontal com halteres"",""Afundo"",""Elevação pélvica com barra"",""Desenvolvimento Arnold"",""Elevação lateral com halteres"",""Prancha""]","6a04f9327aff727b02016b3b","A","[{""load"":""10"",""exercise_name"":""Agachamento hack""},{""load"":""25"",""exercise_name"":""Pull down""},{""load"":""4"",""exercise_name"":""Elevação frontal com halteres""},{""load"":""10"",""exercise_name"":""Afundo""},{""load"":""51015"",""exercise_name"":""Elevação pélvica com barra""},{""load"":""4"",""exercise_name"":""Desenvolvimento Arnold""},{""load"":""4"",""exercise_name"":""Elevação lateral com halteres""},{""load"":""0"",""exercise_name"":""Prancha""}]","69cab4ae71c685e9f60324a3","true","6a0b734196a910f5b8e42f8b","2026-05-18T20:14:57.024000","2026-05-18T20:30:30.731000","69f0a7979080024735454f5b","tatianefsm2000@gmail.com","false"
"2026-05-18","[""Puxada Alta"",""Remada curvada"",""Remada baixa"",""Rosca direta na polia"",""Encolhimento""]","69ec127a2c132ca320edbe3e","B","[{""load"":""80"",""exercise_name"":""Puxada Alta""},{""load"":""70"",""exercise_name"":""Remada curvada""},{""load"":""80"",""exercise_name"":""Remada baixa""},{""load"":""50"",""exercise_name"":""Rosca direta na polia""},{""load"":""80"",""exercise_name"":""Encolhimento""}]","69c2d3ee87aec14ce3dd0d68","true","6a0b2d2c8f3048635888ceb5","2026-05-18T15:15:56.054000","2026-05-18T16:04:00.686000","69c3d34b532ba9674f7d28c5","rafaelhagen@hotmail.com","false"
"2026-05-18","[""Rosca alternada"",""Elevação lateral com halteres"",""Tríceps corda"",""Puxada Alta"",""Supino máquina""]","6a032fcb519dc1b1f51cc1e2","A","[{""load"":""2"",""exercise_name"":""Rosca alternada""},{""load"":""2"",""exercise_name"":""Elevação lateral com halteres""},{""load"":""7,5"",""exercise_name"":""Tríceps corda""},{""load"":""20"",""exercise_name"":""Puxada Alta""},{""load"":""5"",""exercise_name"":""Supino máquina""}]","69cab50fec6532662ba58f05","true","6a0ae864b65d33fe0db6f9c0","2026-05-18T10:22:28.808000","2026-05-18T10:38:12.212000","69e8b3abbdd54859f2b7eadf","ana.anacarol1403@gmail.com","false"
"2026-05-18","[""Puxada Alta"",""Remada serrote"",""Rosca arrastada (drag curl)"",""Rosca alternada"",""Prancha""]","69f9f50bddd7ac56462379f7","B","[{""load"":""30"",""exercise_name"":""Puxada Alta""},{""load"":""0"",""exercise_name"":""Remada serrote""},{""load"":""2.5"",""exercise_name"":""Rosca arrastada (drag curl)""},{""load"":""4"",""exercise_name"":""Rosca alternada""},{""load"":""0"",""exercise_name"":""Prancha""}]","69cab53deddee6987dc1c800","false","6a0ae804bbf6bf849b231649","2026-05-18T10:20:52.759000","2026-05-18T10:52:01.546000","69e8b3dfc275cae65aee1aa2","morianmalburg@gmail.com","false"
"2026-05-15","[""Voador ou peck deck"",""Supino máquina"",""Supino reto"",""Elevação lateral com halteres"",""Elevação frontal com halteres"",""Tríceps com barra reta ou W"",""Tríceps corda""]","69f9f2b7a32d0a3bc78348c9","A","[{""load"":""10"",""exercise_name"":""Voador ou peck deck""},{""load"":""20"",""exercise_name"":""Supino máquina""},{""load"":""9"",""exercise_name"":""Supino reto""},{""load"":""4"",""exercise_name"":""Elevação lateral com halteres""},{""load"":""4"",""exercise_name"":""Elevação frontal com halteres""},{""load"":""15"",""exercise_name"":""Tríceps com barra reta ou W""},{""load"":""10"",""exercise_name"":""Tríceps corda""}]","69cab53deddee6987dc1c800","true","6a0700bce1c82b24e6957f6d","2026-05-15T11:17:16.939000","2026-05-15T11:42:16.097000","69e8b3dfc275cae65aee1aa2","morianmalburg@gmail.com","false"
"2026-05-14","[""Supino máquina"",""Tríceps corda"",""Supino inclinado"",""Elevação de panturrilhas em pé com o peso do corpo"",""Tríceps francês"",""Paralelas"",""Prancha""]","6a061ee24b89fca6f819dbac","B","[{""load"":""20"",""exercise_name"":""Supino máquina""},{""load"":""12,5"",""exercise_name"":""Tríceps corda""},{""load"":""8"",""exercise_name"":""Supino inclinado""},{""load"":""0"",""exercise_name"":""Elevação de panturrilhas em pé com o peso do corpo""},{""load"":""5"",""exercise_name"":""Tríceps francês""},{""load"":""70"",""exercise_name"":""Paralelas""},{""load"":""0"",""exercise_name"":""Prancha""}]","69cab5409b141921d6a9baca","true","6a06225d6dd4ca90aad06066","2026-05-14T19:28:29.977000","2026-05-14T20:00:16.999000","6a022e0e6d475b0b2334af8e","brenuovrb@gmail.com","false"
"2026-05-14","[""Agachamento livre"",""Leg press"",""Mesa flexora"",""Cadeira extensora"",""Elevação de panturrilhas em pé na máquina""]","69ec1305a6be6686d86d128a","C","[{""load"":""60"",""exercise_name"":""Agachamento livre""},{""load"":""160"",""exercise_name"":""Leg press""},{""load"":""90"",""exercise_name"":""Mesa flexora""},{""load"":""90"",""exercise_name"":""Cadeira extensora""},{""load"":""20"",""exercise_name"":""Elevação de panturrilhas em pé na máquina""}]","69c2d3ee87aec14ce3dd0d68","true","6a06112eef05d4d2c4c40b84","2026-05-14T18:15:10.939000","2026-05-14T18:43:33.887000","69c3d34b532ba9674f7d28c5","rafaelhagen@hotmail.com","false"
"2026-05-14","[""Agachamento hack"",""Leg press"",""Cadeira extensora"",""Mesa flexora"",""Elevação de panturrilhas em pé com o peso do corpo"",""Cadeira abdutora""]","69f9f9244f9c34a2bdeb6291","C","[{""load"":""0"",""exercise_name"":""Agachamento hack""},{""load"":""40"",""exercise_name"":""Leg press""},{""load"":""20"",""exercise_name"":""Cadeira extensora""},{""load"":""20"",""exercise_name"":""Mesa flexora""},{""load"":""0"",""exercise_name"":""Elevação de panturrilhas em pé com o peso do corpo""},{""load"":""30"",""exercise_name"":""Cadeira abdutora""}]","69cab53deddee6987dc1c800","true","6a05af1e8e981e81882db526","2026-05-14T11:16:46.310000","2026-05-14T11:37:11.547000","69e8b3dfc275cae65aee1aa2","morianmalburg@gmail.com","false"
"2026-05-13","[""Supino reto""]","69ec115c12a09769714bf36c","A","[{""load"":""30"",""exercise_name"":""Supino reto""}]","69c2d3ee87aec14ce3dd0d68","false","6a051105faaee85c04f789e8","2026-05-14T00:02:13.686000","2026-05-14T00:02:13.686000","69c3d34b532ba9674f7d28c5","rafaelhagen@hotmail.com","false"
"2026-05-13","[""Puxada Alta"",""Remada serrote"",""Rosca arrastada (drag curl)"",""Rosca simultânea"",""Rosca martelo""]","69fbed5c858b73d9da247e39","A","[]","69cab51cf59bbda43a5c5d57","false","6a04ae56ea2b31f8a37a8449","2026-05-13T17:01:10.320000","2026-05-13T17:33:57.393000","69eb712c92a6132bbc608daf","portobritto@gmail.com","false"
"2026-05-13","[""Puxada Alta"",""Remada serrote"",""Rosca arrastada (drag curl)"",""Rosca alternada"",""Prancha""]","69f9f50bddd7ac56462379f7","B","[{""load"":""25"",""exercise_name"":""Puxada Alta""},{""load"":""30"",""exercise_name"":""Remada serrote""},{""load"":""2.5"",""exercise_name"":""Rosca arrastada (drag curl)""},{""load"":""4"",""exercise_name"":""Rosca alternada""},{""load"":""5"",""exercise_name"":""Prancha""}]","69cab53deddee6987dc1c800","false","6a045d8f7314929d07dfdf07","2026-05-13T11:16:31.616000","2026-05-13T11:47:25.538000","69e8b3dfc275cae65aee1aa2","morianmalburg@gmail.com","false"
"2026-05-12","[""Supino reto"",""Supino inclinado"",""Desenvolvimento com halteres"",""Elevação lateral com cabo"",""Tríceps testa""]","69ec115c12a09769714bf36c","A","[{""load"":""40"",""exercise_name"":""Supino reto""},{""load"":""38"",""exercise_name"":""Supino inclinado""},{""load"":""14"",""exercise_name"":""Desenvolvimento com halteres""},{""load"":""15"",""exercise_name"":""Elevação lateral com cabo""},{""load"":""60"",""exercise_name"":""Tríceps testa""}]","69c2d3ee87aec14ce3dd0d68","true","6a0340f223998a76e0dcc4fc","2026-05-12T15:02:10.260000","2026-05-12T15:50:11.832000","69c3d34b532ba9674f7d28c5","rafaelhagen@hotmail.com","false"
"2026-05-11","[""Puxada Alta"",""Remada curvada"",""Remada baixa"",""Rosca direta na polia"",""Encolhimento""]","69ec127a2c132ca320edbe3e","B","[{""load"":""80"",""exercise_name"":""Puxada Alta""},{""load"":""30"",""exercise_name"":""Remada curvada""},{""load"":""80"",""exercise_name"":""Remada baixa""},{""load"":""50"",""exercise_name"":""Rosca direta na polia""},{""load"":""30"",""exercise_name"":""Encolhimento""}]","69c2d3ee87aec14ce3dd0d68","true","6a01ef7e362d989545a197aa","2026-05-11T15:02:22.597000","2026-05-11T15:44:07.216000","69c3d34b532ba9674f7d28c5","rafaelhagen@hotmail.com","false"
"2026-05-09","[""Supino reto"",""Supino inclinado"",""Desenvolvimento com halteres"",""Elevação lateral com cabo"",""Tríceps testa""]","69ec115c12a09769714bf36c","A","[{""load"":""32"",""exercise_name"":""Supino reto""},{""load"":""27"",""exercise_name"":""Supino inclinado""},{""load"":""15"",""exercise_name"":""Desenvolvimento com halteres""},{""load"":""10"",""exercise_name"":""Elevação lateral com cabo""},{""load"":""60"",""exercise_name"":""Tríceps testa""}]","69c2d3ee87aec14ce3dd0d68","true","69ff49d2f6ca5699c55f0e29","2026-05-09T14:50:58.728000","2026-05-09T15:28:27.068000","69c3d34b532ba9674f7d28c5","rafaelhagen@hotmail.com","false"
"2026-05-07","[""Agachamento livre"",""Leg press"",""Mesa flexora"",""Cadeira extensora"",""Elevação de panturrilhas em pé na máquina""]","69ec1305a6be6686d86d128a","C","[{""load"":""30"",""exercise_name"":""Agachamento livre""},{""load"":""160"",""exercise_name"":""Leg press""},{""load"":""45"",""exercise_name"":""Mesa flexora""},{""load"":""60"",""exercise_name"":""Cadeira extensora""},{""load"":""40"",""exercise_name"":""Elevação de panturrilhas em pé na máquina""}]","69c2d3ee87aec14ce3dd0d68","true","69fcab566087eef84b9b4e92","2026-05-07T15:10:14.421000","2026-05-07T15:45:33.245000","69c3d34b532ba9674f7d28c5","rafaelhagen@hotmail.com","false"
"2026-05-07","[""Voador ou peck deck"",""Supino máquina"",""Supino reto"",""Elevação lateral com halteres"",""Elevação frontal com halteres"",""Tríceps com barra reta ou W"",""Tríceps corda""]","69f9f2b7a32d0a3bc78348c9","A","[{""load"":""10"",""exercise_name"":""Voador ou peck deck""},{""load"":""25"",""exercise_name"":""Supino máquina""},{""load"":""10"",""exercise_name"":""Supino reto""},{""load"":""5"",""exercise_name"":""Elevação lateral com halteres""},{""load"":""5"",""exercise_name"":""Elevação frontal com halteres""},{""load"":""15"",""exercise_name"":""Tríceps com barra reta ou W""},{""load"":""10"",""exercise_name"":""Tríceps corda""}]","69cab53deddee6987dc1c800","true","69fc754662056574f0f41d0c","2026-05-07T11:19:34.925000","2026-05-07T11:51:54.467000","69e8b3dfc275cae65aee1aa2","morianmalburg@gmail.com","false"
"2026-05-05","[""Supino reto"",""Supino inclinado"",""Desenvolvimento com halteres"",""Elevação lateral com cabo"",""Tríceps testa""]","69ec115c12a09769714bf36c","A","[{""load"":""37"",""exercise_name"":""Supino reto""},{""load"":""30"",""exercise_name"":""Supino inclinado""},{""load"":""14"",""exercise_name"":""Desenvolvimento com halteres""},{""load"":""10"",""exercise_name"":""Elevação lateral com cabo""},{""load"":""60"",""exercise_name"":""Tríceps testa""}]","69c2d3ee87aec14ce3dd0d68","true","69fa0cb3d20cd85940af423b","2026-05-05T15:28:51.666000","2026-05-05T17:40:17.624000","69c3d34b532ba9674f7d28c5","rafaelhagen@hotmail.com","false"
"2026-05-04","[""Puxada Alta"",""Remada baixa"",""Remada curvada"",""Rosca direta na polia"",""Encolhimento""]","69ec127a2c132ca320edbe3e","B","[{""load"":""80"",""exercise_name"":""Puxada Alta""},{""load"":""80"",""exercise_name"":""Remada baixa""},{""load"":""30"",""exercise_name"":""Remada curvada""},{""load"":""16"",""exercise_name"":""Rosca direta na polia""},{""load"":""60"",""exercise_name"":""Encolhimento""}]","69c2d3ee87aec14ce3dd0d68","true","69f8b8e695c47febe5675190","2026-05-04T15:19:02.140000","2026-05-04T15:34:15.381000","69c3d34b532ba9674f7d28c5","rafaelhagen@hotmail.com","false"
"2026-04-30","[""Supino reto"",""Supino inclinado"",""Desenvolvimento com halteres"",""Elevação lateral com cabo"",""Tríceps testa""]","69ec115c12a09769714bf36c","A","[{""load"":""37.5"",""exercise_name"":""Supino reto""},{""load"":""30"",""exercise_name"":""Supino inclinado""},{""load"":""14"",""exercise_name"":""Desenvolvimento com halteres""},{""load"":""15"",""exercise_name"":""Elevação lateral com cabo""},{""load"":""60"",""exercise_name"":""Tríceps testa""}]","69c2d3ee87aec14ce3dd0d68","true","69f36c024501bc52797376f8","2026-04-30T14:49:38.102000","2026-04-30T16:18:16.395000","69c3d34b532ba9674f7d28c5","rafaelhagen@hotmail.com","false"
"2026-04-28","[""Puxada Alta"",""Remada curvada"",""Remada baixa"",""Rosca direta na polia"",""Encolhimento""]","69ec127a2c132ca320edbe3e","B","[{""load"":""80"",""exercise_name"":""Puxada Alta""},{""load"":""80"",""exercise_name"":""Remada curvada""},{""load"":""30"",""exercise_name"":""Remada baixa""},{""load"":""50"",""exercise_name"":""Rosca direta na polia""},{""load"":""30"",""exercise_name"":""Encolhimento""}]","69c2d3ee87aec14ce3dd0d68","true","69f0d3d0f28e56d0ac549317","2026-04-28T15:35:44.669000","2026-04-28T16:28:13.649000","69c3d34b532ba9674f7d28c5","rafaelhagen@hotmail.com","false"
"2026-04-27","[""Supino reto"",""Supino inclinado"",""Desenvolvimento com halteres"",""Elevação lateral com cabo"",""Tríceps testa""]","69ec115c12a09769714bf36c","A","[{""load"":""30"",""exercise_name"":""Supino reto""},{""load"":""30"",""exercise_name"":""Supino inclinado""},{""load"":""14"",""exercise_name"":""Desenvolvimento com halteres""},{""load"":""10"",""exercise_name"":""Elevação lateral com cabo""},{""load"":""40"",""exercise_name"":""Tríceps testa""}]","69c2d3ee87aec14ce3dd0d68","true","69ef7d668777618008ae50c9","2026-04-27T15:14:46.208000","2026-04-27T16:05:06.659000","69c3d34b532ba9674f7d28c5","rafaelhagen@hotmail.com","false"
"2026-04-24","[""Barra-fixa"",""Remada baixa"",""Remada curvada"",""Rosca direta com barra reta ou W"",""Encolhimento""]","69d3f38f6bf8339915d1ba8e","B","[{""load"":""80"",""exercise_name"":""Barra-fixa""},{""load"":""70"",""exercise_name"":""Remada baixa""},{""load"":""30"",""exercise_name"":""Remada curvada""},{""load"":""45"",""exercise_name"":""Rosca direta com barra reta ou W""},{""load"":""90"",""exercise_name"":""Encolhimento""}]","69c2d3ee87aec14ce3dd0d68","true","69eb89f597a0f9be3e1dd6d7","2026-04-24T15:19:17.814000","2026-04-24T15:50:06.920000","69c3d34b532ba9674f7d28c5","rafaelhagen@hotmail.com","false"
"2026-04-15","[""Barra-fixa"",""Remada curvada"",""Remada baixa"",""Rosca direta com barra reta ou W"",""Encolhimento""]","69d3f38f6bf8339915d1ba8e","B","[{""load"":""80"",""exercise_name"":""Barra-fixa""},{""load"":""80"",""exercise_name"":""Remada curvada""},{""load"":""30"",""exercise_name"":""Remada baixa""},{""load"":""50"",""exercise_name"":""Rosca direta com barra reta ou W""},{""load"":""90"",""exercise_name"":""Encolhimento""}]","69c2d3ee87aec14ce3dd0d68","true","69dfaf682e65175639ee882d","2026-04-15T15:31:52.079000","2026-04-15T16:03:32.580000","69c3d34b532ba9674f7d28c5","rafaelhagen@hotmail.com","false"
"2026-04-14","[""Supino reto"",""Supino inclinado"",""Desenvolvimento com halteres"",""Elevação lateral com halteres"",""Tríceps corda""]","69d3f120c732f4c40e47dd0b","A","[{""load"":""30"",""exercise_name"":""Supino reto""},{""load"":""28"",""exercise_name"":""Supino inclinado""},{""load"":""14"",""exercise_name"":""Desenvolvimento com halteres""},{""load"":""10"",""exercise_name"":""Elevação lateral com halteres""},{""load"":""40"",""exercise_name"":""Tríceps corda""}]","69c2d3ee87aec14ce3dd0d68","true","69de5a337200c5c909b6686d","2026-04-14T15:16:03.359000","2026-04-14T15:53:20.124000","69c3d34b532ba9674f7d28c5","rafaelhagen@hotmail.com","false"
"2026-04-13","[""Cadeira extensora"",""Mesa flexora"",""Elevação de panturrilhas em pé na máquina"",""Leg press"",""Prancha""]","69d3f3eb1662c3a7ddbe7d4d","C","[{""load"":""80"",""exercise_name"":""Cadeira extensora""},{""load"":""45"",""exercise_name"":""Mesa flexora""},{""load"":""0"",""exercise_name"":""Elevação de panturrilhas em pé na máquina""},{""load"":""30"",""exercise_name"":""Leg press""},{""load"":""0"",""exercise_name"":""Prancha""}]","69c2d3ee87aec14ce3dd0d68","true","69dd095cfb3238bccb711e3b","2026-04-13T15:18:52.186000","2026-04-13T16:07:21.748000","69c3d34b532ba9674f7d28c5","rafaelhagen@hotmail.com","false"
"2026-04-11","[""Barra-fixa"",""Remada curvada"",""Remada baixa"",""Rosca direta com barra reta ou W"",""Encolhimento""]","69d3f38f6bf8339915d1ba8e","B","[{""load"":""80"",""exercise_name"":""Barra-fixa""},{""load"":""30"",""exercise_name"":""Remada curvada""},{""load"":""80"",""exercise_name"":""Remada baixa""},{""load"":""15"",""exercise_name"":""Rosca direta com barra reta ou W""},{""load"":""30"",""exercise_name"":""Encolhimento""}]","69c2d3ee87aec14ce3dd0d68","true","69da55c89870edec30a91c70","2026-04-11T14:08:08.748000","2026-04-11T14:56:55.066000","69c3d34b532ba9674f7d28c5","rafaelhagen@hotmail.com","false"
"2026-04-10","[""Supino reto"",""Supino inclinado"",""Desenvolvimento com halteres"",""Elevação lateral com halteres"",""Tríceps corda""]","69d3f120c732f4c40e47dd0b","A","[{""load"":""30"",""exercise_name"":""Supino reto""},{""load"":""30"",""exercise_name"":""Supino inclinado""},{""load"":""14"",""exercise_name"":""Desenvolvimento com halteres""},{""load"":""15"",""exercise_name"":""Elevação lateral com halteres""},{""load"":""50"",""exercise_name"":""Tríceps corda""}]","69c2d3ee87aec14ce3dd0d68","true","69d93178e57d7b6614542429","2026-04-10T17:20:56.390000","2026-04-10T17:21:12.447000","69c3d34b532ba9674f7d28c5","rafaelhagen@hotmail.com","false"
"2026-04-08","[""Barra-fixa"",""Remada curvada"",""Remada baixa"",""Rosca direta com barra reta ou W"",""Encolhimento""]","69d3f38f6bf8339915d1ba8e","B","[{""load"":""75"",""exercise_name"":""Barra-fixa""},{""load"":""30"",""exercise_name"":""Remada curvada""},{""load"":""80"",""exercise_name"":""Remada baixa""},{""load"":""50"",""exercise_name"":""Rosca direta com barra reta ou W""},{""load"":""30"",""exercise_name"":""Encolhimento""}]","69c2d3ee87aec14ce3dd0d68","true","69d670c753374f3e89d85793","2026-04-08T15:14:15.607000","2026-04-08T15:59:56.033000","69c3d34b532ba9674f7d28c5","rafaelhagen@hotmail.com","false"
"2026-04-06","[""Supino reto"",""Supino inclinado"",""Desenvolvimento com halteres"",""Elevação lateral com halteres"",""Tríceps corda""]","69d3f120c732f4c40e47dd0b","A","[{""load"":""35"",""exercise_name"":""Supino reto""},{""load"":""28"",""exercise_name"":""Supino inclinado""},{""load"":""14"",""exercise_name"":""Desenvolvimento com halteres""},{""load"":""15"",""exercise_name"":""Elevação lateral com halteres""},{""load"":""60"",""exercise_name"":""Tríceps corda""}]","69c2d3ee87aec14ce3dd0d68","true","69d425a113d05cc86071d27d","2026-04-06T21:29:05.885000","2026-04-06T22:00:43.938000","69c3d34b532ba9674f7d28c5","rafaelhagen@hotmail.com","false"
"2026-03-31","[]","69c2d8ec368e356a895acd54","A","","69c2d3ee87aec14ce3dd0d68","false","69cc0ea9380acb4867bff334","2026-03-31T18:12:57.659000","2026-03-31T18:25:22.622000","69c3d34b532ba9674f7d28c5","rafaelhagen@hotmail.com","false"
"2026-03-26","[]","69c2d8ec368e356a895acd54","A","","69c2d3ee87aec14ce3dd0d68","false","69c53530ff655c63e62731de","2026-03-26T13:31:28.736000","2026-03-26T13:31:32.260000","69c3d34b532ba9674f7d28c5","rafaelhagen@hotmail.com","false"
"2026-03-25","[]","69c2d8ec368e356a895acd54","A","","69c2d3ee87aec14ce3dd0d68","false","69c3e519ba1a798c1ee667c7","2026-03-25T13:37:29.338000","2026-03-25T14:24:05.747000","69c3d34b532ba9674f7d28c5","rafaelhagen@hotmail.com","false"