"student_name","sheet_label","valid_until","exercises","professor_id","student_id","active","professor_name","title","id","created_date","updated_date","created_by_id","created_by","is_sample"
"Clarissa dos Santos Melo Duarte","B","","[{""reps"":""12"",""notes"":"""",""sets"":3,""exercise_id"":""6a35b5124871761f9fd3fc81"",""exercise_name"":""cadeira flexora"",""rest_seconds"":60},{""reps"":""12"",""notes"":"""",""sets"":3,""exercise_id"":""69cd76ddb7fbb4f0d31cd232"",""exercise_name"":""Cadeira  Abdutora"",""rest_seconds"":60},{""reps"":""12"",""notes"":"""",""sets"":3,""exercise_id"":""69cd6baa693785af67693c56"",""exercise_name"":""Supino máquina"",""rest_seconds"":60},{""reps"":""12"",""notes"":"""",""sets"":3,""exercise_id"":""69cd74edd5e15994b897d3fc"",""exercise_name"":""Tríceps com barra reta ou W"",""rest_seconds"":60},{""reps"":""12"",""notes"":"""",""sets"":3,""exercise_id"":""69cd7281ec9c78705ddd66d1"",""exercise_name"":""Agachamento sumô"",""rest_seconds"":60},{""reps"":""12"",""notes"":"""",""sets"":3,""exercise_id"":""69cd6be2fd49897f0bd3aee1"",""exercise_name"":""Voador ou peck deck"",""rest_seconds"":60},{""reps"":""12"",""notes"":"""",""sets"":3,""exercise_id"":""69cd74d135643c0b6e1fdc90"",""exercise_name"":""Tríceps francês"",""rest_seconds"":60},{""reps"":""12"",""notes"":"""",""sets"":3,""exercise_id"":""69cd763627eaf7f242cfd309"",""exercise_name"":""Elevação de panturrilhas no leg press"",""rest_seconds"":60},{""reps"":"""",""notes"":"""",""sets"":null,""exercise_id"":""6a0cda3a462831019f911c59"",""exercise_name"":""ABDOMINAL TRADICIONAL"",""rest_seconds"":60}]","","69cab4b05e5de2d972aae6a0","true","Ricardo Penna","posterior, glúteos, peito, tríceps","6a46c7540ec257ea5e754fd2","2026-07-02T20:17:24.633000","2026-07-02T20:18:33.590000","6a022607bb02a8665b64833c","ricardo.pennar2@gmail.com","false"
"Alessandro Melo da Silva","C","","[{""reps"":""12"",""notes"":"""",""sets"":3,""exercise_id"":""69cd7454b6c01fae7729b723"",""exercise_name"":""Rosca martelo"",""rest_seconds"":60},{""reps"":""12"",""notes"":"""",""sets"":3,""exercise_id"":""69cd763627eaf7f242cfd309"",""exercise_name"":""Elevação de panturrilhas no leg press"",""rest_seconds"":60},{""reps"":""12"",""notes"":"""",""sets"":3,""exercise_id"":""69cd6dc12c1bd27d14b2300a"",""exercise_name"":""Elevação frontal com halteres"",""rest_seconds"":60},{""reps"":""12"",""notes"":"""",""sets"":3,""exercise_id"":""69cd73c7297969cca9ee3440"",""exercise_name"":""Rosca concentrada"",""rest_seconds"":60},{""reps"":""12"",""notes"":"""",""sets"":3,""exercise_id"":""69cd74b82a9c6735fb309df1"",""exercise_name"":""Tríceps corda"",""rest_seconds"":60},{""reps"":""12"",""notes"":"""",""sets"":3,""exercise_id"":""69cd6ec4d37a9067d7111c70"",""exercise_name"":""Crucifixo invertido com halteres"",""rest_seconds"":60},{""reps"":""12"",""notes"":"""",""sets"":3,""exercise_id"":""69cd764eb7656ea232b16d06"",""exercise_name"":""Elevação de panturrilhas em pé com o peso do corpo"",""rest_seconds"":60},{""reps"":""12"",""notes"":"""",""sets"":3,""exercise_id"":""6a0cda3a462831019f911c59"",""exercise_name"":""ABDOMINAL TRADICIONAL"",""rest_seconds"":60}]","","69cab4abab6be942859d62d4","true","Ricardo Penna","panturrilhas, biceps, ombro, triceps. cardio","6a4574b69854ac58bb341630","2026-07-01T20:12:38.062000","2026-07-01T20:12:38.062000","6a022607bb02a8665b64833c","ricardo.pennar2@gmail.com","false"
"Alessandro Melo da Silva","B","","[{""reps"":""12"",""notes"":"""",""sets"":3,""exercise_id"":""6a29d25e77d7a03911d9b3bf"",""exercise_name"":""crossover crucifixo porção medial"",""rest_seconds"":60},{""reps"":""12"",""notes"":"""",""sets"":3,""exercise_id"":""69cd6baa693785af67693c56"",""exercise_name"":""Supino máquina"",""rest_seconds"":60},{""reps"":""12"",""notes"":"""",""sets"":3,""exercise_id"":""69cd74edd5e15994b897d3fc"",""exercise_name"":""Tríceps com barra reta ou W"",""rest_seconds"":60},{""reps"":""12"",""notes"":"""",""sets"":3,""exercise_id"":""6a29d3430fb5e748fefd5f0f"",""exercise_name"":""Crucifixo crossover baixo /cima"",""rest_seconds"":60},{""reps"":""12"",""notes"":"""",""sets"":3,""exercise_id"":""69cd74d135643c0b6e1fdc90"",""exercise_name"":""Tríceps francês"",""rest_seconds"":60},{""reps"":""12"",""notes"":"""",""sets"":3,""exercise_id"":""69cd758c4f8a8200b34120d0"",""exercise_name"":""TRÍCEPS COICE"",""rest_seconds"":60},{""reps"":""12"",""notes"":"""",""sets"":3,""exercise_id"":""69cd709afb5ca90f00a53d35"",""exercise_name"":""Leg press"",""rest_seconds"":60},{""reps"":""12"",""notes"":"""",""sets"":3,""exercise_id"":""69cd71b22540af37c56329aa"",""exercise_name"":""Cadeira extensora"",""rest_seconds"":60},{""reps"":""12"",""notes"":"""",""sets"":3,""exercise_id"":""69cd71cfc8efc4703e2c9f2e"",""exercise_name"":""Mesa flexora"",""rest_seconds"":60},{""reps"":""12"",""notes"":"""",""sets"":3,""exercise_id"":""69cd715045afac563269bc36"",""exercise_name"":""Afundo"",""rest_seconds"":60},{""reps"":""12"",""notes"":"""",""sets"":3,""exercise_id"":""69cd76ddb7fbb4f0d31cd232"",""exercise_name"":""Cadeira  Abdutora"",""rest_seconds"":60}]","","69cab4abab6be942859d62d4","true","Ricardo Penna","peito, triceps, pernas","6a4574193ed5ef64003a06c8","2026-07-01T20:10:01.057000","2026-07-01T20:10:01.057000","6a022607bb02a8665b64833c","ricardo.pennar2@gmail.com","false"
"Alessandro Melo da Silva","A","","[{""reps"":""12"",""notes"":"""",""sets"":3,""exercise_id"":""69cd6f41e1c92870b493803c"",""exercise_name"":""Puxada Alta"",""rest_seconds"":60},{""reps"":""12"",""notes"":"""",""sets"":3,""exercise_id"":""69cd6f8c1fe5a2d60f1ebd3f"",""exercise_name"":""Pull down"",""rest_seconds"":60},{""reps"":""12"",""notes"":"""",""sets"":3,""exercise_id"":""69cd740e847f11504f93d88d"",""exercise_name"":""Rosca alternada"",""rest_seconds"":60},{""reps"":""12"",""notes"":"""",""sets"":3,""exercise_id"":""69cd6d1ca3816bacb1f1ee2b"",""exercise_name"":""Desenvolvimento com halteres"",""rest_seconds"":60},{""reps"":""12"",""notes"":"""",""sets"":3,""exercise_id"":""69cd6ff95e6fe9d7a1721f5b"",""exercise_name"":""Voador invertido"",""rest_seconds"":60},{""reps"":""12"",""notes"":"""",""sets"":3,""exercise_id"":""69cd73326c800884fba249d2"",""exercise_name"":""Rosca direta com barra reta ou W"",""rest_seconds"":60},{""reps"":""12"",""notes"":"""",""sets"":3,""exercise_id"":""69cd6dc12c1bd27d14b2300a"",""exercise_name"":""Elevação frontal com halteres"",""rest_seconds"":60},{""reps"":""12"",""notes"":"""",""sets"":3,""exercise_id"":""6a0cda3a462831019f911c59"",""exercise_name"":""ABDOMINAL TRADICIONAL"",""rest_seconds"":60}]","","69cab4abab6be942859d62d4","true","Ricardo Penna","costas, bíceps, ombro ","6a443f12d3b5fd09c1efbb87","2026-06-30T22:11:30.301000","2026-06-30T22:14:24.282000","6a022607bb02a8665b64833c","ricardo.pennar2@gmail.com","false"
"Renata Batista Lozano","A","","[{""reps"":""12"",""notes"":"""",""sets"":3,""exercise_id"":""69cd709afb5ca90f00a53d35"",""exercise_name"":""Leg press"",""rest_seconds"":60},{""reps"":""12"",""notes"":"""",""sets"":3,""exercise_id"":""69cd71b22540af37c56329aa"",""exercise_name"":""Cadeira extensora"",""rest_seconds"":60},{""reps"":""12"",""notes"":"""",""sets"":3,""exercise_id"":""6a35b5124871761f9fd3fc81"",""exercise_name"":""cadeira flexora"",""rest_seconds"":60},{""reps"":""12"",""notes"":"""",""sets"":3,""exercise_id"":""6a286c9f3b4bf599c86835b5"",""exercise_name"":""cadeira adutora"",""rest_seconds"":60},{""reps"":""12"",""notes"":"""",""sets"":3,""exercise_id"":""69cd715045afac563269bc36"",""exercise_name"":""Afundo"",""rest_seconds"":60},{""reps"":""12"",""notes"":"""",""sets"":3,""exercise_id"":""69cd74edd5e15994b897d3fc"",""exercise_name"":""Tríceps com barra reta ou W"",""rest_seconds"":60},{""reps"":""12"",""notes"":"""",""sets"":3,""exercise_id"":""69cd6baa693785af67693c56"",""exercise_name"":""Supino máquina"",""rest_seconds"":60},{""reps"":""12"",""notes"":"""",""sets"":3,""exercise_id"":""69cd74d135643c0b6e1fdc90"",""exercise_name"":""Tríceps francês"",""rest_seconds"":60},{""reps"":""12"",""notes"":"""",""sets"":3,""exercise_id"":""69cd6be2fd49897f0bd3aee1"",""exercise_name"":""Voador ou peck deck"",""rest_seconds"":60},{""reps"":""12"",""notes"":"""",""sets"":3,""exercise_id"":""6a0cddb23c2b7db7bfa4594c"",""exercise_name"":""ABDOMINAL INFRA"",""rest_seconds"":60}]","","6a440c3c1a215e360855c18a","true","Ricardo Penna","quadríceps, peito e triceps","6a443a77bd3c211b96097f49","2026-06-30T21:51:51.498000","2026-06-30T21:51:51.498000","6a022607bb02a8665b64833c","ricardo.pennar2@gmail.com","false"
"fatima vauldimar costa silva","B","","[{""reps"":""12"",""notes"":"""",""sets"":3,""exercise_id"":""69cd709afb5ca90f00a53d35"",""exercise_name"":""Leg press"",""rest_seconds"":60},{""reps"":""12"",""notes"":"""",""sets"":3,""exercise_id"":""69cd71b22540af37c56329aa"",""exercise_name"":""Cadeira extensora"",""rest_seconds"":60},{""reps"":""12"",""notes"":"""",""sets"":3,""exercise_id"":""69cd763627eaf7f242cfd309"",""exercise_name"":""Elevação de panturrilhas no leg press"",""rest_seconds"":60},{""reps"":""12"",""notes"":"""",""sets"":3,""exercise_id"":""69cd70be0278d3cfe925ac89"",""exercise_name"":""Agachamento hack"",""rest_seconds"":60},{""reps"":""12"",""notes"":"""",""sets"":3,""exercise_id"":""69cd7281ec9c78705ddd66d1"",""exercise_name"":""Agachamento sumô"",""rest_seconds"":60},{""reps"":""12"",""notes"":"""",""sets"":3,""exercise_id"":""6a286c9f3b4bf599c86835b5"",""exercise_name"":""cadeira adutora"",""rest_seconds"":60},{""reps"":""12"",""notes"":"""",""sets"":3,""exercise_id"":""69cd76ddb7fbb4f0d31cd232"",""exercise_name"":""Cadeira  Abdutora"",""rest_seconds"":60},{""reps"":""12"",""notes"":"""",""sets"":3,""exercise_id"":""6a35b5124871761f9fd3fc81"",""exercise_name"":""cadeira flexora"",""rest_seconds"":60},{""reps"":""12"",""notes"":"""",""sets"":3,""exercise_id"":"""",""exercise_name"":"""",""rest_seconds"":60},{""reps"":""12"",""notes"":"""",""sets"":3,""exercise_id"":"""",""exercise_name"":"""",""rest_seconds"":60}]","","6a303f0ecb7f36b8c0452eaf","true","Ricardo Penna","gluteo","6a4421cf035fe8f4802cacdd","2026-06-30T20:06:39.227000","2026-06-30T20:10:43.042000","6a022607bb02a8665b64833c","ricardo.pennar2@gmail.com","false"
"Thaynná Melo do Nascimento","B","","[{""reps"":""12"",""notes"":"""",""sets"":3,""exercise_id"":""6a286c9f3b4bf599c86835b5"",""exercise_name"":""cadeira adutora"",""rest_seconds"":60},{""reps"":""12"",""notes"":"""",""sets"":3,""exercise_id"":""69cd7281ec9c78705ddd66d1"",""exercise_name"":""Agachamento sumô"",""rest_seconds"":60},{""reps"":""12"",""notes"":"""",""sets"":3,""exercise_id"":""69cd764eb7656ea232b16d06"",""exercise_name"":""Elevação de panturrilhas em pé com o peso do corpo"",""rest_seconds"":60},{""reps"":""12"",""notes"":"""",""sets"":3,""exercise_id"":""69cd70ded900c90448754081"",""exercise_name"":""Stiff"",""rest_seconds"":60},{""reps"":""12"",""notes"":"""",""sets"":3,""exercise_id"":""69cd6e6e9c64015d8c59e8f9"",""exercise_name"":""Remada alta com halteres"",""rest_seconds"":60},{""reps"":""12"",""notes"":"""",""sets"":3,""exercise_id"":""69cd6f41e1c92870b493803c"",""exercise_name"":""Puxada Alta"",""rest_seconds"":60},{""reps"":""12"",""notes"":"""",""sets"":3,""exercise_id"":""69cd73326c800884fba249d2"",""exercise_name"":""Rosca direta com barra reta ou W"",""rest_seconds"":60},{""reps"":""12"",""notes"":"""",""sets"":3,""exercise_id"":""69cd6d538c6bcd3ee0b47fab"",""exercise_name"":""Elevação lateral com halteres"",""rest_seconds"":60},{""reps"":""12"",""notes"":"""",""sets"":3,""exercise_id"":""69cd6e8813b97be8fb62db31"",""exercise_name"":""Face pull"",""rest_seconds"":60},{""reps"":""12"",""notes"":"""",""sets"":3,""exercise_id"":""6a0cddb23c2b7db7bfa4594c"",""exercise_name"":""ABDOMINAL INFRA"",""rest_seconds"":60}]","","6a2aeab3a61a095b45073c9a","true","Ricardo Penna","posteriores, glúteos, costas, bíceps, ombro","6a3da2d85945b1a3125242b5","2026-06-25T21:51:20.074000","2026-06-25T21:51:20.074000","6a022607bb02a8665b64833c","ricardo.pennar2@gmail.com","false"
"Thaynná Melo do Nascimento","A","","[{""reps"":""12"",""notes"":"""",""sets"":3,""exercise_id"":""69cd71b22540af37c56329aa"",""exercise_name"":""Cadeira extensora"",""rest_seconds"":60},{""reps"":""12"",""notes"":"""",""sets"":3,""exercise_id"":""69cd74edd5e15994b897d3fc"",""exercise_name"":""Tríceps com barra reta ou W"",""rest_seconds"":60},{""reps"":""12"",""notes"":"""",""sets"":3,""exercise_id"":""6a286c9f3b4bf599c86835b5"",""exercise_name"":""cadeira adutora"",""rest_seconds"":60},{""reps"":""12"",""notes"":"""",""sets"":3,""exercise_id"":""69cd76ddb7fbb4f0d31cd232"",""exercise_name"":""Cadeira  Abdutora"",""rest_seconds"":60},{""reps"":""12"",""notes"":"""",""sets"":3,""exercise_id"":""69cd709afb5ca90f00a53d35"",""exercise_name"":""Leg press"",""rest_seconds"":60},{""reps"":""12"",""notes"":"""",""sets"":3,""exercise_id"":""69cd6be2fd49897f0bd3aee1"",""exercise_name"":""Voador ou peck deck"",""rest_seconds"":60},{""reps"":""12"",""notes"":"""",""sets"":3,""exercise_id"":""69cd74b82a9c6735fb309df1"",""exercise_name"":""Tríceps corda"",""rest_seconds"":60},{""reps"":""12"",""notes"":"""",""sets"":3,""exercise_id"":""69cd6baa693785af67693c56"",""exercise_name"":""Supino máquina"",""rest_seconds"":60},{""reps"":""12"",""notes"":"""",""sets"":3,""exercise_id"":""69cd763627eaf7f242cfd309"",""exercise_name"":""Elevação de panturrilhas no leg press"",""rest_seconds"":60},{""reps"":""12"",""notes"":"""",""sets"":3,""exercise_id"":""6a0cda3a462831019f911c59"",""exercise_name"":""ABDOMINAL TRADICIONAL"",""rest_seconds"":60}]","","6a2aeab3a61a095b45073c9a","true","Ricardo Penna","quadriceps, peito e tríceps","6a3da129a6f0bc9126e313d7","2026-06-25T21:44:09.261000","2026-06-25T21:45:24.984000","6a022607bb02a8665b64833c","ricardo.pennar2@gmail.com","false"
"Marília da Silva Oliveira ","B","","[{""reps"":""12"",""notes"":"""",""sets"":3,""exercise_id"":""6a35b5124871761f9fd3fc81"",""exercise_name"":""cadeira flexora"",""rest_seconds"":60},{""reps"":""12"",""notes"":"""",""sets"":3,""exercise_id"":""69cd76ddb7fbb4f0d31cd232"",""exercise_name"":""Cadeira  Abdutora"",""rest_seconds"":60},{""reps"":""12"",""notes"":"""",""sets"":3,""exercise_id"":""69cd71cfc8efc4703e2c9f2e"",""exercise_name"":""Mesa flexora"",""rest_seconds"":60},{""reps"":""12"",""notes"":"""",""sets"":3,""exercise_id"":""69cd707dad58c582b333e904"",""exercise_name"":""Agachamento búlgaro"",""rest_seconds"":60},{""reps"":""12"",""notes"":"""",""sets"":3,""exercise_id"":""69cd6f41e1c92870b493803c"",""exercise_name"":""Puxada Alta"",""rest_seconds"":60},{""reps"":""12"",""notes"":"""",""sets"":3,""exercise_id"":""69cd73326c800884fba249d2"",""exercise_name"":""Rosca direta com barra reta ou W"",""rest_seconds"":60},{""reps"":""12"",""notes"":"""",""sets"":3,""exercise_id"":""69cd6d6032f764dc7804d81a"",""exercise_name"":""Elevação lateral na polia"",""rest_seconds"":60},{""reps"":""12"",""notes"":"""",""sets"":3,""exercise_id"":""69cd6ea6fb22e868e8c19a8b"",""exercise_name"":""Voador invertido"",""rest_seconds"":60},{""reps"":""12"",""notes"":"""",""sets"":3,""exercise_id"":""69cd740e847f11504f93d88d"",""exercise_name"":""Rosca alternada"",""rest_seconds"":60},{""reps"":""12"",""notes"":"""",""sets"":3,""exercise_id"":""69cd6dc12c1bd27d14b2300a"",""exercise_name"":""Elevação frontal com halteres"",""rest_seconds"":60}]","","6a15d57c344b691a4877ca97","true","Ricardo Penna","posterior, costas, biceps,ombro","6a3d9c53cca52498fcbfae12","2026-06-25T21:23:31.243000","2026-06-25T21:23:31.243000","6a022607bb02a8665b64833c","ricardo.pennar2@gmail.com","false"
"Clarissa dos Santos Melo Duarte","A","","[{""reps"":""12"",""notes"":"""",""sets"":3,""exercise_id"":""69cd709afb5ca90f00a53d35"",""exercise_name"":""Leg press"",""rest_seconds"":60},{""reps"":""12"",""notes"":"""",""sets"":3,""exercise_id"":""6a35b5124871761f9fd3fc81"",""exercise_name"":""cadeira flexora"",""rest_seconds"":60},{""reps"":""12"",""notes"":"""",""sets"":3,""exercise_id"":""69cd71b22540af37c56329aa"",""exercise_name"":""Cadeira extensora"",""rest_seconds"":60},{""reps"":""12"",""notes"":"""",""sets"":3,""exercise_id"":""6a286c9f3b4bf599c86835b5"",""exercise_name"":""cadeira adutora"",""rest_seconds"":60},{""reps"":""12"",""notes"":"""",""sets"":3,""exercise_id"":""69cd7454b6c01fae7729b723"",""exercise_name"":""Rosca martelo"",""rest_seconds"":60},{""reps"":""12"",""notes"":"""",""sets"":3,""exercise_id"":""69cd6f41e1c92870b493803c"",""exercise_name"":""Puxada Alta"",""rest_seconds"":60},{""reps"":""12"",""notes"":"""",""sets"":3,""exercise_id"":""69cd6fbabe2b44038f6be35f"",""exercise_name"":""Barra fixa supinada (chin up)"",""rest_seconds"":60},{""reps"":""12"",""notes"":"""",""sets"":3,""exercise_id"":""69cd73326c800884fba249d2"",""exercise_name"":""Rosca direta com barra reta ou W"",""rest_seconds"":60},{""reps"":""12"",""notes"":"""",""sets"":3,""exercise_id"":""6a0cddb23c2b7db7bfa4594c"",""exercise_name"":""ABDOMINAL INFRA"",""rest_seconds"":60}]","","69cab4b05e5de2d972aae6a0","true","Ricardo Penna","quadriceps. costas e biceps","6a3d90b09264b9f36f6418f7","2026-06-25T20:33:52.241000","2026-06-25T20:34:42.995000","6a022607bb02a8665b64833c","ricardo.pennar2@gmail.com","false"
"Andressa Kristtyna Rodrigues Oliveira","B","","[{""reps"":""12"",""notes"":"""",""sets"":3,""exercise_id"":""69cd76ddb7fbb4f0d31cd232"",""exercise_name"":""Cadeira  Abdutora"",""rest_seconds"":60},{""reps"":""12"",""notes"":"""",""sets"":3,""exercise_id"":""69cd7281ec9c78705ddd66d1"",""exercise_name"":""Agachamento sumô"",""rest_seconds"":60},{""reps"":""12"",""notes"":"""",""sets"":3,""exercise_id"":""69cd71cfc8efc4703e2c9f2e"",""exercise_name"":""Mesa flexora"",""rest_seconds"":60},{""reps"":""12"",""notes"":"""",""sets"":3,""exercise_id"":""69cd70ded900c90448754081"",""exercise_name"":""Stiff"",""rest_seconds"":60},{""reps"":""12"",""notes"":"""",""sets"":3,""exercise_id"":""69cd6f41e1c92870b493803c"",""exercise_name"":""Puxada Alta"",""rest_seconds"":60},{""reps"":""12"",""notes"":"""",""sets"":3,""exercise_id"":""69cd73326c800884fba249d2"",""exercise_name"":""Rosca direta com barra reta ou W"",""rest_seconds"":60},{""reps"":""12"",""notes"":"""",""sets"":3,""exercise_id"":""69cd6f8c1fe5a2d60f1ebd3f"",""exercise_name"":""Pull down"",""rest_seconds"":60},{""reps"":""12"",""notes"":"""",""sets"":3,""exercise_id"":""69cd740e847f11504f93d88d"",""exercise_name"":""Rosca alternada"",""rest_seconds"":60},{""reps"":""12"",""notes"":"""",""sets"":3,""exercise_id"":""69cd763627eaf7f242cfd309"",""exercise_name"":""Elevação de panturrilhas no leg press"",""rest_seconds"":60},{""reps"":""12"",""notes"":"""",""sets"":3,""exercise_id"":""69d3cf544c5fcf472312165d"",""exercise_name"":""Prancha"",""rest_seconds"":60}]","","69cab533705403585c687b9e","true","Ricardo Penna","posterior, costas, bíceps, ombros","6a3b008e5918672192eebf9e","2026-06-23T21:54:22.825000","2026-06-23T21:54:22.825000","6a022607bb02a8665b64833c","ricardo.pennar2@gmail.com","false"
"Andressa Kristtyna Rodrigues Oliveira","A","","[{""reps"":""12"",""notes"":"""",""sets"":3,""exercise_id"":""69cd709afb5ca90f00a53d35"",""exercise_name"":""Leg press"",""rest_seconds"":60},{""reps"":""12"",""notes"":"""",""sets"":3,""exercise_id"":""69cd70be0278d3cfe925ac89"",""exercise_name"":""Agachamento hack"",""rest_seconds"":60},{""reps"":""12"",""notes"":"""",""sets"":3,""exercise_id"":""6a286c9f3b4bf599c86835b5"",""exercise_name"":""cadeira adutora"",""rest_seconds"":60},{""reps"":""12"",""notes"":"""",""sets"":3,""exercise_id"":""69cd76ddb7fbb4f0d31cd232"",""exercise_name"":""Cadeira  Abdutora"",""rest_seconds"":60},{""reps"":""12"",""notes"":"""",""sets"":3,""exercise_id"":""6a35b5124871761f9fd3fc81"",""exercise_name"":""cadeira flexora"",""rest_seconds"":60},{""reps"":""12"",""notes"":"""",""sets"":3,""exercise_id"":""69cd6baa693785af67693c56"",""exercise_name"":""Supino máquina"",""rest_seconds"":60},{""reps"":""12"",""notes"":"""",""sets"":3,""exercise_id"":""69cd74edd5e15994b897d3fc"",""exercise_name"":""Tríceps com barra reta ou W"",""rest_seconds"":60},{""reps"":""12"",""notes"":"""",""sets"":3,""exercise_id"":""69cd6be2fd49897f0bd3aee1"",""exercise_name"":""Voador ou peck deck"",""rest_seconds"":60},{""reps"":""12"",""notes"":"""",""sets"":3,""exercise_id"":""69cd74b82a9c6735fb309df1"",""exercise_name"":""Tríceps corda"",""rest_seconds"":60},{""reps"":""12"",""notes"":"""",""sets"":3,""exercise_id"":""69d3cf544c5fcf472312165d"",""exercise_name"":""Prancha"",""rest_seconds"":60}]","","69cab533705403585c687b9e","true","Ricardo Penna","quadríceps, peito e tríceps ","6a3aff38688c29e89bf134fa","2026-06-23T21:48:40.580000","2026-06-23T21:48:40.580000","6a022607bb02a8665b64833c","ricardo.pennar2@gmail.com","false"
"Camila Costa Marinho","B","","[{""reps"":""12"",""notes"":"""",""sets"":3,""exercise_id"":""6a35b5124871761f9fd3fc81"",""exercise_name"":""cadeira flexora"",""rest_seconds"":60},{""reps"":""12"",""notes"":"""",""sets"":3,""exercise_id"":""69cd7281ec9c78705ddd66d1"",""exercise_name"":""Agachamento sumô"",""rest_seconds"":60},{""reps"":""12"",""notes"":"""",""sets"":3,""exercise_id"":""69cd707dad58c582b333e904"",""exercise_name"":""Agachamento búlgaro"",""rest_seconds"":60},{""reps"":""12"",""notes"":"""",""sets"":3,""exercise_id"":""69cd76ddb7fbb4f0d31cd232"",""exercise_name"":""Cadeira  Abdutora"",""rest_seconds"":60},{""reps"":""12"",""notes"":"""",""sets"":3,""exercise_id"":""69cd740e847f11504f93d88d"",""exercise_name"":""Rosca alternada"",""rest_seconds"":60},{""reps"":""12"",""notes"":"""",""sets"":3,""exercise_id"":""69cd6f5bbb933aa1b03589f2"",""exercise_name"":""Remada curvada"",""rest_seconds"":60},{""reps"":""12"",""notes"":"""",""sets"":3,""exercise_id"":""69cd73326c800884fba249d2"",""exercise_name"":""Rosca direta com barra reta ou W"",""rest_seconds"":60},{""reps"":""12"",""notes"":"""",""sets"":3,""exercise_id"":""69cd6d32842485d74807753f"",""exercise_name"":""Desenvolvimento Arnold"",""rest_seconds"":60},{""reps"":""12"",""notes"":"""",""sets"":3,""exercise_id"":""69d3cf544c5fcf472312165d"",""exercise_name"":""Prancha"",""rest_seconds"":60}]","","6a304dbb6505c47b19606f12","true","Ricardo Penna","posterior, costas, biceps, ombro","6a3af74a26aaabf8e98ac2d5","2026-06-23T21:14:50.716000","2026-06-23T21:20:43.386000","6a022607bb02a8665b64833c","ricardo.pennar2@gmail.com","false"
"Camila Costa Marinho","A","","[{""reps"":""12"",""notes"":"""",""sets"":3,""exercise_id"":""69cd709afb5ca90f00a53d35"",""exercise_name"":""Leg press"",""rest_seconds"":60},{""reps"":""12"",""notes"":"""",""sets"":3,""exercise_id"":""69cd71b22540af37c56329aa"",""exercise_name"":""Cadeira extensora"",""rest_seconds"":60},{""reps"":""12"",""notes"":"""",""sets"":3,""exercise_id"":""69cd70be0278d3cfe925ac89"",""exercise_name"":""Agachamento hack"",""rest_seconds"":60},{""reps"":""12"",""notes"":"""",""sets"":3,""exercise_id"":""69cd76ddb7fbb4f0d31cd232"",""exercise_name"":""Cadeira  Abdutora"",""rest_seconds"":60},{""reps"":""12"",""notes"":"""",""sets"":3,""exercise_id"":""69cd71b22540af37c56329aa"",""exercise_name"":""Cadeira extensora"",""rest_seconds"":60},{""reps"":""12"",""notes"":"""",""sets"":3,""exercise_id"":""69cd6baa693785af67693c56"",""exercise_name"":""Supino máquina"",""rest_seconds"":60},{""reps"":""12"",""notes"":"""",""sets"":3,""exercise_id"":""69cd74edd5e15994b897d3fc"",""exercise_name"":""Tríceps com barra reta ou W"",""rest_seconds"":60},{""reps"":""12"",""notes"":"""",""sets"":3,""exercise_id"":""69cd6be2fd49897f0bd3aee1"",""exercise_name"":""Voador ou peck deck"",""rest_seconds"":60},{""reps"":""12"",""notes"":"""",""sets"":3,""exercise_id"":""69cd74b82a9c6735fb309df1"",""exercise_name"":""Tríceps corda"",""rest_seconds"":60},{""reps"":""12"",""notes"":"""",""sets"":3,""exercise_id"":""69d3cf544c5fcf472312165d"",""exercise_name"":""Prancha"",""rest_seconds"":60}]","","6a304dbb6505c47b19606f12","true","Ricardo Penna","quadríceps , peito, triceps","6a3af6b2a541486841c09a2b","2026-06-23T21:12:18.279000","2026-06-23T21:12:18.279000","6a022607bb02a8665b64833c","ricardo.pennar2@gmail.com","false"
"Helder Lieberenz Camilo","C","","[{""reps"":""12"",""notes"":"""",""sets"":3,""exercise_id"":""69cd73a6866e274fbb225fe1"",""exercise_name"":""Rosca direta na polia"",""rest_seconds"":60},{""reps"":""12"",""notes"":"""",""sets"":3,""exercise_id"":""69cd6f41e1c92870b493803c"",""exercise_name"":""Puxada Alta"",""rest_seconds"":60},{""reps"":""12"",""notes"":"""",""sets"":3,""exercise_id"":""69cd7454b6c01fae7729b723"",""exercise_name"":""Rosca martelo"",""rest_seconds"":60},{""reps"":""12"",""notes"":"""",""sets"":3,""exercise_id"":""69cd6f8c1fe5a2d60f1ebd3f"",""exercise_name"":""Pull down"",""rest_seconds"":60},{""reps"":""12"",""notes"":"""",""sets"":3,""exercise_id"":""69cd73c7297969cca9ee3440"",""exercise_name"":""Rosca concentrada"",""rest_seconds"":60},{""reps"":""12"",""notes"":"""",""sets"":3,""exercise_id"":""69cd6ea6fb22e868e8c19a8b"",""exercise_name"":""Voador invertido"",""rest_seconds"":60},{""reps"":""12"",""notes"":"""",""sets"":3,""exercise_id"":""6a0cdd78b6fe169f48dd981f"",""exercise_name"":""ABDOMINAL REMADOR"",""rest_seconds"":60},{""reps"":""12"",""notes"":"""",""sets"":3,""exercise_id"":""69cd763627eaf7f242cfd309"",""exercise_name"":""Elevação de panturrilhas no leg press"",""rest_seconds"":60}]","","6a28490940b20bf445d77ea6","true","Ricardo Penna","costas e biceps","6a39ae312cfdef6f6449ee97","2026-06-22T21:50:41.594000","2026-06-22T21:55:31.123000","6a022607bb02a8665b64833c","ricardo.pennar2@gmail.com","false"
"Helder Lieberenz Camilo","B","","[{""reps"":""12"",""notes"":"""",""sets"":3,""exercise_id"":""6a29cef5da911681d856ea57"",""exercise_name"":""crossover alto"",""rest_seconds"":60},{""reps"":""12"",""notes"":"""",""sets"":3,""exercise_id"":""6a29d25e77d7a03911d9b3bf"",""exercise_name"":""crossover crucifixo porção medial"",""rest_seconds"":60},{""reps"":""12"",""notes"":"""",""sets"":3,""exercise_id"":""6a29d3430fb5e748fefd5f0f"",""exercise_name"":""Crucifixo crossover baixo /cima"",""rest_seconds"":60},{""reps"":""12"",""notes"":"""",""sets"":3,""exercise_id"":""69cd74edd5e15994b897d3fc"",""exercise_name"":""Tríceps com barra reta ou W"",""rest_seconds"":60},{""reps"":""12"",""notes"":"""",""sets"":3,""exercise_id"":""69cd74b82a9c6735fb309df1"",""exercise_name"":""Tríceps corda"",""rest_seconds"":60},{""reps"":""12"",""notes"":"""",""sets"":3,""exercise_id"":""69cd758c4f8a8200b34120d0"",""exercise_name"":""Tríceps coice"",""rest_seconds"":60},{""reps"":""12"",""notes"":"""",""sets"":3,""exercise_id"":""69cd6f41e1c92870b493803c"",""exercise_name"":""Puxada Alta"",""rest_seconds"":60},{""reps"":""12"",""notes"":"""",""sets"":3,""exercise_id"":""69cd6d32842485d74807753f"",""exercise_name"":""Desenvolvimento Arnold"",""rest_seconds"":60},{""reps"":""12"",""notes"":"""",""sets"":3,""exercise_id"":""69cd6dc12c1bd27d14b2300a"",""exercise_name"":""Elevação frontal com halteres"",""rest_seconds"":60},{""reps"":""12"",""notes"":"""",""sets"":3,""exercise_id"":""6a0cdd78b6fe169f48dd981f"",""exercise_name"":""ABDOMINAL REMADOR"",""rest_seconds"":60}]","","6a28490940b20bf445d77ea6","true","Ricardo Penna","peito, tríceps, ombro","6a39ad15e508965d7624a290","2026-06-22T21:45:57.849000","2026-06-22T21:57:39.071000","6a022607bb02a8665b64833c","ricardo.pennar2@gmail.com","false"
"Francislene Monteiro Lima","B","","[{""reps"":""12"",""notes"":"""",""sets"":3,""exercise_id"":""69cd76ddb7fbb4f0d31cd232"",""exercise_name"":""Cadeira  Abdutora"",""rest_seconds"":60},{""reps"":""12"",""notes"":"""",""sets"":3,""exercise_id"":""69cd7281ec9c78705ddd66d1"",""exercise_name"":""Agachamento sumô"",""rest_seconds"":60},{""reps"":""12"",""notes"":"""",""sets"":3,""exercise_id"":""69cd71cfc8efc4703e2c9f2e"",""exercise_name"":""Mesa flexora"",""rest_seconds"":60},{""reps"":""12"",""notes"":"""",""sets"":3,""exercise_id"":""69cd70ded900c90448754081"",""exercise_name"":""Stiff"",""rest_seconds"":60},{""reps"":""12"",""notes"":"""",""sets"":3,""exercise_id"":""69cd6f41e1c92870b493803c"",""exercise_name"":""Puxada Alta"",""rest_seconds"":60},{""reps"":""12"",""notes"":"""",""sets"":3,""exercise_id"":""69cd73326c800884fba249d2"",""exercise_name"":""Rosca direta com barra reta ou W"",""rest_seconds"":60},{""reps"":""12"",""notes"":"""",""sets"":3,""exercise_id"":""69cd6f8c1fe5a2d60f1ebd3f"",""exercise_name"":""Pull down"",""rest_seconds"":60},{""reps"":""12"",""notes"":"""",""sets"":3,""exercise_id"":""69cd740e847f11504f93d88d"",""exercise_name"":""Rosca alternada"",""rest_seconds"":60},{""reps"":""12"",""notes"":"""",""sets"":3,""exercise_id"":""69cd763627eaf7f242cfd309"",""exercise_name"":""Elevação de panturrilhas no leg press"",""rest_seconds"":60},{""reps"":""12"",""notes"":"""",""sets"":3,""exercise_id"":""69d3cf544c5fcf472312165d"",""exercise_name"":""Prancha"",""rest_seconds"":60}]","","69cab5336d09f1ead4a603b5","true","Ricardo Penna","posterior, costas, bíceps, ombros ","6a35a9be2a7e4c613ce6397d","2026-06-19T20:42:38.658000","2026-06-19T20:42:38.658000","6a022607bb02a8665b64833c","ricardo.pennar2@gmail.com","false"
"Francislene Monteiro Lima","A","","[{""reps"":""12"",""notes"":"""",""sets"":3,""exercise_id"":""69cd709afb5ca90f00a53d35"",""exercise_name"":""Leg press"",""rest_seconds"":60},{""reps"":""12"",""notes"":"""",""sets"":3,""exercise_id"":""69cd70be0278d3cfe925ac89"",""exercise_name"":""Agachamento hack"",""rest_seconds"":60},{""reps"":""12"",""notes"":"""",""sets"":3,""exercise_id"":""6a286c9f3b4bf599c86835b5"",""exercise_name"":""cadeira adutora"",""rest_seconds"":60},{""reps"":""12"",""notes"":"""",""sets"":3,""exercise_id"":""69cd76ddb7fbb4f0d31cd232"",""exercise_name"":""Cadeira  Abdutora"",""rest_seconds"":60},{""reps"":""12"",""notes"":"""",""sets"":3,""exercise_id"":""69cd71cfc8efc4703e2c9f2e"",""exercise_name"":""Mesa flexora"",""rest_seconds"":60},{""reps"":""12"",""notes"":"""",""sets"":3,""exercise_id"":""69cd6baa693785af67693c56"",""exercise_name"":""Supino máquina"",""rest_seconds"":60},{""reps"":""12"",""notes"":"""",""sets"":3,""exercise_id"":""69cd74edd5e15994b897d3fc"",""exercise_name"":""Tríceps com barra reta ou W"",""rest_seconds"":60},{""reps"":""12"",""notes"":"""",""sets"":3,""exercise_id"":""69cd6be2fd49897f0bd3aee1"",""exercise_name"":""Voador ou peck deck"",""rest_seconds"":60},{""reps"":""12"",""notes"":"""",""sets"":3,""exercise_id"":""69cd74b82a9c6735fb309df1"",""exercise_name"":""Tríceps corda"",""rest_seconds"":60},{""reps"":""12"",""notes"":"""",""sets"":3,""exercise_id"":""6a0cdd78b6fe169f48dd981f"",""exercise_name"":""ABDOMINAL REMADOR"",""rest_seconds"":60}]","","69cab5336d09f1ead4a603b5","true","Ricardo Penna","quadríceps, peito e tríceps ","6a35a7e6d7d7b23c7e61b30c","2026-06-19T20:34:46.279000","2026-06-23T21:49:03.549000","6a022607bb02a8665b64833c","ricardo.pennar2@gmail.com","false"
"Rodrigo Antônio dos Santos","C","","[{""reps"":""12"",""notes"":"""",""sets"":3,""exercise_id"":""69cd709afb5ca90f00a53d35"",""exercise_name"":""Leg press"",""rest_seconds"":60},{""reps"":""12"",""notes"":"""",""sets"":3,""exercise_id"":""69cd71b22540af37c56329aa"",""exercise_name"":""Cadeira extensora"",""rest_seconds"":60},{""reps"":""12"",""notes"":"""",""sets"":3,""exercise_id"":""69cd71cfc8efc4703e2c9f2e"",""exercise_name"":""Mesa flexora"",""rest_seconds"":60},{""reps"":""12"",""notes"":"""",""sets"":3,""exercise_id"":""69cd76ddb7fbb4f0d31cd232"",""exercise_name"":""Cadeira  Abdutora"",""rest_seconds"":60},{""reps"":""12"",""notes"":"""",""sets"":3,""exercise_id"":""6a286c9f3b4bf599c86835b5"",""exercise_name"":""cadeira adutora"",""rest_seconds"":60},{""reps"":""12"",""notes"":"""",""sets"":3,""exercise_id"":""69cd70be0278d3cfe925ac89"",""exercise_name"":""Agachamento hack"",""rest_seconds"":60},{""reps"":""12"",""notes"":"""",""sets"":3,""exercise_id"":""69cd766aba3dd79f76a38f91"",""exercise_name"":""Elevação de panturrilhas com barra livre"",""rest_seconds"":60},{""reps"":""12"",""notes"":"""",""sets"":3,""exercise_id"":""69cd763627eaf7f242cfd309"",""exercise_name"":""Elevação de panturrilhas no leg press"",""rest_seconds"":60},{""reps"":""12"",""notes"":"""",""sets"":3,""exercise_id"":""6a0cda3a462831019f911c59"",""exercise_name"":""ABDOMINAL TRADICIONAL"",""rest_seconds"":60}]","","69cab53cd487b55f27dea08e","true","Ricardo Penna","pernas completo ","6a345fdc6509451348d4c15e","2026-06-18T21:15:08.269000","2026-06-18T21:15:08.269000","6a022607bb02a8665b64833c","ricardo.pennar2@gmail.com","false"
"Rodrigo Antônio dos Santos","B","","[{""reps"":""12"",""notes"":"""",""sets"":3,""exercise_id"":""69cd6f5bbb933aa1b03589f2"",""exercise_name"":""Remada curvada"",""rest_seconds"":60},{""reps"":""12"",""notes"":"""",""sets"":3,""exercise_id"":""69cd73326c800884fba249d2"",""exercise_name"":""Rosca direta com barra reta ou W"",""rest_seconds"":60},{""reps"":""12"",""notes"":"""",""sets"":3,""exercise_id"":""69cd6d538c6bcd3ee0b47fab"",""exercise_name"":""Elevação lateral com halteres"",""rest_seconds"":60},{""reps"":""12"",""notes"":"""",""sets"":3,""exercise_id"":""69cd6ff95e6fe9d7a1721f5b"",""exercise_name"":""Voador invertido"",""rest_seconds"":60},{""reps"":""12"",""notes"":"""",""sets"":3,""exercise_id"":""69cd7454b6c01fae7729b723"",""exercise_name"":""Rosca martelo"",""rest_seconds"":60},{""reps"":""12"",""notes"":"""",""sets"":3,""exercise_id"":""69cd6d1ca3816bacb1f1ee2b"",""exercise_name"":""Desenvolvimento com halteres"",""rest_seconds"":60},{""reps"":""12"",""notes"":"""",""sets"":3,""exercise_id"":""6a0cddb23c2b7db7bfa4594c"",""exercise_name"":""ABDOMINAL INFRA"",""rest_seconds"":60}]","","69cab53cd487b55f27dea08e","true","Ricardo Penna","costas bíceps , ombro ","6a345ef2bd462409eea72a32","2026-06-18T21:11:14.374000","2026-06-18T21:11:14.374000","6a022607bb02a8665b64833c","ricardo.pennar2@gmail.com","false"
"Rodrigo Antônio dos Santos","A","","[{""reps"":""12"",""notes"":"""",""sets"":3,""exercise_id"":""69cd6baa693785af67693c56"",""exercise_name"":""Supino máquina"",""rest_seconds"":60},{""reps"":""12"",""notes"":"""",""sets"":3,""exercise_id"":""69cd74edd5e15994b897d3fc"",""exercise_name"":""Tríceps com barra reta ou W"",""rest_seconds"":60},{""reps"":""12"",""notes"":"""",""sets"":3,""exercise_id"":""69cd763627eaf7f242cfd309"",""exercise_name"":""Elevação de panturrilhas no leg press"",""rest_seconds"":60},{""reps"":""12"",""notes"":"""",""sets"":3,""exercise_id"":""6a29d25e77d7a03911d9b3bf"",""exercise_name"":""crossover crucifixo porção medial"",""rest_seconds"":60},{""reps"":""12"",""notes"":"""",""sets"":3,""exercise_id"":""69cd75aacd66880e44501e35"",""exercise_name"":""Tríceps testa"",""rest_seconds"":60},{""reps"":""12"",""notes"":"""",""sets"":3,""exercise_id"":""6a29d3430fb5e748fefd5f0f"",""exercise_name"":""Crucifixo crossover baixo /cima"",""rest_seconds"":60},{""reps"":""12"",""notes"":"""",""sets"":3,""exercise_id"":""69cd75685aa567d23f4a00d3"",""exercise_name"":""Tríceps banco"",""rest_seconds"":60},{""reps"":""12"",""notes"":"""",""sets"":3,""exercise_id"":""69cd766aba3dd79f76a38f91"",""exercise_name"":""Elevação de panturrilhas com barra livre"",""rest_seconds"":60},{""reps"":""12"",""notes"":"""",""sets"":3,""exercise_id"":""6a0cdd78b6fe169f48dd981f"",""exercise_name"":""ABDOMINAL REMADOR"",""rest_seconds"":60}]","","69cab53cd487b55f27dea08e","true","Ricardo Penna","Peito, tríceps, panturrilha ","6a345c7ba3f1d0a1802785d2","2026-06-18T21:00:43.426000","2026-06-18T21:00:43.426000","6a022607bb02a8665b64833c","ricardo.pennar2@gmail.com","false"
"Lilian Sousa Ribeiro ","A","","[{""reps"":""12"",""notes"":"""",""sets"":3,""exercise_id"":""6a286c9f3b4bf599c86835b5"",""exercise_name"":""cadeira adutora"",""rest_seconds"":60},{""reps"":""12"",""notes"":"""",""sets"":3,""exercise_id"":""69cd76ddb7fbb4f0d31cd232"",""exercise_name"":""Cadeira  Abdutora"",""rest_seconds"":60},{""reps"":""12"",""notes"":"""",""sets"":3,""exercise_id"":""69cd709afb5ca90f00a53d35"",""exercise_name"":""Leg press"",""rest_seconds"":60},{""reps"":""12"",""notes"":"""",""sets"":3,""exercise_id"":""69cd768177c6434f3f4fe3a2"",""exercise_name"":""Elevação de panturrilhas sentado na máquina"",""rest_seconds"":60},{""reps"":""12"",""notes"":"""",""sets"":3,""exercise_id"":""69cd70436d79d78e8bfad975"",""exercise_name"":""Agachamento livre"",""rest_seconds"":60},{""reps"":""12"",""notes"":"""",""sets"":3,""exercise_id"":""69cd6f41e1c92870b493803c"",""exercise_name"":""Puxada Alta"",""rest_seconds"":60},{""reps"":""12"",""notes"":"""",""sets"":3,""exercise_id"":""69cd73326c800884fba249d2"",""exercise_name"":""Rosca direta com barra reta ou W"",""rest_seconds"":60},{""reps"":""12"",""notes"":"""",""sets"":3,""exercise_id"":""69cd6ea6fb22e868e8c19a8b"",""exercise_name"":""Voador invertido"",""rest_seconds"":60},{""reps"":""12"",""notes"":"""",""sets"":3,""exercise_id"":""69cd740e847f11504f93d88d"",""exercise_name"":""Rosca alternada"",""rest_seconds"":60},{""reps"":""12"",""notes"":"""",""sets"":3,""exercise_id"":""6a0cda3a462831019f911c59"",""exercise_name"":""ABDOMINAL TRADICIONAL"",""rest_seconds"":60}]","","6a2ab495dd0a4b30a31fc926","true","Ricardo Penna","quadriceps, costas , bíceps ","6a33052003a8a0b276fbe36c","2026-06-17T20:35:44.476000","2026-06-17T20:35:44.476000","6a022607bb02a8665b64833c","ricardo.pennar2@gmail.com","false"
"Yasmin Medeiros de Oliveira","A","","[{""reps"":""12"",""notes"":"""",""sets"":3,""exercise_id"":""69cd709afb5ca90f00a53d35"",""exercise_name"":""Leg press"",""rest_seconds"":60},{""reps"":""12"",""notes"":"""",""sets"":3,""exercise_id"":""6a286c9f3b4bf599c86835b5"",""exercise_name"":""cadeira adutora"",""rest_seconds"":60},{""reps"":""12"",""notes"":"""",""sets"":3,""exercise_id"":""69cd76ddb7fbb4f0d31cd232"",""exercise_name"":""Cadeira  Abdutora"",""rest_seconds"":60},{""reps"":""12"",""notes"":"""",""sets"":3,""exercise_id"":""69cd71b22540af37c56329aa"",""exercise_name"":""Cadeira extensora"",""rest_seconds"":60},{""reps"":""12"",""notes"":"""",""sets"":3,""exercise_id"":""69cd6baa693785af67693c56"",""exercise_name"":""Supino máquina"",""rest_seconds"":60},{""reps"":""12"",""notes"":"""",""sets"":3,""exercise_id"":""69cd74edd5e15994b897d3fc"",""exercise_name"":""Tríceps com barra reta ou W"",""rest_seconds"":60},{""reps"":""12"",""notes"":"""",""sets"":3,""exercise_id"":""69cd6ff95e6fe9d7a1721f5b"",""exercise_name"":""Voador invertido"",""rest_seconds"":60},{""reps"":""12"",""notes"":"""",""sets"":3,""exercise_id"":""6a0cdd78b6fe169f48dd981f"",""exercise_name"":""ABDOMINAL REMADOR"",""rest_seconds"":60}]","","69cab4ef4a0411830b859b44","true","Ricardo Penna","quadríceps , peito, tríceps ","6a31bb128e582fce696e956b","2026-06-16T21:07:30.619000","2026-06-16T21:07:30.619000","6a022607bb02a8665b64833c","ricardo.pennar2@gmail.com","false"
"Kenyele Naves Guimarães Borges","B","","[{""reps"":""12"",""notes"":"""",""sets"":3,""exercise_id"":""69cd76ddb7fbb4f0d31cd232"",""exercise_name"":""Cadeira  Abdutora"",""rest_seconds"":60},{""reps"":""12"",""notes"":"""",""sets"":3,""exercise_id"":""69cd7281ec9c78705ddd66d1"",""exercise_name"":""Agachamento sumô"",""rest_seconds"":60},{""reps"":""12"",""notes"":"""",""sets"":3,""exercise_id"":""69cd76233bd41cb6e5a5be97"",""exercise_name"":""Elevação de panturrilhas em pé na máquina"",""rest_seconds"":60},{""reps"":""12"",""notes"":"""",""sets"":3,""exercise_id"":""69cd70ded900c90448754081"",""exercise_name"":""Stiff"",""rest_seconds"":60},{""reps"":""12"",""notes"":"""",""sets"":3,""exercise_id"":""69cd6e6e9c64015d8c59e8f9"",""exercise_name"":""Remada alta com halteres"",""rest_seconds"":60},{""reps"":""12"",""notes"":"""",""sets"":3,""exercise_id"":""69cd6f41e1c92870b493803c"",""exercise_name"":""Puxada Alta"",""rest_seconds"":60},{""reps"":""12"",""notes"":"""",""sets"":3,""exercise_id"":""69cd73a6866e274fbb225fe1"",""exercise_name"":""Rosca direta na polia"",""rest_seconds"":60},{""reps"":""12"",""notes"":"""",""sets"":3,""exercise_id"":""69cd6d538c6bcd3ee0b47fab"",""exercise_name"":""Elevação lateral com halteres"",""rest_seconds"":60},{""reps"":""12"",""notes"":"""",""sets"":3,""exercise_id"":""69cd6e8813b97be8fb62db31"",""exercise_name"":""Face pull"",""rest_seconds"":60},{""reps"":""12"",""notes"":"""",""sets"":3,""exercise_id"":""6a0cddb23c2b7db7bfa4594c"",""exercise_name"":""ABDOMINAL INFRA"",""rest_seconds"":60}]","","6a31410f2dc4b83f242b38eb","true","Ricardo Penna","posterior, glúteos, costas, bíceps, ombro ","6a31b057e276f894d88e769c","2026-06-16T20:21:43.392000","2026-06-16T20:21:43.392000","6a022607bb02a8665b64833c","ricardo.pennar2@gmail.com","false"
"Kenyele Naves Guimarães Borges","A","","[{""reps"":""12"",""notes"":"""",""sets"":3,""exercise_id"":""69cd71b22540af37c56329aa"",""exercise_name"":""Cadeira extensora"",""rest_seconds"":60},{""reps"":""12"",""notes"":"""",""sets"":3,""exercise_id"":""69cd6baa693785af67693c56"",""exercise_name"":""Supino máquina"",""rest_seconds"":60},{""reps"":""12"",""notes"":"""",""sets"":3,""exercise_id"":""69cd74edd5e15994b897d3fc"",""exercise_name"":""Tríceps com barra reta ou W"",""rest_seconds"":60},{""reps"":""12"",""notes"":"""",""sets"":3,""exercise_id"":""69cd76ddb7fbb4f0d31cd232"",""exercise_name"":""Cadeira  Abdutora"",""rest_seconds"":60},{""reps"":""12"",""notes"":"""",""sets"":3,""exercise_id"":""6a286c9f3b4bf599c86835b5"",""exercise_name"":""cadeira adutora"",""rest_seconds"":60},{""reps"":""12"",""notes"":"""",""sets"":3,""exercise_id"":""69cd709afb5ca90f00a53d35"",""exercise_name"":""Leg press"",""rest_seconds"":60},{""reps"":""12"",""notes"":"""",""sets"":3,""exercise_id"":""69cd6be2fd49897f0bd3aee1"",""exercise_name"":""Voador ou peck deck"",""rest_seconds"":60},{""reps"":""12"",""notes"":"""",""sets"":3,""exercise_id"":""69cd74b82a9c6735fb309df1"",""exercise_name"":""Tríceps corda"",""rest_seconds"":60},{""reps"":""12"",""notes"":"""",""sets"":3,""exercise_id"":""69cd76233bd41cb6e5a5be97"",""exercise_name"":""Elevação de panturrilhas em pé na máquina"",""rest_seconds"":60},{""reps"":""12"",""notes"":"""",""sets"":3,""exercise_id"":""69d3cf544c5fcf472312165d"",""exercise_name"":""Prancha"",""rest_seconds"":60}]","","6a31410f2dc4b83f242b38eb","true","Ricardo Penna","Quadriceps , peito, tríceps ","6a31ae56872f550f662bd527","2026-06-16T20:13:10.796000","2026-06-16T20:13:26.643000","6a022607bb02a8665b64833c","ricardo.pennar2@gmail.com","false"
"Alessandro Melo da Silva","A","","[{""reps"":""12"",""notes"":"""",""sets"":3,""exercise_id"":""69cd6baa693785af67693c56"",""exercise_name"":""Supino máquina"",""rest_seconds"":60},{""reps"":""12"",""notes"":"""",""sets"":3,""exercise_id"":""69cd74edd5e15994b897d3fc"",""exercise_name"":""Tríceps com barra reta ou W"",""rest_seconds"":60},{""reps"":""12"",""notes"":"""",""sets"":3,""exercise_id"":""69cd6be2fd49897f0bd3aee1"",""exercise_name"":""Voador ou peck deck"",""rest_seconds"":60},{""reps"":""12"",""notes"":"""",""sets"":3,""exercise_id"":""69cd74b82a9c6735fb309df1"",""exercise_name"":""Tríceps corda"",""rest_seconds"":60},{""reps"":""12"",""notes"":"""",""sets"":3,""exercise_id"":""6a29d25e77d7a03911d9b3bf"",""exercise_name"":""crossover crucifixo porção medial"",""rest_seconds"":60},{""reps"":""12"",""notes"":"""",""sets"":3,""exercise_id"":""69cd74d135643c0b6e1fdc90"",""exercise_name"":""Tríceps francês"",""rest_seconds"":60},{""reps"":""20"",""notes"":"""",""sets"":3,""exercise_id"":""6a0cda3a462831019f911c59"",""exercise_name"":""ABDOMINAL TRADICIONAL"",""rest_seconds"":60}]","","69cab4abab6be942859d62d4","true","Ricardo Penna","peito , tríceps , paturrilha","6a306d7ea871c962fae126ab","2026-06-15T21:24:14.298000","2026-06-15T21:24:14.298000","6a022607bb02a8665b64833c","ricardo.pennar2@gmail.com","false"
"Daniela Sales Vecchi Tomazetti","B","","[{""reps"":""12"",""notes"":"""",""sets"":3,""exercise_id"":""69cd76ddb7fbb4f0d31cd232"",""exercise_name"":""Cadeira  Abdutora"",""rest_seconds"":60},{""reps"":""12"",""notes"":"""",""sets"":3,""exercise_id"":""69cd71b22540af37c56329aa"",""exercise_name"":""Cadeira extensora"",""rest_seconds"":60},{""reps"":""12"",""notes"":"""",""sets"":3,""exercise_id"":""69cd6f41e1c92870b493803c"",""exercise_name"":""Puxada Alta"",""rest_seconds"":60},{""reps"":""12"",""notes"":"""",""sets"":3,""exercise_id"":""6a286c9f3b4bf599c86835b5"",""exercise_name"":""cadeira adutora"",""rest_seconds"":60},{""reps"":""12"",""notes"":"""",""sets"":3,""exercise_id"":""69cd73326c800884fba249d2"",""exercise_name"":""Rosca direta com barra reta ou W"",""rest_seconds"":60},{""reps"":""12"",""notes"":"""",""sets"":3,""exercise_id"":""69cd6d32842485d74807753f"",""exercise_name"":""Desenvolvimento Arnold"",""rest_seconds"":60},{""reps"":""12"",""notes"":"""",""sets"":3,""exercise_id"":""69cd71cfc8efc4703e2c9f2e"",""exercise_name"":""Mesa flexora"",""rest_seconds"":60},{""reps"":""12"",""notes"":"""",""sets"":3,""exercise_id"":""6a0cdd78b6fe169f48dd981f"",""exercise_name"":""ABDOMINAL REMADOR"",""rest_seconds"":60}]","","69cab4ee2f92da87a7de44ac","true","Ricardo Penna","Pernas, glúteos, costas e bíceps ombro ","6a305cf391662306abb105ff","2026-06-15T20:13:39.226000","2026-06-15T20:18:49.963000","6a022607bb02a8665b64833c","ricardo.pennar2@gmail.com","false"
"Camila Araújo da Silva Camargo ","A","","[{""reps"":""12"",""notes"":"""",""sets"":3,""exercise_id"":""69cd76ddb7fbb4f0d31cd232"",""exercise_name"":""Cadeira  Abdutora"",""rest_seconds"":60},{""reps"":""12"",""notes"":"""",""sets"":3,""exercise_id"":""69cd70be0278d3cfe925ac89"",""exercise_name"":""Agachamento hack"",""rest_seconds"":60},{""reps"":""12"",""notes"":"""",""sets"":3,""exercise_id"":""69cd7281ec9c78705ddd66d1"",""exercise_name"":""Agachamento sumô"",""rest_seconds"":60},{""reps"":""12"",""notes"":"""",""sets"":3,""exercise_id"":""69cd763627eaf7f242cfd309"",""exercise_name"":""Elevação de panturrilhas no leg press"",""rest_seconds"":60},{""reps"":""12"",""notes"":"""",""sets"":3,""exercise_id"":""69cd6fa2eb8cfccfe547b258"",""exercise_name"":""Remada baixa"",""rest_seconds"":60},{""reps"":""12"",""notes"":"""",""sets"":3,""exercise_id"":""69cd73326c800884fba249d2"",""exercise_name"":""Rosca direta com barra reta ou W"",""rest_seconds"":60},{""reps"":""12"",""notes"":"""",""sets"":3,""exercise_id"":""69cd6d538c6bcd3ee0b47fab"",""exercise_name"":""Elevação lateral com halteres"",""rest_seconds"":60},{""reps"":""12"",""notes"":"""",""sets"":3,""exercise_id"":""69cd7188ea1b26aa6c31dd26"",""exercise_name"":""Elevação pélvica com barra"",""rest_seconds"":60},{""reps"":""12"",""notes"":"""",""sets"":3,""exercise_id"":""6a0cda3a462831019f911c59"",""exercise_name"":""ABDOMINAL TRADICIONAL"",""rest_seconds"":60}]","","6a1f18c59f142977ff6acbcc","true","Ricardo Penna","posterior, costas, bíceps gluteos","6a2c7e1ecfda12d0660dc1bc","2026-06-12T21:46:06.381000","2026-06-12T21:46:06.381000","6a022607bb02a8665b64833c","ricardo.pennar2@gmail.com","false"
"Camila Araújo da Silva Camargo ","D","","[{""reps"":""12"",""notes"":"""",""sets"":3,""exercise_id"":""69cd709afb5ca90f00a53d35"",""exercise_name"":""Leg press"",""rest_seconds"":60},{""reps"":""12"",""notes"":"""",""sets"":3,""exercise_id"":""69cd74edd5e15994b897d3fc"",""exercise_name"":""Tríceps com barra reta ou W"",""rest_seconds"":60},{""reps"":""12"",""notes"":"""",""sets"":3,""exercise_id"":""69cd76ddb7fbb4f0d31cd232"",""exercise_name"":""Cadeira  Abdutora"",""rest_seconds"":60},{""reps"":""12"",""notes"":"""",""sets"":3,""exercise_id"":""69cd71b22540af37c56329aa"",""exercise_name"":""Cadeira extensora"",""rest_seconds"":60},{""reps"":""12"",""notes"":"""",""sets"":3,""exercise_id"":""69cd71cfc8efc4703e2c9f2e"",""exercise_name"":""Mesa flexora"",""rest_seconds"":60},{""reps"":""12"",""notes"":"""",""sets"":3,""exercise_id"":""69cd6d538c6bcd3ee0b47fab"",""exercise_name"":""Elevação lateral com halteres"",""rest_seconds"":60},{""reps"":""12"",""notes"":"""",""sets"":3,""exercise_id"":""69cd6baa693785af67693c56"",""exercise_name"":""Supino máquina"",""rest_seconds"":60},{""reps"":""12"",""notes"":"""",""sets"":3,""exercise_id"":""69d3cf544c5fcf472312165d"",""exercise_name"":""Prancha"",""rest_seconds"":60}]","","6a1f18c59f142977ff6acbcc","true","Ricardo Penna","pernas, peito, tríceps, ombro","6a2c7d284fefbfe5f5c4e8c4","2026-06-12T21:42:00.246000","2026-06-12T21:42:00.246000","6a022607bb02a8665b64833c","ricardo.pennar2@gmail.com","false"
"Débora Maia Escher dos Santos","B","","[{""reps"":""12"",""notes"":"""",""sets"":3,""exercise_id"":""69cd70be0278d3cfe925ac89"",""exercise_name"":""Agachamento hack"",""rest_seconds"":60},{""reps"":""12"",""notes"":"""",""sets"":3,""exercise_id"":""69cd71cfc8efc4703e2c9f2e"",""exercise_name"":""Mesa flexora"",""rest_seconds"":60},{""reps"":""12"",""notes"":"""",""sets"":3,""exercise_id"":""69cd6f41e1c92870b493803c"",""exercise_name"":""Puxada Alta"",""rest_seconds"":60},{""reps"":""12"",""notes"":"""",""sets"":3,""exercise_id"":""69cd740e847f11504f93d88d"",""exercise_name"":""Rosca alternada"",""rest_seconds"":60},{""reps"":""12"",""notes"":"""",""sets"":3,""exercise_id"":""69cd76ddb7fbb4f0d31cd232"",""exercise_name"":""Cadeira  Abdutora"",""rest_seconds"":60},{""reps"":""12"",""notes"":"""",""sets"":3,""exercise_id"":""69cd6d538c6bcd3ee0b47fab"",""exercise_name"":""Elevação lateral com halteres"",""rest_seconds"":60},{""reps"":""12"",""notes"":"""",""sets"":3,""exercise_id"":""69cd6e8813b97be8fb62db31"",""exercise_name"":""Face pull"",""rest_seconds"":60},{""reps"":""12"",""notes"":"""",""sets"":3,""exercise_id"":""69d3cf544c5fcf472312165d"",""exercise_name"":""Prancha"",""rest_seconds"":60}]","","69fc8102efce393880145d94","true","Diego Lopes","pernas( posterior, glúteos) costas, ombro e biceps","6a2c74f1bf04e71df178f2ea","2026-06-12T21:06:57.843000","2026-06-12T22:49:57.038000","6a022607bb02a8665b64833c","ricardo.pennar2@gmail.com","false"
"Débora Maia Escher dos Santos","A","","[{""reps"":""12"",""notes"":"""",""sets"":3,""exercise_id"":""69cd709afb5ca90f00a53d35"",""exercise_name"":""Leg press"",""rest_seconds"":60},{""reps"":""12"",""notes"":"""",""sets"":3,""exercise_id"":""69cd71b22540af37c56329aa"",""exercise_name"":""Cadeira extensora"",""rest_seconds"":60},{""reps"":""12"",""notes"":"""",""sets"":3,""exercise_id"":""6a286c9f3b4bf599c86835b5"",""exercise_name"":""cadeira adutora"",""rest_seconds"":60},{""reps"":""12"",""notes"":"""",""sets"":3,""exercise_id"":""69cd715045afac563269bc36"",""exercise_name"":""Afundo"",""rest_seconds"":60},{""reps"":""12"",""notes"":"""",""sets"":3,""exercise_id"":""69cd74edd5e15994b897d3fc"",""exercise_name"":""Tríceps com barra reta ou W"",""rest_seconds"":60},{""reps"":""12"",""notes"":"""",""sets"":3,""exercise_id"":""69cd6baa693785af67693c56"",""exercise_name"":""Supino máquina"",""rest_seconds"":60},{""reps"":""12"",""notes"":"""",""sets"":3,""exercise_id"":""69cd74b82a9c6735fb309df1"",""exercise_name"":""Tríceps corda"",""rest_seconds"":60},{""reps"":""12"",""notes"":"""",""sets"":3,""exercise_id"":""69cd6d32842485d74807753f"",""exercise_name"":""Desenvolvimento Arnold"",""rest_seconds"":60},{""reps"":""12"",""notes"":"""",""sets"":3,""exercise_id"":""69d3cf544c5fcf472312165d"",""exercise_name"":""Prancha"",""rest_seconds"":60},{""reps"":""12"",""notes"":"""",""sets"":3,""exercise_id"":""69cd763627eaf7f242cfd309"",""exercise_name"":""Elevação de panturrilhas no leg press"",""rest_seconds"":60}]","","69fc8102efce393880145d94","true","Ricardo Penna","Pernas anterior, peito e  tríceps ,ombro","6a2c71e97dadd0eac41036e2","2026-06-12T20:54:01.274000","2026-06-12T21:08:59.089000","6a022607bb02a8665b64833c","ricardo.pennar2@gmail.com","false"
"Leidina Rosa dos Santos","A","","[{""reps"":""12"",""notes"":"""",""sets"":3,""exercise_id"":""69cd71b22540af37c56329aa"",""exercise_name"":""Cadeira extensora"",""rest_seconds"":60},{""reps"":""12"",""notes"":"""",""sets"":3,""exercise_id"":""6a286c9f3b4bf599c86835b5"",""exercise_name"":""cadeira adutora"",""rest_seconds"":60},{""reps"":""12"",""notes"":"""",""sets"":3,""exercise_id"":""69cd76ddb7fbb4f0d31cd232"",""exercise_name"":""Cadeira  Abdutora"",""rest_seconds"":60},{""reps"":""12"",""notes"":"""",""sets"":3,""exercise_id"":""69cd71cfc8efc4703e2c9f2e"",""exercise_name"":""Mesa flexora"",""rest_seconds"":60},{""reps"":""12"",""notes"":"""",""sets"":3,""exercise_id"":""69cd6baa693785af67693c56"",""exercise_name"":""Supino máquina"",""rest_seconds"":60},{""reps"":""12"",""notes"":"""",""sets"":3,""exercise_id"":""69cd74edd5e15994b897d3fc"",""exercise_name"":""Tríceps com barra reta ou W"",""rest_seconds"":60},{""reps"":""12"",""notes"":"""",""sets"":3,""exercise_id"":""69cd6be2fd49897f0bd3aee1"",""exercise_name"":""Voador ou peck deck"",""rest_seconds"":60},{""reps"":""12"",""notes"":"""",""sets"":3,""exercise_id"":""69cd74d135643c0b6e1fdc90"",""exercise_name"":""Tríceps francês"",""rest_seconds"":60},{""reps"":""12"",""notes"":"""",""sets"":3,""exercise_id"":""6a0cda3a462831019f911c59"",""exercise_name"":""ABDOMINAL TRADICIONAL"",""rest_seconds"":60}]","","6a26c831f387ae3b671d24b0","true","Ricardo Penna","Pernas, peito, tríceps","6a29db15fb2e23a730cd4cbe","2026-06-10T21:45:57.133000","2026-06-10T21:45:57.133000","6a022607bb02a8665b64833c","ricardo.pennar2@gmail.com","false"
"Helder Lieberenz Camilo","A","","[{""reps"":""12"",""notes"":"""",""sets"":3,""exercise_id"":""69cd70be0278d3cfe925ac89"",""exercise_name"":""Agachamento hack"",""rest_seconds"":60},{""reps"":""12"",""notes"":"""",""sets"":3,""exercise_id"":""69cd71cfc8efc4703e2c9f2e"",""exercise_name"":""Mesa flexora"",""rest_seconds"":60},{""reps"":""12"",""notes"":"""",""sets"":3,""exercise_id"":""69cd71b22540af37c56329aa"",""exercise_name"":""Cadeira extensora"",""rest_seconds"":60},{""reps"":""12"",""notes"":"""",""sets"":3,""exercise_id"":""69cd709afb5ca90f00a53d35"",""exercise_name"":""Leg press"",""rest_seconds"":60},{""reps"":""12"",""notes"":"""",""sets"":3,""exercise_id"":""69cd70436d79d78e8bfad975"",""exercise_name"":""Agachamento livre"",""rest_seconds"":60},{""reps"":""12"",""notes"":"""",""sets"":3,""exercise_id"":""69cd763627eaf7f242cfd309"",""exercise_name"":""Elevação de panturrilhas no leg press"",""rest_seconds"":60},{""reps"":""12"",""notes"":"""",""sets"":3,""exercise_id"":""69cd76233bd41cb6e5a5be97"",""exercise_name"":""Elevação de panturrilhas em pé na máquina"",""rest_seconds"":60},{""reps"":""12"",""notes"":"""",""sets"":3,""exercise_id"":""6a0cddb23c2b7db7bfa4594c"",""exercise_name"":""ABDOMINAL INFRA"",""rest_seconds"":60},{""reps"":""12"",""notes"":"""",""sets"":3,""exercise_id"":""69d3cf544c5fcf472312165d"",""exercise_name"":""Prancha"",""rest_seconds"":60}]","","6a28490940b20bf445d77ea6","true","Ricardo Penna","pernas (anterior), panturrilha","6a29c953e5d45bf6aa1dad0e","2026-06-10T20:30:11.356000","2026-06-10T20:30:45.199000","6a022607bb02a8665b64833c","ricardo.pennar2@gmail.com","false"
"Daniela Sales Vecchi Tomazetti","A","","[{""reps"":""12"",""notes"":"""",""sets"":3,""exercise_id"":""69cd71b22540af37c56329aa"",""exercise_name"":""Cadeira extensora"",""rest_seconds"":60},{""reps"":""12"",""notes"":"""",""sets"":3,""exercise_id"":""69cd709afb5ca90f00a53d35"",""exercise_name"":""Leg press"",""rest_seconds"":60},{""reps"":""12"",""notes"":"""",""sets"":3,""exercise_id"":""69cd74d135643c0b6e1fdc90"",""exercise_name"":""Tríceps francês"",""rest_seconds"":60},{""reps"":""12"",""notes"":"""",""sets"":3,""exercise_id"":""69cd6baa693785af67693c56"",""exercise_name"":""Supino máquina"",""rest_seconds"":60},{""reps"":""12"",""notes"":"""",""sets"":3,""exercise_id"":""69cd715045afac563269bc36"",""exercise_name"":""Afundo"",""rest_seconds"":60},{""reps"":""12"",""notes"":"""",""sets"":3,""exercise_id"":""69cd6be2fd49897f0bd3aee1"",""exercise_name"":""Voador ou peck deck"",""rest_seconds"":60},{""reps"":""12"",""notes"":"""",""sets"":3,""exercise_id"":""6a0cda3a462831019f911c59"",""exercise_name"":""ABDOMINAL TRADICIONAL"",""rest_seconds"":60}]","","69cab4ee2f92da87a7de44ac","true","Ricardo Penna","pernas, peito, triceps","6a287637b639e342922e3be6","2026-06-09T20:23:19.942000","2026-06-09T20:23:19.942000","6a022607bb02a8665b64833c","ricardo.pennar2@gmail.com","false"
"Breno Manoel de Freitas ","B","","[{""reps"":""12"",""notes"":"""",""sets"":3,""exercise_id"":""69cd76ddb7fbb4f0d31cd232"",""exercise_name"":""Cadeira  Abdutora"",""rest_seconds"":60},{""reps"":""12"",""notes"":"""",""sets"":3,""exercise_id"":""6a286c9f3b4bf599c86835b5"",""exercise_name"":""cadeira adutora"",""rest_seconds"":60},{""reps"":""12"",""notes"":"""",""sets"":3,""exercise_id"":""69cd71cfc8efc4703e2c9f2e"",""exercise_name"":""Mesa flexora"",""rest_seconds"":60},{""reps"":""12"",""notes"":"""",""sets"":3,""exercise_id"":""69cd6fbabe2b44038f6be35f"",""exercise_name"":""Barra fixa supinada (chin up)"",""rest_seconds"":60},{""reps"":""12"",""notes"":"""",""sets"":3,""exercise_id"":""69cd73a6866e274fbb225fe1"",""exercise_name"":""Rosca direta na polia"",""rest_seconds"":60},{""reps"":""12"",""notes"":"""",""sets"":3,""exercise_id"":""69cd6f41e1c92870b493803c"",""exercise_name"":""Puxada Alta"",""rest_seconds"":60},{""reps"":""12"",""notes"":"""",""sets"":3,""exercise_id"":""69cd740e847f11504f93d88d"",""exercise_name"":""Rosca alternada"",""rest_seconds"":60},{""reps"":""12"",""notes"":"""",""sets"":3,""exercise_id"":""69cd6dc12c1bd27d14b2300a"",""exercise_name"":""Elevação frontal com halteres"",""rest_seconds"":60},{""reps"":""12"",""notes"":"""",""sets"":3,""exercise_id"":""69cd763627eaf7f242cfd309"",""exercise_name"":""Elevação de panturrilhas no leg press"",""rest_seconds"":60}]","","6a0cb324fe02d307baa470e9","true","Ricardo Penna","costas,  biceps, posterior, ombro","6a28723b69623c0a26beecf9","2026-06-09T20:06:19.072000","2026-06-09T20:06:19.072000","6a022607bb02a8665b64833c","ricardo.pennar2@gmail.com","false"
"Breno Manoel de Freitas ","A","","[{""reps"":""12"",""notes"":"""",""sets"":3,""exercise_id"":""69cd6baa693785af67693c56"",""exercise_name"":""Supino máquina"",""rest_seconds"":60},{""reps"":""12"",""notes"":"""",""sets"":3,""exercise_id"":""69cd74edd5e15994b897d3fc"",""exercise_name"":""Tríceps com barra reta ou W"",""rest_seconds"":60},{""reps"":""12"",""notes"":"""",""sets"":3,""exercise_id"":""69cd709afb5ca90f00a53d35"",""exercise_name"":""Leg press"",""rest_seconds"":60},{""reps"":""12"",""notes"":"""",""sets"":3,""exercise_id"":""69cd6be2fd49897f0bd3aee1"",""exercise_name"":""Voador ou peck deck"",""rest_seconds"":60},{""reps"":""12"",""notes"":"""",""sets"":3,""exercise_id"":""69cd74d135643c0b6e1fdc90"",""exercise_name"":""Tríceps francês"",""rest_seconds"":60},{""reps"":""12"",""notes"":"""",""sets"":3,""exercise_id"":""69cd71b22540af37c56329aa"",""exercise_name"":""Cadeira extensora"",""rest_seconds"":60},{""reps"":""12"",""notes"":"""",""sets"":3,""exercise_id"":""69cd6d538c6bcd3ee0b47fab"",""exercise_name"":""Elevação lateral com halteres"",""rest_seconds"":60},{""reps"":""12"",""notes"":"""",""sets"":3,""exercise_id"":""69cd768177c6434f3f4fe3a2"",""exercise_name"":""Elevação de panturrilhas sentado na máquina"",""rest_seconds"":60}]","","6a0cb324fe02d307baa470e9","true","Ricardo Penna","peito, tríceps, pernas","6a287158d760e15cef253005","2026-06-09T20:02:32.399000","2026-06-09T20:02:32.399000","6a022607bb02a8665b64833c","ricardo.pennar2@gmail.com","false"
"Sophia Lannah Beatriz Ferreira de Sousa","B","","[{""reps"":""12"",""notes"":"""",""sets"":3,""exercise_id"":""69cd76f96251313683966e3b"",""exercise_name"":""Passada lateral"",""rest_seconds"":60},{""reps"":""12"",""notes"":"""",""sets"":3,""exercise_id"":""6a286c9f3b4bf599c86835b5"",""exercise_name"":""cadeira adutora"",""rest_seconds"":60},{""reps"":""12"",""notes"":"""",""sets"":3,""exercise_id"":""69cd6baa693785af67693c56"",""exercise_name"":""Supino máquina"",""rest_seconds"":60},{""reps"":""12"",""notes"":"""",""sets"":3,""exercise_id"":""69cd74edd5e15994b897d3fc"",""exercise_name"":""Tríceps com barra reta ou W"",""rest_seconds"":60},{""reps"":""12"",""notes"":"""",""sets"":3,""exercise_id"":""69cd709afb5ca90f00a53d35"",""exercise_name"":""Leg press"",""rest_seconds"":60},{""reps"":""12"",""notes"":"""",""sets"":3,""exercise_id"":""69cd76ddb7fbb4f0d31cd232"",""exercise_name"":""Cadeira  Abdutora"",""rest_seconds"":60},{""reps"":""12"",""notes"":"""",""sets"":3,""exercise_id"":""69cd6be2fd49897f0bd3aee1"",""exercise_name"":""Voador ou peck deck"",""rest_seconds"":60},{""reps"":""12"",""notes"":"""",""sets"":3,""exercise_id"":""69cd74d135643c0b6e1fdc90"",""exercise_name"":""Tríceps francês"",""rest_seconds"":60},{""reps"":""12"",""notes"":"""",""sets"":3,""exercise_id"":""6a0cdd78b6fe169f48dd981f"",""exercise_name"":""ABDOMINAL REMADOR"",""rest_seconds"":60}]","","69cab498f494b0e0a3a2252c","true","Ricardo Penna","pernas, peito, tríceps","6a286fecd256cedb3be7523e","2026-06-09T19:56:28.951000","2026-06-09T19:56:28.951000","6a022607bb02a8665b64833c","ricardo.pennar2@gmail.com","false"
"Jhonathan Hebert Pereira Souza Silva","B","","[{""reps"":""12"",""notes"":"""",""sets"":3,""exercise_id"":""69cd6bd3ab6664f425834c87"",""exercise_name"":""Pullover com halteres"",""rest_seconds"":60},{""reps"":""12"",""notes"":"""",""sets"":3,""exercise_id"":""69cd75685aa567d23f4a00d3"",""exercise_name"":""Tríceps banco"",""rest_seconds"":60},{""reps"":""12"",""notes"":"""",""sets"":3,""exercise_id"":""69cd6b92e451d61a45beeebb"",""exercise_name"":""Crucifixo"",""rest_seconds"":60},{""reps"":""12"",""notes"":"""",""sets"":3,""exercise_id"":""69cd75382540af37c5632bd7"",""exercise_name"":""Paralelas"",""rest_seconds"":60},{""reps"":""12"",""notes"":"""",""sets"":3,""exercise_id"":""69cd6b402540af37c5632668"",""exercise_name"":""Supino inclinado"",""rest_seconds"":60},{""reps"":""12"",""notes"":"""",""sets"":3,""exercise_id"":""69cd75aacd66880e44501e35"",""exercise_name"":""Tríceps testa"",""rest_seconds"":60},{""reps"":""12"",""notes"":"""",""sets"":3,""exercise_id"":""69cd75503f5bfd64549bc669"",""exercise_name"":""Flexão diamante"",""rest_seconds"":60},{""reps"":""12"",""notes"":"""",""sets"":3,""exercise_id"":""6a0cdd78b6fe169f48dd981f"",""exercise_name"":""ABDOMINAL REMADOR"",""rest_seconds"":60}]","","6a1f17c025cad254d07827e1","true","Ricardo Penna","peito , triceps","6a272bf8227f64d7d263fa90","2026-06-08T20:54:16.536000","2026-06-08T20:54:16.537000","6a022607bb02a8665b64833c","ricardo.pennar2@gmail.com","false"
"Janise Fontenelle","A","","[{""reps"":""12"",""notes"":"""",""sets"":3,""exercise_id"":""69cd76ddb7fbb4f0d31cd232"",""exercise_name"":""Cadeira  Abdutora"",""rest_seconds"":60},{""reps"":""12"",""notes"":"""",""sets"":3,""exercise_id"":""69cd71b22540af37c56329aa"",""exercise_name"":""Cadeira extensora"",""rest_seconds"":60},{""reps"":""12"",""notes"":"""",""sets"":3,""exercise_id"":""69cd71cfc8efc4703e2c9f2e"",""exercise_name"":""Mesa flexora"",""rest_seconds"":60},{""reps"":""12"",""notes"":"""",""sets"":3,""exercise_id"":""69cd709afb5ca90f00a53d35"",""exercise_name"":""Leg press"",""rest_seconds"":60},{""reps"":""12"",""notes"":"""",""sets"":3,""exercise_id"":""69cd76ddb7fbb4f0d31cd232"",""exercise_name"":""Cadeira  Abdutora"",""rest_seconds"":60},{""reps"":""12"",""notes"":"""",""sets"":3,""exercise_id"":""6a0cda3a462831019f911c59"",""exercise_name"":""ABDOMINAL TRADICIONAL"",""rest_seconds"":60}]","","69cab4ad6a367eee7bbc4726","true","Ricardo Penna","Pernas ","6a271c1bdeba9bebb0fb2b96","2026-06-08T19:46:35.837000","2026-06-08T19:46:35.837000","6a022607bb02a8665b64833c","ricardo.pennar2@gmail.com","false"
"Jhonathan Hebert Pereira Souza Silva","A","","[{""reps"":""12"",""notes"":"""",""sets"":3,""exercise_id"":""69cd6f41e1c92870b493803c"",""exercise_name"":""Puxada Alta"",""rest_seconds"":60},{""reps"":""12"",""notes"":"""",""sets"":3,""exercise_id"":""69cd73326c800884fba249d2"",""exercise_name"":""Rosca direta com barra reta ou W"",""rest_seconds"":60},{""reps"":""12"",""notes"":"""",""sets"":3,""exercise_id"":""69cd6dc12c1bd27d14b2300a"",""exercise_name"":""Elevação frontal com halteres"",""rest_seconds"":60},{""reps"":""12"",""notes"":"""",""sets"":3,""exercise_id"":""69cd6f8c1fe5a2d60f1ebd3f"",""exercise_name"":""Pull down"",""rest_seconds"":60},{""reps"":""12"",""notes"":"""",""sets"":3,""exercise_id"":""69cd73a6866e274fbb225fe1"",""exercise_name"":""Rosca direta na polia"",""rest_seconds"":60},{""reps"":""12"",""notes"":"""",""sets"":3,""exercise_id"":""69cd6d538c6bcd3ee0b47fab"",""exercise_name"":""Elevação lateral com halteres"",""rest_seconds"":60},{""reps"":""12"",""notes"":"""",""sets"":3,""exercise_id"":""69cd6ff95e6fe9d7a1721f5b"",""exercise_name"":""Voador invertido"",""rest_seconds"":60},{""reps"":""12"",""notes"":"""",""sets"":3,""exercise_id"":""69cd740e847f11504f93d88d"",""exercise_name"":""Rosca alternada"",""rest_seconds"":60},{""reps"":""12"",""notes"":"""",""sets"":3,""exercise_id"":""6a0cda3a462831019f911c59"",""exercise_name"":""ABDOMINAL TRADICIONAL"",""rest_seconds"":60}]","","6a1f17c025cad254d07827e1","true","Ricardo Penna","costa, bíceps ombro","6a20957703aa9f8f6f54a627","2026-06-03T20:58:31.219000","2026-06-03T20:58:31.219000","6a022607bb02a8665b64833c","ricardo.pennar2@gmail.com","false"
"Marcio Junio Rodrigues de Freitas","A","","[{""reps"":""12"",""notes"":"""",""sets"":3,""exercise_id"":""69cd74edd5e15994b897d3fc"",""exercise_name"":""Tríceps com barra reta ou W"",""rest_seconds"":60},{""reps"":""12"",""notes"":"""",""sets"":3,""exercise_id"":""69cd6baa693785af67693c56"",""exercise_name"":""Supino máquina"",""rest_seconds"":60},{""reps"":""12"",""notes"":"""",""sets"":3,""exercise_id"":""69cd764eb7656ea232b16d06"",""exercise_name"":""Elevação de panturrilhas em pé com o peso do corpo"",""rest_seconds"":60},{""reps"":""12"",""notes"":"""",""sets"":3,""exercise_id"":""69cd75685aa567d23f4a00d3"",""exercise_name"":""Tríceps banco"",""rest_seconds"":60},{""reps"":""12"",""notes"":"""",""sets"":3,""exercise_id"":""69cd6b92e451d61a45beeebb"",""exercise_name"":""Crucifixo"",""rest_seconds"":60},{""reps"":""12"",""notes"":"""",""sets"":3,""exercise_id"":""69cd763627eaf7f242cfd309"",""exercise_name"":""Elevação de panturrilhas no leg press"",""rest_seconds"":60},{""reps"":""12"",""notes"":"""",""sets"":3,""exercise_id"":""69cd75aacd66880e44501e35"",""exercise_name"":""Tríceps testa"",""rest_seconds"":60},{""reps"":""12"",""notes"":"""",""sets"":3,""exercise_id"":""69cd75382540af37c5632bd7"",""exercise_name"":""Paralelas"",""rest_seconds"":60}]","","69cab4fdb65777e18fa16281","true","Ricardo Penna","peito, tríceps , panturillha","6a1f2d3a0857e20ce24f4c75","2026-06-02T19:21:30.354000","2026-06-02T19:21:30.354000","6a022607bb02a8665b64833c","ricardo.pennar2@gmail.com","false"
"Hérika Pabline Lima Veras","B","","[{""reps"":""12"",""notes"":"""",""sets"":3,""exercise_id"":""69cd76ddb7fbb4f0d31cd232"",""exercise_name"":""Cadeira  Abdutora"",""rest_seconds"":60},{""reps"":""12"",""notes"":"""",""sets"":3,""exercise_id"":""69cd7281ec9c78705ddd66d1"",""exercise_name"":""Agachamento sumô"",""rest_seconds"":60},{""reps"":""12"",""notes"":"""",""sets"":3,""exercise_id"":""69cd71cfc8efc4703e2c9f2e"",""exercise_name"":""Mesa flexora"",""rest_seconds"":60},{""reps"":""12"",""notes"":"""",""sets"":3,""exercise_id"":""69cd6f41e1c92870b493803c"",""exercise_name"":""Puxada Alta"",""rest_seconds"":60},{""reps"":""12"",""notes"":"""",""sets"":3,""exercise_id"":""69cd740e847f11504f93d88d"",""exercise_name"":""Rosca alternada"",""rest_seconds"":60},{""reps"":""12"",""notes"":"""",""sets"":3,""exercise_id"":""69cd707dad58c582b333e904"",""exercise_name"":""Agachamento búlgaro"",""rest_seconds"":60},{""reps"":""12"",""notes"":"""",""sets"":3,""exercise_id"":""69cd6f8c1fe5a2d60f1ebd3f"",""exercise_name"":""Pull down"",""rest_seconds"":60},{""reps"":""12"",""notes"":"""",""sets"":3,""exercise_id"":""69cd6dc12c1bd27d14b2300a"",""exercise_name"":""Elevação frontal com halteres"",""rest_seconds"":60},{""reps"":""12"",""notes"":"""",""sets"":3,""exercise_id"":""69cd7373d3ddade772565222"",""exercise_name"":""Rosca simultânea"",""rest_seconds"":60}]","","6a15d611390b03b5280412b4","true","Ricardo Penna","costas, bíceps ombros e gluteos","6a1f2b9f44e40658f4407468","2026-06-02T19:14:39.706000","2026-06-02T19:14:39.706000","6a022607bb02a8665b64833c","ricardo.pennar2@gmail.com","false"
"Marília da Silva Oliveira ","A","","[{""reps"":""12"",""notes"":"""",""sets"":3,""exercise_id"":""69cd709afb5ca90f00a53d35"",""exercise_name"":""Leg press"",""rest_seconds"":60},{""reps"":""12"",""notes"":"""",""sets"":3,""exercise_id"":""69cd71b22540af37c56329aa"",""exercise_name"":""Cadeira extensora"",""rest_seconds"":60},{""reps"":""12"",""notes"":"""",""sets"":3,""exercise_id"":""69cd715045afac563269bc36"",""exercise_name"":""Afundo"",""rest_seconds"":60},{""reps"":""12"",""notes"":"""",""sets"":3,""exercise_id"":""69cd76ddb7fbb4f0d31cd232"",""exercise_name"":""Cadeira  Abdutora"",""rest_seconds"":60},{""reps"":""12"",""notes"":"""",""sets"":3,""exercise_id"":""69cd6baa693785af67693c56"",""exercise_name"":""Supino máquina"",""rest_seconds"":60},{""reps"":""12"",""notes"":"""",""sets"":3,""exercise_id"":""69cd74edd5e15994b897d3fc"",""exercise_name"":""Tríceps com barra reta ou W"",""rest_seconds"":60},{""reps"":""12"",""notes"":"""",""sets"":3,""exercise_id"":""69cd6be2fd49897f0bd3aee1"",""exercise_name"":""Voador ou peck deck"",""rest_seconds"":60},{""reps"":""12"",""notes"":"""",""sets"":3,""exercise_id"":""69cd74d135643c0b6e1fdc90"",""exercise_name"":""Tríceps francês"",""rest_seconds"":60},{""reps"":""12"",""notes"":"""",""sets"":3,""exercise_id"":""69d3cf544c5fcf472312165d"",""exercise_name"":""Prancha"",""rest_seconds"":60},{""reps"":""12"",""notes"":"""",""sets"":3,""exercise_id"":""69cd763627eaf7f242cfd309"",""exercise_name"":""Elevação de panturrilhas no leg press"",""rest_seconds"":60}]","","6a15d57c344b691a4877ca97","true","Ricardo Penna","quadriceps, peito , tríceps ","6a1df87dd946b3789d7c0335","2026-06-01T21:24:13.827000","2026-06-25T21:24:21.227000","6a022607bb02a8665b64833c","ricardo.pennar2@gmail.com","false"
"Ádina Lorraíne Souza da Silva Coêlho","A","","[{""reps"":""12"",""notes"":"""",""sets"":3,""exercise_id"":""69cd709afb5ca90f00a53d35"",""exercise_name"":""Leg press"",""rest_seconds"":60},{""reps"":""12"",""notes"":"""",""sets"":3,""exercise_id"":""69cd71b22540af37c56329aa"",""exercise_name"":""Cadeira extensora"",""rest_seconds"":60},{""reps"":""12"",""notes"":"""",""sets"":3,""exercise_id"":""69cd6baa693785af67693c56"",""exercise_name"":""Supino máquina"",""rest_seconds"":60},{""reps"":""12"",""notes"":"""",""sets"":3,""exercise_id"":""69cd74edd5e15994b897d3fc"",""exercise_name"":""Tríceps com barra reta ou W"",""rest_seconds"":60},{""reps"":""12"",""notes"":"""",""sets"":3,""exercise_id"":""69cd6be2fd49897f0bd3aee1"",""exercise_name"":""Voador ou peck deck"",""rest_seconds"":60},{""reps"":""12"",""notes"":"""",""sets"":3,""exercise_id"":""69cd74d135643c0b6e1fdc90"",""exercise_name"":""Tríceps francês"",""rest_seconds"":60},{""reps"":""12"",""notes"":"""",""sets"":3,""exercise_id"":""69cd76ddb7fbb4f0d31cd232"",""exercise_name"":""Cadeira  Abdutora"",""rest_seconds"":60},{""reps"":""12"",""notes"":"""",""sets"":3,""exercise_id"":""69d3cf544c5fcf472312165d"",""exercise_name"":""Prancha"",""rest_seconds"":60}]","","69cab49326fbff187dc4d24d","true","Ricardo Penna","Quadríceps, peito, tríceps ","6a1df59f88bd00e0e022c9df","2026-06-01T21:11:59.146000","2026-06-01T21:11:59.146000","6a022607bb02a8665b64833c","ricardo.pennar2@gmail.com","false"
"Hérika Pabline Lima Veras","A","","[{""reps"":""12"",""notes"":"""",""sets"":3,""exercise_id"":""69cd71b22540af37c56329aa"",""exercise_name"":""Cadeira extensora"",""rest_seconds"":60},{""reps"":""12"",""notes"":"""",""sets"":3,""exercise_id"":""69cd709afb5ca90f00a53d35"",""exercise_name"":""Leg press"",""rest_seconds"":60},{""reps"":""12"",""notes"":"""",""sets"":3,""exercise_id"":""69cd6baa693785af67693c56"",""exercise_name"":""Supino máquina"",""rest_seconds"":60},{""reps"":""12"",""notes"":"""",""sets"":3,""exercise_id"":""69cd74edd5e15994b897d3fc"",""exercise_name"":""Tríceps com barra reta ou W"",""rest_seconds"":60},{""reps"":""12"",""notes"":"""",""sets"":3,""exercise_id"":""69cd715045afac563269bc36"",""exercise_name"":""Afundo"",""rest_seconds"":60},{""reps"":""12"",""notes"":"""",""sets"":3,""exercise_id"":""69cd6be2fd49897f0bd3aee1"",""exercise_name"":""Voador ou peck deck"",""rest_seconds"":60},{""reps"":""12"",""notes"":"""",""sets"":3,""exercise_id"":""69cd74d135643c0b6e1fdc90"",""exercise_name"":""Tríceps francês"",""rest_seconds"":60},{""reps"":""12"",""notes"":"""",""sets"":3,""exercise_id"":""69d3cf544c5fcf472312165d"",""exercise_name"":""Prancha"",""rest_seconds"":60}]","","6a15d611390b03b5280412b4","true","Ricardo Penna","quadríceps, peito, tríceps ","6a1ddc7bc91cbbfb41d3bea4","2026-06-01T19:24:43.712000","2026-06-01T19:24:43.712000","6a022607bb02a8665b64833c","ricardo.pennar2@gmail.com","false"
"Giovanna Alves Guardiere ","B","","[{""reps"":""12"",""notes"":"""",""sets"":3,""exercise_id"":""69cd6baa693785af67693c56"",""exercise_name"":""Supino máquina"",""rest_seconds"":60},{""reps"":""12"",""notes"":"""",""sets"":3,""exercise_id"":""69cd76ddb7fbb4f0d31cd232"",""exercise_name"":""Cadeira  Abdutora"",""rest_seconds"":60},{""reps"":""12"",""notes"":"""",""sets"":3,""exercise_id"":""69cd74edd5e15994b897d3fc"",""exercise_name"":""Tríceps com barra reta ou W"",""rest_seconds"":60},{""reps"":""12"",""notes"":"""",""sets"":3,""exercise_id"":""69cd6be2fd49897f0bd3aee1"",""exercise_name"":""Voador ou peck deck"",""rest_seconds"":60},{""reps"":""12"",""notes"":"""",""sets"":3,""exercise_id"":""69cd71cfc8efc4703e2c9f2e"",""exercise_name"":""Mesa flexora"",""rest_seconds"":60},{""reps"":""12"",""notes"":"""",""sets"":3,""exercise_id"":""69cd715045afac563269bc36"",""exercise_name"":""Afundo"",""rest_seconds"":60},{""reps"":""12"",""notes"":"""",""sets"":3,""exercise_id"":""69cd75aacd66880e44501e35"",""exercise_name"":""Tríceps testa"",""rest_seconds"":60},{""reps"":""12"",""notes"":"""",""sets"":3,""exercise_id"":""6a0cda3a462831019f911c59"",""exercise_name"":""ABDOMINAL TRADICIONAL"",""rest_seconds"":60},{""reps"":""12"",""notes"":"""",""sets"":3,""exercise_id"":""69cd6d538c6bcd3ee0b47fab"",""exercise_name"":""Elevação lateral com halteres"",""rest_seconds"":60},{""reps"":""20"",""notes"":"""",""sets"":3,""exercise_id"":""6a04ff8fca150300c5726952"",""exercise_name"":""POLI CHINELO"",""rest_seconds"":60}]","","69fc846f76670092689fba5b","true","Ricardo Penna","gluteos, peito, tríceps","6a18a3a0a3493a90d7f23ab9","2026-05-28T20:20:48.246000","2026-06-09T19:58:45.869000","6a022607bb02a8665b64833c","ricardo.pennar2@gmail.com","false"
"Giovanna Alves Guardiere ","A","","[{""reps"":""12"",""notes"":"""",""sets"":3,""exercise_id"":""69cd70be0278d3cfe925ac89"",""exercise_name"":""Agachamento hack"",""rest_seconds"":60},{""reps"":""12"",""notes"":"""",""sets"":3,""exercise_id"":""69cd6f41e1c92870b493803c"",""exercise_name"":""Puxada Alta"",""rest_seconds"":60},{""reps"":""12"",""notes"":"""",""sets"":3,""exercise_id"":""69cd740e847f11504f93d88d"",""exercise_name"":""Rosca alternada"",""rest_seconds"":60},{""reps"":""12"",""notes"":"""",""sets"":3,""exercise_id"":""69cd709afb5ca90f00a53d35"",""exercise_name"":""Leg press"",""rest_seconds"":60},{""reps"":""12"",""notes"":"""",""sets"":3,""exercise_id"":""69cd6f5bbb933aa1b03589f2"",""exercise_name"":""Remada curvada"",""rest_seconds"":60},{""reps"":""12"",""notes"":"""",""sets"":3,""exercise_id"":""69cd71b22540af37c56329aa"",""exercise_name"":""Cadeira extensora"",""rest_seconds"":60},{""reps"":""12"",""notes"":"""",""sets"":3,""exercise_id"":""69cd763627eaf7f242cfd309"",""exercise_name"":""Elevação de panturrilhas no leg press"",""rest_seconds"":60},{""reps"":""12"",""notes"":"""",""sets"":3,""exercise_id"":""69cd6dc12c1bd27d14b2300a"",""exercise_name"":""Elevação frontal com halteres"",""rest_seconds"":60},{""reps"":""12"",""notes"":"""",""sets"":3,""exercise_id"":""6a0cda3a462831019f911c59"",""exercise_name"":""ABDOMINAL TRADICIONAL"",""rest_seconds"":60}]","","69fc846f76670092689fba5b","true","Ricardo Penna","quadriceps, costas, biceps","6a18a2bd026fba7fdbbcb77c","2026-05-28T20:17:01.511000","2026-06-09T19:57:38.713000","6a022607bb02a8665b64833c","ricardo.pennar2@gmail.com","false"
"Antonino Batista Júnior","B","","[{""reps"":""12"",""notes"":"""",""sets"":3,""exercise_id"":""69cd6bbdecf967c17dd640c4"",""exercise_name"":""Paralelas"",""rest_seconds"":60},{""reps"":""12"",""notes"":"""",""sets"":3,""exercise_id"":""69cd75685aa567d23f4a00d3"",""exercise_name"":""Tríceps banco"",""rest_seconds"":60},{""reps"":""12"",""notes"":"""",""sets"":3,""exercise_id"":""6a0cddb23c2b7db7bfa4594c"",""exercise_name"":""ABDOMINAL INFRA"",""rest_seconds"":60},{""reps"":""12"",""notes"":"""",""sets"":3,""exercise_id"":""69cd6baa693785af67693c56"",""exercise_name"":""Supino máquina"",""rest_seconds"":60},{""reps"":""12"",""notes"":"""",""sets"":3,""exercise_id"":""69cd75aacd66880e44501e35"",""exercise_name"":""Tríceps testa"",""rest_seconds"":60},{""reps"":""12"",""notes"":"""",""sets"":3,""exercise_id"":""6a0cdd78b6fe169f48dd981f"",""exercise_name"":""ABDOMINAL REMADOR"",""rest_seconds"":60},{""reps"":""12"",""notes"":"""",""sets"":3,""exercise_id"":""69cd6b5be3fff453e065ca04"",""exercise_name"":""Supino reto"",""rest_seconds"":60},{""reps"":""12"",""notes"":"""",""sets"":3,""exercise_id"":""69cd74edd5e15994b897d3fc"",""exercise_name"":""Tríceps com barra reta ou W"",""rest_seconds"":60}]","","69cab53d8efef97e8a0f03b3","true","Ricardo Penna","peito triceps abdominal","6a18a1d8ff6196c7576bd327","2026-05-28T20:13:12.137000","2026-05-28T20:13:12.137000","6a022607bb02a8665b64833c","ricardo.pennar2@gmail.com","false"
"Antonino Batista Júnior","A","","[{""reps"":""12"",""notes"":"""",""sets"":3,""exercise_id"":""69cd6f41e1c92870b493803c"",""exercise_name"":""Puxada Alta"",""rest_seconds"":60},{""reps"":""12"",""notes"":"""",""sets"":3,""exercise_id"":""69cd73a6866e274fbb225fe1"",""exercise_name"":""Rosca direta na polia"",""rest_seconds"":60},{""reps"":""12"",""notes"":"""",""sets"":3,""exercise_id"":""69cd6dc12c1bd27d14b2300a"",""exercise_name"":""Elevação frontal com halteres"",""rest_seconds"":60},{""reps"":""12"",""notes"":"""",""sets"":3,""exercise_id"":""69cd6f75cc298c4286679f5b"",""exercise_name"":""Remada serrote"",""rest_seconds"":60},{""reps"":""12"",""notes"":"""",""sets"":3,""exercise_id"":""69cd740e847f11504f93d88d"",""exercise_name"":""Rosca alternada"",""rest_seconds"":60},{""reps"":""12"",""notes"":"""",""sets"":3,""exercise_id"":""69cd6d1ca3816bacb1f1ee2b"",""exercise_name"":""Desenvolvimento com halteres"",""rest_seconds"":60},{""reps"":""12"",""notes"":"""",""sets"":3,""exercise_id"":""69cd6ff95e6fe9d7a1721f5b"",""exercise_name"":""Voador invertido"",""rest_seconds"":60},{""reps"":""12"",""notes"":"""",""sets"":3,""exercise_id"":""69cd7454b6c01fae7729b723"",""exercise_name"":""Rosca martelo"",""rest_seconds"":60},{""reps"":""12"",""notes"":"""",""sets"":3,""exercise_id"":""69cd6e6e9c64015d8c59e8f9"",""exercise_name"":""Remada alta com halteres"",""rest_seconds"":60},{""reps"":""12"",""notes"":"""",""sets"":3,""exercise_id"":""6a0cdd78b6fe169f48dd981f"",""exercise_name"":""ABDOMINAL REMADOR"",""rest_seconds"":60}]","","69cab53d8efef97e8a0f03b3","true","Ricardo Penna","costas, biceps e ombro","6a189f0ce2f1ce9176ca2122","2026-05-28T20:01:16.933000","2026-05-28T20:01:16.933000","6a022607bb02a8665b64833c","ricardo.pennar2@gmail.com","false"
"Antônio Gabriel Marcimiano de Moraes","A","","[{""reps"":""12"",""notes"":"""",""sets"":3,""exercise_id"":""69cd6f8c1fe5a2d60f1ebd3f"",""exercise_name"":""Pull down"",""rest_seconds"":60},{""reps"":""12"",""notes"":"""",""sets"":3,""exercise_id"":""69cd6fce3e9dd45e648f37c0"",""exercise_name"":""Encolhimento"",""rest_seconds"":60},{""reps"":""12"",""notes"":"""",""sets"":3,""exercise_id"":""69cd740e847f11504f93d88d"",""exercise_name"":""Rosca alternada"",""rest_seconds"":60},{""reps"":""12"",""notes"":"""",""sets"":3,""exercise_id"":""69cd6d538c6bcd3ee0b47fab"",""exercise_name"":""Elevação lateral com halteres"",""rest_seconds"":60},{""reps"":""12"",""notes"":"""",""sets"":3,""exercise_id"":""69cd6f41e1c92870b493803c"",""exercise_name"":""Puxada Alta"",""rest_seconds"":60},{""reps"":""12"",""notes"":"""",""sets"":3,""exercise_id"":""69cd740e847f11504f93d88d"",""exercise_name"":""Rosca alternada"",""rest_seconds"":60},{""reps"":""12"",""notes"":"""",""sets"":3,""exercise_id"":""69cd6dc12c1bd27d14b2300a"",""exercise_name"":""Elevação frontal com halteres"",""rest_seconds"":60},{""reps"":""12"",""notes"":"""",""sets"":3,""exercise_id"":""6a0cda3a462831019f911c59"",""exercise_name"":""ABDOMINAL TRADICIONAL"",""rest_seconds"":60}]","","69cab5533f4cbe4cc715f000","true","Ricardo Penna","costas, biceps, ombro","6a17566845c39fb17a3917b7","2026-05-27T20:39:04.616000","2026-05-27T20:40:24.961000","6a022607bb02a8665b64833c","ricardo.pennar2@gmail.com","false"
"Caio César Silva Oliveira","C","","[{""reps"":""12"",""notes"":"""",""sets"":3,""exercise_id"":""69cd709afb5ca90f00a53d35"",""exercise_name"":""Leg press"",""rest_seconds"":60},{""reps"":""12"",""notes"":"""",""sets"":3,""exercise_id"":""69cd71b22540af37c56329aa"",""exercise_name"":""Cadeira extensora"",""rest_seconds"":60},{""reps"":""12"",""notes"":"""",""sets"":3,""exercise_id"":""69cd70be0278d3cfe925ac89"",""exercise_name"":""Agachamento hack"",""rest_seconds"":60},{""reps"":""12"",""notes"":"""",""sets"":3,""exercise_id"":""69cd71cfc8efc4703e2c9f2e"",""exercise_name"":""Mesa flexora"",""rest_seconds"":60},{""reps"":""12"",""notes"":"""",""sets"":3,""exercise_id"":""69cd715045afac563269bc36"",""exercise_name"":""Afundo"",""rest_seconds"":60},{""reps"":""12"",""notes"":"""",""sets"":3,""exercise_id"":""69cd71f72297d5b6a89949f1"",""exercise_name"":""Levantamento terra sumô"",""rest_seconds"":60},{""reps"":""12"",""notes"":"""",""sets"":3,""exercise_id"":""69d3cf544c5fcf472312165d"",""exercise_name"":""Prancha"",""rest_seconds"":60}]","","69cab5528917bc7d06ec9f36","true","Ricardo Penna","pernas","6a175518c3a8019dccebfe4c","2026-05-27T20:33:28.474000","2026-05-27T20:33:28.474000","6a022607bb02a8665b64833c","ricardo.pennar2@gmail.com","false"
"Natalya Rodrigues Pereira","B","","[{""reps"":""12"",""notes"":"""",""sets"":3,""exercise_id"":""69cd6baa693785af67693c56"",""exercise_name"":""Supino máquina"",""rest_seconds"":60},{""reps"":""12"",""notes"":"""",""sets"":3,""exercise_id"":""69cd74b82a9c6735fb309df1"",""exercise_name"":""Tríceps corda"",""rest_seconds"":60},{""reps"":""12"",""notes"":"""",""sets"":3,""exercise_id"":""69cd6b92e451d61a45beeebb"",""exercise_name"":""Crucifixo"",""rest_seconds"":60},{""reps"":""12"",""notes"":"""",""sets"":3,""exercise_id"":""69cd74edd5e15994b897d3fc"",""exercise_name"":""Tríceps com barra reta ou W"",""rest_seconds"":60},{""reps"":""12"",""notes"":"""",""sets"":3,""exercise_id"":""69cd7188ea1b26aa6c31dd26"",""exercise_name"":""Elevação pélvica com barra"",""rest_seconds"":60},{""reps"":""12"",""notes"":"""",""sets"":3,""exercise_id"":""69cd715045afac563269bc36"",""exercise_name"":""Afundo"",""rest_seconds"":60},{""reps"":""12"",""notes"":"""",""sets"":3,""exercise_id"":""69cd76ddb7fbb4f0d31cd232"",""exercise_name"":""Cadeira  Abdutora"",""rest_seconds"":60},{""reps"":""12"",""notes"":"""",""sets"":3,""exercise_id"":""69d3cf544c5fcf472312165d"",""exercise_name"":""Prancha"",""rest_seconds"":60}]","","69cab4965bbd1a25efdeafad","true","Ricardo Penna","peito, tríceps , gluteos","6a1611e131cd38ab418e8318","2026-05-26T21:34:25.030000","2026-05-26T21:34:56.705000","6a022607bb02a8665b64833c","ricardo.pennar2@gmail.com","false"
"Edjane Martins Silva","A","","[{""reps"":""12"",""notes"":"""",""sets"":3,""exercise_id"":""69cd6dc12c1bd27d14b2300a"",""exercise_name"":""Elevação frontal com halteres"",""rest_seconds"":60},{""reps"":""12"",""notes"":"""",""sets"":3,""exercise_id"":""69cd6fa2eb8cfccfe547b258"",""exercise_name"":""Remada baixa"",""rest_seconds"":60},{""reps"":""12"",""notes"":"""",""sets"":3,""exercise_id"":""69cd6ff95e6fe9d7a1721f5b"",""exercise_name"":""Voador invertido"",""rest_seconds"":60},{""reps"":""12"",""notes"":"""",""sets"":3,""exercise_id"":""69cd6d538c6bcd3ee0b47fab"",""exercise_name"":""Elevação lateral com halteres"",""rest_seconds"":60},{""reps"":""12"",""notes"":"""",""sets"":3,""exercise_id"":""69cd76ddb7fbb4f0d31cd232"",""exercise_name"":""Cadeira  Abdutora"",""rest_seconds"":60},{""reps"":""12"",""notes"":"""",""sets"":3,""exercise_id"":""69cd76f96251313683966e3b"",""exercise_name"":""Passada lateral"",""rest_seconds"":60},{""reps"":""12"",""notes"":"""",""sets"":3,""exercise_id"":""69cd7188ea1b26aa6c31dd26"",""exercise_name"":""Elevação pélvica com barra"",""rest_seconds"":60},{""reps"":""12"",""notes"":"""",""sets"":3,""exercise_id"":""69d3cf544c5fcf472312165d"",""exercise_name"":""Prancha"",""rest_seconds"":60}]","","69cab5525a1b6e998a75de7e","true","Ricardo Penna","ombro , costas, quadriceps","6a16060277ccec6ab2a7b46d","2026-05-26T20:43:46.553000","2026-05-26T22:14:55.743000","6a022607bb02a8665b64833c","ricardo.pennar2@gmail.com","false"
"Darcilete Mendes Lopes Paiva","A","","[{""reps"":""12"",""notes"":"""",""sets"":12,""exercise_id"":""69cd709afb5ca90f00a53d35"",""exercise_name"":""Leg press"",""rest_seconds"":90},{""reps"":""12"",""notes"":"""",""sets"":4,""exercise_id"":""69cd71b22540af37c56329aa"",""exercise_name"":""Cadeira extensora"",""rest_seconds"":90},{""reps"":""12"",""notes"":"""",""sets"":4,""exercise_id"":""69cd715045afac563269bc36"",""exercise_name"":""Afundo"",""rest_seconds"":90},{""reps"":""12"",""notes"":"""",""sets"":4,""exercise_id"":""69cd70436d79d78e8bfad975"",""exercise_name"":""Agachamento livre"",""rest_seconds"":90},{""reps"":""12"",""notes"":"""",""sets"":3,""exercise_id"":""69cd6d538c6bcd3ee0b47fab"",""exercise_name"":""Elevação lateral com halteres"",""rest_seconds"":60},{""reps"":""12"",""notes"":"""",""sets"":3,""exercise_id"":""69cd6ea6fb22e868e8c19a8b"",""exercise_name"":""Voador invertido"",""rest_seconds"":60}]","","69e249c31892c6923891c36c","true","Diego Lopes","Membros Inferiores e Ombro","6a1595eec07f0b97d1899d03","2026-05-26T12:45:34.148000","2026-05-26T12:46:12.100000","69f1eb700a436ea3154e74a6","diegolopes5660@gmail.com","false"
"Darcilete Mendes Lopes Paiva","B","","[{""reps"":""12"",""notes"":"""",""sets"":4,""exercise_id"":""69cd71f72297d5b6a89949f1"",""exercise_name"":""Levantamento terra sumô"",""rest_seconds"":90},{""reps"":""12"",""notes"":"""",""sets"":4,""exercise_id"":""69cd71cfc8efc4703e2c9f2e"",""exercise_name"":""Mesa flexora"",""rest_seconds"":90},{""reps"":""12"",""notes"":"""",""sets"":4,""exercise_id"":""69cd76ddb7fbb4f0d31cd232"",""exercise_name"":""Cadeira  Abdutora"",""rest_seconds"":90},{""reps"":""12"",""notes"":"""",""sets"":4,""exercise_id"":""69cd70ded900c90448754081"",""exercise_name"":""Stiff"",""rest_seconds"":90},{""reps"":""12"",""notes"":"""",""sets"":3,""exercise_id"":""69cd74edd5e15994b897d3fc"",""exercise_name"":""Tríceps com barra reta ou W"",""rest_seconds"":60},{""reps"":""12"",""notes"":"""",""sets"":3,""exercise_id"":""69cd74b82a9c6735fb309df1"",""exercise_name"":""Tríceps corda"",""rest_seconds"":60}]","","69e249c31892c6923891c36c","true","Diego Lopes","Membros Inferiores","6a159491e3b59947686b4462","2026-05-26T12:39:45.624000","2026-05-26T14:50:43.854000","69f1eb700a436ea3154e74a6","diegolopes5660@gmail.com","false"
"Sophia Lannah Beatriz Ferreira de Sousa","A","","[{""reps"":""12"",""notes"":"""",""sets"":3,""exercise_id"":""69cd71b22540af37c56329aa"",""exercise_name"":""Cadeira extensora"",""rest_seconds"":60},{""reps"":""12"",""notes"":"""",""sets"":3,""exercise_id"":""69cd71cfc8efc4703e2c9f2e"",""exercise_name"":""Mesa flexora"",""rest_seconds"":60},{""reps"":""12"",""notes"":"""",""sets"":3,""exercise_id"":""69cd709afb5ca90f00a53d35"",""exercise_name"":""Leg press"",""rest_seconds"":60},{""reps"":""12"",""notes"":"""",""sets"":3,""exercise_id"":""69cd76ddb7fbb4f0d31cd232"",""exercise_name"":""Cadeira  Abdutora"",""rest_seconds"":60},{""reps"":""12"",""notes"":"""",""sets"":3,""exercise_id"":""69cd6fbabe2b44038f6be35f"",""exercise_name"":""Barra fixa supinada (chin up)"",""rest_seconds"":60},{""reps"":""12"",""notes"":"""",""sets"":3,""exercise_id"":""69cd74b82a9c6735fb309df1"",""exercise_name"":""Tríceps corda"",""rest_seconds"":60},{""reps"":""12"",""notes"":"""",""sets"":3,""exercise_id"":""69cd6f41e1c92870b493803c"",""exercise_name"":""Puxada Alta"",""rest_seconds"":60},{""reps"":""12"",""notes"":"""",""sets"":3,""exercise_id"":""69cd74edd5e15994b897d3fc"",""exercise_name"":""Tríceps com barra reta ou W"",""rest_seconds"":60},{""reps"":""12"",""notes"":"""",""sets"":3,""exercise_id"":""69d3cf544c5fcf472312165d"",""exercise_name"":""Prancha"",""rest_seconds"":60}]","","69cab498f494b0e0a3a2252c","true","Ricardo Penna","pernas, costas e biceps","6a14c020b3786a4a7cfaa293","2026-05-25T21:33:20.862000","2026-05-25T21:33:20.862000","6a022607bb02a8665b64833c","ricardo.pennar2@gmail.com","false"
"Natalya Rodrigues Pereira","A","","[{""reps"":""12"",""notes"":"""",""sets"":3,""exercise_id"":""69cd71b22540af37c56329aa"",""exercise_name"":""Cadeira extensora"",""rest_seconds"":60},{""reps"":""12"",""notes"":"""",""sets"":3,""exercise_id"":""69cd76ddb7fbb4f0d31cd232"",""exercise_name"":""Cadeira  Abdutora"",""rest_seconds"":60},{""reps"":""12"",""notes"":"""",""sets"":3,""exercise_id"":""69cd71cfc8efc4703e2c9f2e"",""exercise_name"":""Mesa flexora"",""rest_seconds"":60},{""reps"":""12"",""notes"":"""",""sets"":3,""exercise_id"":""69cd709afb5ca90f00a53d35"",""exercise_name"":""Leg press"",""rest_seconds"":60},{""reps"":""12"",""notes"":"""",""sets"":3,""exercise_id"":""69cd763627eaf7f242cfd309"",""exercise_name"":""Elevação de panturrilhas no leg press"",""rest_seconds"":60},{""reps"":""12"",""notes"":"""",""sets"":3,""exercise_id"":""69cd6f41e1c92870b493803c"",""exercise_name"":""Puxada Alta"",""rest_seconds"":60},{""reps"":""12"",""notes"":"""",""sets"":3,""exercise_id"":""69cd74b82a9c6735fb309df1"",""exercise_name"":""Tríceps corda"",""rest_seconds"":60},{""reps"":""12"",""notes"":"""",""sets"":3,""exercise_id"":""69cd6f8c1fe5a2d60f1ebd3f"",""exercise_name"":""Pull down"",""rest_seconds"":60},{""reps"":""12"",""notes"":"""",""sets"":3,""exercise_id"":""69cd74d135643c0b6e1fdc90"",""exercise_name"":""Tríceps francês"",""rest_seconds"":60},{""reps"":""12"",""notes"":"""",""sets"":3,""exercise_id"":""69d3cf544c5fcf472312165d"",""exercise_name"":""Prancha"",""rest_seconds"":60}]","","69cab4965bbd1a25efdeafad","true","Ricardo Penna","Pernas costas e tríceps ","6a14bc5c0fe8c48312c5b6ba","2026-05-25T21:17:16.309000","2026-05-25T21:17:49.434000","6a022607bb02a8665b64833c","ricardo.pennar2@gmail.com","false"
"Sallyan Vinhadeli Vasconcelos","A","","[{""reps"":""12"",""notes"":"""",""sets"":3,""exercise_id"":""69cd71b22540af37c56329aa"",""exercise_name"":""Cadeira extensora"",""rest_seconds"":60},{""reps"":""12"",""notes"":"""",""sets"":3,""exercise_id"":""69cd740e847f11504f93d88d"",""exercise_name"":""Rosca alternada"",""rest_seconds"":60},{""reps"":""12"",""notes"":"""",""sets"":3,""exercise_id"":""69cd71cfc8efc4703e2c9f2e"",""exercise_name"":""Mesa flexora"",""rest_seconds"":60},{""reps"":""12"",""notes"":"""",""sets"":3,""exercise_id"":""69cd76ddb7fbb4f0d31cd232"",""exercise_name"":""Cadeira  Abdutora"",""rest_seconds"":60},{""reps"":""12"",""notes"":"""",""sets"":3,""exercise_id"":""69cd74edd5e15994b897d3fc"",""exercise_name"":""Tríceps com barra reta ou W"",""rest_seconds"":60},{""reps"":""12"",""notes"":"""",""sets"":3,""exercise_id"":""69cd70be0278d3cfe925ac89"",""exercise_name"":""Agachamento hack"",""rest_seconds"":60},{""reps"":""12"",""notes"":"""",""sets"":3,""exercise_id"":""69d3cf544c5fcf472312165d"",""exercise_name"":""Prancha"",""rest_seconds"":60}]","","69cab48b4ae3b7f6a68fd706","true","Ricardo Penna","quadríceps. Peito , tríceps , ","6a10ae39d8e23b0c9a9f8ff4","2026-05-22T19:27:53.568000","2026-05-22T19:27:53.568000","6a022607bb02a8665b64833c","ricardo.pennar2@gmail.com","false"
"Antônio Gabriel Marcimiano de Moraes","B","","[{""reps"":""12"",""notes"":"""",""sets"":3,""exercise_id"":""69cd6baa693785af67693c56"",""exercise_name"":""Supino máquina"",""rest_seconds"":60},{""reps"":""12"",""notes"":"""",""sets"":3,""exercise_id"":""69cd75382540af37c5632bd7"",""exercise_name"":""Paralelas"",""rest_seconds"":60},{""reps"":""12"",""notes"":"""",""sets"":3,""exercise_id"":""69cd6b92e451d61a45beeebb"",""exercise_name"":""Crucifixo"",""rest_seconds"":60},{""reps"":""12"",""notes"":"""",""sets"":3,""exercise_id"":""69cd74edd5e15994b897d3fc"",""exercise_name"":""Tríceps com barra reta ou W"",""rest_seconds"":60},{""reps"":""12"",""notes"":"""",""sets"":3,""exercise_id"":""69cd6be2fd49897f0bd3aee1"",""exercise_name"":""Voador ou peck deck"",""rest_seconds"":60},{""reps"":""12"",""notes"":"""",""sets"":3,""exercise_id"":""69cd75685aa567d23f4a00d3"",""exercise_name"":""Tríceps banco"",""rest_seconds"":60},{""reps"":""12"",""notes"":"""",""sets"":3,""exercise_id"":""6a0cddb23c2b7db7bfa4594c"",""exercise_name"":""ABDOMINAL INFRA"",""rest_seconds"":60}]","","69cab5533f4cbe4cc715f000","true","Ricardo Penna","PEITO, TRÍCEPS","6a0f93685f1e1bb4beeddd45","2026-05-21T23:21:12.957000","2026-05-21T23:21:12.957000","6a022607bb02a8665b64833c","ricardo.pennar2@gmail.com","false"
"Antônio Gabriel Marcimiano de Moraes","C","","[{""reps"":""12"",""notes"":"""",""sets"":3,""exercise_id"":""69cd709afb5ca90f00a53d35"",""exercise_name"":""Leg press"",""rest_seconds"":60},{""reps"":""12"",""notes"":"""",""sets"":3,""exercise_id"":""69cd71b22540af37c56329aa"",""exercise_name"":""Cadeira extensora"",""rest_seconds"":60},{""reps"":""12"",""notes"":"""",""sets"":3,""exercise_id"":""69cd70be0278d3cfe925ac89"",""exercise_name"":""Agachamento hack"",""rest_seconds"":60},{""reps"":""12"",""notes"":"""",""sets"":3,""exercise_id"":""69cd71cfc8efc4703e2c9f2e"",""exercise_name"":""Mesa flexora"",""rest_seconds"":60},{""reps"":""12"",""notes"":"""",""sets"":3,""exercise_id"":""69cd715045afac563269bc36"",""exercise_name"":""Afundo"",""rest_seconds"":60},{""reps"":""12"",""notes"":"""",""sets"":3,""exercise_id"":""69cd71f72297d5b6a89949f1"",""exercise_name"":""Levantamento terra sumô"",""rest_seconds"":60},{""reps"":""12"",""notes"":"""",""sets"":3,""exercise_id"":""69d3cf544c5fcf472312165d"",""exercise_name"":""Prancha"",""rest_seconds"":60}]","","69cab5533f4cbe4cc715f000","true","Ricardo Penna","PERNA COMPLETO","6a0f6926f61df07114db1fcb","2026-05-21T20:20:54.946000","2026-05-21T23:18:15.571000","6a022607bb02a8665b64833c","ricardo.pennar2@gmail.com","false"
"Caio César Silva Oliveira","B","","[{""reps"":""12"",""notes"":"""",""sets"":3,""exercise_id"":""69cd6baa693785af67693c56"",""exercise_name"":""Supino máquina"",""rest_seconds"":60},{""reps"":""12"",""notes"":"""",""sets"":3,""exercise_id"":""69cd75382540af37c5632bd7"",""exercise_name"":""Paralelas"",""rest_seconds"":60},{""reps"":""12"",""notes"":"""",""sets"":3,""exercise_id"":""69cd6b92e451d61a45beeebb"",""exercise_name"":""Crucifixo"",""rest_seconds"":60},{""reps"":""12"",""notes"":"""",""sets"":3,""exercise_id"":""69cd74edd5e15994b897d3fc"",""exercise_name"":""Tríceps com barra reta ou W"",""rest_seconds"":60},{""reps"":""12"",""notes"":"""",""sets"":3,""exercise_id"":""69cd6be2fd49897f0bd3aee1"",""exercise_name"":""Voador ou peck deck"",""rest_seconds"":60},{""reps"":""12"",""notes"":"""",""sets"":3,""exercise_id"":""69cd75685aa567d23f4a00d3"",""exercise_name"":""Tríceps banco"",""rest_seconds"":60},{""reps"":""12"",""notes"":"""",""sets"":3,""exercise_id"":""6a0cda3a462831019f911c59"",""exercise_name"":""ABDOMINAL TRADICIONAL"",""rest_seconds"":60}]","","69cab5528917bc7d06ec9f36","true","Ricardo Penna","PEITO, TRICEPS","6a0f6799d8abb1b6c2ca0d8f","2026-05-21T20:14:17.783000","2026-05-21T23:13:12.791000","6a022607bb02a8665b64833c","ricardo.pennar2@gmail.com","false"
"Célia Maria da Silva Valadão","A","","[{""reps"":""12"",""notes"":"""",""sets"":3,""exercise_id"":""69cd71b22540af37c56329aa"",""exercise_name"":""Cadeira extensora"",""rest_seconds"":60},{""reps"":""12"",""notes"":"""",""sets"":3,""exercise_id"":""69cd7454b6c01fae7729b723"",""exercise_name"":""Rosca martelo"",""rest_seconds"":60},{""reps"":""12"",""notes"":"""",""sets"":3,""exercise_id"":""69cd76ddb7fbb4f0d31cd232"",""exercise_name"":""Cadeira  Abdutora"",""rest_seconds"":60},{""reps"":""12"",""notes"":"""",""sets"":3,""exercise_id"":""69cd709afb5ca90f00a53d35"",""exercise_name"":""Leg press"",""rest_seconds"":60},{""reps"":""12"",""notes"":"""",""sets"":3,""exercise_id"":""69cd73326c800884fba249d2"",""exercise_name"":""Rosca direta com barra reta ou W"",""rest_seconds"":60},{""reps"":""12"",""notes"":"""",""sets"":3,""exercise_id"":""69cd71cfc8efc4703e2c9f2e"",""exercise_name"":""Mesa flexora"",""rest_seconds"":60},{""reps"":""12"",""notes"":"""",""sets"":3,""exercise_id"":""69cd768177c6434f3f4fe3a2"",""exercise_name"":""Elevação de panturrilhas sentado na máquina"",""rest_seconds"":60},{""reps"":""12"",""notes"":"""",""sets"":3,""exercise_id"":""69d3cf544c5fcf472312165d"",""exercise_name"":""Prancha"",""rest_seconds"":60}]","","6a0afdd882e5220f83455fbb","true","Ricardo Penna","pernas, costa, bíceps, core","6a0f59eeb63ff0fb0304a224","2026-05-21T19:15:58.066000","2026-05-21T19:15:58.066000","6a022607bb02a8665b64833c","ricardo.pennar2@gmail.com","false"
"Karla Correia Mendes","C","","[{""reps"":""12"",""notes"":"""",""sets"":3,""exercise_id"":""69cd709afb5ca90f00a53d35"",""exercise_name"":""Leg press"",""rest_seconds"":60},{""reps"":""12"",""notes"":"""",""sets"":3,""exercise_id"":""69cd6e6e9c64015d8c59e8f9"",""exercise_name"":""Remada alta com halteres"",""rest_seconds"":60},{""reps"":""12"",""notes"":"""",""sets"":3,""exercise_id"":""69cd75aacd66880e44501e35"",""exercise_name"":""Tríceps testa"",""rest_seconds"":60},{""reps"":""12"",""notes"":"""",""sets"":3,""exercise_id"":""69cd705d77ebfdb16ab6a53c"",""exercise_name"":""Agachamento frontal"",""rest_seconds"":60},{""reps"":""12"",""notes"":"""",""sets"":3,""exercise_id"":""69cd6d32842485d74807753f"",""exercise_name"":""Desenvolvimento Arnold"",""rest_seconds"":60},{""reps"":""12"",""notes"":"""",""sets"":3,""exercise_id"":""69cd74edd5e15994b897d3fc"",""exercise_name"":""Tríceps com barra reta ou W"",""rest_seconds"":60},{""reps"":""12"",""notes"":"""",""sets"":3,""exercise_id"":""69cd70ded900c90448754081"",""exercise_name"":""Stiff"",""rest_seconds"":60},{""reps"":""12"",""notes"":"""",""sets"":3,""exercise_id"":""6a0cda3a462831019f911c59"",""exercise_name"":""ABDOMINAL TRADICIONAL"",""rest_seconds"":60},{""reps"":""12"",""notes"":"""",""sets"":3,""exercise_id"":""69d3cf544c5fcf472312165d"",""exercise_name"":""Prancha"",""rest_seconds"":60}]","","69cab4850c384307831324d8","true","Ricardo Penna","pernas, ombro, tríceps","6a0e41f99686510b2dea84ce","2026-05-20T23:21:29.266000","2026-05-26T22:21:39.984000","6a022607bb02a8665b64833c","ricardo.pennar2@gmail.com","false"
"Karla Correia Mendes","B","","[{""reps"":""12"",""notes"":"""",""sets"":3,""exercise_id"":""69d3cf544c5fcf472312165d"",""exercise_name"":""Prancha"",""rest_seconds"":60},{""reps"":""12"",""notes"":"""",""sets"":3,""exercise_id"":""69cd709afb5ca90f00a53d35"",""exercise_name"":""Leg press"",""rest_seconds"":60},{""reps"":""12"",""notes"":"""",""sets"":3,""exercise_id"":""69cd715045afac563269bc36"",""exercise_name"":""Afundo"",""rest_seconds"":60},{""reps"":""12"",""notes"":"""",""sets"":3,""exercise_id"":""69cd6d538c6bcd3ee0b47fab"",""exercise_name"":""Elevação lateral com halteres"",""rest_seconds"":60},{""reps"":""12"",""notes"":"""",""sets"":3,""exercise_id"":""69cd6f41e1c92870b493803c"",""exercise_name"":""Puxada Alta"",""rest_seconds"":60},{""reps"":""12"",""notes"":"""",""sets"":3,""exercise_id"":""69cd740e847f11504f93d88d"",""exercise_name"":""Rosca alternada"",""rest_seconds"":60},{""reps"":""12"",""notes"":"""",""sets"":3,""exercise_id"":""69cd6fbabe2b44038f6be35f"",""exercise_name"":""Barra fixa supinada (chin up)"",""rest_seconds"":60},{""reps"":""12"",""notes"":"""",""sets"":3,""exercise_id"":""69cd73a6866e274fbb225fe1"",""exercise_name"":""Rosca direta na polia"",""rest_seconds"":60},{""reps"":""12"",""notes"":"""",""sets"":3,""exercise_id"":""6a0cda3a462831019f911c59"",""exercise_name"":""ABDOMINAL TRADICIONAL"",""rest_seconds"":60}]","","69cab4850c384307831324d8","true","Ricardo Penna","core, costas, biceps","6a0e40e14e013c5296b2dbd3","2026-05-20T23:16:49.701000","2026-05-26T22:19:39.230000","6a022607bb02a8665b64833c","ricardo.pennar2@gmail.com","false"
"Gilson Pereira da Silva","C","","[{""reps"":""12"",""notes"":"""",""sets"":3,""exercise_id"":""69cd71f72297d5b6a89949f1"",""exercise_name"":""Levantamento terra sumô"",""rest_seconds"":60},{""reps"":""12"",""notes"":"""",""sets"":3,""exercise_id"":""69cd70be0278d3cfe925ac89"",""exercise_name"":""Agachamento hack"",""rest_seconds"":60},{""reps"":""12"",""notes"":"""",""sets"":3,""exercise_id"":""69cd71b22540af37c56329aa"",""exercise_name"":""Cadeira extensora"",""rest_seconds"":60},{""reps"":""12"",""notes"":"""",""sets"":3,""exercise_id"":""69cd71cfc8efc4703e2c9f2e"",""exercise_name"":""Mesa flexora"",""rest_seconds"":60},{""reps"":""12"",""notes"":"""",""sets"":3,""exercise_id"":""69cd709afb5ca90f00a53d35"",""exercise_name"":""Leg press"",""rest_seconds"":60},{""reps"":""12"",""notes"":"""",""sets"":3,""exercise_id"":""69cd763627eaf7f242cfd309"",""exercise_name"":""Elevação de panturrilhas no leg press"",""rest_seconds"":60},{""reps"":""12"",""notes"":"""",""sets"":3,""exercise_id"":""69d3cf544c5fcf472312165d"",""exercise_name"":""Prancha"",""rest_seconds"":60},{""reps"":""12"",""notes"":"""",""sets"":3,""exercise_id"":""6a0cda3a462831019f911c59"",""exercise_name"":""ABDOMINAL TRADICIONAL"",""rest_seconds"":60}]","","69cab4bbce9564de9486ce35","true","Ricardo Penna","pernas, ombros. core","6a0e3fab10668469013bf60b","2026-05-20T23:11:39.775000","2026-05-20T23:11:39.775000","6a022607bb02a8665b64833c","ricardo.pennar2@gmail.com","false"
"Ana Clara Barbacena Camelo","B","","[{""reps"":""12"",""notes"":"""",""sets"":3,""exercise_id"":""69cd76f96251313683966e3b"",""exercise_name"":""Passada lateral"",""rest_seconds"":60},{""reps"":""12"",""notes"":"""",""sets"":3,""exercise_id"":""69cd7697aa0a1acfb5a25ee5"",""exercise_name"":""Elevação de panturrilhas sentado com halteres"",""rest_seconds"":60},{""reps"":""12"",""notes"":"""",""sets"":3,""exercise_id"":""69cd70436d79d78e8bfad975"",""exercise_name"":""Agachamento livre"",""rest_seconds"":60},{""reps"":""12"",""notes"":"""",""sets"":3,""exercise_id"":""69cd76ddb7fbb4f0d31cd232"",""exercise_name"":""Cadeira  Abdutora"",""rest_seconds"":60},{""reps"":""12"",""notes"":"""",""sets"":3,""exercise_id"":""69cd71f72297d5b6a89949f1"",""exercise_name"":""Levantamento terra sumô"",""rest_seconds"":60},{""reps"":""12"",""notes"":"""",""sets"":3,""exercise_id"":""69cd6f41e1c92870b493803c"",""exercise_name"":""Puxada Alta"",""rest_seconds"":60},{""reps"":""12"",""notes"":"""",""sets"":3,""exercise_id"":""69cd740e847f11504f93d88d"",""exercise_name"":""Rosca alternada"",""rest_seconds"":60},{""reps"":""12"",""notes"":"""",""sets"":3,""exercise_id"":""69cd6f8c1fe5a2d60f1ebd3f"",""exercise_name"":""Pull down"",""rest_seconds"":60},{""reps"":""12"",""notes"":"""",""sets"":3,""exercise_id"":""69cd6dc12c1bd27d14b2300a"",""exercise_name"":""Elevação frontal com halteres"",""rest_seconds"":60},{""reps"":""12"",""notes"":"""",""sets"":3,""exercise_id"":""69d3cf544c5fcf472312165d"",""exercise_name"":""Prancha"",""rest_seconds"":60}]","","69cab496d430c0cf1dbd7e72","true","Ricardo Penna","posterior, costas, biceps","6a0e33130759ee34ad9ae728","2026-05-20T22:17:55.817000","2026-05-20T22:17:55.817000","6a022607bb02a8665b64833c","ricardo.pennar2@gmail.com","false"
"Ana Clara Barbacena Camelo","A","","[{""reps"":""12"",""notes"":"""",""sets"":3,""exercise_id"":""69cd76ddb7fbb4f0d31cd232"",""exercise_name"":""Cadeira  Abdutora"",""rest_seconds"":60},{""reps"":""12"",""notes"":"""",""sets"":3,""exercise_id"":""69cd71b22540af37c56329aa"",""exercise_name"":""Cadeira extensora"",""rest_seconds"":60},{""reps"":""12"",""notes"":"""",""sets"":3,""exercise_id"":""69cd6baa693785af67693c56"",""exercise_name"":""Supino máquina"",""rest_seconds"":60},{""reps"":""12"",""notes"":"""",""sets"":3,""exercise_id"":""69cd71cfc8efc4703e2c9f2e"",""exercise_name"":""Mesa flexora"",""rest_seconds"":60},{""reps"":""12"",""notes"":"""",""sets"":3,""exercise_id"":""69cd74b82a9c6735fb309df1"",""exercise_name"":""Tríceps corda"",""rest_seconds"":60},{""reps"":""12"",""notes"":"""",""sets"":3,""exercise_id"":""69cd709afb5ca90f00a53d35"",""exercise_name"":""Leg press"",""rest_seconds"":60},{""reps"":""12"",""notes"":"""",""sets"":3,""exercise_id"":""69cd6b92e451d61a45beeebb"",""exercise_name"":""Crucifixo"",""rest_seconds"":60},{""reps"":""12"",""notes"":"""",""sets"":3,""exercise_id"":""69cd74d135643c0b6e1fdc90"",""exercise_name"":""Tríceps francês"",""rest_seconds"":60},{""reps"":""12"",""notes"":"""",""sets"":3,""exercise_id"":""69cd6d538c6bcd3ee0b47fab"",""exercise_name"":""Elevação lateral com halteres"",""rest_seconds"":60},{""reps"":""12"",""notes"":"""",""sets"":3,""exercise_id"":""6a0cda3a462831019f911c59"",""exercise_name"":""ABDOMINAL TRADICIONAL"",""rest_seconds"":60}]","","69cab496d430c0cf1dbd7e72","true","Ricardo Penna","Quadríceps, peito triceps","6a0e31ebd6ba63d54dce96ce","2026-05-20T22:12:59.036000","2026-05-20T22:21:41.470000","6a022607bb02a8665b64833c","ricardo.pennar2@gmail.com","false"
"Guilherme Lima de Sena","C","","[{""reps"":""12"",""notes"":"""",""sets"":3,""exercise_id"":""69cd71b22540af37c56329aa"",""exercise_name"":""Cad. extensora"",""rest_seconds"":60},{""reps"":""12"",""notes"":"""",""sets"":3,""exercise_id"":""69cd71cfc8efc4703e2c9f2e"",""exercise_name"":""Mesa flexora"",""rest_seconds"":60},{""reps"":""12"",""notes"":"""",""sets"":3,""exercise_id"":""69cd709afb5ca90f00a53d35"",""exercise_name"":""Leg press"",""rest_seconds"":60},{""reps"":""12"",""notes"":"""",""sets"":3,""exercise_id"":""69cd6e6e9c64015d8c59e8f9"",""exercise_name"":""Remada alta com halteres"",""rest_seconds"":60},{""reps"":""12"",""notes"":"""",""sets"":3,""exercise_id"":""69cd715045afac563269bc36"",""exercise_name"":""Afundo"",""rest_seconds"":60},{""reps"":""12"",""notes"":"""",""sets"":3,""exercise_id"":""69cd70ded900c90448754081"",""exercise_name"":""Stiff"",""rest_seconds"":60},{""reps"":""12"",""notes"":"""",""sets"":3,""exercise_id"":""69cd6d538c6bcd3ee0b47fab"",""exercise_name"":""Elevação lateral com halteres"",""rest_seconds"":60},{""reps"":""12"",""notes"":"""",""sets"":3,""exercise_id"":""69cd764eb7656ea232b16d06"",""exercise_name"":""Elevação de panturrilhas em pé com o peso do corpo"",""rest_seconds"":60}]","","69cab51d8bf415ccbaf6955b","true","Ricardo Penna","PERNAS E OMBRO","6a0ce1e351b602fb5330e92e","2026-05-19T22:19:15.402000","2026-05-19T22:22:07.483000","6a022607bb02a8665b64833c","ricardo.pennar2@gmail.com","false"
"Guilherme Lima de Sena","B","","[{""reps"":""12"",""notes"":"""",""sets"":3,""exercise_id"":""69cd75685aa567d23f4a00d3"",""exercise_name"":""Tríceps banco"",""rest_seconds"":60},{""reps"":""12"",""notes"":"""",""sets"":3,""exercise_id"":""69cd6baa693785af67693c56"",""exercise_name"":""Supino máquina"",""rest_seconds"":60},{""reps"":""12"",""notes"":"""",""sets"":3,""exercise_id"":""69cd74b82a9c6735fb309df1"",""exercise_name"":""Tríceps corda"",""rest_seconds"":60},{""reps"":""12"",""notes"":"""",""sets"":3,""exercise_id"":""69cd6bbdecf967c17dd640c4"",""exercise_name"":""Paralelas"",""rest_seconds"":60},{""reps"":""12"",""notes"":"""",""sets"":3,""exercise_id"":""69cd758c4f8a8200b34120d0"",""exercise_name"":""Tríceps coice"",""rest_seconds"":60},{""reps"":""12"",""notes"":"""",""sets"":3,""exercise_id"":""69cd6b92e451d61a45beeebb"",""exercise_name"":""Crucifixo"",""rest_seconds"":60},{""reps"":""12"",""notes"":"""",""sets"":3,""exercise_id"":""69cd74edd5e15994b897d3fc"",""exercise_name"":""Tríceps com barra reta ou W"",""rest_seconds"":60},{""reps"":""12"",""notes"":"""",""sets"":3,""exercise_id"":""6a0cdd78b6fe169f48dd981f"",""exercise_name"":""ABDOMINAL REMADOR"",""rest_seconds"":60}]","","69cab51d8bf415ccbaf6955b","true","Ricardo Penna","PEITO, TRICEPS","6a0ce1d10bae4ce105e647c5","2026-05-19T22:18:57.269000","2026-05-19T22:18:57.269000","6a022607bb02a8665b64833c","ricardo.pennar2@gmail.com","false"
"Guilherme Lima de Sena","A","","[{""reps"":""12"",""notes"":"""",""sets"":3,""exercise_id"":""69cd6f8c1fe5a2d60f1ebd3f"",""exercise_name"":""Pull down"",""rest_seconds"":60},{""reps"":""12"",""notes"":"""",""sets"":3,""exercise_id"":""69cd740e847f11504f93d88d"",""exercise_name"":""Rosca alternada"",""rest_seconds"":60},{""reps"":""12"",""notes"":"""",""sets"":3,""exercise_id"":""69cd6f41e1c92870b493803c"",""exercise_name"":""Puxada Alta"",""rest_seconds"":60},{""reps"":""12"",""notes"":"""",""sets"":3,""exercise_id"":""69cd73a6866e274fbb225fe1"",""exercise_name"":""Rosca direta na polia"",""rest_seconds"":60},{""reps"":""12"",""notes"":"""",""sets"":3,""exercise_id"":""69cd6ff95e6fe9d7a1721f5b"",""exercise_name"":""Voador invertido"",""rest_seconds"":60},{""reps"":""12"",""notes"":"""",""sets"":3,""exercise_id"":""69cd7454b6c01fae7729b723"",""exercise_name"":""Rosca martelo"",""rest_seconds"":60},{""reps"":""12"",""notes"":"""",""sets"":3,""exercise_id"":""69cd6fbabe2b44038f6be35f"",""exercise_name"":""Barra fixa supinada (chin up)"",""rest_seconds"":60},{""reps"":""12"",""notes"":"""",""sets"":3,""exercise_id"":""6a0cddb23c2b7db7bfa4594c"",""exercise_name"":""ABDOMINAL INFRA"",""rest_seconds"":60}]","","69cab51d8bf415ccbaf6955b","true","Ricardo Penna","COSTAS, BICEPS","6a0ce0cc9688df98efb0d06d","2026-05-19T22:14:36.373000","2026-05-19T22:16:59.627000","6a022607bb02a8665b64833c","ricardo.pennar2@gmail.com","false"
"Thayane Cristina Tavares da Silva","C","","[{""reps"":""12"",""notes"":"""",""sets"":3,""exercise_id"":""69cd6bf98dc50f728e27fd3d"",""exercise_name"":""Flexão de braço"",""rest_seconds"":60},{""reps"":""12"",""notes"":"""",""sets"":3,""exercise_id"":""69cd6dc12c1bd27d14b2300a"",""exercise_name"":""Elevação frontal com halteres"",""rest_seconds"":60},{""reps"":""12"",""notes"":"""",""sets"":3,""exercise_id"":""69cd6f41e1c92870b493803c"",""exercise_name"":""Puxada Alta"",""rest_seconds"":60},{""reps"":""12"",""notes"":"""",""sets"":3,""exercise_id"":""69cd740e847f11504f93d88d"",""exercise_name"":""Rosca alternada"",""rest_seconds"":60},{""reps"":""12"",""notes"":"""",""sets"":3,""exercise_id"":""6a0cda3a462831019f911c59"",""exercise_name"":""ABDOMINAL TRADICIONAL"",""rest_seconds"":60},{""reps"":""12"",""notes"":"""",""sets"":3,""exercise_id"":""69cd6be2fd49897f0bd3aee1"",""exercise_name"":""Voador ou peck deck"",""rest_seconds"":60},{""reps"":""12"",""notes"":"""",""sets"":3,""exercise_id"":""69cd70be0278d3cfe925ac89"",""exercise_name"":""Agachamento hack"",""rest_seconds"":60},{""reps"":""12"",""notes"":"""",""sets"":3,""exercise_id"":""69cd75aacd66880e44501e35"",""exercise_name"":""Tríceps testa"",""rest_seconds"":60}]","","69efa4149a982f6976102820","true","Ricardo Penna","OMBRO, CORE, ABS","6a0cd96d398dead50e916f57","2026-05-19T21:43:09.931000","2026-05-20T23:07:25.897000","6a022607bb02a8665b64833c","ricardo.pennar2@gmail.com","false"
"Thayane Cristina Tavares da Silva","D","","[{""reps"":""12"",""notes"":"""",""sets"":3,""exercise_id"":""69cd73a6866e274fbb225fe1"",""exercise_name"":""Rosca direta na polia"",""rest_seconds"":60},{""reps"":""12"",""notes"":"""",""sets"":3,""exercise_id"":""69cd7281ec9c78705ddd66d1"",""exercise_name"":""Agachamento sumô"",""rest_seconds"":60},{""reps"":""12"",""notes"":"""",""sets"":3,""exercise_id"":""69cd6f8c1fe5a2d60f1ebd3f"",""exercise_name"":""Pull down"",""rest_seconds"":60},{""reps"":""12"",""notes"":"""",""sets"":3,""exercise_id"":""69cd7188ea1b26aa6c31dd26"",""exercise_name"":""Elevação pélvica com barra"",""rest_seconds"":60},{""reps"":""12"",""notes"":"""",""sets"":3,""exercise_id"":""69cd740e847f11504f93d88d"",""exercise_name"":""Rosca alternada"",""rest_seconds"":60},{""reps"":""12"",""notes"":"""",""sets"":3,""exercise_id"":""69cd715045afac563269bc36"",""exercise_name"":""Afundo"",""rest_seconds"":60},{""reps"":""12"",""notes"":"""",""sets"":3,""exercise_id"":""69cd71cfc8efc4703e2c9f2e"",""exercise_name"":""Mesa flexora"",""rest_seconds"":60},{""reps"":""12"",""notes"":"""",""sets"":3,""exercise_id"":""69cd709afb5ca90f00a53d35"",""exercise_name"":""Leg press"",""rest_seconds"":60},{""reps"":""12"",""notes"":"""",""sets"":3,""exercise_id"":""6a0cda3a462831019f911c59"",""exercise_name"":""ABDOMINAL TRADICIONAL"",""rest_seconds"":60}]","","69efa4149a982f6976102820","true","Ricardo Penna","PERNAS, COSTAS E BICEPS","6a0cd832596b9099cee3289d","2026-05-19T21:37:54.363000","2026-06-10T22:39:10.404000","6a022607bb02a8665b64833c","ricardo.pennar2@gmail.com","false"
"Caio César Silva Oliveira","A","","[{""reps"":""12"",""notes"":"""",""sets"":3,""exercise_id"":""69cd6f8c1fe5a2d60f1ebd3f"",""exercise_name"":""Pull down"",""rest_seconds"":60},{""reps"":""12"",""notes"":"""",""sets"":3,""exercise_id"":""69cd73a6866e274fbb225fe1"",""exercise_name"":""Rosca direta na polia"",""rest_seconds"":60},{""reps"":""12"",""notes"":"""",""sets"":3,""exercise_id"":""69cd6fce3e9dd45e648f37c0"",""exercise_name"":""Encolhimento"",""rest_seconds"":60},{""reps"":""12"",""notes"":"""",""sets"":3,""exercise_id"":""69cd6d538c6bcd3ee0b47fab"",""exercise_name"":""Elevação lateral com halteres"",""rest_seconds"":60},{""reps"":""12"",""notes"":"""",""sets"":3,""exercise_id"":""69cd6f41e1c92870b493803c"",""exercise_name"":""Puxada Alta"",""rest_seconds"":60},{""reps"":""12"",""notes"":"""",""sets"":3,""exercise_id"":""69cd740e847f11504f93d88d"",""exercise_name"":""Rosca alternada"",""rest_seconds"":60},{""reps"":""12"",""notes"":"""",""sets"":3,""exercise_id"":""69cd6dc12c1bd27d14b2300a"",""exercise_name"":""Elevação frontal com halteres"",""rest_seconds"":60},{""reps"":""12"",""notes"":"""",""sets"":3,""exercise_id"":""6a0cda3a462831019f911c59"",""exercise_name"":""ABDOMINAL TRADICIONAL"",""rest_seconds"":60}]","","69cab5528917bc7d06ec9f36","true","Ricardo Penna","costas , bíceps. ombro ","6a0cc35ba19566f147b9f109","2026-05-19T20:08:59.937000","2026-05-21T23:15:15","6a022607bb02a8665b64833c","ricardo.pennar2@gmail.com","false"
"Brenuo Victor Rodrigues Barbosa","C","","[{""reps"":""12"",""notes"":"""",""sets"":3,""exercise_id"":""69cd71b22540af37c56329aa"",""exercise_name"":""Cadeira extensora"",""rest_seconds"":60},{""reps"":""12"",""notes"":"""",""sets"":3,""exercise_id"":""69cd6d1ca3816bacb1f1ee2b"",""exercise_name"":""Desenvolvimento com halteres"",""rest_seconds"":60},{""reps"":""12"",""notes"":"""",""sets"":3,""exercise_id"":""69cd709afb5ca90f00a53d35"",""exercise_name"":""Leg press"",""rest_seconds"":60},{""reps"":""12"",""notes"":"""",""sets"":3,""exercise_id"":""69cd6ea6fb22e868e8c19a8b"",""exercise_name"":""Voador invertido"",""rest_seconds"":60},{""reps"":""12"",""notes"":"""",""sets"":3,""exercise_id"":""69cd70436d79d78e8bfad975"",""exercise_name"":""Agachamento livre"",""rest_seconds"":60},{""reps"":""12"",""notes"":"""",""sets"":3,""exercise_id"":""6a04ff8fca150300c5726952"",""exercise_name"":""POLI CHINELO"",""rest_seconds"":60},{""reps"":""12"",""notes"":"""",""sets"":3,""exercise_id"":""69d3cf544c5fcf472312165d"",""exercise_name"":""Prancha"",""rest_seconds"":60}]","","69cab5409b141921d6a9baca","true","Ricardo Penna","pernas. ombro ","6a0cbfccf2075ccc2037a0d3","2026-05-19T19:53:48.466000","2026-05-19T19:53:48.466000","6a022607bb02a8665b64833c","ricardo.pennar2@gmail.com","false"
"Brenuo Victor Rodrigues Barbosa","B","","[{""reps"":""12"",""notes"":"""",""sets"":3,""exercise_id"":""69cd6fbabe2b44038f6be35f"",""exercise_name"":""Barra fixa supinada (chin up)"",""rest_seconds"":60},{""reps"":""12"",""notes"":"""",""sets"":3,""exercise_id"":""69cd7373d3ddade772565222"",""exercise_name"":""Rosca simultânea"",""rest_seconds"":60},{""reps"":""12"",""notes"":"""",""sets"":3,""exercise_id"":""69cd6fce3e9dd45e648f37c0"",""exercise_name"":""Encolhimento"",""rest_seconds"":60},{""reps"":""12"",""notes"":"""",""sets"":3,""exercise_id"":""69cd7454b6c01fae7729b723"",""exercise_name"":""Rosca martelo"",""rest_seconds"":60},{""reps"":""12"",""notes"":"""",""sets"":3,""exercise_id"":""69cd6ec4d37a9067d7111c70"",""exercise_name"":""Crucifixo invertido com halteres"",""rest_seconds"":60},{""reps"":""12"",""notes"":"""",""sets"":3,""exercise_id"":""69cd7431f36f0b3b5e9b2f36"",""exercise_name"":""Rosca scott"",""rest_seconds"":60},{""reps"":""12"",""notes"":"""",""sets"":3,""exercise_id"":""69d3cf544c5fcf472312165d"",""exercise_name"":""Prancha"",""rest_seconds"":60},{""reps"":""12"",""notes"":"""",""sets"":3,""exercise_id"":""69cd6dd67d07303362e9e0a6"",""exercise_name"":""Elevação lateral inclinada"",""rest_seconds"":60}]","","69cab5409b141921d6a9baca","true","Ricardo Penna","castas e biceps","6a0cbd67da952ffe4068a9d1","2026-05-19T19:43:35.841000","2026-05-19T19:43:35.842000","6a022607bb02a8665b64833c","ricardo.pennar2@gmail.com","false"
"Cristina Maria Costa Prado","A","","[{""reps"":""12"",""notes"":"""",""sets"":3,""exercise_id"":""69cd709afb5ca90f00a53d35"",""exercise_name"":""Leg press"",""rest_seconds"":60},{""reps"":""12"",""notes"":"""",""sets"":3,""exercise_id"":""69cd76ddb7fbb4f0d31cd232"",""exercise_name"":""Cadeira abdutora"",""rest_seconds"":60},{""reps"":""12"",""notes"":"""",""sets"":3,""exercise_id"":""69cd71b22540af37c56329aa"",""exercise_name"":""Cadeira extensora"",""rest_seconds"":60},{""reps"":""12"",""notes"":"""",""sets"":3,""exercise_id"":""69cd71f72297d5b6a89949f1"",""exercise_name"":""Levantamento terra sumô"",""rest_seconds"":60},{""reps"":""12"",""notes"":"""",""sets"":3,""exercise_id"":""69cd75aacd66880e44501e35"",""exercise_name"":""Tríceps testa"",""rest_seconds"":60},{""reps"":""12"",""notes"":"""",""sets"":3,""exercise_id"":""69cd6baa693785af67693c56"",""exercise_name"":""Supino máquina"",""rest_seconds"":60},{""reps"":""12"",""notes"":"""",""sets"":3,""exercise_id"":""69cd74d135643c0b6e1fdc90"",""exercise_name"":""Tríceps francês"",""rest_seconds"":60},{""reps"":""12"",""notes"":"""",""sets"":3,""exercise_id"":""69cd6be2fd49897f0bd3aee1"",""exercise_name"":""Voador ou peck deck"",""rest_seconds"":60},{""reps"":""12"",""notes"":"""",""sets"":3,""exercise_id"":""69d3cf544c5fcf472312165d"",""exercise_name"":""Prancha"",""rest_seconds"":60}]","","69cab4a1625c88b62a9b4704","true","Ricardo Penna","Perna , peito, tríceps ","6a0b7c939009e98f2d6eb508","2026-05-18T20:54:43.042000","2026-05-18T20:55:23.222000","6a022607bb02a8665b64833c","ricardo.pennar2@gmail.com","false"
"CÉLIA MARIA DA SILVA VALADÃO","A","","[{""reps"":""12"",""notes"":"""",""sets"":3,""exercise_id"":""69cd6baa693785af67693c56"",""exercise_name"":""Supino máquina"",""rest_seconds"":60},{""reps"":""12"",""notes"":"""",""sets"":3,""exercise_id"":""69cd71b22540af37c56329aa"",""exercise_name"":""Cadeira extensora"",""rest_seconds"":60},{""reps"":""12"",""notes"":"""",""sets"":3,""exercise_id"":""69cd6fce3e9dd45e648f37c0"",""exercise_name"":""Encolhimento"",""rest_seconds"":60},{""reps"":""12"",""notes"":"""",""sets"":3,""exercise_id"":""69cd6fbabe2b44038f6be35f"",""exercise_name"":""Barra fixa supinada (chin up)"",""rest_seconds"":60},{""reps"":""12"",""notes"":"""",""sets"":3,""exercise_id"":""69cd758c4f8a8200b34120d0"",""exercise_name"":""Tríceps coice"",""rest_seconds"":60},{""reps"":""12"",""notes"":"""",""sets"":3,""exercise_id"":""69cd76ddb7fbb4f0d31cd232"",""exercise_name"":""Cadeira abdutora"",""rest_seconds"":60}]","","6a0afdd882e5220f83455fbb","true","Ricardo Penna","Circuito Completo","6a0b68d0a604e48b84f66035","2026-05-18T19:30:24.742000","2026-05-18T19:50:24.212000","6a022607bb02a8665b64833c","ricardo.pennar2@gmail.com","false"
"Thayane Cristina Tavares da Silva","A","","[{""reps"":""12"",""notes"":"""",""sets"":3,""exercise_id"":""69cd70be0278d3cfe925ac89"",""exercise_name"":""Agachamento hack"",""rest_seconds"":60},{""reps"":""12"",""notes"":"""",""sets"":3,""exercise_id"":""69cd74d135643c0b6e1fdc90"",""exercise_name"":""Tríceps francês"",""rest_seconds"":60},{""reps"":""12"",""notes"":"""",""sets"":3,""exercise_id"":""69cd76ddb7fbb4f0d31cd232"",""exercise_name"":""Cadeira abdutora"",""rest_seconds"":60},{""reps"":""12"",""notes"":"""",""sets"":3,""exercise_id"":""69cd71b22540af37c56329aa"",""exercise_name"":""Cadeira extensora"",""rest_seconds"":60},{""reps"":""12"",""notes"":"""",""sets"":3,""exercise_id"":""69cd6baa693785af67693c56"",""exercise_name"":""Supino máquina"",""rest_seconds"":60},{""reps"":""12"",""notes"":"""",""sets"":3,""exercise_id"":""69cd70436d79d78e8bfad975"",""exercise_name"":""Agachamento livre"",""rest_seconds"":60},{""reps"":""12"",""notes"":"""",""sets"":3,""exercise_id"":""69cd74edd5e15994b897d3fc"",""exercise_name"":""Tríceps com barra reta ou W"",""rest_seconds"":60},{""reps"":""12"",""notes"":"""",""sets"":3,""exercise_id"":""69cd6be2fd49897f0bd3aee1"",""exercise_name"":""Voador ou peck deck"",""rest_seconds"":60}]","","69efa4149a982f6976102820","true","Ricardo Penna","Quadríceps , peito , tríceps ","6a0b53e84ca07c1ae1b52404","2026-05-18T18:01:12.866000","2026-05-20T23:01:27.409000","6a022607bb02a8665b64833c","ricardo.pennar2@gmail.com","false"
"Gilson Pereira da Silva","B","","[{""reps"":""12"",""notes"":"""",""sets"":3,""exercise_id"":""69cd740e847f11504f93d88d"",""exercise_name"":""Rosca alternada"",""rest_seconds"":60},{""reps"":""12"",""notes"":"""",""sets"":3,""exercise_id"":""69cd6fbabe2b44038f6be35f"",""exercise_name"":""Barra fixa supinada (chin up)"",""rest_seconds"":60},{""reps"":""12"",""notes"":"""",""sets"":3,""exercise_id"":""69cd7454b6c01fae7729b723"",""exercise_name"":""Rosca martelo"",""rest_seconds"":60},{""reps"":""12"",""notes"":"""",""sets"":3,""exercise_id"":""69cd6ff95e6fe9d7a1721f5b"",""exercise_name"":""Voador invertido"",""rest_seconds"":60},{""reps"":""12"",""notes"":"""",""sets"":3,""exercise_id"":""69cd73a6866e274fbb225fe1"",""exercise_name"":""Rosca direta na polia"",""rest_seconds"":60},{""reps"":""12"",""notes"":"""",""sets"":3,""exercise_id"":""69cd6fce3e9dd45e648f37c0"",""exercise_name"":""Encolhimento"",""rest_seconds"":60},{""reps"":""12"",""notes"":"""",""sets"":3,""exercise_id"":""69cd6d1ca3816bacb1f1ee2b"",""exercise_name"":""Desenvolvimento com halteres"",""rest_seconds"":60}]","","69cab4bbce9564de9486ce35","true","Ricardo Penna","costas e biceps","6a0b52a21ed29f984a873300","2026-05-18T17:55:46.314000","2026-05-18T17:56:37.794000","6a022607bb02a8665b64833c","ricardo.pennar2@gmail.com","false"
"Gilson Pereira da Silva","A","","[{""reps"":""12"",""notes"":"""",""sets"":3,""exercise_id"":""69cd6bbdecf967c17dd640c4"",""exercise_name"":""Paralelas"",""rest_seconds"":60},{""reps"":""12"",""notes"":"""",""sets"":3,""exercise_id"":""69cd74b82a9c6735fb309df1"",""exercise_name"":""Tríceps corda"",""rest_seconds"":60},{""reps"":""12"",""notes"":"""",""sets"":3,""exercise_id"":""69cd6be2fd49897f0bd3aee1"",""exercise_name"":""Voador ou peck deck"",""rest_seconds"":60},{""reps"":""12"",""notes"":"""",""sets"":3,""exercise_id"":""69cd74edd5e15994b897d3fc"",""exercise_name"":""Tríceps com barra reta ou W"",""rest_seconds"":60},{""reps"":""12"",""notes"":"""",""sets"":3,""exercise_id"":""69cd6b402540af37c5632668"",""exercise_name"":""Supino inclinado"",""rest_seconds"":60},{""reps"":""12"",""notes"":"""",""sets"":3,""exercise_id"":""69cd74d135643c0b6e1fdc90"",""exercise_name"":""Tríceps francês"",""rest_seconds"":60},{""reps"":""12"",""notes"":"""",""sets"":3,""exercise_id"":""69cd6dc12c1bd27d14b2300a"",""exercise_name"":""Elevação frontal com halteres"",""rest_seconds"":60},{""reps"":""12"",""notes"":"""",""sets"":3,""exercise_id"":""69d3cf544c5fcf472312165d"",""exercise_name"":""Prancha"",""rest_seconds"":60}]","","69cab4bbce9564de9486ce35","true","Ricardo Penna","Peito, triceps","6a0b51ffd38409db0dc68cbc","2026-05-18T17:53:03.873000","2026-05-18T17:53:03.873000","6a022607bb02a8665b64833c","ricardo.pennar2@gmail.com","false"
"Tatiane Ferreira e Silva Medeiros","C","","[{""reps"":""12"",""notes"":"""",""sets"":3,""exercise_id"":""69cd709afb5ca90f00a53d35"",""exercise_name"":""Leg press"",""rest_seconds"":60},{""reps"":""12"",""notes"":"""",""sets"":3,""exercise_id"":""69cd6fa2eb8cfccfe547b258"",""exercise_name"":""Remada baixa"",""rest_seconds"":60},{""reps"":""12"",""notes"":"""",""sets"":3,""exercise_id"":""69cd71b22540af37c56329aa"",""exercise_name"":""Cadeira extensora"",""rest_seconds"":60},{""reps"":""12"",""notes"":"""",""sets"":3,""exercise_id"":""69cd6f41e1c92870b493803c"",""exercise_name"":""Puxada Alta"",""rest_seconds"":60},{""reps"":""12"",""notes"":"""",""sets"":3,""exercise_id"":""69cd7281ec9c78705ddd66d1"",""exercise_name"":""Agachamento sumô"",""rest_seconds"":60},{""reps"":""12"",""notes"":"""",""sets"":3,""exercise_id"":""69cd6bf98dc50f728e27fd3d"",""exercise_name"":""Flexão de braço"",""rest_seconds"":60},{""reps"":""12"",""notes"":"""",""sets"":3,""exercise_id"":""69cd7188ea1b26aa6c31dd26"",""exercise_name"":""Elevação pélvica com barra"",""rest_seconds"":60},{""reps"":""12"",""notes"":"""",""sets"":3,""exercise_id"":""69cd6dc12c1bd27d14b2300a"",""exercise_name"":""Elevação frontal com halteres"",""rest_seconds"":60},{""reps"":""12"",""notes"":"""",""sets"":3,""exercise_id"":""69cd75685aa567d23f4a00d3"",""exercise_name"":""Tríceps banco"",""rest_seconds"":60},{""reps"":""12"",""notes"":"""",""sets"":3,""exercise_id"":""69cd73a6866e274fbb225fe1"",""exercise_name"":""Rosca direta na polia"",""rest_seconds"":60},{""reps"":""12"",""notes"":"""",""sets"":3,""exercise_id"":""6a0cdd78b6fe169f48dd981f"",""exercise_name"":""ABDOMINAL REMADOR"",""rest_seconds"":60}]","","69cab4ae71c685e9f60324a3","true","Ricardo Penna","Quadriceps+ Superior Completo","6a064a46e4f5055e6f27cb61","2026-05-14T22:18:46.974000","2026-06-02T23:17:05.592000","6a022607bb02a8665b64833c","ricardo.pennar2@gmail.com","false"
"Karla Correia Mendes","A","","[{""reps"":""12"",""notes"":"""",""sets"":3,""exercise_id"":""69cd6baa693785af67693c56"",""exercise_name"":""Supino máquina"",""rest_seconds"":60},{""reps"":""12"",""notes"":"""",""sets"":3,""exercise_id"":""69cd74b82a9c6735fb309df1"",""exercise_name"":""Tríceps corda"",""rest_seconds"":60},{""reps"":""12"",""notes"":"""",""sets"":3,""exercise_id"":""69cd6be2fd49897f0bd3aee1"",""exercise_name"":""Voador ou peck deck"",""rest_seconds"":60},{""reps"":""12"",""notes"":"""",""sets"":3,""exercise_id"":""69cd75aacd66880e44501e35"",""exercise_name"":""Tríceps testa"",""rest_seconds"":60},{""reps"":""12"",""notes"":"""",""sets"":3,""exercise_id"":""69cd76f96251313683966e3b"",""exercise_name"":""Passada lateral"",""rest_seconds"":60},{""reps"":""12"",""notes"":"""",""sets"":3,""exercise_id"":""69cd76ddb7fbb4f0d31cd232"",""exercise_name"":""Cadeira  Abdutora"",""rest_seconds"":60},{""reps"":""12"",""notes"":"""",""sets"":3,""exercise_id"":""69cd71cfc8efc4703e2c9f2e"",""exercise_name"":""Mesa flexora"",""rest_seconds"":60}]","","69cab4850c384307831324d8","true","Ricardo Penna","PEITO,  TRICEPS, GLUTEOS","6a0639158e9934b9c37878be","2026-05-14T21:05:25.155000","2026-05-26T22:18:39.440000","6a022607bb02a8665b64833c","ricardo.pennar2@gmail.com","false"
"Brenuo Victor Rodrigues Barbosa","B","","[{""reps"":""12"",""notes"":"""",""sets"":3,""exercise_id"":""69cd6baa693785af67693c56"",""exercise_name"":""Supino máquina"",""rest_seconds"":60},{""reps"":""12"",""notes"":"""",""sets"":3,""exercise_id"":""69cd74b82a9c6735fb309df1"",""exercise_name"":""Tríceps corda"",""rest_seconds"":60},{""reps"":""12"",""notes"":"""",""sets"":3,""exercise_id"":""69cd6b402540af37c5632668"",""exercise_name"":""Supino inclinado"",""rest_seconds"":60},{""reps"":""12"",""notes"":"""",""sets"":3,""exercise_id"":""69cd764eb7656ea232b16d06"",""exercise_name"":""Elevação de panturrilhas em pé com o peso do corpo"",""rest_seconds"":60},{""reps"":""12"",""notes"":"""",""sets"":3,""exercise_id"":""69cd74d135643c0b6e1fdc90"",""exercise_name"":""Tríceps francês"",""rest_seconds"":60},{""reps"":""12"",""notes"":"""",""sets"":3,""exercise_id"":""69cd6bbdecf967c17dd640c4"",""exercise_name"":""Paralelas"",""rest_seconds"":60},{""reps"":""12"",""notes"":"""",""sets"":3,""exercise_id"":""69d3cf544c5fcf472312165d"",""exercise_name"":""Prancha"",""rest_seconds"":60}]","","69cab5409b141921d6a9baca","true","Ricardo Penna","Peito, Tríceps ","6a061ee24b89fca6f819dbac","2026-05-14T19:13:38.122000","2026-05-14T19:13:38.122000","6a022607bb02a8665b64833c","ricardo.pennar2@gmail.com","false"
"Indiara Porfírio Ribeiro","C","","[{""reps"":""12-stiff"",""notes"":"""",""sets"":3,""exercise_id"":""69cd709afb5ca90f00a53d35"",""exercise_name"":""Leg press"",""rest_seconds"":60},{""reps"":""12"",""notes"":"""",""sets"":3,""exercise_id"":""69cd7188ea1b26aa6c31dd26"",""exercise_name"":""Elevação pélvica com barra"",""rest_seconds"":60},{""reps"":""12"",""notes"":"""",""sets"":3,""exercise_id"":""69cd71cfc8efc4703e2c9f2e"",""exercise_name"":""Mesa flexora"",""rest_seconds"":60},{""reps"":""12"",""notes"":"""",""sets"":3,""exercise_id"":""69cd76f96251313683966e3b"",""exercise_name"":""Passada lateral"",""rest_seconds"":60},{""reps"":""12"",""notes"":"""",""sets"":3,""exercise_id"":""69cd76ddb7fbb4f0d31cd232"",""exercise_name"":""Cadeira abdutora"",""rest_seconds"":60},{""reps"":""12"",""notes"":"""",""sets"":3,""exercise_id"":""69cd764eb7656ea232b16d06"",""exercise_name"":""Elevação de panturrilhas em pé com o peso do corpo"",""rest_seconds"":60},{""reps"":""12"",""notes"":"""",""sets"":3,""exercise_id"":""69cd73326c800884fba249d2"",""exercise_name"":""Rosca direta com barra reta ou W"",""rest_seconds"":60}]","","69cab48c17c5690cf3d30c6d","true","Ricardo Penna","inferiores Completo ","6a05e4253e2ca8b7693aaec3","2026-05-14T15:03:01.872000","2026-06-09T19:36:03.807000","6a022607bb02a8665b64833c","ricardo.pennar2@gmail.com","false"
"Indiara Porfírio Ribeiro","B","","[{""reps"":""12"",""notes"":"""",""sets"":3,""exercise_id"":""69cd6f41e1c92870b493803c"",""exercise_name"":""Puxada Alta"",""rest_seconds"":60},{""reps"":""12"",""notes"":"""",""sets"":3,""exercise_id"":""69cd709afb5ca90f00a53d35"",""exercise_name"":""Leg press"",""rest_seconds"":60},{""reps"":""12"",""notes"":"""",""sets"":3,""exercise_id"":""69cd715045afac563269bc36"",""exercise_name"":""Afundo"",""rest_seconds"":60},{""reps"":""12"",""notes"":"""",""sets"":3,""exercise_id"":""69cd6d1ca3816bacb1f1ee2b"",""exercise_name"":""Desenvolvimento com halteres"",""rest_seconds"":60},{""reps"":""12"",""notes"":"""",""sets"":3,""exercise_id"":""69cd7373d3ddade772565222"",""exercise_name"":""Rosca simultânea"",""rest_seconds"":60},{""reps"":""12"",""notes"":"""",""sets"":3,""exercise_id"":""69cd74edd5e15994b897d3fc"",""exercise_name"":""Tríceps com barra reta ou W"",""rest_seconds"":60},{""reps"":""12"",""notes"":"""",""sets"":3,""exercise_id"":""6a0cda3a462831019f911c59"",""exercise_name"":""ABDOMINAL TRADICIONAL"",""rest_seconds"":60}]","","69cab48c17c5690cf3d30c6d","true","Ricardo Penna","Superiores (costas, peito, bíceps)","6a05e2f138a913567365b024","2026-05-14T14:57:53.089000","2026-06-09T19:33:27.103000","6a022607bb02a8665b64833c","ricardo.pennar2@gmail.com","false"
"Indiara Porfírio Ribeiro","A","","[{""reps"":""12"",""notes"":"""",""sets"":3,""exercise_id"":""69cd6baa693785af67693c56"",""exercise_name"":""Supino máquina"",""rest_seconds"":60},{""reps"":""12(Agch livre)"",""notes"":"""",""sets"":3,""exercise_id"":""69cd7281ec9c78705ddd66d1"",""exercise_name"":""Agachamento sumô"",""rest_seconds"":60},{""reps"":""12"",""notes"":"""",""sets"":3,""exercise_id"":""69cd709afb5ca90f00a53d35"",""exercise_name"":""Leg press"",""rest_seconds"":60},{""reps"":""12"",""notes"":"""",""sets"":3,""exercise_id"":""69cd71b22540af37c56329aa"",""exercise_name"":""Cadeira extensora"",""rest_seconds"":60},{""reps"":""12"",""notes"":"""",""sets"":3,""exercise_id"":""69cd705d77ebfdb16ab6a53c"",""exercise_name"":""Agachamento frontal"",""rest_seconds"":60},{""reps"":""12"",""notes"":"""",""sets"":3,""exercise_id"":""69cd768177c6434f3f4fe3a2"",""exercise_name"":""Elevação de panturrilhas sentado na máquina"",""rest_seconds"":60},{""reps"":""30 s"",""notes"":"""",""sets"":3,""exercise_id"":""69d3cf544c5fcf472312165d"",""exercise_name"":""Prancha"",""rest_seconds"":60}]","","69cab48c17c5690cf3d30c6d","true","Ricardo Penna","treino A (peito. ombro e tríceps)","6a05e166f3fee59d1399480b","2026-05-14T14:51:18.251000","2026-05-14T14:51:18.251000","6a022607bb02a8665b64833c","ricardo.pennar2@gmail.com","false"
"Tatiane Ferreira e Silva Medeiros","A","","[{""reps"":""12"",""notes"":"""",""sets"":3,""exercise_id"":""69cd70be0278d3cfe925ac89"",""exercise_name"":""Agachamento hack"",""rest_seconds"":60},{""reps"":""12"",""notes"":"""",""sets"":3,""exercise_id"":""69cd6f8c1fe5a2d60f1ebd3f"",""exercise_name"":""Pull down"",""rest_seconds"":60},{""reps"":""12"",""notes"":"""",""sets"":3,""exercise_id"":""69cd6dc12c1bd27d14b2300a"",""exercise_name"":""Elevação frontal com halteres"",""rest_seconds"":60},{""reps"":""12"",""notes"":"""",""sets"":3,""exercise_id"":""69cd715045afac563269bc36"",""exercise_name"":""Afundo"",""rest_seconds"":60},{""reps"":""12"",""notes"":"""",""sets"":3,""exercise_id"":""69cd7188ea1b26aa6c31dd26"",""exercise_name"":""Elevação pélvica com barra"",""rest_seconds"":60},{""reps"":""12"",""notes"":"""",""sets"":3,""exercise_id"":""69cd6d32842485d74807753f"",""exercise_name"":""Desenvolvimento Arnold"",""rest_seconds"":60},{""reps"":""12"",""notes"":"""",""sets"":3,""exercise_id"":""69cd6d538c6bcd3ee0b47fab"",""exercise_name"":""Elevação lateral com halteres"",""rest_seconds"":60},{""reps"":""45S- ABS LIVRE"",""notes"":"""",""sets"":3,""exercise_id"":""69d3cf544c5fcf472312165d"",""exercise_name"":""Prancha"",""rest_seconds"":60}]","","69cab4ae71c685e9f60324a3","true","Ricardo Penna","CIRCUITO (Glúteo, Costas,Ombro)","6a04f9327aff727b02016b3b","2026-05-13T22:20:34.500000","2026-05-14T22:04:09.426000","6a022607bb02a8665b64833c","ricardo.pennar2@gmail.com","false"
"Tatiane Ferreira e Silva Medeiros","B","","[{""reps"":""12"",""notes"":"""",""sets"":3,""exercise_id"":""69cd71cfc8efc4703e2c9f2e"",""exercise_name"":""Mesa flexora"",""rest_seconds"":60},{""reps"":""12"",""notes"":"""",""sets"":3,""exercise_id"":""69cd6baa693785af67693c56"",""exercise_name"":""Supino máquina"",""rest_seconds"":60},{""reps"":""12"",""notes"":"""",""sets"":3,""exercise_id"":""69cd70ded900c90448754081"",""exercise_name"":""Stiff"",""rest_seconds"":60},{""reps"":""12"",""notes"":"""",""sets"":3,""exercise_id"":""69cd6b402540af37c5632668"",""exercise_name"":""Supino inclinado"",""rest_seconds"":60},{""reps"":""12"",""notes"":"""",""sets"":3,""exercise_id"":""69cd71f72297d5b6a89949f1"",""exercise_name"":""Levantamento terra sumô"",""rest_seconds"":60},{""reps"":""12"",""notes"":"""",""sets"":3,""exercise_id"":""69cd73326c800884fba249d2"",""exercise_name"":""Rosca direta com barra reta ou W"",""rest_seconds"":60},{""reps"":""12"",""notes"":"""",""sets"":3,""exercise_id"":""69cd763627eaf7f242cfd309"",""exercise_name"":""Elevação de panturrilhas no leg press"",""rest_seconds"":60},{""reps"":""45SEG"",""notes"":"""",""sets"":3,""exercise_id"":""69cd74b82a9c6735fb309df1"",""exercise_name"":""Tríceps corda"",""rest_seconds"":60},{""reps"":""12"",""notes"":"""",""sets"":3,""exercise_id"":""69d3cf544c5fcf472312165d"",""exercise_name"":""Prancha"",""rest_seconds"":60}]","","69cab4ae71c685e9f60324a3","true","Ricardo Penna","CIRCUITO (Posterior, Peito, Braço)","6a04ed044ad5bffa4d10a28b","2026-05-13T21:28:36.106000","2026-05-14T22:08:35.522000","6a022607bb02a8665b64833c","ricardo.pennar2@gmail.com","false"
"Ana Carolina Silva de Araujo Peixoto","A","","[{""reps"":""12"",""notes"":"""",""sets"":3,""exercise_id"":""69cd6f41e1c92870b493803c"",""exercise_name"":""Puxada Alta"",""rest_seconds"":60},{""reps"":""12"",""notes"":"""",""sets"":3,""exercise_id"":""69cd6baa693785af67693c56"",""exercise_name"":""Supino máquina"",""rest_seconds"":60},{""reps"":""12"",""notes"":"""",""sets"":3,""exercise_id"":""69cd6d538c6bcd3ee0b47fab"",""exercise_name"":""Elevação lateral com halteres"",""rest_seconds"":60},{""reps"":""12"",""notes"":"""",""sets"":3,""exercise_id"":""69cd74b82a9c6735fb309df1"",""exercise_name"":""Tríceps corda"",""rest_seconds"":60},{""reps"":""12"",""notes"":"""",""sets"":3,""exercise_id"":""69cd740e847f11504f93d88d"",""exercise_name"":""Rosca alternada"",""rest_seconds"":60},{""reps"":""12"",""notes"":"""",""sets"":3,""exercise_id"":""69cd6be2fd49897f0bd3aee1"",""exercise_name"":""Voador ou peck deck"",""rest_seconds"":60}]","","69cab50fec6532662ba58f05","true","Diego Lopes","Membros superiores","6a032fcb519dc1b1f51cc1e2","2026-05-12T13:48:59.032000","2026-05-19T13:44:49.845000","69f1eb700a436ea3154e74a6","diegolopes5660@gmail.com","false"
"Ana Carolina Silva de Araujo Peixoto","B","","[{""reps"":""12"",""notes"":"""",""sets"":4,""exercise_id"":""69cd709afb5ca90f00a53d35"",""exercise_name"":""Leg press"",""rest_seconds"":60},{""reps"":""12"",""notes"":"""",""sets"":4,""exercise_id"":""69cd71b22540af37c56329aa"",""exercise_name"":""Cadeira extensora"",""rest_seconds"":60},{""reps"":""12"",""notes"":"""",""sets"":4,""exercise_id"":""69cd71cfc8efc4703e2c9f2e"",""exercise_name"":""Mesa flexora"",""rest_seconds"":60},{""reps"":""12"",""notes"":"""",""sets"":4,""exercise_id"":""69cd76ddb7fbb4f0d31cd232"",""exercise_name"":""Cadeira abdutora"",""rest_seconds"":60},{""reps"":""12"",""notes"":"""",""sets"":4,""exercise_id"":""69cd763627eaf7f242cfd309"",""exercise_name"":""Elevação de panturrilhas no leg press"",""rest_seconds"":60},{""reps"":""12"",""notes"":"""",""sets"":4,""exercise_id"":""69cd71f72297d5b6a89949f1"",""exercise_name"":""Levantamento terra sumô"",""rest_seconds"":60},{""reps"":""12"",""notes"":"""",""sets"":4,""exercise_id"":""69cd70ded900c90448754081"",""exercise_name"":""Stiff"",""rest_seconds"":60}]","","69cab50fec6532662ba58f05","true","Diego Lopes","Membros inferiores","6a032b28079535f68254b04a","2026-05-12T13:29:12.732000","2026-05-27T10:26:56.368000","69f1eb700a436ea3154e74a6","diegolopes5660@gmail.com","false"
"José Porto França Neto","C","","[]","","69cab51cf59bbda43a5c5d57","true","Lucas Henrique Ribeiro","Treino C: perna completo ","69fbf29c696e789e5ec23364","2026-05-07T02:02:04.050000","2026-05-07T02:02:04.050000","69d3cd43726621cd60e6ef61","lukashenrique.pr@gmail.com","false"
"José Porto França Neto","B","","[{""reps"":""12"",""notes"":"""",""sets"":4,""exercise_id"":""69cd6f41e1c92870b493803c"",""exercise_name"":""Puxada Alta"",""rest_seconds"":60},{""reps"":""12"",""notes"":"""",""sets"":4,""exercise_id"":""69cd6f41e1c92870b493803c"",""exercise_name"":""Puxada Alta"",""rest_seconds"":60},{""reps"":""10"",""notes"":"""",""sets"":4,""exercise_id"":""69cd6f75cc298c4286679f5b"",""exercise_name"":""Remada serrote"",""rest_seconds"":60},{""reps"":""12"",""notes"":"""",""sets"":4,""exercise_id"":""69cd746a1fe5a2d60f1ec0b4"",""exercise_name"":""Rosca arrastada (drag curl)"",""rest_seconds"":60},{""reps"":""10"",""notes"":"""",""sets"":4,""exercise_id"":""69cd7373d3ddade772565222"",""exercise_name"":""Rosca simultânea"",""rest_seconds"":60},{""reps"":""10"",""notes"":"""",""sets"":4,""exercise_id"":""69cd7454b6c01fae7729b723"",""exercise_name"":""Rosca martelo"",""rest_seconds"":60}]","","69cab51cf59bbda43a5c5d57","true","Lucas Henrique Ribeiro","Treino B: costa e biceps","69fbf0f147863d192c17d211","2026-05-07T01:54:57.792000","2026-05-07T01:56:46.155000","69d3cd43726621cd60e6ef61","lukashenrique.pr@gmail.com","false"
"José Porto França Neto","A","","[{""reps"":""12"",""notes"":"""",""sets"":4,""exercise_id"":""69cd6be2fd49897f0bd3aee1"",""exercise_name"":""Voador ou peck deck"",""rest_seconds"":60},{""reps"":""10"",""notes"":"""",""sets"":4,""exercise_id"":""69cd6baa693785af67693c56"",""exercise_name"":""Supino máquina"",""rest_seconds"":60},{""reps"":""10"",""notes"":"""",""sets"":4,""exercise_id"":""69cd6b5be3fff453e065ca04"",""exercise_name"":""Supino reto"",""rest_seconds"":60},{""reps"":""10"",""notes"":"""",""sets"":4,""exercise_id"":""69cd6d538c6bcd3ee0b47fab"",""exercise_name"":""Elevação lateral com halteres"",""rest_seconds"":60},{""reps"":""10"",""notes"":"""",""sets"":4,""exercise_id"":""69cd6dc12c1bd27d14b2300a"",""exercise_name"":""Elevação frontal com halteres"",""rest_seconds"":60},{""reps"":""12"",""notes"":"""",""sets"":4,""exercise_id"":""69cd74edd5e15994b897d3fc"",""exercise_name"":""Tríceps com barra reta ou W"",""rest_seconds"":60},{""reps"":""12"",""notes"":"""",""sets"":4,""exercise_id"":""69cd74b82a9c6735fb309df1"",""exercise_name"":""Tríceps corda"",""rest_seconds"":60}]","","69cab51cf59bbda43a5c5d57","true","Lucas Henrique Ribeiro","Treino A : peito, ombro e triceps ","69fbed5c858b73d9da247e39","2026-05-07T01:39:40.642000","2026-05-07T01:41:25.012000","69d3cd43726621cd60e6ef61","lukashenrique.pr@gmail.com","false"
"Guilherme Paulino Abrão","C","","[{""reps"":""10"",""notes"":"""",""sets"":4,""exercise_id"":""69cd70be0278d3cfe925ac89"",""exercise_name"":""Agachamento hack"",""rest_seconds"":60},{""reps"":""12"",""notes"":"""",""sets"":4,""exercise_id"":""69cd709afb5ca90f00a53d35"",""exercise_name"":""Leg press"",""rest_seconds"":60},{""reps"":""12-15"",""notes"":"""",""sets"":3,""exercise_id"":""69cd71b22540af37c56329aa"",""exercise_name"":""Cadeira extensora"",""rest_seconds"":60},{""reps"":""12-15"",""notes"":"""",""sets"":3,""exercise_id"":""69cd71cfc8efc4703e2c9f2e"",""exercise_name"":""Mesa flexora"",""rest_seconds"":60},{""reps"":""10"",""notes"":"""",""sets"":4,""exercise_id"":""69cd76ddb7fbb4f0d31cd232"",""exercise_name"":""Cadeira abdutora"",""rest_seconds"":60},{""reps"":""15"",""notes"":"""",""sets"":3,""exercise_id"":""69cd764eb7656ea232b16d06"",""exercise_name"":""Elevação de panturrilhas em pé com o peso do corpo"",""rest_seconds"":60}]","","69cab4b98987e567777aa8f6","true","Lucas Henrique Ribeiro","TREINO C: PERNA COMPLETO","69fba821434c6f6d5e72818e","2026-05-06T20:44:17.889000","2026-05-07T01:46:33.583000","69d3cd43726621cd60e6ef61","lukashenrique.pr@gmail.com","false"
"Guilherme Paulino Abrão","B","","[{""reps"":""10-12"",""notes"":"""",""sets"":4,""exercise_id"":""69cd6f41e1c92870b493803c"",""exercise_name"":""Puxada Alta"",""rest_seconds"":60},{""reps"":""10-12"",""notes"":"""",""sets"":4,""exercise_id"":""69cd6f41e1c92870b493803c"",""exercise_name"":""Puxada Alta"",""rest_seconds"":60},{""reps"":""10-12"",""notes"":"""",""sets"":4,""exercise_id"":""69cd6f75cc298c4286679f5b"",""exercise_name"":""Remada serrote"",""rest_seconds"":60},{""reps"":""10"",""notes"":"""",""sets"":4,""exercise_id"":""69cd746a1fe5a2d60f1ec0b4"",""exercise_name"":""Rosca arrastada (drag curl)"",""rest_seconds"":60},{""reps"":""10"",""notes"":"""",""sets"":3,""exercise_id"":""69cd740e847f11504f93d88d"",""exercise_name"":""Rosca alternada"",""rest_seconds"":60},{""reps"":""12"",""notes"":"""",""sets"":3,""exercise_id"":""69cd7454b6c01fae7729b723"",""exercise_name"":""Rosca martelo"",""rest_seconds"":60}]","","69cab4b98987e567777aa8f6","true","Lucas Henrique Ribeiro","TREINO B:: COSTA E BICEPS","69fba51348723b5874610860","2026-05-06T20:31:15.665000","2026-05-07T01:58:39.403000","69d3cd43726621cd60e6ef61","lukashenrique.pr@gmail.com","false"
"Guilherme Paulino Abrão","A","","[{""reps"":""10-12"",""notes"":"""",""sets"":4,""exercise_id"":""69cd6be2fd49897f0bd3aee1"",""exercise_name"":""Voador ou peck deck"",""rest_seconds"":60},{""reps"":""10-12"",""notes"":"""",""sets"":4,""exercise_id"":""69cd6baa693785af67693c56"",""exercise_name"":""Supino máquina"",""rest_seconds"":60},{""reps"":""10-12"",""notes"":"""",""sets"":4,""exercise_id"":""69cd6b5be3fff453e065ca04"",""exercise_name"":""Supino reto"",""rest_seconds"":60},{""reps"":""10-12"",""notes"":"""",""sets"":4,""exercise_id"":""69cd6d538c6bcd3ee0b47fab"",""exercise_name"":""Elevação lateral com halteres"",""rest_seconds"":60},{""reps"":""10-12"",""notes"":"""",""sets"":4,""exercise_id"":""69cd6dc12c1bd27d14b2300a"",""exercise_name"":""Elevação frontal com halteres"",""rest_seconds"":60},{""reps"":""12"",""notes"":"""",""sets"":3,""exercise_id"":""69cd74edd5e15994b897d3fc"",""exercise_name"":""Tríceps com barra reta ou W"",""rest_seconds"":60},{""reps"":""12"",""notes"":"""",""sets"":3,""exercise_id"":""69cd74b82a9c6735fb309df1"",""exercise_name"":""Tríceps corda"",""rest_seconds"":60}]","","69cab4b98987e567777aa8f6","true","Lucas Henrique Ribeiro","Treino A:: peito,ombro e triceps","69fb561807909fef4b7d49ef","2026-05-06T14:54:16.563000","2026-05-06T17:06:03.503000","69d3cd43726621cd60e6ef61","lukashenrique.pr@gmail.com","false"
"Morian Scussel Malburg","C","","[{""reps"":""10"",""notes"":"""",""sets"":4,""exercise_id"":""69cd70be0278d3cfe925ac89"",""exercise_name"":""Agachamento hack"",""rest_seconds"":60},{""reps"":""12"",""notes"":"""",""sets"":3,""exercise_id"":""69cd709afb5ca90f00a53d35"",""exercise_name"":""Leg press"",""rest_seconds"":60},{""reps"":""12"",""notes"":"""",""sets"":4,""exercise_id"":""69cd71b22540af37c56329aa"",""exercise_name"":""Cadeira extensora"",""rest_seconds"":60},{""reps"":""10"",""notes"":"""",""sets"":4,""exercise_id"":""69cd71cfc8efc4703e2c9f2e"",""exercise_name"":""Mesa flexora"",""rest_seconds"":60},{""reps"":""10"",""notes"":"""",""sets"":4,""exercise_id"":""69cd76ddb7fbb4f0d31cd232"",""exercise_name"":""Cadeira abdutora"",""rest_seconds"":60},{""reps"":""12"",""notes"":"""",""sets"":3,""exercise_id"":""69cd764eb7656ea232b16d06"",""exercise_name"":""Elevação de panturrilhas em pé com o peso do corpo"",""rest_seconds"":60}]","","69cab53deddee6987dc1c800","true","Lucas Henrique Ribeiro","TREINO C : PERNA COMPLETO","69f9f9244f9c34a2bdeb6291","2026-05-05T14:05:24.638000","2026-05-07T00:41:12.723000","69d3cd43726621cd60e6ef61","lukashenrique.pr@gmail.com","false"
"Morian Scussel Malburg","B","","[{""reps"":""12"",""notes"":"""",""sets"":4,""exercise_id"":""69cd6f41e1c92870b493803c"",""exercise_name"":""Puxada Alta"",""rest_seconds"":60},{""reps"":""12"",""notes"":"""",""sets"":4,""exercise_id"":""69cd6f41e1c92870b493803c"",""exercise_name"":""Puxada Alta"",""rest_seconds"":60},{""reps"":""12"",""notes"":"""",""sets"":4,""exercise_id"":""69cd6f75cc298c4286679f5b"",""exercise_name"":""Remada serrote"",""rest_seconds"":60},{""reps"":""10"",""notes"":"""",""sets"":4,""exercise_id"":""69cd746a1fe5a2d60f1ec0b4"",""exercise_name"":""Rosca arrastada (drag curl)"",""rest_seconds"":60},{""reps"":""10"",""notes"":"""",""sets"":4,""exercise_id"":""69cd740e847f11504f93d88d"",""exercise_name"":""Rosca alternada"",""rest_seconds"":60},{""reps"":""10"",""notes"":"""",""sets"":4,""exercise_id"":""69cd740e847f11504f93d88d"",""exercise_name"":""Rosca alternada"",""rest_seconds"":60},{""reps"":""20' a 30'"",""notes"":"""",""sets"":3,""exercise_id"":""69d3cf544c5fcf472312165d"",""exercise_name"":""Prancha"",""rest_seconds"":60}]","","69cab53deddee6987dc1c800","true","Lucas Henrique Ribeiro","TREINO B : COSTA E BICEPS","69f9f50bddd7ac56462379f7","2026-05-05T13:47:55.378000","2026-05-07T01:59:57.432000","69d3cd43726621cd60e6ef61","lukashenrique.pr@gmail.com","false"
"Morian Scussel Malburg","A","","[{""reps"":""10-12"",""notes"":"""",""sets"":4,""exercise_id"":""69cd6be2fd49897f0bd3aee1"",""exercise_name"":""Voador ou peck deck"",""rest_seconds"":60},{""reps"":""10-12"",""notes"":"""",""sets"":4,""exercise_id"":""69cd6baa693785af67693c56"",""exercise_name"":""Supino máquina"",""rest_seconds"":60},{""reps"":""10"",""notes"":"""",""sets"":3,""exercise_id"":""69cd6b5be3fff453e065ca04"",""exercise_name"":""Supino reto"",""rest_seconds"":60},{""reps"":""10"",""notes"":"""",""sets"":4,""exercise_id"":""69cd6d538c6bcd3ee0b47fab"",""exercise_name"":""Elevação lateral com halteres"",""rest_seconds"":60},{""reps"":""10"",""notes"":"""",""sets"":4,""exercise_id"":""69cd6dc12c1bd27d14b2300a"",""exercise_name"":""Elevação frontal com halteres"",""rest_seconds"":60},{""reps"":""12"",""notes"":"""",""sets"":3,""exercise_id"":""69cd74edd5e15994b897d3fc"",""exercise_name"":""Tríceps com barra reta ou W"",""rest_seconds"":60},{""reps"":""12"",""notes"":"""",""sets"":3,""exercise_id"":""69cd74b82a9c6735fb309df1"",""exercise_name"":""Tríceps corda"",""rest_seconds"":60}]","","69cab53deddee6987dc1c800","true","Lucas Henrique Ribeiro","TREINO A ::  PEITO, OMBRO E TRICEPS","69f9f2b7a32d0a3bc78348c9","2026-05-05T13:37:59.321000","2026-05-07T01:57:16.196000","69d3cd43726621cd60e6ef61","lukashenrique.pr@gmail.com","false"
"Rafael Londe Hagen","C","","[{""reps"":""6-8"",""notes"":"""",""sets"":4,""exercise_id"":""69cd70436d79d78e8bfad975"",""exercise_name"":""Agachamento livre"",""rest_seconds"":60},{""reps"":""10-12"",""notes"":"""",""sets"":3,""exercise_id"":""69cd709afb5ca90f00a53d35"",""exercise_name"":""Leg press"",""rest_seconds"":60},{""reps"":""10-12"",""notes"":"""",""sets"":4,""exercise_id"":""69cd71cfc8efc4703e2c9f2e"",""exercise_name"":""Mesa flexora"",""rest_seconds"":60},{""reps"":""15"",""notes"":"""",""sets"":3,""exercise_id"":""69cd71b22540af37c56329aa"",""exercise_name"":""Cadeira extensora"",""rest_seconds"":60},{""reps"":""15-20"",""notes"":"""",""sets"":5,""exercise_id"":""69cd76233bd41cb6e5a5be97"",""exercise_name"":""Elevação de panturrilhas em pé na máquina"",""rest_seconds"":60}]","","69c2d3ee87aec14ce3dd0d68","true","londehagen","TREINO C: LEGS (Pernas Completas)","69ec1305a6be6686d86d128a","2026-04-25T01:04:05.757000","2026-04-25T01:04:05.757000","69c536457099344c6106c022","londehagen@gmail.com","false"
"Rafael Londe Hagen","B","","[{""reps"":""8-10"",""notes"":"""",""sets"":4,""exercise_id"":""69cd6f41e1c92870b493803c"",""exercise_name"":""Puxada Alta"",""rest_seconds"":60},{""reps"":""8-10"",""notes"":"""",""sets"":4,""exercise_id"":""69cd6f5bbb933aa1b03589f2"",""exercise_name"":""Remada curvada"",""rest_seconds"":60},{""reps"":""12"",""notes"":"""",""sets"":3,""exercise_id"":""69cd6fa2eb8cfccfe547b258"",""exercise_name"":""Remada baixa"",""rest_seconds"":60},{""reps"":""10-12"",""notes"":"""",""sets"":3,""exercise_id"":""69cd73a6866e274fbb225fe1"",""exercise_name"":""Rosca direta na polia"",""rest_seconds"":60},{""reps"":""12-15"",""notes"":"""",""sets"":3,""exercise_id"":""69cd6fce3e9dd45e648f37c0"",""exercise_name"":""Encolhimento"",""rest_seconds"":60}]","","69c2d3ee87aec14ce3dd0d68","true","londehagen","TREINO B: PULL (Puxar)","69ec127a2c132ca320edbe3e","2026-04-25T01:01:46.411000","2026-04-25T01:01:46.411000","69c536457099344c6106c022","londehagen@gmail.com","false"
"Rafael Londe Hagen","A","","[{""reps"":""6-8"",""notes"":"""",""sets"":4,""exercise_id"":""69cd6b5be3fff453e065ca04"",""exercise_name"":""Supino reto"",""rest_seconds"":60},{""reps"":""10-12"",""notes"":"""",""sets"":3,""exercise_id"":""69cd6b402540af37c5632668"",""exercise_name"":""Supino inclinado"",""rest_seconds"":60},{""reps"":""8-10"",""notes"":"""",""sets"":3,""exercise_id"":""69cd6d1ca3816bacb1f1ee2b"",""exercise_name"":""Desenvolvimento com halteres"",""rest_seconds"":60},{""reps"":""12-15"",""notes"":"""",""sets"":4,""exercise_id"":""69cd6e07f4167fd0a416ce23"",""exercise_name"":""Elevação lateral com cabo"",""rest_seconds"":60},{""reps"":""10-12"",""notes"":"""",""sets"":3,""exercise_id"":""69cd75aacd66880e44501e35"",""exercise_name"":""Tríceps testa"",""rest_seconds"":60}]","","69c2d3ee87aec14ce3dd0d68","true","londehagen","TREINO A: PUSH (Empurrar)","69ec115c12a09769714bf36c","2026-04-25T00:57:00.697000","2026-04-25T00:57:00.697000","69c536457099344c6106c022","londehagen@gmail.com","false"